
▸ check inline GoogleFonts

▸ check non-semantic AppColors in migrated screens
▸ format
Formatted 362 files (0 changed) in 2.24 seconds.

▸ analyze
Analyzing gymlog...                                             
No issues found! (ran in 15.6s)

▸ custom_lint
Analyzing...

No issues found!

▸ test
00:00 +0: loading C:/Users/Atharva Patil/Documents/projects/gymlog/test/a11y_wrapper_single_node_test.dart
00:00 +0: C:/Users/Atharva Patil/Documents/projects/gymlog/test/a11y_wrapper_single_node_test.dart: ProLockPill publishes a single semantic node with its label
00:01 +1: C:/Users/Atharva Patil/Documents/projects/gymlog/test/accessibility_atomic_12_test.dart: ATOMIC-12 Accessibility & Screen-Reader Qualification SetRow renders single coherent semantic label with custom actions
00:01 +2: C:/Users/Atharva Patil/Documents/projects/gymlog/test/accessibility_atomic_12_test.dart: ATOMIC-12 Accessibility & Screen-Reader Qualification SetRow renders single coherent semantic label with custom actions
00:01 +3: C:/Users/Atharva Patil/Documents/projects/gymlog/test/accessibility_atomic_12_test.dart: ATOMIC-12 Accessibility & Screen-Reader Qualification SetRow renders single coherent semantic label with custom actions
00:01 +4: C:/Users/Atharva Patil/Documents/projects/gymlog/test/accessibility_atomic_12_test.dart: ATOMIC-12 Accessibility & Screen-Reader Qualification SetRow renders single coherent semantic label with custom actions
00:02 +5: C:/Users/Atharva Patil/Documents/projects/gymlog/test/accessibility_core_journey_test.dart: SetRow interactive elements meet 48dp touch target requirements
00:02 +6: C:/Users/Atharva Patil/Documents/projects/gymlog/test/accessibility_core_journey_test.dart: SetRow interactive elements meet 48dp touch target requirements
00:02 +7: C:/Users/Atharva Patil/Documents/projects/gymlog/test/accessibility_core_journey_test.dart: SetRow interactive elements meet 48dp touch target requirements
00:03 +8: C:/Users/Atharva Patil/Documents/projects/gymlog/test/accessibility_core_journey_test.dart: SetRow interactive elements meet 48dp touch target requirements
00:03 +9: C:/Users/Atharva Patil/Documents/projects/gymlog/test/accessibility_core_journey_test.dart: SetRow interactive elements meet 48dp touch target requirements
00:03 +10: C:/Users/Atharva Patil/Documents/projects/gymlog/test/accessibility_core_journey_test.dart: SetRow interactive elements meet 48dp touch target requirements
00:03 +11: C:/Users/Atharva Patil/Documents/projects/gymlog/test/accessibility_target_size_test.dart: _FilterChipButton in ExerciseSelectionScreen is at least 48dp tall
00:04 +11: C:/Users/Atharva Patil/Documents/projects/gymlog/test/accessibility_core_journey_test.dart: RestOverrideChip meets 48dp touch target requirements
WARNING (drift): It looks like you've created the database class AppDatabase multiple times. When these two databases use the same QueryExecutor, race conditions will occur and might corrupt the database. 
Try to follow the advice at https://drift.simonbinder.eu/faq/#using-the-database or, if you know what you're doing, set driftRuntimeOptions.dontWarnAboutMultipleDatabases = true
Here is the stacktrace from when the database was opened a second time:
#0      GeneratedDatabase._handleInstantiated (package:drift/src/runtime/api/db_base.dart:96:30)
#1      GeneratedDatabase._whenConstructed (package:drift/src/runtime/api/db_base.dart:73:12)
#2      new GeneratedDatabase (package:drift/src/runtime/api/db_base.dart:64:5)
#3      new _$AppDatabase (package:gymlog/core/database/database.g.dart:4170:36)
#4      new AppDatabase.forTesting (package:gymlog/core/database/database.dart)
#5      main.<anonymous closure> (file:///C:/Users/Atharva%20Patil/Documents/projects/gymlog/test/accessibility_core_journey_test.dart:41:22)
#6      Declarer._runSetUps.<anonymous closure> (package:test_api/src/backend/declarer.dart:439:61)
#7      Future.forEach.<anonymous closure> (dart:async/future.dart:674:26)
#8      Future.doWhile.<anonymous closure> (dart:async/future.dart:732:26)
#9      StackZoneSpecification._registerUnaryCallback.<anonymous closure>.<anonymous closure> (package:stack_trace/src/stack_zone_specification.dart:127:36)
#10     StackZoneSpecification._run (package:stack_trace/src/stack_zone_specification.dart:207:15)
#11     StackZoneSpecification._registerUnaryCallback.<anonymous closure> (package:stack_trace/src/stack_zone_specification.dart:127:24)
#12     _rootRunUnary (dart:async/zone_root.dart:48:47)
#13     _CustomZone.runUnary (dart:async/zone.dart:733:19)
#14     _CustomZone.runUnaryGuarded (dart:async/zone.dart:633:7)
#15     _CustomZone.bindUnaryCallbackGuarded.<anonymous closure> (dart:async/zone.dart:671:26)
#16     Future.doWhile (dart:async/future.dart:749:18)
#17     Future.forEach (dart:async/future.dart:672:12)
#18     Declarer._runSetUps (package:test_api/src/backend/declarer.dart:439:18)
#19     Declarer.test.<anonymous closure>.<anonymous closure> (package:test_api/src/backend/declarer.dart:252:21)
#20     _rootRun (dart:async/zone_root.dart:35:13)
#21     _CustomZone.run (dart:async/zone.dart:726:19)
#22     _runZoned (dart:async/zone_api.dart:166:6)
#23     runZoned (dart:async/zone_api.dart:92:10)
#24     Declarer.test.<anonymous closure> (package:test_api/src/backend/declarer.dart:250:17)
#25     Invoker._waitForOutstandingCallbacks.<anonymous closure> (package:test_api/src/backend/invoker.dart:318:17)
#26     _rootRun (dart:async/zone_root.dart:35:13)
#27     _CustomZone.run (dart:async/zone.dart:726:19)
#28     _runZoned (dart:async/zone_api.dart:166:6)
#29     runZoned (dart:async/zone_api.dart:92:10)
#30     Invoker._waitForOutstandingCallbacks (package:test_api/src/backend/invoker.dart:314:5)
#31     Invoker._onRun.<anonymous closure>.<anonymous closure>.<anonymous closure> (package:test_api/src/backend/invoker.dart:457:21)
<asynchronous suspension>
This warning will only appear on debug builds.
00:04 +12: C:/Users/Atharva Patil/Documents/projects/gymlog/test/accessibility_target_size_test.dart: _FilterChipButton in ExerciseSelectionScreen is at least 48dp tall
00:04 +12: C:/Users/Atharva Patil/Documents/projects/gymlog/test/accessibility_core_journey_test.dart: RestOverride sheet elements meet 48dp touch target requirements
WARNING (drift): It looks like you've created the database class AppDatabase multiple times. When these two databases use the same QueryExecutor, race conditions will occur and might corrupt the database. 
Try to follow the advice at https://drift.simonbinder.eu/faq/#using-the-database or, if you know what you're doing, set driftRuntimeOptions.dontWarnAboutMultipleDatabases = true
Here is the stacktrace from when the database was opened a second time:
#0      GeneratedDatabase._handleInstantiated (package:drift/src/runtime/api/db_base.dart:96:30)
#1      GeneratedDatabase._whenConstructed (package:drift/src/runtime/api/db_base.dart:73:12)
#2      new GeneratedDatabase (package:drift/src/runtime/api/db_base.dart:64:5)
#3      new _$AppDatabase (package:gymlog/core/database/database.g.dart:4170:36)
#4      new AppDatabase.forTesting (package:gymlog/core/database/database.dart)
#5      main.<anonymous closure> (file:///C:/Users/Atharva%20Patil/Documents/projects/gymlog/test/accessibility_core_journey_test.dart:41:22)
#6      Declarer._runSetUps.<anonymous closure> (package:test_api/src/backend/declarer.dart:439:61)
#7      Future.forEach.<anonymous closure> (dart:async/future.dart:674:26)
#8      Future.doWhile.<anonymous closure> (dart:async/future.dart:732:26)
#9      StackZoneSpecification._registerUnaryCallback.<anonymous closure>.<anonymous closure> (package:stack_trace/src/stack_zone_specification.dart:127:36)
#10     StackZoneSpecification._run (package:stack_trace/src/stack_zone_specification.dart:207:15)
#11     StackZoneSpecification._registerUnaryCallback.<anonymous closure> (package:stack_trace/src/stack_zone_specification.dart:127:24)
#12     _rootRunUnary (dart:async/zone_root.dart:48:47)
#13     _CustomZone.runUnary (dart:async/zone.dart:733:19)
#14     _CustomZone.runUnaryGuarded (dart:async/zone.dart:633:7)
#15     _CustomZone.bindUnaryCallbackGuarded.<anonymous closure> (dart:async/zone.dart:671:26)
#16     Future.doWhile (dart:async/future.dart:749:18)
#17     Future.forEach (dart:async/future.dart:672:12)
#18     Declarer._runSetUps (package:test_api/src/backend/declarer.dart:439:18)
#19     Declarer.test.<anonymous closure>.<anonymous closure> (package:test_api/src/backend/declarer.dart:252:21)
#20     _rootRun (dart:async/zone_root.dart:35:13)
#21     _CustomZone.run (dart:async/zone.dart:726:19)
#22     _runZoned (dart:async/zone_api.dart:166:6)
#23     runZoned (dart:async/zone_api.dart:92:10)
#24     Declarer.test.<anonymous closure> (package:test_api/src/backend/declarer.dart:250:17)
#25     Invoker._waitForOutstandingCallbacks.<anonymous closure> (package:test_api/src/backend/invoker.dart:318:17)
#26     _rootRun (dart:async/zone_root.dart:35:13)
#27     _CustomZone.run (dart:async/zone.dart:726:19)
#28     _runZoned (dart:async/zone_api.dart:166:6)
#29     runZoned (dart:async/zone_api.dart:92:10)
#30     Invoker._waitForOutstandingCallbacks (package:test_api/src/backend/invoker.dart:314:5)
#31     Invoker._onRun.<anonymous closure>.<anonymous closure>.<anonymous closure> (package:test_api/src/backend/invoker.dart:457:21)
<asynchronous suspension>
This warning will only appear on debug builds.
00:04 +13: C:/Users/Atharva Patil/Documents/projects/gymlog/test/accessibility_target_size_test.dart: _FilterChipButton in ExerciseSelectionScreen is at least 48dp tall
00:05 +13: C:/Users/Atharva Patil/Documents/projects/gymlog/test/accessibility_core_journey_test.dart: RestTimerBar action buttons meet 48dp height requirement
WARNING (drift): It looks like you've created the database class AppDatabase multiple times. When these two databases use the same QueryExecutor, race conditions will occur and might corrupt the database. 
Try to follow the advice at https://drift.simonbinder.eu/faq/#using-the-database or, if you know what you're doing, set driftRuntimeOptions.dontWarnAboutMultipleDatabases = true
Here is the stacktrace from when the database was opened a second time:
#0      GeneratedDatabase._handleInstantiated (package:drift/src/runtime/api/db_base.dart:96:30)
#1      GeneratedDatabase._whenConstructed (package:drift/src/runtime/api/db_base.dart:73:12)
#2      new GeneratedDatabase (package:drift/src/runtime/api/db_base.dart:64:5)
#3      new _$AppDatabase (package:gymlog/core/database/database.g.dart:4170:36)
#4      new AppDatabase.forTesting (package:gymlog/core/database/database.dart)
#5      main.<anonymous closure> (file:///C:/Users/Atharva%20Patil/Documents/projects/gymlog/test/accessibility_core_journey_test.dart:41:22)
#6      Declarer._runSetUps.<anonymous closure> (package:test_api/src/backend/declarer.dart:439:61)
#7      Future.forEach.<anonymous closure> (dart:async/future.dart:674:26)
#8      Future.doWhile.<anonymous closure> (dart:async/future.dart:732:26)
#9      StackZoneSpecification._registerUnaryCallback.<anonymous closure>.<anonymous closure> (package:stack_trace/src/stack_zone_specification.dart:127:36)
#10     StackZoneSpecification._run (package:stack_trace/src/stack_zone_specification.dart:207:15)
#11     StackZoneSpecification._registerUnaryCallback.<anonymous closure> (package:stack_trace/src/stack_zone_specification.dart:127:24)
#12     _rootRunUnary (dart:async/zone_root.dart:48:47)
#13     _CustomZone.runUnary (dart:async/zone.dart:733:19)
#14     _CustomZone.runUnaryGuarded (dart:async/zone.dart:633:7)
#15     _CustomZone.bindUnaryCallbackGuarded.<anonymous closure> (dart:async/zone.dart:671:26)
#16     Future.doWhile (dart:async/future.dart:749:18)
#17     Future.forEach (dart:async/future.dart:672:12)
#18     Declarer._runSetUps (package:test_api/src/backend/declarer.dart:439:18)
#19     Declarer.test.<anonymous closure>.<anonymous closure> (package:test_api/src/backend/declarer.dart:252:21)
#20     _rootRun (dart:async/zone_root.dart:35:13)
#21     _CustomZone.run (dart:async/zone.dart:726:19)
#22     _runZoned (dart:async/zone_api.dart:166:6)
#23     runZoned (dart:async/zone_api.dart:92:10)
#24     Declarer.test.<anonymous closure> (package:test_api/src/backend/declarer.dart:250:17)
#25     Invoker._waitForOutstandingCallbacks.<anonymous closure> (package:test_api/src/backend/invoker.dart:318:17)
#26     _rootRun (dart:async/zone_root.dart:35:13)
#27     _CustomZone.run (dart:async/zone.dart:726:19)
#28     _runZoned (dart:async/zone_api.dart:166:6)
#29     runZoned (dart:async/zone_api.dart:92:10)
#30     Invoker._waitForOutstandingCallbacks (package:test_api/src/backend/invoker.dart:314:5)
#31     Invoker._onRun.<anonymous closure>.<anonymous closure>.<anonymous closure> (package:test_api/src/backend/invoker.dart:457:21)
<asynchronous suspension>
This warning will only appear on debug builds.
00:05 +14: C:/Users/Atharva Patil/Documents/projects/gymlog/test/accessibility_target_size_test.dart: _FilterChipButton in ExerciseSelectionScreen is at least 48dp tall
00:05 +15: C:/Users/Atharva Patil/Documents/projects/gymlog/test/active_workout_atomic_03_test.dart: ATOMIC-03 Active Workout & Card Geometry Suite 1. CompactRestChip visual height 34 & intrinsic width
00:05 +15: C:/Users/Atharva Patil/Documents/projects/gymlog/test/accessibility_core_journey_test.dart: ActiveWorkoutScreen renders correctly at 200% text scale without overflow
WARNING (drift): It looks like you've created the database class AppDatabase multiple times. When these two databases use the same QueryExecutor, race conditions will occur and might corrupt the database. 
Try to follow the advice at https://drift.simonbinder.eu/faq/#using-the-database or, if you know what you're doing, set driftRuntimeOptions.dontWarnAboutMultipleDatabases = true
Here is the stacktrace from when the database was opened a second time:
#0      GeneratedDatabase._handleInstantiated (package:drift/src/runtime/api/db_base.dart:96:30)
#1      GeneratedDatabase._whenConstructed (package:drift/src/runtime/api/db_base.dart:73:12)
#2      new GeneratedDatabase (package:drift/src/runtime/api/db_base.dart:64:5)
#3      new _$AppDatabase (package:gymlog/core/database/database.g.dart:4170:36)
#4      new AppDatabase.forTesting (package:gymlog/core/database/database.dart)
#5      main.<anonymous closure> (file:///C:/Users/Atharva%20Patil/Documents/projects/gymlog/test/accessibility_core_journey_test.dart:41:22)
#6      Declarer._runSetUps.<anonymous closure> (package:test_api/src/backend/declarer.dart:439:61)
#7      Future.forEach.<anonymous closure> (dart:async/future.dart:674:26)
#8      Future.doWhile.<anonymous closure> (dart:async/future.dart:732:26)
#9      StackZoneSpecification._registerUnaryCallback.<anonymous closure>.<anonymous closure> (package:stack_trace/src/stack_zone_specification.dart:127:36)
#10     StackZoneSpecification._run (package:stack_trace/src/stack_zone_specification.dart:207:15)
#11     StackZoneSpecification._registerUnaryCallback.<anonymous closure> (package:stack_trace/src/stack_zone_specification.dart:127:24)
#12     _rootRunUnary (dart:async/zone_root.dart:48:47)
#13     _CustomZone.runUnary (dart:async/zone.dart:733:19)
#14     _CustomZone.runUnaryGuarded (dart:async/zone.dart:633:7)
#15     _CustomZone.bindUnaryCallbackGuarded.<anonymous closure> (dart:async/zone.dart:671:26)
#16     Future.doWhile (dart:async/future.dart:749:18)
#17     Future.forEach (dart:async/future.dart:672:12)
#18     Declarer._runSetUps (package:test_api/src/backend/declarer.dart:439:18)
#19     Declarer.test.<anonymous closure>.<anonymous closure> (package:test_api/src/backend/declarer.dart:252:21)
#20     _rootRun (dart:async/zone_root.dart:35:13)
#21     _CustomZone.run (dart:async/zone.dart:726:19)
#22     _runZoned (dart:async/zone_api.dart:166:6)
#23     runZoned (dart:async/zone_api.dart:92:10)
#24     Declarer.test.<anonymous closure> (package:test_api/src/backend/declarer.dart:250:17)
#25     Invoker._waitForOutstandingCallbacks.<anonymous closure> (package:test_api/src/backend/invoker.dart:318:17)
#26     _rootRun (dart:async/zone_root.dart:35:13)
#27     _CustomZone.run (dart:async/zone.dart:726:19)
#28     _runZoned (dart:async/zone_api.dart:166:6)
#29     runZoned (dart:async/zone_api.dart:92:10)
#30     Invoker._waitForOutstandingCallbacks (package:test_api/src/backend/invoker.dart:314:5)
#31     Invoker._onRun.<anonymous closure>.<anonymous closure>.<anonymous closure> (package:test_api/src/backend/invoker.dart:457:21)
<asynchronous suspension>
This warning will only appear on debug builds.
00:05 +16: C:/Users/Atharva Patil/Documents/projects/gymlog/test/active_workout_atomic_03_test.dart: ATOMIC-03 Active Workout & Card Geometry Suite 1. CompactRestChip visual height 34 & intrinsic width
00:05 +17: C:/Users/Atharva Patil/Documents/projects/gymlog/test/active_workout_atomic_03_test.dart: ATOMIC-03 Active Workout & Card Geometry Suite 1. CompactRestChip visual height 34 & intrinsic width
00:05 +18: C:/Users/Atharva Patil/Documents/projects/gymlog/test/active_workout_atomic_03_test.dart: ATOMIC-03 Active Workout & Card Geometry Suite 2. CompactRestChip touch target minimum 48x48
00:05 +19: C:/Users/Atharva Patil/Documents/projects/gymlog/test/active_workout_atomic_03_test.dart: ATOMIC-03 Active Workout & Card Geometry Suite 3. SetRow cells have minHeight 48 and SetRow minHeight 56
00:06 +20: C:/Users/Atharva Patil/Documents/projects/gymlog/test/active_workout_atomic_04_test.dart: ATOMIC-04 Reversible Deletion & Replacement Policy Suite 1. deletion returns complete snapshot
00:06 +21: C:/Users/Atharva Patil/Documents/projects/gymlog/test/active_workout_atomic_04_test.dart: ATOMIC-04 Reversible Deletion & Replacement Policy Suite 1. deletion returns complete snapshot
00:06 +22: C:/Users/Atharva Patil/Documents/projects/gymlog/test/active_workout_atomic_03_test.dart: ATOMIC-03 Active Workout & Card Geometry Suite 5. showAppSnackBar renders floating snackbar with radius 14
00:06 +23: C:/Users/Atharva Patil/Documents/projects/gymlog/test/active_workout_atomic_03_test.dart: ATOMIC-03 Active Workout & Card Geometry Suite 5. showAppSnackBar renders floating snackbar with radius 14
00:06 +24: C:/Users/Atharva Patil/Documents/projects/gymlog/test/active_workout_atomic_03_test.dart: ATOMIC-03 Active Workout & Card Geometry Suite 5. showAppSnackBar renders floating snackbar with radius 14
00:06 +25: C:/Users/Atharva Patil/Documents/projects/gymlog/test/active_workout_atomic_03_test.dart: ATOMIC-03 Active Workout & Card Geometry Suite 5. showAppSnackBar renders floating snackbar with radius 14
00:06 +26: C:/Users/Atharva Patil/Documents/projects/gymlog/test/active_workout_atomic_03_test.dart: ATOMIC-03 Active Workout & Card Geometry Suite 5. showAppSnackBar renders floating snackbar with radius 14
00:06 +27: C:/Users/Atharva Patil/Documents/projects/gymlog/test/active_workout_atomic_03_test.dart: ATOMIC-03 Active Workout & Card Geometry Suite 5. showAppSnackBar renders floating snackbar with radius 14
00:06 +28: C:/Users/Atharva Patil/Documents/projects/gymlog/test/active_workout_atomic_03_test.dart: ATOMIC-03 Active Workout & Card Geometry Suite 5. showAppSnackBar renders floating snackbar with radius 14
00:06 +29: C:/Users/Atharva Patil/Documents/projects/gymlog/test/active_workout_atomic_04_test.dart: ATOMIC-04 Reversible Deletion & Replacement Policy Suite 7. clear resets values
00:06 +30: C:/Users/Atharva Patil/Documents/projects/gymlog/test/active_workout_atomic_03_test.dart: ATOMIC-03 Active Workout & Card Geometry Suite 6. showAppSnackBar clears rest timer bar offset when active
00:06 +31: C:/Users/Atharva Patil/Documents/projects/gymlog/test/active_workout_atomic_03_test.dart: ATOMIC-03 Active Workout & Card Geometry Suite 6. showAppSnackBar clears rest timer bar offset when active
00:06 +32: C:/Users/Atharva Patil/Documents/projects/gymlog/test/active_workout_atomic_04_test.dart: ATOMIC-04 Reversible Deletion & Replacement Policy Suite 9. stale weight is cleared for reps-only
00:07 +33: C:/Users/Atharva Patil/Documents/projects/gymlog/test/active_workout_draft_upgrade_test.dart: ATOMIC-RC3-05 Workout Draft and Routine Upgrades 1. WorkoutDraftStore upgrades legacy exercises via name inference on parse
00:07 +34: C:/Users/Atharva Patil/Documents/projects/gymlog/test/active_workout_draft_upgrade_test.dart: ATOMIC-RC3-05 Workout Draft and Routine Upgrades 2. ActiveWorkoutNotifier resumeDraft upgrades draft against database metadata
00:07 +35: C:/Users/Atharva Patil/Documents/projects/gymlog/test/active_workout_header_test.dart: ActiveWorkoutHeader normal layout renders elapsed time once at 1.0x
00:08 +36: C:/Users/Atharva Patil/Documents/projects/gymlog/test/active_workout_large_text_test.dart: ActiveWorkout large-text header pumps at 390x844 1.0x
00:08 +37: C:/Users/Atharva Patil/Documents/projects/gymlog/test/active_workout_large_text_test.dart: ActiveWorkout large-text header pumps at 390x844 1.0x
00:08 +38: C:/Users/Atharva Patil/Documents/projects/gymlog/test/active_workout_large_text_test.dart: ActiveWorkout large-text header pumps at 390x844 1.0x
00:08 +39: C:/Users/Atharva Patil/Documents/projects/gymlog/test/active_workout_large_text_test.dart: ActiveWorkout large-text header pumps at 390x844 1.0x
00:08 +40: C:/Users/Atharva Patil/Documents/projects/gymlog/test/active_workout_large_text_test.dart: ActiveWorkout large-text header pumps at 390x844 1.0x
00:08 +41: C:/Users/Atharva Patil/Documents/projects/gymlog/test/active_workout_large_text_test.dart: ActiveWorkout large-text header pumps at 390x844 1.0x
00:08 +42: C:/Users/Atharva Patil/Documents/projects/gymlog/test/active_workout_large_text_test.dart: ActiveWorkout large-text header pumps at 390x844 1.0x
00:08 +43: C:/Users/Atharva Patil/Documents/projects/gymlog/test/active_workout_large_text_test.dart: ActiveWorkout large-text header pumps at 390x844 1.0x
00:08 +44: C:/Users/Atharva Patil/Documents/projects/gymlog/test/active_workout_large_text_test.dart: ActiveWorkout large-text header pumps at 390x844 1.0x
00:08 +45: C:/Users/Atharva Patil/Documents/projects/gymlog/test/active_workout_large_text_test.dart: ActiveWorkout large-text header pumps at 390x844 1.0x
00:08 +46: C:/Users/Atharva Patil/Documents/projects/gymlog/test/active_workout_large_text_test.dart: ActiveWorkout large-text header pumps at 390x844 1.0x
00:08 +47: C:/Users/Atharva Patil/Documents/projects/gymlog/test/active_workout_large_text_test.dart: ActiveWorkout large-text header pumps at 390x844 1.0x
00:08 +48: C:/Users/Atharva Patil/Documents/projects/gymlog/test/active_workout_large_text_test.dart: ActiveWorkout large-text header pumps at 390x844 1.0x
00:08 +49: C:/Users/Atharva Patil/Documents/projects/gymlog/test/active_workout_large_text_test.dart: ActiveWorkout large-text header pumps at 390x844 1.0x
00:08 +50: C:/Users/Atharva Patil/Documents/projects/gymlog/test/active_workout_large_text_test.dart: ActiveWorkout large-text header pumps at 390x844 1.0x
00:08 +51: C:/Users/Atharva Patil/Documents/projects/gymlog/test/active_workout_large_text_test.dart: ActiveWorkout large-text header pumps at 390x844 1.0x
00:09 +52: C:/Users/Atharva Patil/Documents/projects/gymlog/test/active_workout_large_text_test.dart: ActiveWorkout large-text header pumps at 390x844 1.0x
00:09 +53: C:/Users/Atharva Patil/Documents/projects/gymlog/test/active_workout_large_text_test.dart: ActiveWorkout large-text header pumps at 390x844 1.0x
00:09 +54: C:/Users/Atharva Patil/Documents/projects/gymlog/test/active_workout_large_text_test.dart: ActiveWorkout large-text header pumps at 390x844 1.0x
00:09 +55: C:/Users/Atharva Patil/Documents/projects/gymlog/test/active_workout_large_text_test.dart: ActiveWorkout large-text header pumps at 390x844 1.0x
00:09 +56: C:/Users/Atharva Patil/Documents/projects/gymlog/test/active_workout_minimize_test.dart: ActiveWorkoutScreen minimize handle has tap gesture, semantics and pops router
00:10 +57: C:/Users/Atharva Patil/Documents/projects/gymlog/test/active_workout_minimize_test.dart: ActiveWorkoutScreen minimize handle has tap gesture, semantics and pops router
00:10 +58: C:/Users/Atharva Patil/Documents/projects/gymlog/test/active_workout_minimize_test.dart: ActiveWorkoutScreen minimize handle has tap gesture, semantics and pops router
00:10 +59: C:/Users/Atharva Patil/Documents/projects/gymlog/test/active_workout_minimize_test.dart: ActiveWorkoutScreen minimize handle has tap gesture, semantics and pops router
00:10 +59: C:/Users/Atharva Patil/Documents/projects/gymlog/test/active_workout_persistence_fail_closed_test.dart: ATOMIC-RC3-01 Persistence Fail Closed Suite 1. Transaction failure retains state and draft
[finishWorkout] transaction failed: Exception: Simulated database write error
00:10 +60: C:/Users/Atharva Patil/Documents/projects/gymlog/test/active_workout_minimize_test.dart: ActiveWorkoutScreen minimize handle has tap gesture, semantics and pops router
00:10 +61: C:/Users/Atharva Patil/Documents/projects/gymlog/test/active_workout_minimize_test.dart: ActiveWorkoutScreen minimize handle has tap gesture, semantics and pops router
00:10 +61: C:/Users/Atharva Patil/Documents/projects/gymlog/test/active_workout_persistence_fail_closed_test.dart: ATOMIC-RC3-01 Persistence Fail Closed Suite 3. Edited-workout failure retains state
[saveEditedWorkout] transaction failed: Exception: Simulated database edit error
00:10 +62: C:/Users/Atharva Patil/Documents/projects/gymlog/test/active_workout_minimize_test.dart: ActiveWorkoutScreen minimize handle has tap gesture, semantics and pops router
00:11 +63: C:/Users/Atharva Patil/Documents/projects/gymlog/test/active_workout_minimize_test.dart: ActiveWorkoutScreen minimize handle has tap gesture, semantics and pops router
00:11 +64: C:/Users/Atharva Patil/Documents/projects/gymlog/test/active_workout_minimize_test.dart: ActiveWorkoutScreen minimize handle has tap gesture, semantics and pops router
00:11 +65: C:/Users/Atharva Patil/Documents/projects/gymlog/test/active_workout_minimize_test.dart: ActiveWorkoutScreen minimize handle has tap gesture, semantics and pops router
00:11 +66: C:/Users/Atharva Patil/Documents/projects/gymlog/test/active_workout_minimize_test.dart: ActiveWorkoutScreen minimize handle has tap gesture, semantics and pops router
00:12 +67: C:/Users/Atharva Patil/Documents/projects/gymlog/test/active_workout_set_row_test.dart: PREVIOUS column shows "15kg x 12" when prior data exists
00:13 +67: C:/Users/Atharva Patil/Documents/projects/gymlog/test/active_workout_start_test.dart: startWorkout backfills unique ids for exercises passed without one
[WorkoutDraftStore] save failed: Binding has not yet been initialized.
The "instance" getter on the ServicesBinding binding mixin is only available once that binding has been initialized.
Typically, this is done by calling "WidgetsFlutterBinding.ensureInitialized()" or "runApp()" (the latter calls the former). Typically this call is done in the "void main()" method. The "ensureInitialized" method is idempotent; calling it multiple times is not harmful. After calling that method, the "instance" getter will return the binding.
In a test, one can call "TestWidgetsFlutterBinding.ensureInitialized()" as the first line in the test's "main()" method to initialize the binding.
If ServicesBinding is a custom binding mixin, there must also be a custom binding class, like WidgetsFlutterBinding, but that mixes in the selected binding, and that is the class that must be constructed before using the "instance" getter.
00:13 +68: C:/Users/Atharva Patil/Documents/projects/gymlog/test/active_workout_set_row_test.dart: PREVIOUS column shows "15kg x 12" when prior data exists
00:13 +68: C:/Users/Atharva Patil/Documents/projects/gymlog/test/active_workout_start_test.dart: startWorkout preserves ids that callers already set
[WorkoutDraftStore] save failed: Binding has not yet been initialized.
The "instance" getter on the ServicesBinding binding mixin is only available once that binding has been initialized.
Typically, this is done by calling "WidgetsFlutterBinding.ensureInitialized()" or "runApp()" (the latter calls the former). Typically this call is done in the "void main()" method. The "ensureInitialized" method is idempotent; calling it multiple times is not harmful. After calling that method, the "instance" getter will return the binding.
In a test, one can call "TestWidgetsFlutterBinding.ensureInitialized()" as the first line in the test's "main()" method to initialize the binding.
If ServicesBinding is a custom binding mixin, there must also be a custom binding class, like WidgetsFlutterBinding, but that mixes in the selected binding, and that is the class that must be constructed before using the "instance" getter.
00:13 +69: C:/Users/Atharva Patil/Documents/projects/gymlog/test/active_workout_set_row_test.dart: PREVIOUS column shows "15kg x 12" when prior data exists
00:14 +70: C:/Users/Atharva Patil/Documents/projects/gymlog/test/active_workout_set_row_test.dart: PREVIOUS column shows "15kg x 12" when prior data exists
00:14 +71: C:/Users/Atharva Patil/Documents/projects/gymlog/test/active_workout_set_row_test.dart: PREVIOUS column shows "15kg x 12" when prior data exists
00:14 +72: C:/Users/Atharva Patil/Documents/projects/gymlog/test/active_workout_set_row_test.dart: PREVIOUS column shows "15kg x 12" when prior data exists
00:14 +73: C:/Users/Atharva Patil/Documents/projects/gymlog/test/active_workout_set_row_test.dart: PREVIOUS column shows "15kg x 12" when prior data exists
00:14 +74: C:/Users/Atharva Patil/Documents/projects/gymlog/test/analytics/metric_aware_pr_test.dart: ATOMIC-07: PR Detection Engine Detects Reps-Only PRs correctly
00:14 +75: C:/Users/Atharva Patil/Documents/projects/gymlog/test/active_workout_set_row_test.dart: PREVIOUS shows blank when there is no prior data
00:14 +76: C:/Users/Atharva Patil/Documents/projects/gymlog/test/active_workout_set_row_test.dart: PREVIOUS shows blank when there is no prior data
00:14 +77: C:/Users/Atharva Patil/Documents/projects/gymlog/test/active_workout_set_row_test.dart: PREVIOUS shows blank when there is no prior data
00:14 +78: C:/Users/Atharva Patil/Documents/projects/gymlog/test/active_workout_set_row_test.dart: PREVIOUS shows blank when there is no prior data
00:14 +79: C:/Users/Atharva Patil/Documents/projects/gymlog/test/analytics/metric_aware_pr_test.dart: ATOMIC-07: PR Detection Engine Editing or deleting a PR recalculates later history
00:14 +80: C:/Users/Atharva Patil/Documents/projects/gymlog/test/active_workout_set_row_test.dart: SET column renders the type letter, never a number, for warmup
00:14 +81: C:/Users/Atharva Patil/Documents/projects/gymlog/test/active_workout_set_row_test.dart: normal set shows its 1-based number in the SET column
00:14 +82: C:/Users/Atharva Patil/Documents/projects/gymlog/test/active_workout_set_row_test.dart: no inline "kg" label and no "×" divider on the row
00:14 +83: C:/Users/Atharva Patil/Documents/projects/gymlog/test/auth/account_isolation_test.dart: (setUpAll)
00:14 +83: C:/Users/Atharva Patil/Documents/projects/gymlog/test/auth/account_isolation_test.dart: account A workouts hidden from account B
00:15 +84: C:/Users/Atharva Patil/Documents/projects/gymlog/test/auth/account_isolation_test.dart: account A drafts hidden from B
[WorkoutDraftStore] Ignoring draft from different user (user-a vs user-b)
00:15 +85: C:/Users/Atharva Patil/Documents/projects/gymlog/test/auth/account_isolation_test.dart: account A sync queue not uploaded as B
00:15 +86: C:/Users/Atharva Patil/Documents/projects/gymlog/test/auth/account_isolation_test.dart: custom exercises isolation policy
00:15 +87: C:/Users/Atharva Patil/Documents/projects/gymlog/test/auth/account_isolation_test.dart: pending sync warning and offline sign-out / restart flow
00:15 +88: C:/Users/Atharva Patil/Documents/projects/gymlog/test/auth/account_isolation_test.dart: (tearDownAll)
00:15 +88: C:/Users/Atharva Patil/Documents/projects/gymlog/test/auth/auth_screen_behavior_test.dart: AuthScreen Behavior Tests (AUTH-01 to AUTH-20) AUTH-01: Initial screen contains one primary CTA
00:16 +89: C:/Users/Atharva Patil/Documents/projects/gymlog/test/auth/auth_screen_behavior_test.dart: AuthScreen Behavior Tests (AUTH-01 to AUTH-20) AUTH-01: Initial screen contains one primary CTA
00:16 +90: C:/Users/Atharva Patil/Documents/projects/gymlog/test/auth/auth_screen_behavior_test.dart: AuthScreen Behavior Tests (AUTH-01 to AUTH-20) AUTH-01: Initial screen contains one primary CTA
00:16 +91: C:/Users/Atharva Patil/Documents/projects/gymlog/test/auth/auth_screen_behavior_test.dart: AuthScreen Behavior Tests (AUTH-01 to AUTH-20) AUTH-01: Initial screen contains one primary CTA
00:16 +92: C:/Users/Atharva Patil/Documents/projects/gymlog/test/auth/auth_screen_behavior_test.dart: AuthScreen Behavior Tests (AUTH-01 to AUTH-20) AUTH-01: Initial screen contains one primary CTA
00:16 +93: C:/Users/Atharva Patil/Documents/projects/gymlog/test/auth/auth_screen_behavior_test.dart: AuthScreen Behavior Tests (AUTH-01 to AUTH-20) AUTH-01: Initial screen contains one primary CTA
00:16 +94: C:/Users/Atharva Patil/Documents/projects/gymlog/test/auth/auth_screen_behavior_test.dart: AuthScreen Behavior Tests (AUTH-01 to AUTH-20) AUTH-01: Initial screen contains one primary CTA
00:16 +95: C:/Users/Atharva Patil/Documents/projects/gymlog/test/auth/auth_screen_behavior_test.dart: AuthScreen Behavior Tests (AUTH-01 to AUTH-20) AUTH-01: Initial screen contains one primary CTA
00:16 +96: C:/Users/Atharva Patil/Documents/projects/gymlog/test/auth/auth_screen_behavior_test.dart: AuthScreen Behavior Tests (AUTH-01 to AUTH-20) AUTH-01: Initial screen contains one primary CTA
00:16 +97: C:/Users/Atharva Patil/Documents/projects/gymlog/test/auth/auth_screen_behavior_test.dart: AuthScreen Behavior Tests (AUTH-01 to AUTH-20) AUTH-01: Initial screen contains one primary CTA
00:16 +98: C:/Users/Atharva Patil/Documents/projects/gymlog/test/auth/auth_screen_behavior_test.dart: AuthScreen Behavior Tests (AUTH-01 to AUTH-20) AUTH-01: Initial screen contains one primary CTA
00:16 +99: C:/Users/Atharva Patil/Documents/projects/gymlog/test/auth/auth_screen_behavior_test.dart: AuthScreen Behavior Tests (AUTH-01 to AUTH-20) AUTH-01: Initial screen contains one primary CTA
00:16 +100: C:/Users/Atharva Patil/Documents/projects/gymlog/test/auth/auth_screen_behavior_test.dart: AuthScreen Behavior Tests (AUTH-01 to AUTH-20) AUTH-01: Initial screen contains one primary CTA
00:16 +101: C:/Users/Atharva Patil/Documents/projects/gymlog/test/auth/auth_screen_behavior_test.dart: AuthScreen Behavior Tests (AUTH-01 to AUTH-20) AUTH-01: Initial screen contains one primary CTA
00:16 +102: C:/Users/Atharva Patil/Documents/projects/gymlog/test/auth/auth_screen_behavior_test.dart: AuthScreen Behavior Tests (AUTH-01 to AUTH-20) AUTH-01: Initial screen contains one primary CTA
00:16 +103: C:/Users/Atharva Patil/Documents/projects/gymlog/test/auth/auth_screen_behavior_test.dart: AuthScreen Behavior Tests (AUTH-01 to AUTH-20) AUTH-01: Initial screen contains one primary CTA
00:16 +104: C:/Users/Atharva Patil/Documents/projects/gymlog/test/auth/auth_screen_behavior_test.dart: AuthScreen Behavior Tests (AUTH-01 to AUTH-20) AUTH-01: Initial screen contains one primary CTA
00:16 +105: C:/Users/Atharva Patil/Documents/projects/gymlog/test/auth/auth_screen_behavior_test.dart: AuthScreen Behavior Tests (AUTH-01 to AUTH-20) AUTH-01: Initial screen contains one primary CTA
00:16 +106: C:/Users/Atharva Patil/Documents/projects/gymlog/test/auth/auth_screen_behavior_test.dart: AuthScreen Behavior Tests (AUTH-01 to AUTH-20) AUTH-01: Initial screen contains one primary CTA
00:16 +107: C:/Users/Atharva Patil/Documents/projects/gymlog/test/auth/auth_screen_behavior_test.dart: AuthScreen Behavior Tests (AUTH-01 to AUTH-20) AUTH-01: Initial screen contains one primary CTA
00:16 +108: C:/Users/Atharva Patil/Documents/projects/gymlog/test/auth/auth_screen_behavior_test.dart: AuthScreen Behavior Tests (AUTH-01 to AUTH-20) AUTH-01: Initial screen contains one primary CTA
00:16 +109: C:/Users/Atharva Patil/Documents/projects/gymlog/test/auth/auth_screen_behavior_test.dart: AuthScreen Behavior Tests (AUTH-01 to AUTH-20) AUTH-01: Initial screen contains one primary CTA
00:16 +110: C:/Users/Atharva Patil/Documents/projects/gymlog/test/auth/auth_screen_behavior_test.dart: AuthScreen Behavior Tests (AUTH-01 to AUTH-20) AUTH-01: Initial screen contains one primary CTA
00:16 +111: C:/Users/Atharva Patil/Documents/projects/gymlog/test/auth/auth_screen_behavior_test.dart: AuthScreen Behavior Tests (AUTH-01 to AUTH-20) AUTH-01: Initial screen contains one primary CTA
00:16 +112: C:/Users/Atharva Patil/Documents/projects/gymlog/test/auth/auth_screen_behavior_test.dart: AuthScreen Behavior Tests (AUTH-01 to AUTH-20) AUTH-01: Initial screen contains one primary CTA
00:16 +113: C:/Users/Atharva Patil/Documents/projects/gymlog/test/auth/auth_screen_behavior_test.dart: AuthScreen Behavior Tests (AUTH-01 to AUTH-20) AUTH-01: Initial screen contains one primary CTA
00:16 +114: C:/Users/Atharva Patil/Documents/projects/gymlog/test/auth/auth_screen_behavior_test.dart: AuthScreen Behavior Tests (AUTH-01 to AUTH-20) AUTH-01: Initial screen contains one primary CTA
00:17 +115: C:/Users/Atharva Patil/Documents/projects/gymlog/test/auth/auth_screen_behavior_test.dart: AuthScreen Behavior Tests (AUTH-01 to AUTH-20) AUTH-02: Only the atmosphere drift repeats; reduced motion halts it
00:17 +116: C:/Users/Atharva Patil/Documents/projects/gymlog/test/auth/auth_screen_behavior_test.dart: AuthScreen Behavior Tests (AUTH-01 to AUTH-20) AUTH-03: Reduced motion renders final state with no animation
00:17 +117: C:/Users/Atharva Patil/Documents/projects/gymlog/test/auth/auth_screen_behavior_test.dart: AuthScreen Behavior Tests (AUTH-01 to AUTH-20) AUTH-04: Sign-in button is disabled while request is in progress
00:17 +118: C:/Users/Atharva Patil/Documents/projects/gymlog/test/auth/auth_screen_behavior_test.dart: AuthScreen Behavior Tests (AUTH-01 to AUTH-20) AUTH-04: Sign-in button is disabled while request is in progress
00:17 +119: C:/Users/Atharva Patil/Documents/projects/gymlog/test/auth/auth_screen_behavior_test.dart: AuthScreen Behavior Tests (AUTH-01 to AUTH-20) AUTH-04: Sign-in button is disabled while request is in progress
00:17 +120: C:/Users/Atharva Patil/Documents/projects/gymlog/test/auth/auth_screen_behavior_test.dart: AuthScreen Behavior Tests (AUTH-01 to AUTH-20) AUTH-04: Sign-in button is disabled while request is in progress
00:17 +121: C:/Users/Atharva Patil/Documents/projects/gymlog/test/chart_axis_format_test.dart: BrandedLineChart.yAxisUnit renders unit suffix on both Y axes
00:17 +122: C:/Users/Atharva Patil/Documents/projects/gymlog/test/chart_axis_format_test.dart: BrandedLineChart.yAxisUnit renders unit suffix on both Y axes
00:17 +123: C:/Users/Atharva Patil/Documents/projects/gymlog/test/chart_axis_format_test.dart: BrandedLineChart.yAxisUnit renders unit suffix on both Y axes
00:18 +123: C:/Users/Atharva Patil/Documents/projects/gymlog/test/auth/auth_screen_behavior_test.dart: AuthScreen Behavior Tests (AUTH-01 to AUTH-20) AUTH-07: Network failure shows recovery copy
[Auth] failure=network
00:18 +124: C:/Users/Atharva Patil/Documents/projects/gymlog/test/chart_axis_format_test.dart: BrandedLineChart.yAxisUnit renders unit suffix on both Y axes
00:18 +124: C:/Users/Atharva Patil/Documents/projects/gymlog/test/auth/auth_screen_behavior_test.dart: AuthScreen Behavior Tests (AUTH-01 to AUTH-20) AUTH-08: Configuration failure does not expose SHA-1 or ApiException 10
[Auth] failure=configuration code=google_android_configuration
00:18 +125: C:/Users/Atharva Patil/Documents/projects/gymlog/test/chart_axis_format_test.dart: BrandedLineChart.yAxisUnit renders unit suffix on both Y axes
00:18 +125: C:/Users/Atharva Patil/Documents/projects/gymlog/test/auth/auth_screen_behavior_test.dart: AuthScreen Behavior Tests (AUTH-01 to AUTH-20) AUTH-09: Unknown error shows generic safe copy
[Auth] failure=unknown
00:18 +126: C:/Users/Atharva Patil/Documents/projects/gymlog/test/chart_axis_format_test.dart: BrandedLineChart.yAxisUnit renders unit suffix on both Y axes
00:18 +127: C:/Users/Atharva Patil/Documents/projects/gymlog/test/chart_axis_format_test.dart: BrandedLineChart.yAxisUnit renders unit suffix on both Y axes
00:18 +128: C:/Users/Atharva Patil/Documents/projects/gymlog/test/chart_axis_format_test.dart: BrandedLineChart.yAxisUnit renders unit suffix on both Y axes
00:18 +129: C:/Users/Atharva Patil/Documents/projects/gymlog/test/chart_axis_format_test.dart: BrandedLineChart.yAxisUnit renders unit suffix on both Y axes
00:18 +130: C:/Users/Atharva Patil/Documents/projects/gymlog/test/chart_axis_format_test.dart: BrandedLineChart.yAxisUnit renders unit suffix on both Y axes
00:18 +131: C:/Users/Atharva Patil/Documents/projects/gymlog/test/chart_axis_format_test.dart: BrandedLineChart.yAxisUnit renders unit suffix on both Y axes
00:18 +132: C:/Users/Atharva Patil/Documents/projects/gymlog/test/chart_axis_format_test.dart: BrandedLineChart.yAxisUnit renders unit suffix on both Y axes
00:18 +133: C:/Users/Atharva Patil/Documents/projects/gymlog/test/chart_axis_format_test.dart: BrandedLineChart.yAxisUnit renders unit suffix on both Y axes
00:18 +134: C:/Users/Atharva Patil/Documents/projects/gymlog/test/chart_density_test.dart: BrandedLineChart 300-point performance and grid density vertical grid interval scales with labelStep rather than 1 per point
00:18 +135: C:/Users/Atharva Patil/Documents/projects/gymlog/test/chart_density_test.dart: BrandedLineChart 300-point performance and grid density vertical grid interval scales with labelStep rather than 1 per point
00:18 +136: C:/Users/Atharva Patil/Documents/projects/gymlog/test/chart_density_test.dart: BrandedLineChart 300-point performance and grid density vertical grid interval scales with labelStep rather than 1 per point
00:18 +136: C:/Users/Atharva Patil/Documents/projects/gymlog/test/auth/auth_screen_behavior_test.dart: AuthScreen Behavior Tests (AUTH-01 to AUTH-20) AUTH-22 (AU-C): Timeout failure surfaces honest recovery copy
[Auth] failure=timeout
00:18 +137: C:/Users/Atharva Patil/Documents/projects/gymlog/test/chart_density_test.dart: BrandedLineChart 300-point performance and grid density vertical grid interval scales with labelStep rather than 1 per point
00:19 +138: C:/Users/Atharva Patil/Documents/projects/gymlog/test/commerce_and_deletion_test.dart: (setUpAll)
00:19 +138: C:/Users/Atharva Patil/Documents/projects/gymlog/test/commerce_and_deletion_test.dart: Account Deletion Service & UI Guidance Idempotency — wipes local storage and finishes safely even when user is null (signed out)
[ExercisesDao] Hydration v9 complete: 822 exercises.
00:20 +139: C:/Users/Atharva Patil/Documents/projects/gymlog/test/commerce_and_deletion_test.dart: Account Deletion Service & UI Guidance Wipes local databases, secure preferences and settings on deletion
00:20 +140: C:/Users/Atharva Patil/Documents/projects/gymlog/test/commerce_and_deletion_test.dart: Account Deletion Service & UI Guidance Wipes local databases, secure preferences and settings on deletion
[ExercisesDao] Hydration v9 complete: 822 exercises.
00:20 +141: C:/Users/Atharva Patil/Documents/projects/gymlog/test/commerce_and_deletion_test.dart: Premium Service Entitlements & Caching isPremiumProvider returns false when no user is signed in
00:20 +142: C:/Users/Atharva Patil/Documents/projects/gymlog/test/commerce_and_deletion_test.dart: Premium Service Entitlements & Caching isPremiumProvider falls back to local user profile when CustomerInfo stream has no value (offline launch)
00:20 +143: C:/Users/Atharva Patil/Documents/projects/gymlog/test/commerce_and_deletion_test.dart: Premium Service Entitlements & Caching isPremiumProvider respects active entitlements from CustomerInfo over local SQLite profile
00:20 +144: C:/Users/Atharva Patil/Documents/projects/gymlog/test/commerce_and_deletion_test.dart: (tearDownAll)
00:21 +144: C:/Users/Atharva Patil/Documents/projects/gymlog/test/core/app_startup_test.dart: GymLogApp builds without throwing when cloud is not ready
00:22 +145: C:/Users/Atharva Patil/Documents/projects/gymlog/test/core/app_startup_test.dart: router is constructable without Supabase being initialized
00:23 +146: C:/Users/Atharva Patil/Documents/projects/gymlog/test/core/database/daos/program_grouping_test.dart: groupProgramRoutines an empty library groups into nothing
00:23 +147: C:/Users/Atharva Patil/Documents/projects/gymlog/test/core/database/daos/program_grouping_test.dart: groupProgramRoutines routines with no program stay standalone
00:23 +148: C:/Users/Atharva Patil/Documents/projects/gymlog/test/core/database/daos/program_grouping_test.dart: groupProgramRoutines members are returned in training-day order, not insert order
00:23 +149: C:/Users/Atharva Patil/Documents/projects/gymlog/test/core/database/daos/program_grouping_test.dart: groupProgramRoutines a partial import knows how many days are missing
00:23 +150: C:/Users/Atharva Patil/Documents/projects/gymlog/test/core/database/daos/program_grouping_test.dart: groupProgramRoutines a full import reports complete
00:23 +151: C:/Users/Atharva Patil/Documents/projects/gymlog/test/core/database/daos/program_grouping_test.dart: groupProgramRoutines two different programs do not merge
00:23 +152: C:/Users/Atharva Patil/Documents/projects/gymlog/test/core/database/daos/program_grouping_test.dart: groupProgramRoutines legacy breadcrumb rows form a legacy group
00:23 +153: C:/Users/Atharva Patil/Documents/projects/gymlog/test/core/database/daos/program_grouping_test.dart: groupProgramRoutines membership wins over a stale breadcrumb
00:23 +154: C:/Users/Atharva Patil/Documents/projects/gymlog/test/core/database/daos/program_grouping_test.dart: groupProgramRoutines falls back to the membership label when no breadcrumb exists
00:23 +155: C:/Users/Atharva Patil/Documents/projects/gymlog/test/core/database/daos/program_grouping_test.dart: groupProgramRoutines programs and standalone routines coexist
00:23 +156: C:/Users/Atharva Patil/Documents/projects/gymlog/test/core/database/daos/program_grouping_test.dart: groupProgramRoutines newest program group sorts first
00:23 +157: C:/Users/Atharva Patil/Documents/projects/gymlog/test/core/database/daos/program_grouping_test.dart: groupProgramRoutines a whitespace-only breadcrumb does not create a phantom group
00:23 +158: C:/Users/Atharva Patil/Documents/projects/gymlog/test/core/database/daos/program_grouping_test.dart: groupProgramRoutines corrupt membership degrades to standalone, never crashes
00:23 +159: C:/Users/Atharva Patil/Documents/projects/gymlog/test/core/database/daos/program_grouping_test.dart: quota inputs a 6-day program counts as one program and zero standalone
00:23 +160: C:/Users/Atharva Patil/Documents/projects/gymlog/test/core/models/measurement_type_duration_test.dart: MeasurementType Duration Taxonomy & Resolver resolves isometric and duration exercises to duration
00:23 +161: C:/Users/Atharva Patil/Documents/projects/gymlog/test/core/models/measurement_type_duration_test.dart: MeasurementType Duration Taxonomy & Resolver preserves Olympic barbell and dumbbell lifts with hang as weighted
00:23 +162: C:/Users/Atharva Patil/Documents/projects/gymlog/test/core/models/measurement_type_duration_test.dart: MeasurementType Duration Taxonomy & Resolver explicit exceptions override default weight_and_reps
00:23 +163: C:/Users/Atharva Patil/Documents/projects/gymlog/test/core/models/measurement_type_duration_test.dart: MeasurementType Duration Taxonomy & Resolver repsColumnLabel is TIME for duration
00:23 +164: C:/Users/Atharva Patil/Documents/projects/gymlog/test/core/models/measurement_type_duration_test.dart: MeasurementType Duration Taxonomy & Resolver weighted duration shows weight column and provides +KG header
00:23 +165: C:/Users/Atharva Patil/Documents/projects/gymlog/test/core/models/measurement_type_duration_test.dart: MeasurementType Duration Taxonomy & Resolver dynamic hanging exercises resolve to reps, not duration
00:25 +166: C:/Users/Atharva Patil/Documents/projects/gymlog/test/core/premium/library_quota_test.dart: the free-tier dead end a new free user CAN import the featured 6-day program
00:25 +167: C:/Users/Atharva Patil/Documents/projects/gymlog/test/core/premium/library_quota_test.dart: the free-tier dead end program size does not consume routine slots
00:25 +168: C:/Users/Atharva Patil/Documents/projects/gymlog/test/core/premium/library_quota_test.dart: program slot the second program is where the paywall lands
00:25 +169: C:/Users/Atharva Patil/Documents/projects/gymlog/test/core/premium/library_quota_test.dart: program slot Pro is never gated
00:25 +170: C:/Users/Atharva Patil/Documents/projects/gymlog/test/core/premium/library_quota_test.dart: program slot hasUsedFreeProgramSlot tracks the cap
00:25 +171: C:/Users/Atharva Patil/Documents/projects/gymlog/test/core/premium/library_quota_test.dart: completing an owned program is always free even when both caps are already exhausted
00:25 +172: C:/Users/Atharva Patil/Documents/projects/gymlog/test/core/premium/library_quota_test.dart: standalone routines fills exactly to the cap
00:25 +173: C:/Users/Atharva Patil/Documents/projects/gymlog/test/core/premium/library_quota_test.dart: standalone routines blocks the one that would overflow
00:25 +174: C:/Users/Atharva Patil/Documents/projects/gymlog/test/core/premium/library_quota_test.dart: standalone routines checks the whole batch, not one at a time
00:25 +175: C:/Users/Atharva Patil/Documents/projects/gymlog/test/core/premium/library_quota_test.dart: standalone routines remaining slots never go negative for grandfathered users
00:25 +176: C:/Users/Atharva Patil/Documents/projects/gymlog/test/core/premium/library_quota_test.dart: copy allowed has no blocking copy
00:25 +177: C:/Users/Atharva Patil/Documents/projects/gymlog/test/core/premium/library_quota_test.dart: copy every blocked verdict has copy
00:25 +178: C:/Users/Atharva Patil/Documents/projects/gymlog/test/core/router_deeplink_test.dart: deep link without extra loads the exercise by id instead of crashing
00:27 +179: C:/Users/Atharva Patil/Documents/projects/gymlog/test/core/router_deeplink_test.dart: non-numeric deep link falls back to the library, no crash
00:27 +180: C:/Users/Atharva Patil/Documents/projects/gymlog/test/core/router_deeplink_test.dart: non-numeric deep link falls back to the library, no crash
00:27 +181: C:/Users/Atharva Patil/Documents/projects/gymlog/test/core/router_deeplink_test.dart: non-numeric deep link falls back to the library, no crash
00:27 +182: C:/Users/Atharva Patil/Documents/projects/gymlog/test/core/router_deeplink_test.dart: non-numeric deep link falls back to the library, no crash
00:27 +183: C:/Users/Atharva Patil/Documents/projects/gymlog/test/core/router_deeplink_test.dart: non-numeric deep link falls back to the library, no crash
00:27 +184: C:/Users/Atharva Patil/Documents/projects/gymlog/test/core/router_deeplink_test.dart: non-numeric deep link falls back to the library, no crash
00:27 +185: C:/Users/Atharva Patil/Documents/projects/gymlog/test/core/router_deeplink_test.dart: non-numeric deep link falls back to the library, no crash
00:27 +186: C:/Users/Atharva Patil/Documents/projects/gymlog/test/core/router_deeplink_test.dart: non-numeric deep link falls back to the library, no crash
00:27 +187: C:/Users/Atharva Patil/Documents/projects/gymlog/test/core/router_deeplink_test.dart: non-numeric deep link falls back to the library, no crash
00:27 +188: C:/Users/Atharva Patil/Documents/projects/gymlog/test/core/router_deeplink_test.dart: non-numeric deep link falls back to the library, no crash
00:27 +189: C:/Users/Atharva Patil/Documents/projects/gymlog/test/core/router_deeplink_test.dart: non-numeric deep link falls back to the library, no crash
00:27 +190: C:/Users/Atharva Patil/Documents/projects/gymlog/test/core/router_deeplink_test.dart: non-numeric deep link falls back to the library, no crash
00:27 +191: C:/Users/Atharva Patil/Documents/projects/gymlog/test/core/router_deeplink_test.dart: non-numeric deep link falls back to the library, no crash
00:27 +192: C:/Users/Atharva Patil/Documents/projects/gymlog/test/core/router_deeplink_test.dart: non-numeric deep link falls back to the library, no crash
00:27 +193: C:/Users/Atharva Patil/Documents/projects/gymlog/test/core/router_deeplink_test.dart: non-numeric deep link falls back to the library, no crash
00:27 +194: C:/Users/Atharva Patil/Documents/projects/gymlog/test/core/router_deeplink_test.dart: non-numeric deep link falls back to the library, no crash
00:27 +195: C:/Users/Atharva Patil/Documents/projects/gymlog/test/core/router_deeplink_test.dart: non-numeric deep link falls back to the library, no crash
00:27 +196: C:/Users/Atharva Patil/Documents/projects/gymlog/test/core/router_deeplink_test.dart: non-numeric deep link falls back to the library, no crash
00:27 +197: C:/Users/Atharva Patil/Documents/projects/gymlog/test/core/router_deeplink_test.dart: non-numeric deep link falls back to the library, no crash
00:27 +198: C:/Users/Atharva Patil/Documents/projects/gymlog/test/core/theme/border_affordance_test.dart: Three-Tier Visual Grammar Affordance Tests AppStatusTag strictly renders NO border under any configuration
00:28 +199: C:/Users/Atharva Patil/Documents/projects/gymlog/test/core/theme/border_affordance_test.dart: Three-Tier Visual Grammar Affordance Tests AppStatusTag strictly renders NO border under any configuration
00:28 +200: C:/Users/Atharva Patil/Documents/projects/gymlog/test/core/theme/border_affordance_test.dart: Three-Tier Visual Grammar Affordance Tests AppStatusTag strictly renders NO border under any configuration
00:28 +201: C:/Users/Atharva Patil/Documents/projects/gymlog/test/core/theme/border_affordance_test.dart: Three-Tier Visual Grammar Affordance Tests AppStatusTag strictly renders NO border under any configuration
00:28 +202: C:/Users/Atharva Patil/Documents/projects/gymlog/test/core/theme/border_affordance_test.dart: Three-Tier Visual Grammar Affordance Tests AppStatusTag strictly renders NO border under any configuration
00:28 +203: C:/Users/Atharva Patil/Documents/projects/gymlog/test/core/theme/border_affordance_test.dart: Three-Tier Visual Grammar Affordance Tests AppStatusTag strictly renders NO border under any configuration
00:28 +204: C:/Users/Atharva Patil/Documents/projects/gymlog/test/core/theme/border_affordance_test.dart: Three-Tier Visual Grammar Affordance Tests AppStatusTag strictly renders NO border under any configuration
00:28 +205: C:/Users/Atharva Patil/Documents/projects/gymlog/test/core/theme/border_affordance_test.dart: Three-Tier Visual Grammar Affordance Tests AppStatusTag strictly renders NO border under any configuration
00:28 +206: C:/Users/Atharva Patil/Documents/projects/gymlog/test/core/theme/border_affordance_test.dart: Three-Tier Visual Grammar Affordance Tests AppStatusTag strictly renders NO border under any configuration
00:28 +207: C:/Users/Atharva Patil/Documents/projects/gymlog/test/core/theme/border_affordance_test.dart: Three-Tier Visual Grammar Affordance Tests AppStatusTag strictly renders NO border under any configuration
00:28 +208: C:/Users/Atharva Patil/Documents/projects/gymlog/test/core/theme/border_affordance_test.dart: Three-Tier Visual Grammar Affordance Tests AppStatusTag strictly renders NO border under any configuration
00:28 +209: C:/Users/Atharva Patil/Documents/projects/gymlog/test/dao_integration_test.dart: routine hydration + last-session sets + daily volume
00:28 +210: C:/Users/Atharva Patil/Documents/projects/gymlog/test/core/theme/border_affordance_test.dart: Three-Tier Visual Grammar Affordance Tests AppActionChip always renders a border and fires onTap with haptics
00:28 +211: C:/Users/Atharva Patil/Documents/projects/gymlog/test/core/theme/border_affordance_test.dart: Three-Tier Visual Grammar Affordance Tests AppActionChip always renders a border and fires onTap with haptics
00:28 +212: C:/Users/Atharva Patil/Documents/projects/gymlog/test/core/theme/border_affordance_test.dart: Three-Tier Visual Grammar Affordance Tests AppActionChip always renders a border and fires onTap with haptics
00:29 +213: C:/Users/Atharva Patil/Documents/projects/gymlog/test/core/theme/border_affordance_test.dart: Three-Tier Visual Grammar Affordance Tests AppActionChip disabled state renders muted styling and disables interaction
00:29 +214: C:/Users/Atharva Patil/Documents/projects/gymlog/test/core/theme/border_affordance_test.dart: Three-Tier Visual Grammar Affordance Tests AppActionChip.compactSquare maintains 28x28 visual size and touch target
00:29 +215: C:/Users/Atharva Patil/Documents/projects/gymlog/test/core/theme/border_affordance_test.dart: Three-Tier Visual Grammar Affordance Tests AppInfoText formats multiple items with typographic separator
00:29 +216: C:/Users/Atharva Patil/Documents/projects/gymlog/test/das1_delete_completion_test.dart: DAS-1 Delete Account Completion Honesty full success shows permanent-deletion copy and routes to auth
00:29 +217: C:/Users/Atharva Patil/Documents/projects/gymlog/test/das1_delete_completion_test.dart: DAS-1 Delete Account Completion Honesty full success shows permanent-deletion copy and routes to auth
00:30 +218: C:/Users/Atharva Patil/Documents/projects/gymlog/test/das1_delete_completion_test.dart: DAS-1 Delete Account Completion Honesty full success shows permanent-deletion copy and routes to auth
00:30 +219: C:/Users/Atharva Patil/Documents/projects/gymlog/test/das1_delete_completion_test.dart: DAS-1 Delete Account Completion Honesty full success shows permanent-deletion copy and routes to auth
00:31 +220: C:/Users/Atharva Patil/Documents/projects/gymlog/test/das1_delete_completion_test.dart: DAS-1 Delete Account Completion Honesty full success shows permanent-deletion copy and routes to auth
00:31 +221: C:/Users/Atharva Patil/Documents/projects/gymlog/test/das1_delete_completion_test.dart: DAS-1 Delete Account Completion Honesty full success shows permanent-deletion copy and routes to auth
00:31 +222: C:/Users/Atharva Patil/Documents/projects/gymlog/test/das1_delete_completion_test.dart: DAS-1 Delete Account Completion Honesty full success shows permanent-deletion copy and routes to auth
00:31 +223: C:/Users/Atharva Patil/Documents/projects/gymlog/test/das1_delete_completion_test.dart: DAS-1 Delete Account Completion Honesty full success shows permanent-deletion copy and routes to auth
00:31 +224: C:/Users/Atharva Patil/Documents/projects/gymlog/test/delivery_diagnostics_test.dart: Tapping Version AppActionRow 5 times throws controlled StateError
00:32 +225: C:/Users/Atharva Patil/Documents/projects/gymlog/test/delivery_diagnostics_test.dart: Tapping Version AppActionRow 5 times throws controlled StateError
00:32 +226: C:/Users/Atharva Patil/Documents/projects/gymlog/test/delivery_diagnostics_test.dart: Tapping Version AppActionRow 5 times throws controlled StateError
00:32 +227: C:/Users/Atharva Patil/Documents/projects/gymlog/test/delivery_diagnostics_test.dart: Tapping Version AppActionRow 5 times throws controlled StateError
00:33 +228: C:/Users/Atharva Patil/Documents/projects/gymlog/test/delivery_diagnostics_test.dart: Tapping Version AppActionRow 5 times throws controlled StateError
00:33 +229: C:/Users/Atharva Patil/Documents/projects/gymlog/test/delivery_diagnostics_test.dart: Tapping Version AppActionRow 5 times throws controlled StateError
00:33 +230: C:/Users/Atharva Patil/Documents/projects/gymlog/test/delivery_diagnostics_test.dart: Tapping Version AppActionRow 5 times throws controlled StateError
00:34 +231: C:/Users/Atharva Patil/Documents/projects/gymlog/test/delivery_diagnostics_test.dart: Tapping Version AppActionRow 5 times throws controlled StateError
00:34 +232: C:/Users/Atharva Patil/Documents/projects/gymlog/test/delivery_diagnostics_test.dart: Tapping Version AppActionRow 5 times throws controlled StateError
00:35 +232: C:/Users/Atharva Patil/Documents/projects/gymlog/test/exercises_hydration_test.dart: ATOMIC-RC3-04 Exercises Hydration Engine v9 1. Runs hydration and converts raw types when v9 key is missing
[ExercisesDao] Hydration v9 complete: 822 exercises.
00:35 +233: C:/Users/Atharva Patil/Documents/projects/gymlog/test/delivery_diagnostics_test.dart: Tapping Version AppActionRow 5 times throws controlled StateError
00:35 +234: C:/Users/Atharva Patil/Documents/projects/gymlog/test/delivery_diagnostics_test.dart: Tapping Version AppActionRow 5 times throws controlled StateError
00:35 +235: C:/Users/Atharva Patil/Documents/projects/gymlog/test/delivery_diagnostics_test.dart: Tapping Version AppActionRow 5 times throws controlled StateError
00:36 +236: C:/Users/Atharva Patil/Documents/projects/gymlog/test/exercise_detail_polish_test.dart: worked-muscle chips distinguish primary and secondary targets
00:37 +237: C:/Users/Atharva Patil/Documents/projects/gymlog/test/exercise_hero_transition_test.dart: Library(browse:true) row renders a Hero with tag exercise-hero-<id>
00:37 +238: C:/Users/Atharva Patil/Documents/projects/gymlog/test/exercise_hero_transition_test.dart: Library(browse:true) row renders a Hero with tag exercise-hero-<id>
00:38 +239: C:/Users/Atharva Patil/Documents/projects/gymlog/test/exercise_hero_transition_test.dart: Library(browse:true) row renders a Hero with tag exercise-hero-<id>
00:38 +240: C:/Users/Atharva Patil/Documents/projects/gymlog/test/exercise_hero_transition_test.dart: Library(browse:true) row renders a Hero with tag exercise-hero-<id>
00:38 +241: C:/Users/Atharva Patil/Documents/projects/gymlog/test/exercise_selection_polish_test.dart: ExerciseSelectionScreen filters catalog and handles caching correctly
00:38 +242: C:/Users/Atharva Patil/Documents/projects/gymlog/test/exercise_selection_polish_test.dart: ExerciseSelectionScreen filters catalog and handles caching correctly
00:39 +243: C:/Users/Atharva Patil/Documents/projects/gymlog/test/exercise_selection_polish_test.dart: ExerciseSelectionScreen filters catalog and handles caching correctly
00:39 +244: C:/Users/Atharva Patil/Documents/projects/gymlog/test/exercise_selection_polish_test.dart: ExerciseSelectionScreen filters catalog and handles caching correctly
00:39 +245: C:/Users/Atharva Patil/Documents/projects/gymlog/test/expiry_symptom_test.dart: timer expiry does not trigger Set removed snackbar
00:40 +246: C:/Users/Atharva Patil/Documents/projects/gymlog/test/expiry_symptom_test.dart: timer expiry does not trigger Set removed snackbar
00:40 +247: C:/Users/Atharva Patil/Documents/projects/gymlog/test/expiry_symptom_test.dart: timer expiry does not trigger Set removed snackbar
00:40 +248: C:/Users/Atharva Patil/Documents/projects/gymlog/test/expiry_symptom_test.dart: timer expiry does not trigger Set removed snackbar
00:40 +249: C:/Users/Atharva Patil/Documents/projects/gymlog/test/expiry_symptom_test.dart: timer expiry does not trigger Set removed snackbar
00:40 +250: C:/Users/Atharva Patil/Documents/projects/gymlog/test/explore_contrast_guard_test.dart: dark surface text tokens meet WCAG AA (4.5:1) on their surfaces
00:40 +251: C:/Users/Atharva Patil/Documents/projects/gymlog/test/explore_contrast_guard_test.dart: intermediate levelColor is never the brand accent hue
00:41 +252: C:/Users/Atharva Patil/Documents/projects/gymlog/test/export_share_previews_test.dart: (setUpAll)
00:41 +252: C:/Users/Atharva Patil/Documents/projects/gymlog/test/export_share_previews_test.dart: Export 1080x1920 preview PNGs for visual inspection
00:42 +253: C:/Users/Atharva Patil/Documents/projects/gymlog/test/export_share_previews_test.dart: Export 1080x1920 preview PNGs for visual inspection
00:42 +254: C:/Users/Atharva Patil/Documents/projects/gymlog/test/export_share_previews_test.dart: Export 1080x1920 preview PNGs for visual inspection
00:42 +255: C:/Users/Atharva Patil/Documents/projects/gymlog/test/export_share_previews_test.dart: Export 1080x1920 preview PNGs for visual inspection
00:43 +256: C:/Users/Atharva Patil/Documents/projects/gymlog/test/export_share_previews_test.dart: Export 1080x1920 preview PNGs for visual inspection
00:43 +257: C:/Users/Atharva Patil/Documents/projects/gymlog/test/export_share_previews_test.dart: Export 1080x1920 preview PNGs for visual inspection
00:44 +258: C:/Users/Atharva Patil/Documents/projects/gymlog/test/export_share_previews_test.dart: Export 1080x1920 preview PNGs for visual inspection
00:44 +259: C:/Users/Atharva Patil/Documents/projects/gymlog/test/export_share_previews_test.dart: Export 1080x1920 preview PNGs for visual inspection
00:44 +260: C:/Users/Atharva Patil/Documents/projects/gymlog/test/export_share_previews_test.dart: Export 1080x1920 preview PNGs for visual inspection
00:44 +261: C:/Users/Atharva Patil/Documents/projects/gymlog/test/export_share_previews_test.dart: Export 1080x1920 preview PNGs for visual inspection
00:44 +262: C:/Users/Atharva Patil/Documents/projects/gymlog/test/features/auth/onboarding_weekly_goal_step_test.dart: StepWeeklyGoal preview consistency goal 1 previews 1 of 1 workout completed at 100%
00:44 +263: C:/Users/Atharva Patil/Documents/projects/gymlog/test/features/auth/onboarding_weekly_goal_step_test.dart: StepWeeklyGoal preview consistency goal 2 previews 2 of 2 workouts completed
00:44 +264: C:/Users/Atharva Patil/Documents/projects/gymlog/test/features/auth/onboarding_weekly_goal_step_test.dart: StepWeeklyGoal preview consistency goal 3 previews 2 of 3 workouts completed
00:44 +265: C:/Users/Atharva Patil/Documents/projects/gymlog/test/features/auth/onboarding_weekly_goal_step_test.dart: StepWeeklyGoal preview consistency goal 7 previews 2 of 7 workouts completed
00:44 +266: C:/Users/Atharva Patil/Documents/projects/gymlog/test/features/auth/onboarding_weekly_goal_step_test.dart: StepWeeklyGoal preview consistency tapping goal 1 updates caption and ring together
00:45 +267: C:/Users/Atharva Patil/Documents/projects/gymlog/test/features/routines/domain/ai_exercise_reconciler_test.dart: AiExerciseReconciler - Exercise Matching resolves exact match to verified status
00:45 +268: C:/Users/Atharva Patil/Documents/projects/gymlog/test/features/routines/domain/ai_exercise_reconciler_test.dart: AiExerciseReconciler - Exercise Matching resolves common gym acronyms and aliases via Tier 1 dictionary
00:45 +269: C:/Users/Atharva Patil/Documents/projects/gymlog/test/features/routines/domain/ai_exercise_reconciler_test.dart: AiExerciseReconciler - Exercise Matching strictly preserves equipment isolation (DB vs Barbell)
00:45 +270: C:/Users/Atharva Patil/Documents/projects/gymlog/test/features/routines/domain/ai_exercise_reconciler_test.dart: AiExerciseReconciler - Exercise Matching marks novel or non-existent exercises as unmatched without dropping them
00:45 +271: C:/Users/Atharva Patil/Documents/projects/gymlog/test/features/routines/domain/ai_exercise_reconciler_test.dart: AiExerciseReconciler - Exercise Matching strips coach styles and fuses compound words to match catalog (N1-Style Cross-Body Triceps Extension)
00:45 +272: C:/Users/Atharva Patil/Documents/projects/gymlog/test/features/routines/domain/ai_exercise_reconciler_test.dart: AiExerciseReconciler - Exercise Matching strips muscle annotations and maps cable y-raise to catalog lateral raise
00:45 +273: C:/Users/Atharva Patil/Documents/projects/gymlog/test/features/routines/domain/ai_exercise_reconciler_test.dart: AiExerciseReconciler - Exercise Matching strips superset tags and duration from raw exercise names
00:45 +274: C:/Users/Atharva Patil/Documents/projects/gymlog/test/features/routines/domain/ai_exercise_reconciler_test.dart: AiExerciseReconciler - Exercise Matching provides intelligent catalog suggestions for near-miss lifts like Larsen Press
00:45 +275: C:/Users/Atharva Patil/Documents/projects/gymlog/test/features/routines/domain/ai_exercise_reconciler_test.dart: AiExerciseReconciler - Numeric Sets & Reps & Weight Conversion parses rep ranges by picking representative midpoint
00:45 +276: C:/Users/Atharva Patil/Documents/projects/gymlog/test/features/routines/domain/ai_exercise_reconciler_test.dart: AiExerciseReconciler - Numeric Sets & Reps & Weight Conversion converts weight from lbs to kg when preferred unit is kg
00:45 +277: C:/Users/Atharva Patil/Documents/projects/gymlog/test/features/routines/domain/ai_exercise_reconciler_test.dart: AiExerciseReconciler - Numeric Sets & Reps & Weight Conversion preserves kg weight when target unit is kg
00:45 +278: C:/Users/Atharva Patil/Documents/projects/gymlog/test/features/routines/domain/ai_exercise_reconciler_test.dart: AiExerciseReconciler - Numeric Sets & Reps & Weight Conversion flags isDefaultedSets as true when sets is omitted in raw input
00:45 +279: C:/Users/Atharva Patil/Documents/projects/gymlog/test/features/routines/domain/ai_exercise_reconciler_test.dart: AiExerciseReconciler - Multi-Day Routine Structure reconciles multi-day routine preserving day groupings
00:46 +280: C:/Users/Atharva Patil/Documents/projects/gymlog/test/features/routines/domain/exercise_resolver_test.dart: normalisation lowercases and strips punctuation
00:46 +281: C:/Users/Atharva Patil/Documents/projects/gymlog/test/features/routines/domain/exercise_resolver_test.dart: normalisation base form drops the equipment parenthetical
00:46 +282: C:/Users/Atharva Patil/Documents/projects/gymlog/test/features/routines/domain/exercise_resolver_test.dart: resolve matches an exact name
00:46 +283: C:/Users/Atharva Patil/Documents/projects/gymlog/test/features/routines/domain/exercise_resolver_test.dart: resolve matches regardless of case and punctuation
00:46 +284: C:/Users/Atharva Patil/Documents/projects/gymlog/test/features/routines/domain/exercise_resolver_test.dart: resolve matches across an equipment parenthetical
00:46 +285: C:/Users/Atharva Patil/Documents/projects/gymlog/test/features/routines/domain/exercise_resolver_test.dart: resolve prefers the shortest qualifying candidate
00:46 +286: C:/Users/Atharva Patil/Documents/projects/gymlog/test/features/routines/domain/exercise_resolver_test.dart: resolve returns null rather than guessing wrong
00:46 +287: C:/Users/Atharva Patil/Documents/projects/gymlog/test/features/routines/domain/exercise_resolver_test.dart: resolve a single shared word is not enough to match
00:46 +288: C:/Users/Atharva Patil/Documents/projects/gymlog/test/features/routines/domain/exercise_resolver_test.dart: resolve known aliases collapse onto one exercise
00:46 +289: C:/Users/Atharva Patil/Documents/projects/gymlog/test/features/routines/domain/exercise_resolver_test.dart: resolve an alias pointing at nothing is ignored, not fatal
00:46 +290: C:/Users/Atharva Patil/Documents/projects/gymlog/test/features/routines/domain/exercise_resolver_test.dart: resolve repeat lookups are memoised to the same instance
00:46 +291: C:/Users/Atharva Patil/Documents/projects/gymlog/test/features/routines/domain/exercise_resolver_test.dart: resolve an empty catalog resolves nothing without throwing
00:46 +292: C:/Users/Atharva Patil/Documents/projects/gymlog/test/features/routines/domain/exercise_resolver_test.dart: unresolvedNames reports only the gaps
00:46 +293: C:/Users/Atharva Patil/Documents/projects/gymlog/test/features/routines/domain/exercise_resolver_test.dart: muscleProfileFor a push day does not report leg muscles
00:46 +294: C:/Users/Atharva Patil/Documents/projects/gymlog/test/features/routines/domain/exercise_resolver_test.dart: muscleProfileFor secondary never duplicates a primary group
00:46 +295: C:/Users/Atharva Patil/Documents/projects/gymlog/test/features/routines/domain/exercise_resolver_test.dart: muscleProfileFor unresolvable slots are skipped, not fatal
00:46 +296: C:/Users/Atharva Patil/Documents/projects/gymlog/test/features/routines/domain/exercise_resolver_test.dart: muscleProfileFor an all-unresolvable day yields an empty profile
00:46 +297: C:/Users/Atharva Patil/Documents/projects/gymlog/test/features/routines/domain/exercise_resolver_test.dart: muscleProfileFor two different days produce different profiles
00:46 +298: C:/Users/Atharva Patil/Documents/projects/gymlog/test/features/routines/domain/exercise_resolver_test.dart: exerciseIdsFor returns ids in slot order and skips gaps
00:46 +299: C:/Users/Atharva Patil/Documents/projects/gymlog/test/features/routines/presentation/ai_routine_import_screen_test.dart: AiRoutineImportScreen renders segmented control and photo mode initially
00:47 +300: C:/Users/Atharva Patil/Documents/projects/gymlog/test/features/routines/presentation/ai_routine_import_screen_test.dart: AiRoutineImportScreen switches to Paste Text mode and shows text field
00:48 +301: C:/Users/Atharva Patil/Documents/projects/gymlog/test/features/routines/presentation/ai_routine_review_screen_test.dart: AiRoutineReviewScreen renders reconciled exercises and badges
00:48 +302: C:/Users/Atharva Patil/Documents/projects/gymlog/test/features/routines/presentation/ai_routine_review_screen_test.dart: AiRoutineReviewScreen renders reconciled exercises and badges
00:48 +303: C:/Users/Atharva Patil/Documents/projects/gymlog/test/features/routines/presentation/ai_routine_review_screen_test.dart: AiRoutineReviewScreen renders reconciled exercises and badges
00:48 +304: C:/Users/Atharva Patil/Documents/projects/gymlog/test/features/routines/presentation/ai_routine_review_screen_test.dart: AiRoutineReviewScreen renders reconciled exercises and badges
00:48 +305: C:/Users/Atharva Patil/Documents/projects/gymlog/test/features/routines/presentation/ai_routine_review_screen_test.dart: AiRoutineReviewScreen renders reconciled exercises and badges
00:48 +306: C:/Users/Atharva Patil/Documents/projects/gymlog/test/features/routines/presentation/ai_routine_review_screen_test.dart: AiRoutineReviewScreen renders reconciled exercises and badges
00:48 +307: C:/Users/Atharva Patil/Documents/projects/gymlog/test/features/routines/presentation/ai_routine_review_screen_test.dart: AiRoutineReviewScreen renders reconciled exercises and badges
00:48 +308: C:/Users/Atharva Patil/Documents/projects/gymlog/test/features/routines/presentation/ai_routine_review_screen_test.dart: AiRoutineReviewScreen renders reconciled exercises and badges
00:48 +309: C:/Users/Atharva Patil/Documents/projects/gymlog/test/features/routines/presentation/ai_routine_review_screen_test.dart: AiRoutineReviewScreen renders reconciled exercises and badges
00:48 +310: C:/Users/Atharva Patil/Documents/projects/gymlog/test/features/routines/presentation/ai_routine_review_screen_test.dart: AiRoutineReviewScreen renders reconciled exercises and badges
00:48 +311: C:/Users/Atharva Patil/Documents/projects/gymlog/test/features/routines/presentation/ai_routine_review_screen_test.dart: AiRoutineReviewScreen renders reconciled exercises and badges
00:48 +312: C:/Users/Atharva Patil/Documents/projects/gymlog/test/features/routines/presentation/ai_routine_review_screen_test.dart: AiRoutineReviewScreen renders reconciled exercises and badges
00:48 +313: C:/Users/Atharva Patil/Documents/projects/gymlog/test/features/routines/presentation/ai_routine_review_screen_test.dart: AiRoutineReviewScreen renders reconciled exercises and badges
00:49 +314: C:/Users/Atharva Patil/Documents/projects/gymlog/test/features/routines/presentation/ai_routine_review_screen_test.dart: AiRoutineReviewScreen stepper increments set count
00:49 +315: C:/Users/Atharva Patil/Documents/projects/gymlog/test/features/routines/presentation/ai_routine_review_screen_test.dart: AiRoutineReviewScreen stepper increments set count
00:49 +316: C:/Users/Atharva Patil/Documents/projects/gymlog/test/features/routines/presentation/ai_routine_review_screen_test.dart: AiRoutineReviewScreen stepper increments set count
00:49 +317: C:/Users/Atharva Patil/Documents/projects/gymlog/test/features/routines/presentation/ai_routine_review_screen_test.dart: AiRoutineReviewScreen stepper increments set count
00:49 +318: C:/Users/Atharva Patil/Documents/projects/gymlog/test/features/routines/presentation/ai_routine_review_screen_test.dart: AiRoutineReviewScreen stepper increments set count
00:49 +319: C:/Users/Atharva Patil/Documents/projects/gymlog/test/features/routines/presentation/ai_routine_review_screen_test.dart: AiRoutineReviewScreen stepper increments set count
00:49 +320: C:/Users/Atharva Patil/Documents/projects/gymlog/test/features/routines/presentation/ai_routine_review_screen_test.dart: AiRoutineReviewScreen stepper increments set count
00:49 +321: C:/Users/Atharva Patil/Documents/projects/gymlog/test/features/routines/presentation/ai_routine_review_screen_test.dart: AiRoutineReviewScreen stepper increments set count
00:49 +322: C:/Users/Atharva Patil/Documents/projects/gymlog/test/features/routines/presentation/ai_routine_review_screen_test.dart: AiRoutineReviewScreen stepper increments set count
00:49 +323: C:/Users/Atharva Patil/Documents/projects/gymlog/test/features/routines/presentation/ai_routine_review_screen_test.dart: AiRoutineReviewScreen stepper increments set count
00:49 +324: C:/Users/Atharva Patil/Documents/projects/gymlog/test/features/routines/presentation/ai_routine_review_screen_test.dart: AiRoutineReviewScreen stepper increments set count
00:49 +325: C:/Users/Atharva Patil/Documents/projects/gymlog/test/features/routines/presentation/ai_routine_review_screen_test.dart: AiRoutineReviewScreen stepper increments set count
00:49 +326: C:/Users/Atharva Patil/Documents/projects/gymlog/test/features/routines/presentation/ai_routine_review_screen_test.dart: AiRoutineReviewScreen stepper increments set count
00:49 +327: C:/Users/Atharva Patil/Documents/projects/gymlog/test/features/routines/presentation/ai_routine_review_screen_test.dart: AiRoutineReviewScreen stepper increments set count
00:49 +328: C:/Users/Atharva Patil/Documents/projects/gymlog/test/features/routines/presentation/ai_routine_review_screen_test.dart: AiRoutineReviewScreen stepper increments set count
00:49 +329: C:/Users/Atharva Patil/Documents/projects/gymlog/test/features/routines/presentation/ai_routine_review_screen_test.dart: AiRoutineReviewScreen stepper increments set count
00:49 +330: C:/Users/Atharva Patil/Documents/projects/gymlog/test/features/routines/presentation/ai_routine_review_screen_test.dart: AiRoutineReviewScreen stepper increments set count
00:49 +331: C:/Users/Atharva Patil/Documents/projects/gymlog/test/features/routines/presentation/ai_routine_review_screen_test.dart: AiRoutineReviewScreen stepper increments set count
00:49 +332: C:/Users/Atharva Patil/Documents/projects/gymlog/test/features/routines/presentation/data/routine_index_test.dart: search matches on prefixes across multiple tokens
00:49 +333: C:/Users/Atharva Patil/Documents/projects/gymlog/test/features/routines/presentation/data/routine_index_test.dart: search an empty query constrains nothing
00:49 +334: C:/Users/Atharva Patil/Documents/projects/gymlog/test/features/routines/presentation/data/routine_index_test.dart: catalog integrity GZCLP is the only cadence mismatch in the catalog
00:50 +335: C:/Users/Atharva Patil/Documents/projects/gymlog/test/features/routines/presentation/providers/explore_filters_test.dart: equipment capability a full gym can perform everything
00:50 +336: C:/Users/Atharva Patil/Documents/projects/gymlog/test/features/routines/presentation/providers/explore_filters_test.dart: equipment capability dumbbells can also perform bodyweight
00:50 +337: C:/Users/Atharva Patil/Documents/projects/gymlog/test/features/routines/presentation/providers/explore_filters_test.dart: equipment capability bodyweight is the floor
00:50 +338: C:/Users/Atharva Patil/Documents/projects/gymlog/test/features/routines/presentation/providers/explore_filters_test.dart: equipment capability owning more equipment never shows less
00:50 +339: C:/Users/Atharva Patil/Documents/projects/gymlog/test/features/routines/presentation/providers/explore_filters_test.dart: applyExploreFilters no filters returns everything
00:50 +340: C:/Users/Atharva Patil/Documents/projects/gymlog/test/features/routines/presentation/providers/explore_filters_test.dart: applyExploreFilters an empty filter set is reported as empty
00:50 +341: C:/Users/Atharva Patil/Documents/projects/gymlog/test/features/routines/presentation/providers/explore_filters_test.dart: applyExploreFilters search finds routines by exercise name
00:50 +342: C:/Users/Atharva Patil/Documents/projects/gymlog/test/features/routines/presentation/providers/explore_filters_test.dart: applyExploreFilters a nonsense query returns nothing rather than everything
00:50 +343: C:/Users/Atharva Patil/Documents/projects/gymlog/test/features/routines/presentation/providers/explore_filters_test.dart: applyExploreFilters level filter keeps only matching routines
00:50 +344: C:/Users/Atharva Patil/Documents/projects/gymlog/test/features/routines/presentation/providers/explore_filters_test.dart: applyExploreFilters duration filter keeps only matching bands
00:50 +345: C:/Users/Atharva Patil/Documents/projects/gymlog/test/features/routines/presentation/providers/explore_filters_test.dart: applyExploreFilters filters compose
00:50 +346: C:/Users/Atharva Patil/Documents/projects/gymlog/test/features/routines/presentation/providers/explore_filters_test.dart: applyExploreFilters activeCount tracks how many constraints are on
00:50 +347: C:/Users/Atharva Patil/Documents/projects/gymlog/test/features/routines/presentation/providers/explore_filters_test.dart: applyExploreFilters clearing equipment removes the constraint
00:50 +348: C:/Users/Atharva Patil/Documents/projects/gymlog/test/features/routines/presentation/widgets/explore_preview_sheet_test.dart: RoutinePreviewSheet renders routine details, exercises, and muscle map
00:51 +349: C:/Users/Atharva Patil/Documents/projects/gymlog/test/features/routines/presentation/widgets/explore_preview_sheet_test.dart: RoutinePreviewSheet renders routine details, exercises, and muscle map
00:51 +350: C:/Users/Atharva Patil/Documents/projects/gymlog/test/features/routines/presentation/widgets/explore_preview_sheet_test.dart: RoutinePreviewSheet renders routine details, exercises, and muscle map
00:51 +351: C:/Users/Atharva Patil/Documents/projects/gymlog/test/features/routines/presentation/widgets/explore_preview_sheet_test.dart: RoutinePreviewSheet renders routine details, exercises, and muscle map
00:51 +352: C:/Users/Atharva Patil/Documents/projects/gymlog/test/features/routines/presentation/widgets/explore_preview_sheet_test.dart: RoutinePreviewSheet renders routine details, exercises, and muscle map
00:51 +353: C:/Users/Atharva Patil/Documents/projects/gymlog/test/features/routines/presentation/widgets/explore_preview_sheet_test.dart: RoutinePreviewSheet renders routine details, exercises, and muscle map
00:51 +354: C:/Users/Atharva Patil/Documents/projects/gymlog/test/features/routines/presentation/widgets/explore_preview_sheet_test.dart: RoutinePreviewSheet renders routine details, exercises, and muscle map
00:51 +355: C:/Users/Atharva Patil/Documents/projects/gymlog/test/features/routines/presentation/widgets/explore_preview_sheet_test.dart: RoutinePreviewSheet renders routine details, exercises, and muscle map
00:52 +356: C:/Users/Atharva Patil/Documents/projects/gymlog/test/features/routines/presentation/widgets/explore_preview_sheet_test.dart: RoutinePreviewSheet renders routine details, exercises, and muscle map
00:52 +357: C:/Users/Atharva Patil/Documents/projects/gymlog/test/features/routines/presentation/widgets/explore_preview_sheet_test.dart: RoutinePreviewSheet renders routine details, exercises, and muscle map
00:52 +358: C:/Users/Atharva Patil/Documents/projects/gymlog/test/features/routines/presentation/widgets/explore_preview_sheet_test.dart: RoutinePreviewSheet renders routine details, exercises, and muscle map
00:52 +359: C:/Users/Atharva Patil/Documents/projects/gymlog/test/features/routines/presentation/widgets/explore_preview_sheet_test.dart: RoutinePreviewSheet renders routine details, exercises, and muscle map
00:52 +360: C:/Users/Atharva Patil/Documents/projects/gymlog/test/features/routines/presentation/widgets/explore_preview_sheet_test.dart: RoutinePreviewSheet renders routine details, exercises, and muscle map
00:52 +361: C:/Users/Atharva Patil/Documents/projects/gymlog/test/features/routines/presentation/widgets/explore_preview_sheet_test.dart: RoutinePreviewSheet renders routine details, exercises, and muscle map
00:52 +362: C:/Users/Atharva Patil/Documents/projects/gymlog/test/features/routines/presentation/widgets/explore_preview_sheet_test.dart: RoutinePreviewSheet renders routine details, exercises, and muscle map
00:52 +363: C:/Users/Atharva Patil/Documents/projects/gymlog/test/features/routines/presentation/widgets/explore_preview_sheet_test.dart: RoutinePreviewSheet renders routine details, exercises, and muscle map
00:52 +364: C:/Users/Atharva Patil/Documents/projects/gymlog/test/features/routines/presentation/widgets/explore_preview_sheet_test.dart: RoutinePreviewSheet renders routine details, exercises, and muscle map
00:52 +365: C:/Users/Atharva Patil/Documents/projects/gymlog/test/features/routines/presentation/widgets/explore_preview_sheet_test.dart: RoutinePreviewSheet renders routine details, exercises, and muscle map
00:52 +366: C:/Users/Atharva Patil/Documents/projects/gymlog/test/features/routines/presentation/widgets/explore_preview_sheet_test.dart: RoutinePreviewSheet renders routine details, exercises, and muscle map
00:52 +367: C:/Users/Atharva Patil/Documents/projects/gymlog/test/features/routines/presentation/widgets/explore_preview_sheet_test.dart: RoutinePreviewSheet renders routine details, exercises, and muscle map
00:52 +368: C:/Users/Atharva Patil/Documents/projects/gymlog/test/features/routines/presentation/widgets/explore_preview_sheet_test.dart: RoutinePreviewSheet renders routine details, exercises, and muscle map
00:52 +369: C:/Users/Atharva Patil/Documents/projects/gymlog/test/features/routines/presentation/widgets/explore_preview_sheet_test.dart: RoutinePreviewSheet renders routine details, exercises, and muscle map
00:52 +370: C:/Users/Atharva Patil/Documents/projects/gymlog/test/features/routines/presentation/widgets/explore_preview_sheet_test.dart: RoutinePreviewSheet renders routine details, exercises, and muscle map
00:52 +371: C:/Users/Atharva Patil/Documents/projects/gymlog/test/features/routines/presentation/widgets/explore_preview_sheet_test.dart: RoutinePreviewSheet renders routine details, exercises, and muscle map
00:52 +372: C:/Users/Atharva Patil/Documents/projects/gymlog/test/features/routines/presentation/widgets/explore_preview_sheet_test.dart: RoutinePreviewSheet renders routine details, exercises, and muscle map
00:52 +373: C:/Users/Atharva Patil/Documents/projects/gymlog/test/features/routines/presentation/widgets/explore_preview_sheet_test.dart: RoutinePreviewSheet renders routine details, exercises, and muscle map
00:52 +374: C:/Users/Atharva Patil/Documents/projects/gymlog/test/features/routines/presentation/widgets/explore_preview_sheet_test.dart: RoutinePreviewSheet renders routine details, exercises, and muscle map
00:52 +375: C:/Users/Atharva Patil/Documents/projects/gymlog/test/features/routines/presentation/widgets/explore_preview_sheet_test.dart: RoutinePreviewSheet renders routine details, exercises, and muscle map
00:52 +376: C:/Users/Atharva Patil/Documents/projects/gymlog/test/features/routines/presentation/widgets/explore_preview_sheet_test.dart: RoutinePreviewSheet renders routine details, exercises, and muscle map
00:52 +377: C:/Users/Atharva Patil/Documents/projects/gymlog/test/features/routines/presentation/widgets/explore_preview_sheet_test.dart: RoutinePreviewSheet renders routine details, exercises, and muscle map
unhandled element <style/>; Picture key: Svg loader
00:52 +378: C:/Users/Atharva Patil/Documents/projects/gymlog/test/features/workout/active_workout_header_inset_test.dart: nav row starts within handle-strip height of the top
00:53 +379: C:/Users/Atharva Patil/Documents/projects/gymlog/test/features/workout/active_workout_header_inset_test.dart: nav row starts within handle-strip height of the top
00:53 +380: C:/Users/Atharva Patil/Documents/projects/gymlog/test/features/routines/presentation/widgets/explore_preview_sheet_test.dart: ExploreRoutineCard tapping card triggers onTap preview callback
00:53 +381: C:/Users/Atharva Patil/Documents/projects/gymlog/test/features/routines/presentation/widgets/explore_preview_sheet_test.dart: ExploreRoutineCard tapping card triggers onTap preview callback
00:53 +382: C:/Users/Atharva Patil/Documents/projects/gymlog/test/features/workout/active_workout_header_inset_test.dart: grab handle strip meets minimum 48dp touch target
00:53 +383: C:/Users/Atharva Patil/Documents/projects/gymlog/test/features/workout/presentation/providers/hold_timer_provider_test.dart: HoldTimerNotifier Tests starts in countdown mode when targetSeconds > 0
00:53 +384: C:/Users/Atharva Patil/Documents/projects/gymlog/test/features/workout/presentation/providers/hold_timer_provider_test.dart: HoldTimerNotifier Tests starts in stopwatch mode when targetSeconds is null or 0
00:53 +385: C:/Users/Atharva Patil/Documents/projects/gymlog/test/features/workout/presentation/providers/hold_timer_provider_test.dart: HoldTimerNotifier Tests starts in prep phase when enablePrep is true
00:53 +386: C:/Users/Atharva Patil/Documents/projects/gymlog/test/features/workout/presentation/providers/hold_timer_provider_test.dart: HoldTimerNotifier Tests pause and resume adjusts totalPausedDuration
00:53 +387: C:/Users/Atharva Patil/Documents/projects/gymlog/test/features/workout/presentation/providers/hold_timer_provider_test.dart: HoldTimerNotifier Tests addSeconds adjusts target in countdown mode
00:53 +388: C:/Users/Atharva Patil/Documents/projects/gymlog/test/features/workout/presentation/providers/hold_timer_provider_test.dart: HoldTimerNotifier Tests cancel clears timer state
00:54 +389: C:/Users/Atharva Patil/Documents/projects/gymlog/test/features/workout/presentation/screens/active_workout_hold_timer_integration_test.dart: ExerciseBlock renders TIMER column and triggers HoldTimer
00:56 +390: C:/Users/Atharva Patil/Documents/projects/gymlog/test/features/workout/presentation/screens/active_workout_hold_timer_integration_test.dart: ExerciseBlock renders TIMER column and triggers HoldTimer
00:56 +391: C:/Users/Atharva Patil/Documents/projects/gymlog/test/features/workout/presentation/screens/active_workout_hold_timer_integration_test.dart: ExerciseBlock renders TIMER column and triggers HoldTimer
00:56 +392: C:/Users/Atharva Patil/Documents/projects/gymlog/test/features/workout/presentation/screens/active_workout_hold_timer_integration_test.dart: ExerciseBlock renders TIMER column and triggers HoldTimer
00:57 +393: C:/Users/Atharva Patil/Documents/projects/gymlog/test/features/workout/presentation/widgets/set_row_hold_timer_test.dart: SetRow Hold Timer Integration Tests renders play icon trigger and TextField for duration measurementType
00:58 +393: loading C:/Users/Atharva Patil/Documents/projects/gymlog/test/golden/active_workout_header_golden_test.dart
Warning: A tag was used that wasn't specified in dart_test.yaml.
  golden was used in the suite itself

00:58 +394: C:/Users/Atharva Patil/Documents/projects/gymlog/test/features/workout/pr_celebration_overlay_test.dart: PR celebration overlay Keep Going stays fully on-screen on a short viewport with large text and many PRs
00:58 +395: C:/Users/Atharva Patil/Documents/projects/gymlog/test/features/workout/pr_celebration_overlay_test.dart: PR celebration overlay Keep Going stays fully on-screen on a short viewport with large text and many PRs
00:58 +396: C:/Users/Atharva Patil/Documents/projects/gymlog/test/features/workout/pr_celebration_overlay_test.dart: PR celebration overlay Keep Going stays fully on-screen on a short viewport with large text and many PRs
00:58 +397: C:/Users/Atharva Patil/Documents/projects/gymlog/test/features/workout/pr_celebration_overlay_test.dart: PR celebration overlay Keep Going stays fully on-screen on a short viewport with large text and many PRs
00:58 +398: C:/Users/Atharva Patil/Documents/projects/gymlog/test/features/workout/pr_celebration_overlay_test.dart: PR celebration overlay Keep Going stays fully on-screen on a short viewport with large text and many PRs
00:58 +399: C:/Users/Atharva Patil/Documents/projects/gymlog/test/golden/active_workout_header_golden_test.dart: ActiveWorkoutHeader renders correctly per theme (normal layout) (variant: Windows)
00:58 +400: C:/Users/Atharva Patil/Documents/projects/gymlog/test/golden/active_workout_header_golden_test.dart: ActiveWorkoutHeader renders correctly per theme (normal layout) (variant: Windows)
00:58 +401: C:/Users/Atharva Patil/Documents/projects/gymlog/test/golden/active_workout_header_golden_test.dart: ActiveWorkoutHeader renders correctly per theme (normal layout) (variant: Windows)
00:58 +402: C:/Users/Atharva Patil/Documents/projects/gymlog/test/golden/active_workout_header_golden_test.dart: ActiveWorkoutHeader renders correctly per theme (normal layout) (variant: Windows)
00:58 +403: C:/Users/Atharva Patil/Documents/projects/gymlog/test/golden/active_workout_header_golden_test.dart: ActiveWorkoutHeader renders correctly per theme (normal layout) (variant: Windows)
00:59 +404: C:/Users/Atharva Patil/Documents/projects/gymlog/test/golden/active_workout_header_golden_test.dart: ActiveWorkoutHeader renders correctly per theme (normal layout) (variant: Windows)
00:59 +405: C:/Users/Atharva Patil/Documents/projects/gymlog/test/golden/active_workout_header_golden_test.dart: ActiveWorkoutHeader renders correctly per theme (normal layout) (variant: Windows)
00:59 +406: C:/Users/Atharva Patil/Documents/projects/gymlog/test/golden/active_workout_header_golden_test.dart: ActiveWorkoutHeader renders correctly per theme (normal layout) (variant: Windows)
00:59 +407: C:/Users/Atharva Patil/Documents/projects/gymlog/test/golden/auth_screen_golden_test.dart: AuthScreen Golden Tests 1. Dark Purple Palette 390x844
01:00 +408: C:/Users/Atharva Patil/Documents/projects/gymlog/test/golden/auth_screen_golden_test.dart: AuthScreen Golden Tests 1. Dark Purple Palette 390x844
01:00 +409: C:/Users/Atharva Patil/Documents/projects/gymlog/test/golden/auth_screen_golden_test.dart: AuthScreen Golden Tests 1. Dark Purple Palette 390x844
01:00 +410: C:/Users/Atharva Patil/Documents/projects/gymlog/test/golden/active_workout_header_golden_test.dart: ActiveWorkoutHeader renders correctly per theme (large-text compact) (variant: CI)
01:00 +410: loading C:/Users/Atharva Patil/Documents/projects/gymlog/test/golden/muscle_load_bar_golden_test.dart
Warning: A tag was used that wasn't specified in dart_test.yaml.
  golden was used in the suite itself

01:00 +411: C:/Users/Atharva Patil/Documents/projects/gymlog/test/golden/auth_screen_golden_test.dart: AuthScreen Golden Tests 2. Dark Cyan Palette 390x844
01:00 +412: C:/Users/Atharva Patil/Documents/projects/gymlog/test/golden/muscle_load_bar_golden_test.dart: MuscleLoadBar renders in all six accent palettes (variant: Windows)
01:00 +413: C:/Users/Atharva Patil/Documents/projects/gymlog/test/golden/muscle_load_bar_golden_test.dart: MuscleLoadBar renders in all six accent palettes (variant: Windows)
01:01 +414: C:/Users/Atharva Patil/Documents/projects/gymlog/test/golden/muscle_load_bar_golden_test.dart: MuscleLoadBar renders in all six accent palettes (variant: Windows)
01:01 +415: C:/Users/Atharva Patil/Documents/projects/gymlog/test/golden/muscle_load_bar_golden_test.dart: MuscleLoadBar renders in all six accent palettes (variant: Windows)
01:01 +416: C:/Users/Atharva Patil/Documents/projects/gymlog/test/golden/muscle_load_bar_golden_test.dart: MuscleLoadBar renders in all six accent palettes (variant: Windows)
01:01 +417: C:/Users/Atharva Patil/Documents/projects/gymlog/test/golden/muscle_load_bar_golden_test.dart: MuscleLoadBar renders in all six accent palettes (variant: Windows)
01:01 +418: C:/Users/Atharva Patil/Documents/projects/gymlog/test/golden/muscle_load_bar_golden_test.dart: MuscleLoadBar renders in all six accent palettes (variant: Windows)
01:01 +419: C:/Users/Atharva Patil/Documents/projects/gymlog/test/golden/muscle_load_bar_golden_test.dart: MuscleLoadBar renders in all six accent palettes (variant: Windows)
01:01 +420: C:/Users/Atharva Patil/Documents/projects/gymlog/test/golden/muscle_load_bar_golden_test.dart: MuscleLoadBar renders in all six accent palettes (variant: Windows)
01:01 +421: C:/Users/Atharva Patil/Documents/projects/gymlog/test/golden/muscle_load_bar_golden_test.dart: MuscleLoadBar renders in all six accent palettes (variant: Windows)
01:01 +422: C:/Users/Atharva Patil/Documents/projects/gymlog/test/golden/muscle_load_bar_golden_test.dart: MuscleLoadBar renders in all six accent palettes (variant: Windows)
01:02 +423: C:/Users/Atharva Patil/Documents/projects/gymlog/test/golden/auth_screen_golden_test.dart: AuthScreen Golden Tests 11. Loading State
01:02 +424: C:/Users/Atharva Patil/Documents/projects/gymlog/test/golden/muscle_load_bar_golden_test.dart: MuscleLoadBar renders in all six accent palettes (variant: CI)
01:02 +424: loading C:/Users/Atharva Patil/Documents/projects/gymlog/test/golden/muscle_map_golden_test.dart
Warning: A tag was used that wasn't specified in dart_test.yaml.
  golden was used in the suite itself

01:02 +425: C:/Users/Atharva Patil/Documents/projects/gymlog/test/golden/auth_screen_golden_test.dart: AuthScreen Golden Tests 12. Reduced Motion Final Frame
01:02 +426: C:/Users/Atharva Patil/Documents/projects/gymlog/test/golden/muscle_map_golden_test.dart: MuscleMap front-only male highlights Chest and Triceps (variant: Windows)
01:02 +426: C:/Users/Atharva Patil/Documents/projects/gymlog/test/golden/auth_screen_golden_test.dart: AuthScreen Golden Tests 13. Offline Snackbar
[Auth] failure=network
01:02 +427: C:/Users/Atharva Patil/Documents/projects/gymlog/test/golden/muscle_map_golden_test.dart: MuscleMap front-only male highlights Chest and Triceps (variant: Windows)
01:02 +427: C:/Users/Atharva Patil/Documents/projects/gymlog/test/golden/auth_screen_golden_test.dart: AuthScreen Golden Tests 14. Configuration-error Snackbar
[Auth] failure=configuration code=google_android_configuration
01:02 +428: C:/Users/Atharva Patil/Documents/projects/gymlog/test/golden/muscle_map_golden_test.dart: MuscleMap front-only male highlights Chest and Triceps (variant: Windows)
01:03 +428: loading C:/Users/Atharva Patil/Documents/projects/gymlog/test/golden/nav_bar_golden_test.dart
Warning: A tag was used that wasn't specified in dart_test.yaml.
  golden was used in the suite itself

01:04 +428: C:/Users/Atharva Patil/Documents/projects/gymlog/test/golden/muscle_map_golden_test.dart: MuscleMap front-only male highlights Chest and Triceps (variant: Windows)
unhandled element <style/>; Picture key: Svg loader
01:04 +429: C:/Users/Atharva Patil/Documents/projects/gymlog/test/golden/nav_bar_golden_test.dart: BottomNavBar — all palettes, tab 0 selected, standard sizes (variant: Windows)
01:04 +430: C:/Users/Atharva Patil/Documents/projects/gymlog/test/golden/nav_bar_golden_test.dart: BottomNavBar — all palettes, tab 0 selected, standard sizes (variant: Windows)
01:04 +430: loading C:/Users/Atharva Patil/Documents/projects/gymlog/test/golden/onboarding_steps_golden_test.dart
Warning: A tag was used that wasn't specified in dart_test.yaml.
  golden was used in the suite itself

01:05 +431: C:/Users/Atharva Patil/Documents/projects/gymlog/test/golden/muscle_map_golden_test.dart: MuscleMap front+back female highlights Back and Biceps (variant: Windows)
01:05 +432: C:/Users/Atharva Patil/Documents/projects/gymlog/test/golden/onboarding_steps_golden_test.dart: StepAge renders per theme (variant: Windows)
01:05 +433: C:/Users/Atharva Patil/Documents/projects/gymlog/test/golden/onboarding_steps_golden_test.dart: StepAge renders per theme (variant: Windows)
01:05 +434: C:/Users/Atharva Patil/Documents/projects/gymlog/test/golden/onboarding_steps_golden_test.dart: StepAge renders per theme (variant: Windows)
01:05 +434: loading C:/Users/Atharva Patil/Documents/projects/gymlog/test/golden/pr_celebration_golden_test.dart
Warning: A tag was used that wasn't specified in dart_test.yaml.
  golden was used in the suite itself

01:05 +435: C:/Users/Atharva Patil/Documents/projects/gymlog/test/golden/onboarding_steps_golden_test.dart: StepAge renders per theme (variant: Windows)
01:05 +436: C:/Users/Atharva Patil/Documents/projects/gymlog/test/golden/onboarding_steps_golden_test.dart: StepAge renders per theme (variant: Windows)
01:05 +437: C:/Users/Atharva Patil/Documents/projects/gymlog/test/golden/onboarding_steps_golden_test.dart: StepAge renders per theme (variant: Windows)
01:06 +438: C:/Users/Atharva Patil/Documents/projects/gymlog/test/golden/onboarding_steps_golden_test.dart: StepAge renders per theme (variant: Windows)
01:06 +439: C:/Users/Atharva Patil/Documents/projects/gymlog/test/golden/onboarding_steps_golden_test.dart: StepAge renders per theme (variant: Windows)
01:06 +440: C:/Users/Atharva Patil/Documents/projects/gymlog/test/golden/pr_celebration_golden_test.dart: PrCelebrationCard renders per theme (variant: Windows)
01:06 +441: C:/Users/Atharva Patil/Documents/projects/gymlog/test/golden/pr_celebration_golden_test.dart: PrCelebrationCard renders per theme (variant: Windows)
01:07 +442: C:/Users/Atharva Patil/Documents/projects/gymlog/test/golden/pr_celebration_golden_test.dart: PrCelebrationCard renders per theme (variant: Windows)
01:07 +443: C:/Users/Atharva Patil/Documents/projects/gymlog/test/golden/pr_celebration_golden_test.dart: PrCelebrationCard renders per theme (variant: Windows)
01:07 +444: C:/Users/Atharva Patil/Documents/projects/gymlog/test/golden/pr_celebration_golden_test.dart: PrCelebrationCard renders per theme (variant: Windows)
01:07 +445: C:/Users/Atharva Patil/Documents/projects/gymlog/test/golden/onboarding_steps_golden_test.dart: StepAge at 100 renders per theme (regression: 3 digits must not wrap) (variant: Windows)
01:08 +446: C:/Users/Atharva Patil/Documents/projects/gymlog/test/golden/onboarding_steps_golden_test.dart: StepAge at 100 renders per theme (regression: 3 digits must not wrap) (variant: Windows)
01:08 +447: C:/Users/Atharva Patil/Documents/projects/gymlog/test/golden/pr_celebration_golden_test.dart: PrCelebrationCard renders per theme (variant: CI)
01:08 +448: C:/Users/Atharva Patil/Documents/projects/gymlog/test/golden/pr_celebration_golden_test.dart: PrCelebrationCard renders per theme (variant: CI)
01:08 +448: loading C:/Users/Atharva Patil/Documents/projects/gymlog/test/golden/segmented_control_golden_test.dart
Warning: A tag was used that wasn't specified in dart_test.yaml.
  golden was used in the suite itself

01:08 +449: C:/Users/Atharva Patil/Documents/projects/gymlog/test/golden/onboarding_steps_golden_test.dart: StepAge at 100 renders per theme (regression: 3 digits must not wrap) (variant: CI)
01:08 +450: C:/Users/Atharva Patil/Documents/projects/gymlog/test/golden/nav_bar_golden_test.dart: BottomNavBar — landscape 800x360 (variant: Windows)
01:08 +451: C:/Users/Atharva Patil/Documents/projects/gymlog/test/golden/segmented_control_golden_test.dart: SegmentedControl renders correctly per theme (variant: Windows)
01:09 +452: C:/Users/Atharva Patil/Documents/projects/gymlog/test/golden/segmented_control_golden_test.dart: SegmentedControl renders correctly per theme (variant: Windows)
01:09 +453: C:/Users/Atharva Patil/Documents/projects/gymlog/test/golden/segmented_control_golden_test.dart: SegmentedControl renders correctly per theme (variant: Windows)
01:09 +454: C:/Users/Atharva Patil/Documents/projects/gymlog/test/golden/segmented_control_golden_test.dart: SegmentedControl renders correctly per theme (variant: Windows)
01:09 +455: C:/Users/Atharva Patil/Documents/projects/gymlog/test/golden/segmented_control_golden_test.dart: SegmentedControl renders correctly per theme (variant: Windows)
01:09 +456: C:/Users/Atharva Patil/Documents/projects/gymlog/test/golden/segmented_control_golden_test.dart: SegmentedControl renders correctly per theme (variant: Windows)
01:09 +457: C:/Users/Atharva Patil/Documents/projects/gymlog/test/golden/segmented_control_golden_test.dart: SegmentedControl renders correctly per theme (variant: Windows)
01:09 +458: C:/Users/Atharva Patil/Documents/projects/gymlog/test/golden/segmented_control_golden_test.dart: SegmentedControl renders correctly per theme (variant: Windows)
01:09 +459: C:/Users/Atharva Patil/Documents/projects/gymlog/test/golden/segmented_control_golden_test.dart: SegmentedControl renders correctly per theme (variant: Windows)
01:09 +460: C:/Users/Atharva Patil/Documents/projects/gymlog/test/golden/segmented_control_golden_test.dart: SegmentedControl renders correctly per theme (variant: Windows)
01:09 +461: C:/Users/Atharva Patil/Documents/projects/gymlog/test/golden/segmented_control_golden_test.dart: SegmentedControl renders correctly per theme (variant: CI)
01:10 +462: loading C:/Users/Atharva Patil/Documents/projects/gymlog/test/golden/share_cards_golden_test.dart
Warning: A tag was used that wasn't specified in dart_test.yaml.
  golden was used in the suite itself

01:10 +462: C:/Users/Atharva Patil/Documents/projects/gymlog/test/golden/share_cards_golden_test.dart: DELT Share Card - Monument Variant across all themes (variant: Windows)
01:11 +463: C:/Users/Atharva Patil/Documents/projects/gymlog/test/golden/share_cards_golden_test.dart: DELT Share Card - Monument Variant across all themes (variant: CI)
01:12 +464: C:/Users/Atharva Patil/Documents/projects/gymlog/test/golden/share_cards_golden_test.dart: DELT Share Card - Monument Variant across all themes (variant: CI)
01:12 +465: C:/Users/Atharva Patil/Documents/projects/gymlog/test/golden/share_cards_golden_test.dart: DELT Share Card - Monument Variant across all themes (variant: CI)
01:12 +466: C:/Users/Atharva Patil/Documents/projects/gymlog/test/golden/share_cards_golden_test.dart: DELT Share Card - Monument Variant across all themes (variant: CI)
01:12 +467: C:/Users/Atharva Patil/Documents/projects/gymlog/test/golden/share_cards_golden_test.dart: DELT Share Card - Monument Variant across all themes (variant: CI)
01:12 +468: C:/Users/Atharva Patil/Documents/projects/gymlog/test/golden/share_cards_golden_test.dart: DELT Share Card - Monument Variant across all themes (variant: CI)
01:12 +469: C:/Users/Atharva Patil/Documents/projects/gymlog/test/golden/share_cards_golden_test.dart: DELT Share Card - Monument Variant across all themes (variant: CI)
01:12 +470: C:/Users/Atharva Patil/Documents/projects/gymlog/test/golden/share_cards_golden_test.dart: DELT Share Card - Monument Variant across all themes (variant: CI)
01:12 +471: C:/Users/Atharva Patil/Documents/projects/gymlog/test/import/atomic_05_import_test.dart: ATOMIC-05 Section B, C, D, E & F: Metric-Aware Import Suite Strong bodyweight row without weight parses as repsOnly
01:12 +472: C:/Users/Atharva Patil/Documents/projects/gymlog/test/golden/share_cards_golden_test.dart: DELT Share Card - Technical Variant (variant: Windows)
01:12 +473: C:/Users/Atharva Patil/Documents/projects/gymlog/test/golden/share_cards_golden_test.dart: DELT Share Card - Technical Variant (variant: Windows)
01:12 +474: C:/Users/Atharva Patil/Documents/projects/gymlog/test/golden/share_cards_golden_test.dart: DELT Share Card - Technical Variant (variant: Windows)
01:12 +475: C:/Users/Atharva Patil/Documents/projects/gymlog/test/golden/share_cards_golden_test.dart: DELT Share Card - Technical Variant (variant: Windows)
01:12 +476: C:/Users/Atharva Patil/Documents/projects/gymlog/test/import/atomic_05_import_test.dart: ATOMIC-05 Section B, C, D, E & F: Metric-Aware Import Suite unknown exercise is resolved and custom exercise is created
01:12 +477: C:/Users/Atharva Patil/Documents/projects/gymlog/test/golden/share_cards_golden_test.dart: DELT Share Card - Technical Variant (variant: CI)
01:12 +478: C:/Users/Atharva Patil/Documents/projects/gymlog/test/golden/share_cards_golden_test.dart: DELT Share Card - Technical Variant (variant: CI)
01:12 +479: C:/Users/Atharva Patil/Documents/projects/gymlog/test/golden/share_cards_golden_test.dart: DELT Share Card - Technical Variant (variant: CI)
01:12 +480: C:/Users/Atharva Patil/Documents/projects/gymlog/test/golden/share_cards_golden_test.dart: DELT Share Card - Sticker Variant (Alpha Background) (variant: Windows)
01:12 +481: C:/Users/Atharva Patil/Documents/projects/gymlog/test/import/catalog_integrity_test.dart: (setUpAll)
01:12 +481: C:/Users/Atharva Patil/Documents/projects/gymlog/test/golden/share_cards_golden_test.dart: DELT Share Card - Sticker Variant (Alpha Background) (variant: CI)
01:12 +482: C:/Users/Atharva Patil/Documents/projects/gymlog/test/golden/share_cards_golden_test.dart: DELT Share Card - Sticker Variant (Alpha Background) (variant: CI)
01:12 +483: C:/Users/Atharva Patil/Documents/projects/gymlog/test/golden/share_cards_golden_test.dart: DELT Share Card - Sticker Variant (Alpha Background) (variant: CI)
01:12 +484: C:/Users/Atharva Patil/Documents/projects/gymlog/test/golden/share_cards_golden_test.dart: DELT Share Card - Sticker Variant (Alpha Background) (variant: CI)
01:12 +485: C:/Users/Atharva Patil/Documents/projects/gymlog/test/golden/share_cards_golden_test.dart: DELT Share Card - Sticker Variant (Alpha Background) (variant: CI)
01:12 +486: C:/Users/Atharva Patil/Documents/projects/gymlog/test/golden/share_cards_golden_test.dart: DELT Share Card - Sticker Variant (Alpha Background) (variant: CI)
01:13 +487: C:/Users/Atharva Patil/Documents/projects/gymlog/test/import/csv_codec_test.dart: CsvCodec.detectDelimiter picks comma for a Hevy-style header
01:13 +488: C:/Users/Atharva Patil/Documents/projects/gymlog/test/import/csv_codec_test.dart: CsvCodec.detectDelimiter picks semicolon for a Strong-style header
01:13 +489: C:/Users/Atharva Patil/Documents/projects/gymlog/test/import/csv_codec_test.dart: CsvCodec.detectDelimiter picks tab for a TSV header (Hevy Pro)
01:13 +490: C:/Users/Atharva Patil/Documents/projects/gymlog/test/import/csv_codec_test.dart: CsvCodec.detectDelimiter ignores delimiters that appear only inside quotes
01:13 +491: C:/Users/Atharva Patil/Documents/projects/gymlog/test/import/csv_codec_test.dart: CsvCodec.parse strips a leading UTF-8 BOM
01:13 +492: C:/Users/Atharva Patil/Documents/projects/gymlog/test/import/csv_codec_test.dart: CsvCodec.parse keeps commas inside quoted fields
01:13 +493: C:/Users/Atharva Patil/Documents/projects/gymlog/test/import/csv_codec_test.dart: CsvCodec.parse unescapes doubled quotes
01:13 +494: C:/Users/Atharva Patil/Documents/projects/gymlog/test/import/csv_codec_test.dart: CsvCodec.parse handles embedded newlines within quotes
01:13 +495: C:/Users/Atharva Patil/Documents/projects/gymlog/test/import/csv_codec_test.dart: CsvCodec.parse handles CRLF line endings and drops blank lines
01:13 +496: C:/Users/Atharva Patil/Documents/projects/gymlog/test/import/csv_codec_test.dart: CsvCodec.parse parses empty trailing cells
01:14 +497: C:/Users/Atharva Patil/Documents/projects/gymlog/test/import/exercise_matcher_test.dart: exact match (case-insensitive)
01:14 +498: C:/Users/Atharva Patil/Documents/projects/gymlog/test/import/exercise_matcher_test.dart: word-order independent: parenthetical ↔ prefixed equipment
01:14 +499: C:/Users/Atharva Patil/Documents/projects/gymlog/test/import/exercise_matcher_test.dart: equipment is preserved (no cross-equipment link)
01:14 +500: C:/Users/Atharva Patil/Documents/projects/gymlog/test/import/exercise_matcher_test.dart: equipment-less import name links to the single movement match
01:14 +501: C:/Users/Atharva Patil/Documents/projects/gymlog/test/import/exercise_matcher_test.dart: returns null when the movement is unknown
01:14 +502: C:/Users/Atharva Patil/Documents/projects/gymlog/test/import/exercise_matcher_test.dart: movementKey strips equipment and ignores word order
01:14 +503: C:/Users/Atharva Patil/Documents/projects/gymlog/test/import/exercise_matcher_test.dart: equipFromName reads parenthetical or prefixed equipment
01:15 +504: C:/Users/Atharva Patil/Documents/projects/gymlog/test/import/export_roundtrip_test.dart: (setUpAll)
01:15 +504: C:/Users/Atharva Patil/Documents/projects/gymlog/test/import/export_roundtrip_test.dart: ATOMIC-06: Lossless GymLog v2 Import/Export Round-Trip Round-trip invariant: decode(encode(workout)) preserves full history
WARNING (drift): It looks like you've created the database class AppDatabase multiple times. When these two databases use the same QueryExecutor, race conditions will occur and might corrupt the database. 
Try to follow the advice at https://drift.simonbinder.eu/faq/#using-the-database or, if you know what you're doing, set driftRuntimeOptions.dontWarnAboutMultipleDatabases = true
Here is the stacktrace from when the database was opened a second time:
#0      GeneratedDatabase._handleInstantiated (package:drift/src/runtime/api/db_base.dart:96:30)
#1      GeneratedDatabase._whenConstructed (package:drift/src/runtime/api/db_base.dart:73:12)
#2      new GeneratedDatabase (package:drift/src/runtime/api/db_base.dart:64:5)
#3      new _$AppDatabase (package:gymlog/core/database/database.g.dart:4170:36)
#4      new AppDatabase.forTesting (package:gymlog/core/database/database.dart)
#5      main.<anonymous closure>.<anonymous closure> (file:///C:/Users/Atharva%20Patil/Documents/projects/gymlog/test/import/export_roundtrip_test.dart:199:31)
<asynchronous suspension>
#6      Declarer.test.<anonymous closure>.<anonymous closure> (package:test_api/src/backend/declarer.dart:253:15)
<asynchronous suspension>
#7      Declarer.test.<anonymous closure> (package:test_api/src/backend/declarer.dart:250:11)
<asynchronous suspension>
#8      Invoker._waitForOutstandingCallbacks.<anonymous closure> (package:test_api/src/backend/invoker.dart:318:9)
<asynchronous suspension>
This warning will only appear on debug builds.
01:15 +505: C:/Users/Atharva Patil/Documents/projects/gymlog/test/import/export_roundtrip_test.dart: ATOMIC-06: Lossless GymLog v2 Import/Export Round-Trip v1 GymLog CSV remains readable
01:15 +506: C:/Users/Atharva Patil/Documents/projects/gymlog/test/import/export_roundtrip_test.dart: ATOMIC-06: Lossless GymLog v2 Import/Export Round-Trip unsupported future version throws explicit ImportException
01:15 +507: C:/Users/Atharva Patil/Documents/projects/gymlog/test/import/export_roundtrip_test.dart: ATOMIC-06: Lossless GymLog v2 Import/Export Round-Trip missing required v2 columns throws explicit ImportException
01:15 +508: C:/Users/Atharva Patil/Documents/projects/gymlog/test/import/export_roundtrip_test.dart: (tearDownAll)
01:16 +508: C:/Users/Atharva Patil/Documents/projects/gymlog/test/import/import_cluster_regression_test.dart: (setUpAll)
01:16 +508: C:/Users/Atharva Patil/Documents/projects/gymlog/test/import/import_cluster_regression_test.dart: CP-A: GymLog v2 rows are metric-validated (no silent garbage) a weight_and_reps row missing weight warns and skips
01:16 +509: C:/Users/Atharva Patil/Documents/projects/gymlog/test/import/import_cluster_regression_test.dart: CP-A: GymLog v2 rows are metric-validated (no silent garbage) a reps_only row missing reps warns and skips
01:16 +510: C:/Users/Atharva Patil/Documents/projects/gymlog/test/import/import_cluster_regression_test.dart: CP-B: UTC export dates come back as local wall-clock UTC-suffixed startedAt is converted to local on parse
01:16 +511: C:/Users/Atharva Patil/Documents/projects/gymlog/test/import/import_cluster_regression_test.dart: CP-C: case-insensitive session grouping same workout name in different case collapses to one session
01:16 +512: C:/Users/Atharva Patil/Documents/projects/gymlog/test/import/import_cluster_regression_test.dart: IM-A: kg is the default assumed unit parser defaults a unitless Strong file to kg
01:16 +513: C:/Users/Atharva Patil/Documents/projects/gymlog/test/import/import_cluster_regression_test.dart: IM-B: progress counts only importable sessions a duplicate does not move the progress counter
01:16 +514: C:/Users/Atharva Patil/Documents/projects/gymlog/test/import/import_cluster_regression_test.dart: IM-B: progress counts only importable sessions two fresh sessions report 2 of 2
01:16 +515: C:/Users/Atharva Patil/Documents/projects/gymlog/test/import/import_cluster_regression_test.dart: IM-C: cancel mid-import returns partial result isCancelled after the first session stops the rest
01:16 +516: C:/Users/Atharva Patil/Documents/projects/gymlog/test/import/import_cluster_regression_test.dart: IM-H: custom exercises roll back with a failing session a failed session transaction leaves no orphan custom exercise
01:16 +517: C:/Users/Atharva Patil/Documents/projects/gymlog/test/import/import_cluster_regression_test.dart: IM-I: honest partial-import reporting first session commits, second fails, partial result kept
01:16 +518: C:/Users/Atharva Patil/Documents/projects/gymlog/test/import/import_cluster_regression_test.dart: IM-2: template CSV round-trips template parses as GymLog v2 with one weight_and_reps set
01:16 +519: C:/Users/Atharva Patil/Documents/projects/gymlog/test/import/import_cluster_regression_test.dart: (tearDownAll)
01:17 +519: C:/Users/Atharva Patil/Documents/projects/gymlog/test/import/import_screen_polish_test.dart: _Banner renders with AppRadius.cardAll and semantic label
01:17 +520: C:/Users/Atharva Patil/Documents/projects/gymlog/test/import/import_screen_polish_test.dart: _StatRow renders with semantic label
01:17 +521: C:/Users/Atharva Patil/Documents/projects/gymlog/test/import/import_screen_polish_test.dart: _UnitChooser renders with custom height, color tokens, and semantics
01:18 +522: C:/Users/Atharva Patil/Documents/projects/gymlog/test/import/import_service_test.dart: (setUpAll)
01:18 +522: C:/Users/Atharva Patil/Documents/projects/gymlog/test/import/import_service_test.dart: imports the Hevy export into the local database
01:18 +523: C:/Users/Atharva Patil/Documents/projects/gymlog/test/import/import_service_test.dart: stores weights in kilograms when importing a Strong (lbs) export
01:18 +524: C:/Users/Atharva Patil/Documents/projects/gymlog/test/import/import_service_test.dart: re-importing the same file is idempotent
01:18 +525: C:/Users/Atharva Patil/Documents/projects/gymlog/test/import/import_service_test.dart: preview reports the same shape without writing anything
01:18 +526: C:/Users/Atharva Patil/Documents/projects/gymlog/test/import/import_service_test.dart: (tearDownAll)
01:18 +526: C:/Users/Atharva Patil/Documents/projects/gymlog/test/import/muscle_taxonomy_test.dart: parent groups exist and are ordered
01:19 +527: C:/Users/Atharva Patil/Documents/projects/gymlog/test/import/muscle_taxonomy_test.dart: specific muscle resolves to its parent group
01:19 +528: C:/Users/Atharva Patil/Documents/projects/gymlog/test/import/muscle_taxonomy_test.dart: specific muscle resolves to its coarse region
01:19 +529: C:/Users/Atharva Patil/Documents/projects/gymlog/test/import/muscle_taxonomy_test.dart: parent → child lists are populated (e.g. Back)
01:19 +530: C:/Users/Atharva Patil/Documents/projects/gymlog/test/import/muscle_taxonomy_test.dart: unknown muscle falls back gracefully
01:20 +531: C:/Users/Atharva Patil/Documents/projects/gymlog/test/import/workout_csv_parser_test.dart: Hevy parses sessions, sets, and kg volume from a real export
01:20 +532: C:/Users/Atharva Patil/Documents/projects/gymlog/test/import/workout_csv_parser_test.dart: Hevy respects the explicit set_type column (no warmups here)
01:20 +533: C:/Users/Atharva Patil/Documents/projects/gymlog/test/import/workout_csv_parser_test.dart: Hevy orders sets 0-based and contiguous within each exercise
01:20 +534: C:/Users/Atharva Patil/Documents/projects/gymlog/test/import/workout_csv_parser_test.dart: Hevy reads weight_lbs header variant and converts to kg
01:20 +535: C:/Users/Atharva Patil/Documents/projects/gymlog/test/import/workout_csv_parser_test.dart: Strong parses semicolon export and converts lbs → kg
01:20 +536: C:/Users/Atharva Patil/Documents/projects/gymlog/test/import/workout_csv_parser_test.dart: Strong infers warmups from the Notes column
01:20 +537: C:/Users/Atharva Patil/Documents/projects/gymlog/test/import/workout_csv_parser_test.dart: Strong derives session end time from Workout Duration
01:20 +538: C:/Users/Atharva Patil/Documents/projects/gymlog/test/import/workout_csv_parser_test.dart: Strong flags an assumed unit when Weight Unit column is missing
01:20 +539: C:/Users/Atharva Patil/Documents/projects/gymlog/test/import/workout_csv_parser_test.dart: cross-check Hevy and Strong files describe the same training volume
01:20 +540: C:/Users/Atharva Patil/Documents/projects/gymlog/test/import/workout_csv_parser_test.dart: errors throws on an unrecognised header
01:20 +541: C:/Users/Atharva Patil/Documents/projects/gymlog/test/import/workout_csv_parser_test.dart: errors throws on an empty file
01:20 +542: C:/Users/Atharva Patil/Documents/projects/gymlog/test/legal_consistency_test.dart: Legal URLs are valid and secure HTTPS links
01:21 +543: C:/Users/Atharva Patil/Documents/projects/gymlog/test/muscle_load_bar_accent_test.dart: legend dots equal the higgsfield (Volt, app default) ramp
01:22 +544: C:/Users/Atharva Patil/Documents/projects/gymlog/test/muscle_load_bar_accent_test.dart: legend dots equal the higgsfield (Volt, app default) ramp
01:22 +545: C:/Users/Atharva Patil/Documents/projects/gymlog/test/muscle_load_bar_accent_test.dart: legend dots equal the neonPurple ramp
01:22 +546: C:/Users/Atharva Patil/Documents/projects/gymlog/test/muscle_load_bar_accent_test.dart: no legend dot uses the legacy static purple literal
01:22 +547: C:/Users/Atharva Patil/Documents/projects/gymlog/test/muscle_load_bar_accent_test.dart: legend caps at 3 items and shows +N overflow text
01:22 +548: C:/Users/Atharva Patil/Documents/projects/gymlog/test/muscle_load_bar_accent_test.dart: empty entries render nothing
01:23 +549: C:/Users/Atharva Patil/Documents/projects/gymlog/test/no_equipment_logging_certification_test.dart: ATOMIC-RC3-06 No-Equipment Logging End-to-End Certification Logs push-up and pull-up exercises without weight and exports cleanly
01:24 +550: C:/Users/Atharva Patil/Documents/projects/gymlog/test/performance/bounded_cache_and_startup_test.dart: (setUpAll)
01:24 +550: C:/Users/Atharva Patil/Documents/projects/gymlog/test/performance/bounded_cache_and_startup_test.dart: ATOMIC-11: Bounded Exercise Media Cache & Nonblocking Startup 1. Cache object limit is configured to 160 objects
01:24 +551: C:/Users/Atharva Patil/Documents/projects/gymlog/test/performance/bounded_cache_and_startup_test.dart: ATOMIC-11: Bounded Exercise Media Cache & Nonblocking Startup 2. Maintenance policy runs safely
[ExerciseMediaCacheManager] cache dir resolve error: MissingPluginException(No implementation found for method getTemporaryDirectory on channel plugins.flutter.io/path_provider)
01:24 +552: C:/Users/Atharva Patil/Documents/projects/gymlog/test/performance/bounded_cache_and_startup_test.dart: ATOMIC-11: Bounded Exercise Media Cache & Nonblocking Startup 3. Reduced-motion GIF behavior renders static poster/frame
01:25 +553: C:/Users/Atharva Patil/Documents/projects/gymlog/test/performance/bounded_cache_and_startup_test.dart: ATOMIC-11: Bounded Exercise Media Cache & Nonblocking Startup 4. Cancellation on widget unmount leaves no memory leak
01:25 +554: C:/Users/Atharva Patil/Documents/projects/gymlog/test/performance/bounded_cache_and_startup_test.dart: ATOMIC-11: Bounded Exercise Media Cache & Nonblocking Startup 5. Offline startup proceeds immediately without cloud
01:25 +555: C:/Users/Atharva Patil/Documents/projects/gymlog/test/performance/bounded_cache_and_startup_test.dart: ATOMIC-11: Bounded Exercise Media Cache & Nonblocking Startup 6. RevenueCat timeout fallback does not block launch
01:25 +556: C:/Users/Atharva Patil/Documents/projects/gymlog/test/performance/bounded_cache_and_startup_test.dart: ATOMIC-11: Bounded Exercise Media Cache & Nonblocking Startup 7. Supabase timeout leads to remoteDegraded state without crashing
01:25 +557: C:/Users/Atharva Patil/Documents/projects/gymlog/test/performance/bounded_cache_and_startup_test.dart: ATOMIC-11: Bounded Exercise Media Cache & Nonblocking Startup 8. Database migration failure triggers migrationFailure status
01:25 +558: C:/Users/Atharva Patil/Documents/projects/gymlog/test/performance/bounded_cache_and_startup_test.dart: ATOMIC-11: Bounded Exercise Media Cache & Nonblocking Startup 9. Startup trace metrics targets (cold launch first frame <= 1.5s)
01:25 +559: C:/Users/Atharva Patil/Documents/projects/gymlog/test/performance/bounded_cache_and_startup_test.dart: ATOMIC-11: Bounded Exercise Media Cache & Nonblocking Startup 10. Memory timeline does not show unbounded growth with static decodes
01:25 +560: C:/Users/Atharva Patil/Documents/projects/gymlog/test/performance/bounded_cache_and_startup_test.dart: (tearDownAll)
01:25 +560: C:/Users/Atharva Patil/Documents/projects/gymlog/test/premium/strict_entitlement_verification_test.dart: ATOMIC-08: Strict Premium Entitlement Verification 1. Required entitlement ("premium") active returns true
01:25 +561: C:/Users/Atharva Patil/Documents/projects/gymlog/test/premium/strict_entitlement_verification_test.dart: ATOMIC-08: Strict Premium Entitlement Verification 2. Unrelated entitlement ("gold" or "pro_tier") active returns false
01:25 +562: C:/Users/Atharva Patil/Documents/projects/gymlog/test/premium/strict_entitlement_verification_test.dart: ATOMIC-08: Strict Premium Entitlement Verification 3. Empty entitlement map returns false
01:25 +563: C:/Users/Atharva Patil/Documents/projects/gymlog/test/premium/strict_entitlement_verification_test.dart: ATOMIC-08: Strict Premium Entitlement Verification 4. Expiration check in isPremiumProvider rejects expired profile cache
01:26 +564: C:/Users/Atharva Patil/Documents/projects/gymlog/test/premium/strict_entitlement_verification_test.dart: ATOMIC-08: Strict Premium Entitlement Verification 5. Valid unexpired profile cache returns true when RevenueCat unavailable
01:26 +565: C:/Users/Atharva Patil/Documents/projects/gymlog/test/premium/strict_entitlement_verification_test.dart: ATOMIC-08: Strict Premium Entitlement Verification 6. Account A (premium) to Account B (free) transition does not leak entitlement
01:26 +566: C:/Users/Atharva Patil/Documents/projects/gymlog/test/premium/strict_entitlement_verification_test.dart: ATOMIC-08: Strict Premium Entitlement Verification 7. Stale local cache with null expiry but isPremium=false is rejected
01:26 +567: C:/Users/Atharva Patil/Documents/projects/gymlog/test/pressable_scale_test.dart: forwards taps to the child (does not steal the gesture)
01:26 +568: C:/Users/Atharva Patil/Documents/projects/gymlog/test/pressable_scale_test.dart: press squeezes, release springs back
01:27 +569: C:/Users/Atharva Patil/Documents/projects/gymlog/test/pressable_scale_test.dart: reduce motion → no squeeze
01:27 +570: C:/Users/Atharva Patil/Documents/projects/gymlog/test/profile/help_report_form_test.dart: UX-95-03 — Adaptive Help report form renders fields at default text scale
01:29 +571: C:/Users/Atharva Patil/Documents/projects/gymlog/test/profile_cluster_polish_test.dart: ProfileAvatar fallback displays display name letter
01:29 +572: C:/Users/Atharva Patil/Documents/projects/gymlog/test/profile_cluster_polish_test.dart: ProfileAvatar fallback displays display name letter
01:29 +573: C:/Users/Atharva Patil/Documents/projects/gymlog/test/profile_cluster_polish_test.dart: WeeklyBarChart low-data comparison view dynamic colors
01:29 +574: C:/Users/Atharva Patil/Documents/projects/gymlog/test/profile_sync_service_test.dart: submitDisplayName writes local immediately and pushes to remote on success
01:29 +575: C:/Users/Atharva Patil/Documents/projects/gymlog/test/profile_cluster_polish_test.dart: PremiumPaywall UI headline resolves and sheet themes dynamically
01:29 +576: C:/Users/Atharva Patil/Documents/projects/gymlog/test/profile_cluster_polish_test.dart: PremiumPaywall UI headline resolves and sheet themes dynamically
01:29 +576: C:/Users/Atharva Patil/Documents/projects/gymlog/test/profile_sync_service_test.dart: submitDisplayName keeps local + queues when remote is offline, retry delivers later
[ProfileSyncService] Remote sync failed: Exception: offline
#0      FakeRemote.upsert (file:///C:/Users/Atharva%20Patil/Documents/projects/gymlog/test/profile_sync_service_test.dart:38:19)
#1      ProfileSyncService._flushPendingOrThrow (package:gymlog/core/services/profile_sync_service.dart:195:10)
<asynchronous suspension>
#2      ProfileSyncService.submitDisplayName (package:gymlog/core/services/profile_sync_service.dart:80:7)
<asynchronous suspension>
#3      main.<anonymous closure>.<anonymous closure> (file:///C:/Users/Atharva%20Patil/Documents/projects/gymlog/test/profile_sync_service_test.dart:101:7)
<asynchronous suspension>
#4      Declarer.test.<anonymous closure>.<anonymous closure> (package:test_api/src/backend/declarer.dart:253:15)
<asynchronous suspension>
#5      Declarer.test.<anonymous closure> (package:test_api/src/backend/declarer.dart:250:11)
<asynchronous suspension>
#6      Invoker._waitForOutstandingCallbacks.<anonymous closure> (package:test_api/src/backend/invoker.dart:318:9)
<asynchronous suspension>

01:29 +577: C:/Users/Atharva Patil/Documents/projects/gymlog/test/profile_cluster_polish_test.dart: PremiumPaywall UI headline resolves and sheet themes dynamically
01:29 +578: C:/Users/Atharva Patil/Documents/projects/gymlog/test/profile_cluster_polish_test.dart: PremiumPaywall UI headline resolves and sheet themes dynamically
01:29 +579: C:/Users/Atharva Patil/Documents/projects/gymlog/test/profile_cluster_polish_test.dart: PremiumPaywall UI headline resolves and sheet themes dynamically
01:29 +580: C:/Users/Atharva Patil/Documents/projects/gymlog/test/profile_cluster_polish_test.dart: PremiumPaywall UI headline resolves and sheet themes dynamically
01:29 +581: C:/Users/Atharva Patil/Documents/projects/gymlog/test/profile_cluster_polish_test.dart: PremiumPaywall UI headline resolves and sheet themes dynamically
01:29 +582: C:/Users/Atharva Patil/Documents/projects/gymlog/test/profile_cluster_polish_test.dart: PremiumPaywall UI headline resolves and sheet themes dynamically
01:29 +583: C:/Users/Atharva Patil/Documents/projects/gymlog/test/profile_cluster_polish_test.dart: PremiumPaywall UI headline resolves and sheet themes dynamically
01:29 +584: C:/Users/Atharva Patil/Documents/projects/gymlog/test/profile_cluster_polish_test.dart: PremiumPaywall UI headline resolves and sheet themes dynamically
01:29 +585: C:/Users/Atharva Patil/Documents/projects/gymlog/test/profile_cluster_polish_test.dart: PremiumPaywall UI headline resolves and sheet themes dynamically
01:30 +586: C:/Users/Atharva Patil/Documents/projects/gymlog/test/profile_cluster_polish_test.dart: OnboardingScreen resolves colors and borders under dark theme
01:30 +587: C:/Users/Atharva Patil/Documents/projects/gymlog/test/profile_cluster_polish_test.dart: OnboardingScreen resolves colors and borders under light theme
01:30 +588: C:/Users/Atharva Patil/Documents/projects/gymlog/test/profile_weekly_bar_chart_test.dart: ProfileGraphEmptyState renders title, subtitle and CTA
01:31 +589: C:/Users/Atharva Patil/Documents/projects/gymlog/test/profile_weekly_bar_chart_test.dart: ProfileGraphEmptyState renders title, subtitle and CTA
01:31 +590: C:/Users/Atharva Patil/Documents/projects/gymlog/test/profile_weekly_bar_chart_test.dart: ProfileGraphEmptyState renders title, subtitle and CTA
01:31 +591: C:/Users/Atharva Patil/Documents/projects/gymlog/test/profile_weekly_bar_chart_test.dart: ProfileGraphEmptyState renders title, subtitle and CTA
01:31 +592: C:/Users/Atharva Patil/Documents/projects/gymlog/test/profile_weekly_bar_chart_test.dart: GraphKpiHeader shows latest value and "This week" caption always when data exists
01:31 +593: C:/Users/Atharva Patil/Documents/projects/gymlog/test/profile_weekly_bar_chart_test.dart: GraphKpiHeader hides delta pill when fewer than 4 filled weeks have data
01:31 +594: C:/Users/Atharva Patil/Documents/projects/gymlog/test/profile_weekly_bar_chart_test.dart: GraphKpiHeader shows delta pill once 4+ filled weeks have data
01:31 +595: C:/Users/Atharva Patil/Documents/projects/gymlog/test/profile_weekly_bar_chart_test.dart: GraphKpiHeader shows neutral dash in delta pill when previous week value is zero
01:31 +596: C:/Users/Atharva Patil/Documents/projects/gymlog/test/profile_weekly_bar_chart_test.dart: WeeklyBarChart renders 8 weekly x-axis labels
01:32 +597: C:/Users/Atharva Patil/Documents/projects/gymlog/test/radius_token_test.dart: DeleteAccountScreen danger chip and _SectionCard use correct AppRadius tokens
01:32 +598: C:/Users/Atharva Patil/Documents/projects/gymlog/test/radius_token_test.dart: DeleteAccountScreen danger chip and _SectionCard use correct AppRadius tokens
01:32 +599: C:/Users/Atharva Patil/Documents/projects/gymlog/test/radius_token_test.dart: DeleteAccountScreen danger chip and _SectionCard use correct AppRadius tokens
01:32 +600: C:/Users/Atharva Patil/Documents/projects/gymlog/test/radius_token_test.dart: DeleteAccountScreen danger chip and _SectionCard use correct AppRadius tokens
01:32 +601: C:/Users/Atharva Patil/Documents/projects/gymlog/test/radius_token_test.dart: DeleteAccountScreen danger chip and _SectionCard use correct AppRadius tokens
01:33 +601: C:/Users/Atharva Patil/Documents/projects/gymlog/test/reorder_exercise_test.dart: move first item down (A→index 2): B, C, A, D
[WorkoutDraftStore] save failed: Binding has not yet been initialized.
The "instance" getter on the ServicesBinding binding mixin is only available once that binding has been initialized.
Typically, this is done by calling "WidgetsFlutterBinding.ensureInitialized()" or "runApp()" (the latter calls the former). Typically this call is done in the "void main()" method. The "ensureInitialized" method is idempotent; calling it multiple times is not harmful. After calling that method, the "instance" getter will return the binding.
In a test, one can call "TestWidgetsFlutterBinding.ensureInitialized()" as the first line in the test's "main()" method to initialize the binding.
If ServicesBinding is a custom binding mixin, there must also be a custom binding class, like WidgetsFlutterBinding, but that mixes in the selected binding, and that is the class that must be constructed before using the "instance" getter.
[WorkoutDraftStore] save failed: Binding has not yet been initialized.
The "instance" getter on the ServicesBinding binding mixin is only available once that binding has been initialized.
Typically, this is done by calling "WidgetsFlutterBinding.ensureInitialized()" or "runApp()" (the latter calls the former). Typically this call is done in the "void main()" method. The "ensureInitialized" method is idempotent; calling it multiple times is not harmful. After calling that method, the "instance" getter will return the binding.
In a test, one can call "TestWidgetsFlutterBinding.ensureInitialized()" as the first line in the test's "main()" method to initialize the binding.
If ServicesBinding is a custom binding mixin, there must also be a custom binding class, like WidgetsFlutterBinding, but that mixes in the selected binding, and that is the class that must be constructed before using the "instance" getter.
01:33 +602: C:/Users/Atharva Patil/Documents/projects/gymlog/test/radius_token_test.dart: DeleteAccountScreen danger chip and _SectionCard use correct AppRadius tokens
01:33 +602: C:/Users/Atharva Patil/Documents/projects/gymlog/test/reorder_exercise_test.dart: move last item to front (D→index 0): D, A, B, C
[WorkoutDraftStore] save failed: Binding has not yet been initialized.
The "instance" getter on the ServicesBinding binding mixin is only available once that binding has been initialized.
Typically, this is done by calling "WidgetsFlutterBinding.ensureInitialized()" or "runApp()" (the latter calls the former). Typically this call is done in the "void main()" method. The "ensureInitialized" method is idempotent; calling it multiple times is not harmful. After calling that method, the "instance" getter will return the binding.
In a test, one can call "TestWidgetsFlutterBinding.ensureInitialized()" as the first line in the test's "main()" method to initialize the binding.
If ServicesBinding is a custom binding mixin, there must also be a custom binding class, like WidgetsFlutterBinding, but that mixes in the selected binding, and that is the class that must be constructed before using the "instance" getter.
[WorkoutDraftStore] save failed: Binding has not yet been initialized.
The "instance" getter on the ServicesBinding binding mixin is only available once that binding has been initialized.
Typically, this is done by calling "WidgetsFlutterBinding.ensureInitialized()" or "runApp()" (the latter calls the former). Typically this call is done in the "void main()" method. The "ensureInitialized" method is idempotent; calling it multiple times is not harmful. After calling that method, the "instance" getter will return the binding.
In a test, one can call "TestWidgetsFlutterBinding.ensureInitialized()" as the first line in the test's "main()" method to initialize the binding.
If ServicesBinding is a custom binding mixin, there must also be a custom binding class, like WidgetsFlutterBinding, but that mixes in the selected binding, and that is the class that must be constructed before using the "instance" getter.
01:33 +603: C:/Users/Atharva Patil/Documents/projects/gymlog/test/radius_token_test.dart: DeleteAccountScreen danger chip and _SectionCard use correct AppRadius tokens
01:33 +603: C:/Users/Atharva Patil/Documents/projects/gymlog/test/reorder_exercise_test.dart: move middle up (C→index 1): A, C, B, D
[WorkoutDraftStore] save failed: Binding has not yet been initialized.
The "instance" getter on the ServicesBinding binding mixin is only available once that binding has been initialized.
Typically, this is done by calling "WidgetsFlutterBinding.ensureInitialized()" or "runApp()" (the latter calls the former). Typically this call is done in the "void main()" method. The "ensureInitialized" method is idempotent; calling it multiple times is not harmful. After calling that method, the "instance" getter will return the binding.
In a test, one can call "TestWidgetsFlutterBinding.ensureInitialized()" as the first line in the test's "main()" method to initialize the binding.
If ServicesBinding is a custom binding mixin, there must also be a custom binding class, like WidgetsFlutterBinding, but that mixes in the selected binding, and that is the class that must be constructed before using the "instance" getter.
[WorkoutDraftStore] save failed: Binding has not yet been initialized.
The "instance" getter on the ServicesBinding binding mixin is only available once that binding has been initialized.
Typically, this is done by calling "WidgetsFlutterBinding.ensureInitialized()" or "runApp()" (the latter calls the former). Typically this call is done in the "void main()" method. The "ensureInitialized" method is idempotent; calling it multiple times is not harmful. After calling that method, the "instance" getter will return the binding.
In a test, one can call "TestWidgetsFlutterBinding.ensureInitialized()" as the first line in the test's "main()" method to initialize the binding.
If ServicesBinding is a custom binding mixin, there must also be a custom binding class, like WidgetsFlutterBinding, but that mixes in the selected binding, and that is the class that must be constructed before using the "instance" getter.
01:33 +604: C:/Users/Atharva Patil/Documents/projects/gymlog/test/radius_token_test.dart: DeleteAccountScreen danger chip and _SectionCard use correct AppRadius tokens
01:33 +604: C:/Users/Atharva Patil/Documents/projects/gymlog/test/reorder_exercise_test.dart: out-of-range oldIndex is ignored (no throw, order intact)
[WorkoutDraftStore] save failed: Binding has not yet been initialized.
The "instance" getter on the ServicesBinding binding mixin is only available once that binding has been initialized.
Typically, this is done by calling "WidgetsFlutterBinding.ensureInitialized()" or "runApp()" (the latter calls the former). Typically this call is done in the "void main()" method. The "ensureInitialized" method is idempotent; calling it multiple times is not harmful. After calling that method, the "instance" getter will return the binding.
In a test, one can call "TestWidgetsFlutterBinding.ensureInitialized()" as the first line in the test's "main()" method to initialize the binding.
If ServicesBinding is a custom binding mixin, there must also be a custom binding class, like WidgetsFlutterBinding, but that mixes in the selected binding, and that is the class that must be constructed before using the "instance" getter.
01:33 +605: C:/Users/Atharva Patil/Documents/projects/gymlog/test/radius_token_test.dart: DeleteAccountScreen danger chip and _SectionCard use correct AppRadius tokens
01:33 +606: C:/Users/Atharva Patil/Documents/projects/gymlog/test/radius_token_test.dart: ExerciseSelectionScreen filter chip uses AppRadius.buttonSecondaryAll
01:33 +607: C:/Users/Atharva Patil/Documents/projects/gymlog/test/radius_token_test.dart: ExerciseSelectionScreen filter chip uses AppRadius.buttonSecondaryAll
01:33 +608: C:/Users/Atharva Patil/Documents/projects/gymlog/test/radius_token_test.dart: ExerciseSelectionScreen filter chip uses AppRadius.buttonSecondaryAll
01:33 +609: C:/Users/Atharva Patil/Documents/projects/gymlog/test/radius_token_test.dart: ExerciseSelectionScreen filter chip uses AppRadius.buttonSecondaryAll
01:33 +610: C:/Users/Atharva Patil/Documents/projects/gymlog/test/radius_token_test.dart: ExerciseSelectionScreen filter chip uses AppRadius.buttonSecondaryAll
01:33 +611: C:/Users/Atharva Patil/Documents/projects/gymlog/test/radius_token_test.dart: ExerciseSelectionScreen filter chip uses AppRadius.buttonSecondaryAll
01:33 +612: C:/Users/Atharva Patil/Documents/projects/gymlog/test/radius_token_test.dart: ExerciseSelectionScreen filter chip uses AppRadius.buttonSecondaryAll
01:33 +612: C:/Users/Atharva Patil/Documents/projects/gymlog/test/reps_only_exercise_test.dart: ActiveWorkoutNotifier Reps-Only & Switching Logic adding reps-only exercise initializes weightKg to null
[WorkoutDraftStore] save failed: Binding has not yet been initialized.
The "instance" getter on the ServicesBinding binding mixin is only available once that binding has been initialized.
Typically, this is done by calling "WidgetsFlutterBinding.ensureInitialized()" or "runApp()" (the latter calls the former). Typically this call is done in the "void main()" method. The "ensureInitialized" method is idempotent; calling it multiple times is not harmful. After calling that method, the "instance" getter will return the binding.
In a test, one can call "TestWidgetsFlutterBinding.ensureInitialized()" as the first line in the test's "main()" method to initialize the binding.
If ServicesBinding is a custom binding mixin, there must also be a custom binding class, like WidgetsFlutterBinding, but that mixes in the selected binding, and that is the class that must be constructed before using the "instance" getter.
[WorkoutDraftStore] save failed: Binding has not yet been initialized.
The "instance" getter on the ServicesBinding binding mixin is only available once that binding has been initialized.
Typically, this is done by calling "WidgetsFlutterBinding.ensureInitialized()" or "runApp()" (the latter calls the former). Typically this call is done in the "void main()" method. The "ensureInitialized" method is idempotent; calling it multiple times is not harmful. After calling that method, the "instance" getter will return the binding.
In a test, one can call "TestWidgetsFlutterBinding.ensureInitialized()" as the first line in the test's "main()" method to initialize the binding.
If ServicesBinding is a custom binding mixin, there must also be a custom binding class, like WidgetsFlutterBinding, but that mixes in the selected binding, and that is the class that must be constructed before using the "instance" getter.
01:33 +613: C:/Users/Atharva Patil/Documents/projects/gymlog/test/radius_token_test.dart: ExerciseSelectionScreen filter chip uses AppRadius.buttonSecondaryAll
01:33 +613: C:/Users/Atharva Patil/Documents/projects/gymlog/test/reps_only_exercise_test.dart: ActiveWorkoutNotifier Reps-Only & Switching Logic adding weighted exercise initializes weightKg to 0.0
[WorkoutDraftStore] save failed: Binding has not yet been initialized.
The "instance" getter on the ServicesBinding binding mixin is only available once that binding has been initialized.
Typically, this is done by calling "WidgetsFlutterBinding.ensureInitialized()" or "runApp()" (the latter calls the former). Typically this call is done in the "void main()" method. The "ensureInitialized" method is idempotent; calling it multiple times is not harmful. After calling that method, the "instance" getter will return the binding.
In a test, one can call "TestWidgetsFlutterBinding.ensureInitialized()" as the first line in the test's "main()" method to initialize the binding.
If ServicesBinding is a custom binding mixin, there must also be a custom binding class, like WidgetsFlutterBinding, but that mixes in the selected binding, and that is the class that must be constructed before using the "instance" getter.
[WorkoutDraftStore] save failed: Binding has not yet been initialized.
The "instance" getter on the ServicesBinding binding mixin is only available once that binding has been initialized.
Typically, this is done by calling "WidgetsFlutterBinding.ensureInitialized()" or "runApp()" (the latter calls the former). Typically this call is done in the "void main()" method. The "ensureInitialized" method is idempotent; calling it multiple times is not harmful. After calling that method, the "instance" getter will return the binding.
In a test, one can call "TestWidgetsFlutterBinding.ensureInitialized()" as the first line in the test's "main()" method to initialize the binding.
If ServicesBinding is a custom binding mixin, there must also be a custom binding class, like WidgetsFlutterBinding, but that mixes in the selected binding, and that is the class that must be constructed before using the "instance" getter.
01:33 +614: C:/Users/Atharva Patil/Documents/projects/gymlog/test/radius_token_test.dart: ExerciseSelectionScreen filter chip uses AppRadius.buttonSecondaryAll
01:33 +614: C:/Users/Atharva Patil/Documents/projects/gymlog/test/reps_only_exercise_test.dart: ActiveWorkoutNotifier Reps-Only & Switching Logic switching between weighted and reps-only respects target measurementType
[WorkoutDraftStore] save failed: Binding has not yet been initialized.
The "instance" getter on the ServicesBinding binding mixin is only available once that binding has been initialized.
Typically, this is done by calling "WidgetsFlutterBinding.ensureInitialized()" or "runApp()" (the latter calls the former). Typically this call is done in the "void main()" method. The "ensureInitialized" method is idempotent; calling it multiple times is not harmful. After calling that method, the "instance" getter will return the binding.
In a test, one can call "TestWidgetsFlutterBinding.ensureInitialized()" as the first line in the test's "main()" method to initialize the binding.
If ServicesBinding is a custom binding mixin, there must also be a custom binding class, like WidgetsFlutterBinding, but that mixes in the selected binding, and that is the class that must be constructed before using the "instance" getter.
[WorkoutDraftStore] save failed: Binding has not yet been initialized.
The "instance" getter on the ServicesBinding binding mixin is only available once that binding has been initialized.
Typically, this is done by calling "WidgetsFlutterBinding.ensureInitialized()" or "runApp()" (the latter calls the former). Typically this call is done in the "void main()" method. The "ensureInitialized" method is idempotent; calling it multiple times is not harmful. After calling that method, the "instance" getter will return the binding.
In a test, one can call "TestWidgetsFlutterBinding.ensureInitialized()" as the first line in the test's "main()" method to initialize the binding.
If ServicesBinding is a custom binding mixin, there must also be a custom binding class, like WidgetsFlutterBinding, but that mixes in the selected binding, and that is the class that must be constructed before using the "instance" getter.
[WorkoutDraftStore] save failed: Binding has not yet been initialized.
The "instance" getter on the ServicesBinding binding mixin is only available once that binding has been initialized.
Typically, this is done by calling "WidgetsFlutterBinding.ensureInitialized()" or "runApp()" (the latter calls the former). Typically this call is done in the "void main()" method. The "ensureInitialized" method is idempotent; calling it multiple times is not harmful. After calling that method, the "instance" getter will return the binding.
In a test, one can call "TestWidgetsFlutterBinding.ensureInitialized()" as the first line in the test's "main()" method to initialize the binding.
If ServicesBinding is a custom binding mixin, there must also be a custom binding class, like WidgetsFlutterBinding, but that mixes in the selected binding, and that is the class that must be constructed before using the "instance" getter.
[WorkoutDraftStore] save failed: Binding has not yet been initialized.
The "instance" getter on the ServicesBinding binding mixin is only available once that binding has been initialized.
Typically, this is done by calling "WidgetsFlutterBinding.ensureInitialized()" or "runApp()" (the latter calls the former). Typically this call is done in the "void main()" method. The "ensureInitialized" method is idempotent; calling it multiple times is not harmful. After calling that method, the "instance" getter will return the binding.
In a test, one can call "TestWidgetsFlutterBinding.ensureInitialized()" as the first line in the test's "main()" method to initialize the binding.
If ServicesBinding is a custom binding mixin, there must also be a custom binding class, like WidgetsFlutterBinding, but that mixes in the selected binding, and that is the class that must be constructed before using the "instance" getter.
01:33 +615: C:/Users/Atharva Patil/Documents/projects/gymlog/test/radius_token_test.dart: ExerciseSelectionScreen filter chip uses AppRadius.buttonSecondaryAll
01:33 +615: C:/Users/Atharva Patil/Documents/projects/gymlog/test/reps_only_exercise_test.dart: ActiveWorkoutNotifier Reps-Only & Switching Logic sessionTotals volume calculation ignores null weights
[WorkoutDraftStore] save failed: Binding has not yet been initialized.
The "instance" getter on the ServicesBinding binding mixin is only available once that binding has been initialized.
Typically, this is done by calling "WidgetsFlutterBinding.ensureInitialized()" or "runApp()" (the latter calls the former). Typically this call is done in the "void main()" method. The "ensureInitialized" method is idempotent; calling it multiple times is not harmful. After calling that method, the "instance" getter will return the binding.
In a test, one can call "TestWidgetsFlutterBinding.ensureInitialized()" as the first line in the test's "main()" method to initialize the binding.
If ServicesBinding is a custom binding mixin, there must also be a custom binding class, like WidgetsFlutterBinding, but that mixes in the selected binding, and that is the class that must be constructed before using the "instance" getter.
[WorkoutDraftStore] save failed: Binding has not yet been initialized.
The "instance" getter on the ServicesBinding binding mixin is only available once that binding has been initialized.
Typically, this is done by calling "WidgetsFlutterBinding.ensureInitialized()" or "runApp()" (the latter calls the former). Typically this call is done in the "void main()" method. The "ensureInitialized" method is idempotent; calling it multiple times is not harmful. After calling that method, the "instance" getter will return the binding.
In a test, one can call "TestWidgetsFlutterBinding.ensureInitialized()" as the first line in the test's "main()" method to initialize the binding.
If ServicesBinding is a custom binding mixin, there must also be a custom binding class, like WidgetsFlutterBinding, but that mixes in the selected binding, and that is the class that must be constructed before using the "instance" getter.
[WorkoutDraftStore] save failed: Binding has not yet been initialized.
The "instance" getter on the ServicesBinding binding mixin is only available once that binding has been initialized.
Typically, this is done by calling "WidgetsFlutterBinding.ensureInitialized()" or "runApp()" (the latter calls the former). Typically this call is done in the "void main()" method. The "ensureInitialized" method is idempotent; calling it multiple times is not harmful. After calling that method, the "instance" getter will return the binding.
In a test, one can call "TestWidgetsFlutterBinding.ensureInitialized()" as the first line in the test's "main()" method to initialize the binding.
If ServicesBinding is a custom binding mixin, there must also be a custom binding class, like WidgetsFlutterBinding, but that mixes in the selected binding, and that is the class that must be constructed before using the "instance" getter.
[WorkoutDraftStore] save failed: Binding has not yet been initialized.
The "instance" getter on the ServicesBinding binding mixin is only available once that binding has been initialized.
Typically, this is done by calling "WidgetsFlutterBinding.ensureInitialized()" or "runApp()" (the latter calls the former). Typically this call is done in the "void main()" method. The "ensureInitialized" method is idempotent; calling it multiple times is not harmful. After calling that method, the "instance" getter will return the binding.
In a test, one can call "TestWidgetsFlutterBinding.ensureInitialized()" as the first line in the test's "main()" method to initialize the binding.
If ServicesBinding is a custom binding mixin, there must also be a custom binding class, like WidgetsFlutterBinding, but that mixes in the selected binding, and that is the class that must be constructed before using the "instance" getter.
[WorkoutDraftStore] save failed: Binding has not yet been initialized.
The "instance" getter on the ServicesBinding binding mixin is only available once that binding has been initialized.
Typically, this is done by calling "WidgetsFlutterBinding.ensureInitialized()" or "runApp()" (the latter calls the former). Typically this call is done in the "void main()" method. The "ensureInitialized" method is idempotent; calling it multiple times is not harmful. After calling that method, the "instance" getter will return the binding.
In a test, one can call "TestWidgetsFlutterBinding.ensureInitialized()" as the first line in the test's "main()" method to initialize the binding.
If ServicesBinding is a custom binding mixin, there must also be a custom binding class, like WidgetsFlutterBinding, but that mixes in the selected binding, and that is the class that must be constructed before using the "instance" getter.
[WorkoutDraftStore] save failed: Binding has not yet been initialized.
The "instance" getter on the ServicesBinding binding mixin is only available once that binding has been initialized.
Typically, this is done by calling "WidgetsFlutterBinding.ensureInitialized()" or "runApp()" (the latter calls the former). Typically this call is done in the "void main()" method. The "ensureInitialized" method is idempotent; calling it multiple times is not harmful. After calling that method, the "instance" getter will return the binding.
01:33 +616: C:/Users/Atharva Patil/Documents/projects/gymlog/test/radius_token_test.dart: ExerciseSelectionScreen filter chip uses AppRadius.buttonSecondaryAll
01:34 +617: C:/Users/Atharva Patil/Documents/projects/gymlog/test/radius_token_test.dart: HomeScreen initial skeleton uses AppRadius.card
01:34 +618: C:/Users/Atharva Patil/Documents/projects/gymlog/test/rest_preference_atomic_test.dart: ATOMIC-01 RestPreference & Normalization Suite 1. Default maps to null
01:34 +619: C:/Users/Atharva Patil/Documents/projects/gymlog/test/rest_preference_atomic_test.dart: ATOMIC-01 RestPreference & Normalization Suite 2. Disabled maps to zero
01:34 +620: C:/Users/Atharva Patil/Documents/projects/gymlog/test/rest_preference_atomic_test.dart: ATOMIC-01 RestPreference & Normalization Suite 3. Custom maps to positive seconds
01:34 +621: C:/Users/Atharva Patil/Documents/projects/gymlog/test/rest_preference_atomic_test.dart: ATOMIC-01 RestPreference & Normalization Suite 4. Null restores Default
01:34 +622: C:/Users/Atharva Patil/Documents/projects/gymlog/test/rest_preference_atomic_test.dart: ATOMIC-01 RestPreference & Normalization Suite 5. Zero restores Disabled
01:34 +623: C:/Users/Atharva Patil/Documents/projects/gymlog/test/rest_preference_atomic_test.dart: ATOMIC-01 RestPreference & Normalization Suite 6. Custom equal to global normalizes to Default
01:34 +624: C:/Users/Atharva Patil/Documents/projects/gymlog/test/rest_preference_atomic_test.dart: ATOMIC-01 RestPreference & Normalization Suite 7. Exactly one selection predicate is true
01:34 +625: C:/Users/Atharva Patil/Documents/projects/gymlog/test/rest_preference_atomic_test.dart: ATOMIC-01 RestPreference & Normalization Suite 8. No production widget contains visible text None
01:36 +626: C:/Users/Atharva Patil/Documents/projects/gymlog/test/rest_preference_atomic_test.dart: ATOMIC-01 RestPreference & Normalization Suite 8. No production widget contains visible text None
01:36 +627: C:/Users/Atharva Patil/Documents/projects/gymlog/test/rest_preference_atomic_test.dart: ATOMIC-01 RestPreference & Normalization Suite 8. No production widget contains visible text None
01:36 +628: C:/Users/Atharva Patil/Documents/projects/gymlog/test/rest_preference_atomic_test.dart: ATOMIC-01 RestPreference & Normalization Suite 8. No production widget contains visible text None
01:36 +629: C:/Users/Atharva Patil/Documents/projects/gymlog/test/rest_preference_atomic_test.dart: ATOMIC-01 RestPreference & Normalization Suite 8. No production widget contains visible text None
01:36 +630: C:/Users/Atharva Patil/Documents/projects/gymlog/test/rest_preference_atomic_test.dart: ATOMIC-01 RestPreference & Normalization Suite 8. No production widget contains visible text None
01:36 +631: C:/Users/Atharva Patil/Documents/projects/gymlog/test/rest_preference_atomic_test.dart: ATOMIC-01 RestPreference & Normalization Suite 8. No production widget contains visible text None
01:36 +632: C:/Users/Atharva Patil/Documents/projects/gymlog/test/rest_preference_atomic_test.dart: ATOMIC-01 RestPreference & Normalization Suite 8. No production widget contains visible text None
01:36 +633: C:/Users/Atharva Patil/Documents/projects/gymlog/test/rest_preference_atomic_test.dart: ATOMIC-01 RestPreference & Normalization Suite 8. No production widget contains visible text None
01:36 +634: C:/Users/Atharva Patil/Documents/projects/gymlog/test/rest_preference_atomic_test.dart: ATOMIC-01 RestPreference & Normalization Suite 8. No production widget contains visible text None
01:36 +635: C:/Users/Atharva Patil/Documents/projects/gymlog/test/rest_timer_override_test.dart: GymLog P0-04 Rest Timer Override & Precedence Suite boundaries: custom overrides are clamped inside user UI picker sheets
01:36 +636: C:/Users/Atharva Patil/Documents/projects/gymlog/test/rest_preference_atomic_test.dart: ATOMIC-01 RestPreference & Normalization Suite 9. Draft round trip preserves all three states
01:36 +637: C:/Users/Atharva Patil/Documents/projects/gymlog/test/rest_preference_atomic_test.dart: ATOMIC-01 RestPreference & Normalization Suite 10. Legacy stored values restore safely
01:37 +638: C:/Users/Atharva Patil/Documents/projects/gymlog/test/rest_time_sheet_atomic_test.dart: ATOMIC-02 RestTimeSheet Suite 1. no None or Matches default in sheet
01:37 +639: C:/Users/Atharva Patil/Documents/projects/gymlog/test/rest_time_sheet_atomic_test.dart: ATOMIC-02 RestTimeSheet Suite 1. no None or Matches default in sheet
01:37 +640: C:/Users/Atharva Patil/Documents/projects/gymlog/test/rest_time_sheet_atomic_test.dart: ATOMIC-02 RestTimeSheet Suite 1. no None or Matches default in sheet
01:38 +641: C:/Users/Atharva Patil/Documents/projects/gymlog/test/routine_detail_scroll_and_loading_test.dart: RoutineDetailScreen loaded view uses AlwaysScrollableScrollPhysics
01:39 +642: C:/Users/Atharva Patil/Documents/projects/gymlog/test/routine_detail_scroll_and_loading_test.dart: RoutineDetailScreen loaded view uses AlwaysScrollableScrollPhysics
01:39 +643: C:/Users/Atharva Patil/Documents/projects/gymlog/test/routine_detail_scroll_and_loading_test.dart: RoutineDetailScreen loaded view uses AlwaysScrollableScrollPhysics
01:39 +644: C:/Users/Atharva Patil/Documents/projects/gymlog/test/routine_detail_scroll_and_loading_test.dart: RoutineDetailScreen loaded view uses AlwaysScrollableScrollPhysics
01:39 +645: C:/Users/Atharva Patil/Documents/projects/gymlog/test/routine_detail_scroll_and_loading_test.dart: RoutineDetailScreen loaded view uses AlwaysScrollableScrollPhysics
01:39 +646: C:/Users/Atharva Patil/Documents/projects/gymlog/test/routine_detail_scroll_and_loading_test.dart: RoutineDetailScreen loaded view uses AlwaysScrollableScrollPhysics
01:40 +647: C:/Users/Atharva Patil/Documents/projects/gymlog/test/routine_detail_scroll_and_loading_test.dart: RoutineDetailScreen loaded view uses AlwaysScrollableScrollPhysics
01:40 +648: C:/Users/Atharva Patil/Documents/projects/gymlog/test/routine_detail_scroll_and_loading_test.dart: RoutineDetailScreen loaded view uses AlwaysScrollableScrollPhysics
01:40 +649: C:/Users/Atharva Patil/Documents/projects/gymlog/test/routine_volume_error_state_test.dart: failed volume stream renders error+retry, never a zeroed volume graph
01:41 +650: C:/Users/Atharva Patil/Documents/projects/gymlog/test/routine_volume_error_state_test.dart: failed volume stream renders error+retry, never a zeroed volume graph
01:42 +651: C:/Users/Atharva Patil/Documents/projects/gymlog/test/routine_editor_reorder_test.dart: RoutineEditorScreen reorders exercises and respects bounds
01:42 +652: C:/Users/Atharva Patil/Documents/projects/gymlog/test/screens_theme_test.dart: Screens Theme Verification Tests HomeScreen renders under multiple accents
01:44 +653: C:/Users/Atharva Patil/Documents/projects/gymlog/test/screens_typography_test.dart: AuthScreen renders without exceptions and key text is present
01:44 +654: C:/Users/Atharva Patil/Documents/projects/gymlog/test/screens_typography_test.dart: AuthScreen renders without exceptions and key text is present
01:45 +655: C:/Users/Atharva Patil/Documents/projects/gymlog/test/screens_typography_test.dart: AuthScreen renders without exceptions and key text is present
01:45 +656: C:/Users/Atharva Patil/Documents/projects/gymlog/test/set_row_debounce_persistence_test.dart: dispose mid-debounce flushes the in-flight weight (navigate-away gate)
01:45 +657: C:/Users/Atharva Patil/Documents/projects/gymlog/test/set_row_debounce_persistence_test.dart: dispose mid-debounce flushes the in-flight weight (navigate-away gate)
01:45 +658: C:/Users/Atharva Patil/Documents/projects/gymlog/test/set_row_debounce_persistence_test.dart: dispose mid-debounce flushes the in-flight weight (navigate-away gate)
01:46 +659: C:/Users/Atharva Patil/Documents/projects/gymlog/test/set_row_debounce_persistence_test.dart: dispose mid-debounce flushes the in-flight weight (navigate-away gate)
01:46 +660: C:/Users/Atharva Patil/Documents/projects/gymlog/test/set_row_focus_test.dart: SetRow keeps focus + value across an ancestor rebuild
01:46 +661: C:/Users/Atharva Patil/Documents/projects/gymlog/test/set_row_focus_test.dart: SetRow keeps focus + value across an ancestor rebuild
01:46 +662: C:/Users/Atharva Patil/Documents/projects/gymlog/test/set_row_focus_test.dart: SetRow keeps focus + value across an ancestor rebuild
01:46 +663: C:/Users/Atharva Patil/Documents/projects/gymlog/test/set_row_focus_test.dart: SetRow keeps focus + value across an ancestor rebuild
01:46 +664: C:/Users/Atharva Patil/Documents/projects/gymlog/test/set_row_focus_test.dart: SetRow keeps focus + value across an ancestor rebuild
01:46 +665: C:/Users/Atharva Patil/Documents/projects/gymlog/test/set_row_focus_test.dart: SetRow keeps focus + value across an ancestor rebuild
01:47 +666: C:/Users/Atharva Patil/Documents/projects/gymlog/test/set_row_focus_test.dart: SetRow keeps focus + value across an ancestor rebuild
01:49 +667: C:/Users/Atharva Patil/Documents/projects/gymlog/test/set_row_measurement_types_test.dart: R1 — Field visibility weightAndReps: both weight and reps fields visible
01:50 +668: C:/Users/Atharva Patil/Documents/projects/gymlog/test/set_row_measurement_types_test.dart: R1 — Field visibility weightAndReps: both weight and reps fields visible
01:50 +669: C:/Users/Atharva Patil/Documents/projects/gymlog/test/set_row_measurement_types_test.dart: R1 — Field visibility weightAndReps: both weight and reps fields visible
01:50 +670: C:/Users/Atharva Patil/Documents/projects/gymlog/test/set_row_measurement_types_test.dart: R1 — Field visibility weightAndReps: both weight and reps fields visible
01:50 +671: C:/Users/Atharva Patil/Documents/projects/gymlog/test/set_row_measurement_types_test.dart: R1 — Field visibility weightAndReps: both weight and reps fields visible
01:50 +672: C:/Users/Atharva Patil/Documents/projects/gymlog/test/set_row_measurement_types_test.dart: R1 — Field visibility weightAndReps: both weight and reps fields visible
01:50 +673: C:/Users/Atharva Patil/Documents/projects/gymlog/test/set_row_measurement_types_test.dart: R1 — Field visibility weightAndReps: both weight and reps fields visible
01:50 +674: C:/Users/Atharva Patil/Documents/projects/gymlog/test/set_row_measurement_types_test.dart: R1 — Field visibility weightAndReps: both weight and reps fields visible
01:50 +675: C:/Users/Atharva Patil/Documents/projects/gymlog/test/set_row_measurement_types_test.dart: R1 — Field visibility weightAndReps: both weight and reps fields visible
01:50 +676: C:/Users/Atharva Patil/Documents/projects/gymlog/test/shared/chrome_tokens_test.dart: ChromeContextX context.chrome returns ChromeTokens in dark theme
01:50 +677: C:/Users/Atharva Patil/Documents/projects/gymlog/test/shared/chrome_tokens_test.dart: ChromeContextX context.chrome returns ChromeTokens in dark theme
01:50 +678: C:/Users/Atharva Patil/Documents/projects/gymlog/test/shared/chrome_tokens_test.dart: ChromeContextX context.chrome returns ChromeTokens in dark theme
01:50 +678: C:/Users/Atharva Patil/Documents/projects/gymlog/test/shared/draft_recovery_test.dart: UX-95-02 — Safe Draft Recovery store.loadSnapshot handles corrupted payload internally
[WorkoutDraftStore] Corrupted or invalid draft payload: FormatException: Unterminated string (at character 30)
{"corrupted: no closing brace
                             ^
. Clearing draft.
01:50 +679: C:/Users/Atharva Patil/Documents/projects/gymlog/test/shared/chrome_tokens_test.dart: ChromeContextX context.chrome returns ChromeTokens in dark theme
01:50 +680: C:/Users/Atharva Patil/Documents/projects/gymlog/test/shared/chrome_tokens_test.dart: ChromeContextX context.chrome returns ChromeTokens in dark theme
01:50 +681: C:/Users/Atharva Patil/Documents/projects/gymlog/test/shared/chrome_tokens_test.dart: ChromeContextX context.chrome returns ChromeTokens in dark theme
01:50 +682: C:/Users/Atharva Patil/Documents/projects/gymlog/test/shared/chrome_tokens_test.dart: ChromeContextX context.chrome returns ChromeTokens in dark theme
01:50 +683: C:/Users/Atharva Patil/Documents/projects/gymlog/test/shared/chrome_tokens_test.dart: ChromeContextX context.chrome returns ChromeTokens in dark theme
01:50 +684: C:/Users/Atharva Patil/Documents/projects/gymlog/test/shared/chrome_tokens_test.dart: ChromeContextX context.chrome returns ChromeTokens in dark theme
01:51 +685: C:/Users/Atharva Patil/Documents/projects/gymlog/test/set_row_measurement_types_test.dart: R1 — Field visibility check button is always present regardless of type
01:51 +686: C:/Users/Atharva Patil/Documents/projects/gymlog/test/shared/chrome_tokens_test.dart: ChromeContextX ChromeTokens do NOT equal AppColors.bgBaseLight in dark mode
01:51 +687: C:/Users/Atharva Patil/Documents/projects/gymlog/test/set_row_measurement_types_test.dart: R2 — Stable completion action tapping check never throws — even with empty required fields
01:51 +688: C:/Users/Atharva Patil/Documents/projects/gymlog/test/set_row_measurement_types_test.dart: R3 — Reps-only / duration / distance complete without weight kg repsOnly completes with reps only
01:51 +689: C:/Users/Atharva Patil/Documents/projects/gymlog/test/set_row_measurement_types_test.dart: R3 — Reps-only / duration / distance complete without weight kg duration completes with reps (seconds) only
01:51 +690: C:/Users/Atharva Patil/Documents/projects/gymlog/test/set_row_measurement_types_test.dart: R3 — Reps-only / duration / distance complete without weight kg distance completes with distance (weightKg) only
01:51 +691: C:/Users/Atharva Patil/Documents/projects/gymlog/test/set_row_measurement_types_test.dart: R3 — Reps-only / duration / distance complete without weight kg repsOnly completes when only previousReps is available
01:51 +692: C:/Users/Atharva Patil/Documents/projects/gymlog/test/set_row_measurement_types_test.dart: R4 — weightAndReps requires weight AND reps cannot complete with reps only (no weight, no previous)
01:52 +693: C:/Users/Atharva Patil/Documents/projects/gymlog/test/set_row_measurement_types_test.dart: R4 — weightAndReps requires weight AND reps cannot complete with weight only (no reps, no previous)
01:52 +694: C:/Users/Atharva Patil/Documents/projects/gymlog/test/set_row_measurement_types_test.dart: R4 — weightAndReps requires weight AND reps completes with both weight and reps present
01:52 +695: C:/Users/Atharva Patil/Documents/projects/gymlog/test/set_row_measurement_types_test.dart: R4 — weightAndReps requires weight AND reps completes when previousWeight satisfies the weight requirement
01:52 +696: C:/Users/Atharva Patil/Documents/projects/gymlog/test/shared/widgets/body/routine_muscle_glyph_test.dart: routineGlyphZonesFor a push routine lights chest, shoulders and arms -- not legs
01:52 +697: C:/Users/Atharva Patil/Documents/projects/gymlog/test/set_row_measurement_types_test.dart: R5 — Exercise type switch switching from weightAndReps to repsOnly hides the weight field
01:52 +698: C:/Users/Atharva Patil/Documents/projects/gymlog/test/set_row_measurement_types_test.dart: R5 — Exercise type switch switching from weightAndReps to repsOnly hides the weight field
01:52 +699: C:/Users/Atharva Patil/Documents/projects/gymlog/test/set_row_measurement_types_test.dart: R5 — Exercise type switch switching from weightAndReps to repsOnly hides the weight field
01:52 +700: C:/Users/Atharva Patil/Documents/projects/gymlog/test/set_row_measurement_types_test.dart: R5 — Exercise type switch switching from weightAndReps to repsOnly hides the weight field
01:52 +701: C:/Users/Atharva Patil/Documents/projects/gymlog/test/set_row_measurement_types_test.dart: R5 — Exercise type switch switching from weightAndReps to repsOnly hides the weight field
01:52 +702: C:/Users/Atharva Patil/Documents/projects/gymlog/test/set_row_measurement_types_test.dart: R5 — Exercise type switch switching from weightAndReps to repsOnly hides the weight field
01:52 +703: C:/Users/Atharva Patil/Documents/projects/gymlog/test/set_row_measurement_types_test.dart: R5 — Exercise type switch switching from weightAndReps to repsOnly hides the weight field
01:52 +704: C:/Users/Atharva Patil/Documents/projects/gymlog/test/set_row_measurement_types_test.dart: R5 — Exercise type switch switching from weightAndReps to repsOnly hides the weight field
01:52 +705: C:/Users/Atharva Patil/Documents/projects/gymlog/test/set_row_measurement_types_test.dart: R5 — Exercise type switch switching from weightAndReps to repsOnly hides the weight field
01:52 +706: C:/Users/Atharva Patil/Documents/projects/gymlog/test/set_row_measurement_types_test.dart: R5 — Exercise type switch switching from repsOnly to distance hides reps field
01:52 +707: C:/Users/Atharva Patil/Documents/projects/gymlog/test/set_row_measurement_types_test.dart: R6 — Inline validation tapping check with empty required fields does NOT call onToggleComplete
01:52 +708: C:/Users/Atharva Patil/Documents/projects/gymlog/test/set_row_measurement_types_test.dart: R6 — Inline validation widget survives validation tap without throwing
01:52 +709: C:/Users/Atharva Patil/Documents/projects/gymlog/test/set_row_measurement_types_test.dart: R7 — Double-tap prevention double-tap on completable set fires onToggleComplete once
01:52 +710: C:/Users/Atharva Patil/Documents/projects/gymlog/test/set_row_measurement_types_test.dart: R8 — Focus order and keyboard actions weightAndReps: weight has TextInputAction.next, reps has .next
01:53 +711: C:/Users/Atharva Patil/Documents/projects/gymlog/test/set_row_measurement_types_test.dart: R8 — Focus order and keyboard actions repsOnly: the single field has TextInputAction.next
01:53 +712: C:/Users/Atharva Patil/Documents/projects/gymlog/test/set_row_measurement_types_test.dart: R8 — Focus order and keyboard actions duration: the single field has TextInputAction.next
01:53 +713: C:/Users/Atharva Patil/Documents/projects/gymlog/test/set_row_measurement_types_test.dart: R8 — Focus order and keyboard actions distance: the single (weight-slot) field has TextInputAction.next
01:53 +714: C:/Users/Atharva Patil/Documents/projects/gymlog/test/sign_out_outcome_test.dart: SignOutCoordinator.execute outcome reports cloudSignOutFailed when the Supabase sign-out throws
01:53 +715: C:/Users/Atharva Patil/Documents/projects/gymlog/test/sign_out_outcome_test.dart: SignOutCoordinator.execute outcome reports cloudSignOutFailed when the Supabase sign-out throws
01:53 +716: C:/Users/Atharva Patil/Documents/projects/gymlog/test/sign_out_outcome_test.dart: SignOutCoordinator.execute outcome reports cloudSignOutFailed when the Supabase sign-out throws
01:53 +717: C:/Users/Atharva Patil/Documents/projects/gymlog/test/set_row_measurement_types_test.dart: Previous label formatting duration shows "60s"
01:53 +718: C:/Users/Atharva Patil/Documents/projects/gymlog/test/set_row_measurement_types_test.dart: Previous label formatting duration shows "60s"
01:53 +719: C:/Users/Atharva Patil/Documents/projects/gymlog/test/set_row_measurement_types_test.dart: Previous label formatting duration shows "60s"
01:53 +720: C:/Users/Atharva Patil/Documents/projects/gymlog/test/set_row_measurement_types_test.dart: Previous label formatting distance shows "400m"
01:53 +721: C:/Users/Atharva Patil/Documents/projects/gymlog/test/set_row_measurement_types_test.dart: Previous label formatting no previous data renders empty string in PREVIOUS column
01:53 +722: C:/Users/Atharva Patil/Documents/projects/gymlog/test/set_row_measurement_types_test.dart: Previous-session backfill on complete repsOnly: backfills previousReps into state
01:53 +723: C:/Users/Atharva Patil/Documents/projects/gymlog/test/set_row_measurement_types_test.dart: Previous-session backfill on complete weightAndReps: backfills both weight and reps
01:54 +724: C:/Users/Atharva Patil/Documents/projects/gymlog/test/skeleton_radii_test.dart: WorkoutHistoryCardSkeleton thumbnail uses AppRadius.thumbnail
01:54 +725: C:/Users/Atharva Patil/Documents/projects/gymlog/test/skeleton_radii_test.dart: WorkoutHistoryCardSkeleton thumbnail uses AppRadius.thumbnail
01:54 +726: C:/Users/Atharva Patil/Documents/projects/gymlog/test/skeleton_radii_test.dart: WorkoutHistoryCardSkeleton thumbnail uses AppRadius.thumbnail
01:54 +727: C:/Users/Atharva Patil/Documents/projects/gymlog/test/skeleton_radii_test.dart: WorkoutHistoryCardSkeleton thumbnail uses AppRadius.thumbnail
01:56 +728: C:/Users/Atharva Patil/Documents/projects/gymlog/test/sync/sync_quarantine_and_monotonic_test.dart: corrupt payload is quarantined and does not abort pull of good objects
01:56 +729: C:/Users/Atharva Patil/Documents/projects/gymlog/test/sync/sync_quarantine_and_monotonic_test.dart: corrupt payload is quarantined and does not abort pull of good objects
[SyncEngine] Quarantined object session:corrupt (reason: decodeFailure)
01:56 +730: C:/Users/Atharva Patil/Documents/projects/gymlog/test/skeleton_radii_test.dart: WorkoutScreen routines skeleton uses correct tokenized radii
01:56 +730: C:/Users/Atharva Patil/Documents/projects/gymlog/test/sync/sync_quarantine_and_monotonic_test.dart: unsupported schema version is quarantined
[SyncEngine] Quarantined object session:s_future (reason: unsupportedVersion)
[SyncEngine] Quarantined object session:s_future (reason: unsupportedVersion)
01:56 +731: C:/Users/Atharva Patil/Documents/projects/gymlog/test/skeleton_radii_test.dart: WorkoutScreen routines skeleton uses correct tokenized radii
01:56 +731: C:/Users/Atharva Patil/Documents/projects/gymlog/test/sync/sync_quarantine_and_monotonic_test.dart: quarantined object is removed from outbox and does not retry on every sync
[SyncEngine] Quarantined object session:bad_obj (reason: decodeFailure)
01:56 +732: C:/Users/Atharva Patil/Documents/projects/gymlog/test/skeleton_radii_test.dart: WorkoutScreen routines skeleton uses correct tokenized radii
01:56 +733: C:/Users/Atharva Patil/Documents/projects/gymlog/test/skeleton_radii_test.dart: WorkoutScreen routines skeleton uses correct tokenized radii
01:56 +733: C:/Users/Atharva Patil/Documents/projects/gymlog/test/sync/sync_quarantine_and_monotonic_test.dart: duplicate operation is idempotent
[SyncEngine] Quarantined object session:s1 (reason: localConstraintFailure)
01:56 +734: C:/Users/Atharva Patil/Documents/projects/gymlog/test/skeleton_radii_test.dart: WorkoutScreen routines skeleton uses correct tokenized radii
01:56 +734: C:/Users/Atharva Patil/Documents/projects/gymlog/test/sync/sync_quarantine_and_monotonic_test.dart: stale revision reports conflict and clock skew does not decide winner
[SyncEngine] Quarantined object session:s1 (reason: localConstraintFailure)
01:56 +735: C:/Users/Atharva Patil/Documents/projects/gymlog/test/skeleton_radii_test.dart: WorkoutScreen routines skeleton uses correct tokenized radii
01:56 +735: C:/Users/Atharva Patil/Documents/projects/gymlog/test/sync/sync_quarantine_and_monotonic_test.dart: account ownership mismatch is quarantined
[SyncEngine] Quarantined object session:s1 (reason: ownershipMismatch)
[SyncEngine] Quarantined object session:s1 (reason: ownershipMismatch)
01:56 +736: C:/Users/Atharva Patil/Documents/projects/gymlog/test/skeleton_radii_test.dart: WorkoutScreen routines skeleton uses correct tokenized radii
01:56 +737: C:/Users/Atharva Patil/Documents/projects/gymlog/test/sync_engine_test.dart: codec round-trips and actually compresses repetitive JSON
01:56 +738: C:/Users/Atharva Patil/Documents/projects/gymlog/test/sync_engine_test.dart: codec round-trips and actually compresses repetitive JSON
01:56 +739: C:/Users/Atharva Patil/Documents/projects/gymlog/test/sync_engine_test.dart: codec round-trips and actually compresses repetitive JSON
01:57 +740: C:/Users/Atharva Patil/Documents/projects/gymlog/test/sync_engine_test.dart: enqueueSession queues one row; syncNow uploads and clears it
01:57 +741: C:/Users/Atharva Patil/Documents/projects/gymlog/test/sync_engine_test.dart: offline keeps the queue; a later retry delivers it
[SyncEngine] push failed: Exception: offline
01:57 +742: C:/Users/Atharva Patil/Documents/projects/gymlog/test/sync_engine_test.dart: re-enqueuing the same session coalesces to one queued row
01:57 +743: C:/Users/Atharva Patil/Documents/projects/gymlog/test/sync_engine_test.dart: session round-trip: push, wipe local, pull, rehydrate
01:57 +744: C:/Users/Atharva Patil/Documents/projects/gymlog/test/sync_engine_test.dart: session round-trip: push, wipe local, pull, rehydrate
01:57 +745: C:/Users/Atharva Patil/Documents/projects/gymlog/test/tour_orchestration_test.dart: TourNavigationOrchestrator navigates each routed step to the correct screen
01:59 +746: C:/Users/Atharva Patil/Documents/projects/gymlog/test/tour_orchestration_test.dart: TourNavigationOrchestrator navigates each routed step to the correct screen
01:59 +747: C:/Users/Atharva Patil/Documents/projects/gymlog/test/tour_orchestration_test.dart: TourNavigationOrchestrator navigates each routed step to the correct screen
01:59 +748: C:/Users/Atharva Patil/Documents/projects/gymlog/test/tour_orchestration_test.dart: TourNavigationOrchestrator navigates each routed step to the correct screen
01:59 +749: C:/Users/Atharva Patil/Documents/projects/gymlog/test/tour_orchestration_test.dart: TourNavigationOrchestrator navigates each routed step to the correct screen
01:59 +750: C:/Users/Atharva Patil/Documents/projects/gymlog/test/tour_orchestration_test.dart: TourNavigationOrchestrator navigates each routed step to the correct screen
01:59 +751: C:/Users/Atharva Patil/Documents/projects/gymlog/test/tour_orchestration_test.dart: TourNavigationOrchestrator navigates each routed step to the correct screen
01:59 +752: C:/Users/Atharva Patil/Documents/projects/gymlog/test/tour_orchestration_test.dart: TourNavigationOrchestrator navigates each routed step to the correct screen
01:59 +753: C:/Users/Atharva Patil/Documents/projects/gymlog/test/tour_orchestration_test.dart: TourNavigationOrchestrator navigates each routed step to the correct screen
01:59 +754: C:/Users/Atharva Patil/Documents/projects/gymlog/test/tour_orchestration_test.dart: TourNavigationOrchestrator navigates each routed step to the correct screen
01:59 +755: C:/Users/Atharva Patil/Documents/projects/gymlog/test/tour_orchestration_test.dart: TourNavigationOrchestrator navigates each routed step to the correct screen
01:59 +756: C:/Users/Atharva Patil/Documents/projects/gymlog/test/tour_orchestration_test.dart: TourNavigationOrchestrator navigates each routed step to the correct screen
01:59 +757: C:/Users/Atharva Patil/Documents/projects/gymlog/test/tour_orchestration_test.dart: TourNavigationOrchestrator navigates each routed step to the correct screen
01:59 +758: C:/Users/Atharva Patil/Documents/projects/gymlog/test/tour_orchestration_test.dart: TourNavigationOrchestrator navigates each routed step to the correct screen
01:59 +759: C:/Users/Atharva Patil/Documents/projects/gymlog/test/tour_orchestration_test.dart: TourNavigationOrchestrator navigates each routed step to the correct screen
01:59 +760: C:/Users/Atharva Patil/Documents/projects/gymlog/test/tour_orchestration_test.dart: TourNavigationOrchestrator navigates each routed step to the correct screen
01:59 +761: C:/Users/Atharva Patil/Documents/projects/gymlog/test/tour_orchestration_test.dart: TourNavigationOrchestrator navigates each routed step to the correct screen
01:59 +762: C:/Users/Atharva Patil/Documents/projects/gymlog/test/sync_engine_test.dart: batches large queues across multiple push calls
01:59 +763: C:/Users/Atharva Patil/Documents/projects/gymlog/test/sync_engine_test.dart: batches large queues across multiple push calls
01:59 +764: C:/Users/Atharva Patil/Documents/projects/gymlog/test/sync_engine_test.dart: batches large queues across multiple push calls
01:59 +765: C:/Users/Atharva Patil/Documents/projects/gymlog/test/sync_engine_test.dart: batches large queues across multiple push calls
01:59 +766: C:/Users/Atharva Patil/Documents/projects/gymlog/test/sync_engine_test.dart: batches large queues across multiple push calls
02:00 +767: C:/Users/Atharva Patil/Documents/projects/gymlog/test/sync_engine_test.dart: routines creating a routine auto-enqueues it (DAO-level coverage)
02:00 +768: C:/Users/Atharva Patil/Documents/projects/gymlog/test/sync_engine_test.dart: routines routine round-trip: push, wipe local, pull, rehydrate
02:00 +769: C:/Users/Atharva Patil/Documents/projects/gymlog/test/sync_engine_test.dart: routines deleting a routine queues a tombstone
02:00 +770: C:/Users/Atharva Patil/Documents/projects/gymlog/test/sync_engine_test.dart: routines pulling a deleted routine deletes it locally without re-enqueuing tombstone
02:00 +771: C:/Users/Atharva Patil/Documents/projects/gymlog/test/sync_engine_test.dart: preferences round-trip restores weight unit + rest seconds
02:00 +772: C:/Users/Atharva Patil/Documents/projects/gymlog/test/sync_engine_test.dart: (tearDownAll)
02:01 +772: C:/Users/Atharva Patil/Documents/projects/gymlog/test/ui_p0_01_device_acceptance_test.dart: UI-P0-01 Complete Device Acceptance & Geometry Test Suite DEV-01 & DEV-03: No-equipment vs Assisted Machine layout
02:01 +773: C:/Users/Atharva Patil/Documents/projects/gymlog/test/undoable_delete_test.dart: showUndoableDelete shows snackbar, handles Undo, and commits on expire/hide
02:01 +774: C:/Users/Atharva Patil/Documents/projects/gymlog/test/undoable_delete_test.dart: showUndoableDelete shows snackbar, handles Undo, and commits on expire/hide
02:01 +775: C:/Users/Atharva Patil/Documents/projects/gymlog/test/undoable_delete_test.dart: showUndoableDelete shows snackbar, handles Undo, and commits on expire/hide
02:01 +776: C:/Users/Atharva Patil/Documents/projects/gymlog/test/undoable_delete_test.dart: showUndoableDelete shows snackbar, handles Undo, and commits on expire/hide
02:02 +777: C:/Users/Atharva Patil/Documents/projects/gymlog/test/undoable_delete_test.dart: showUndoableDelete shows snackbar, handles Undo, and commits on expire/hide
02:02 +778: C:/Users/Atharva Patil/Documents/projects/gymlog/test/undoable_delete_test.dart: showUndoableDelete shows snackbar, handles Undo, and commits on expire/hide
02:02 +779: C:/Users/Atharva Patil/Documents/projects/gymlog/test/undoable_delete_test.dart: showUndoableDelete shows snackbar, handles Undo, and commits on expire/hide
02:02 +780: C:/Users/Atharva Patil/Documents/projects/gymlog/test/undoable_delete_test.dart: showUndoableDelete shows snackbar, handles Undo, and commits on expire/hide
02:02 +781: C:/Users/Atharva Patil/Documents/projects/gymlog/test/undoable_delete_test.dart: showUndoableDelete shows snackbar, handles Undo, and commits on expire/hide
02:02 +782: C:/Users/Atharva Patil/Documents/projects/gymlog/test/undoable_delete_test.dart: showUndoableDelete shows snackbar, handles Undo, and commits on expire/hide
02:02 +783: C:/Users/Atharva Patil/Documents/projects/gymlog/test/undoable_delete_test.dart: showUndoableDelete shows snackbar, handles Undo, and commits on expire/hide
02:02 +784: C:/Users/Atharva Patil/Documents/projects/gymlog/test/undoable_delete_test.dart: showUndoableDelete shows snackbar, handles Undo, and commits on expire/hide
02:02 +785: C:/Users/Atharva Patil/Documents/projects/gymlog/test/undoable_delete_test.dart: showUndoableDelete shows snackbar, handles Undo, and commits on expire/hide
02:02 +786: C:/Users/Atharva Patil/Documents/projects/gymlog/test/undoable_delete_test.dart: showUndoableDelete shows snackbar, handles Undo, and commits on expire/hide
02:02 +787: C:/Users/Atharva Patil/Documents/projects/gymlog/test/undoable_delete_test.dart: showUndoableDelete shows snackbar, handles Undo, and commits on expire/hide
02:02 +788: C:/Users/Atharva Patil/Documents/projects/gymlog/test/undoable_delete_test.dart: showUndoableDelete shows snackbar, handles Undo, and commits on expire/hide
02:02 +789: C:/Users/Atharva Patil/Documents/projects/gymlog/test/undoable_delete_test.dart: showUndoableDelete shows snackbar, handles Undo, and commits on expire/hide
02:02 +790: C:/Users/Atharva Patil/Documents/projects/gymlog/test/undoable_delete_test.dart: showUndoableDelete shows snackbar, handles Undo, and commits on expire/hide
02:02 +791: C:/Users/Atharva Patil/Documents/projects/gymlog/test/undoable_delete_test.dart: showUndoableDelete shows snackbar, handles Undo, and commits on expire/hide
02:02 +792: C:/Users/Atharva Patil/Documents/projects/gymlog/test/undoable_delete_test.dart: showUndoableDelete shows snackbar, handles Undo, and commits on expire/hide
02:02 +793: C:/Users/Atharva Patil/Documents/projects/gymlog/test/undoable_delete_test.dart: showUndoableDelete shows snackbar, handles Undo, and commits on expire/hide
02:03 +794: C:/Users/Atharva Patil/Documents/projects/gymlog/test/undoable_delete_test.dart: showUndoableDelete shows snackbar, handles Undo, and commits on expire/hide
02:03 +795: C:/Users/Atharva Patil/Documents/projects/gymlog/test/upgrade/session_1_correctness_test.dart: workout detail volume converts once to pounds
02:03 +796: C:/Users/Atharva Patil/Documents/projects/gymlog/test/upgrade/session_1_correctness_test.dart: workout detail volume converts once to pounds
02:03 +797: C:/Users/Atharva Patil/Documents/projects/gymlog/test/upgrade/session_1_correctness_test.dart: workout detail volume converts once to pounds
02:03 +798: C:/Users/Atharva Patil/Documents/projects/gymlog/test/upgrade/session_1_correctness_test.dart: workout detail volume converts once to pounds
02:04 +799: C:/Users/Atharva Patil/Documents/projects/gymlog/test/upgrade/session_1_render_test.dart: header-weighted-higgsfield-1.0x-synthetic
02:04 +800: C:/Users/Atharva Patil/Documents/projects/gymlog/test/upgrade/session_1_correctness_test.dart: missing 1RM estimate never borrows the logged weight
02:04 +801: C:/Users/Atharva Patil/Documents/projects/gymlog/test/upgrade/session_1_correctness_test.dart: missing 1RM estimate never borrows the logged weight
02:04 +802: C:/Users/Atharva Patil/Documents/projects/gymlog/test/upgrade/session_1_render_test.dart: header-timed-higgsfield-1.0x-synthetic
02:05 +803: C:/Users/Atharva Patil/Documents/projects/gymlog/test/upgrade/session_1_correctness_test.dart: editing distance workout does not persist metres times seconds as kg volume
02:05 +804: C:/Users/Atharva Patil/Documents/projects/gymlog/test/upgrade/session_1_render_test.dart: header-distance-higgsfield-1.0x-synthetic
02:05 +805: C:/Users/Atharva Patil/Documents/projects/gymlog/test/upgrade/session_1_render_test.dart: header-distance-higgsfield-1.0x-synthetic
02:05 +806: C:/Users/Atharva Patil/Documents/projects/gymlog/test/upgrade/session_1_correctness_test.dart: finish review does not announce completion before save
02:05 +807: C:/Users/Atharva Patil/Documents/projects/gymlog/test/upgrade/session_1_correctness_test.dart: finish review does not announce completion before save
02:05 +808: C:/Users/Atharva Patil/Documents/projects/gymlog/test/upgrade/session_1_render_test.dart: finish-weighted-higgsfield-1.0x-synthetic
02:05 +809: C:/Users/Atharva Patil/Documents/projects/gymlog/test/upgrade/session_1_render_test.dart: finish-weighted-higgsfield-1.0x-synthetic
02:06 +810: C:/Users/Atharva Patil/Documents/projects/gymlog/test/weekly_goal_sheet_test.dart: showWeeklyGoalSheet selecting a day updates weeklyGoalProvider and closes sheet
02:06 +811: C:/Users/Atharva Patil/Documents/projects/gymlog/test/weekly_goal_sheet_test.dart: showWeeklyGoalSheet selecting a day updates weeklyGoalProvider and closes sheet
02:06 +812: C:/Users/Atharva Patil/Documents/projects/gymlog/test/weekly_goal_sheet_test.dart: showWeeklyGoalSheet selecting a day updates weeklyGoalProvider and closes sheet
02:06 +813: C:/Users/Atharva Patil/Documents/projects/gymlog/test/weekly_goal_sheet_test.dart: showWeeklyGoalSheet selecting a day updates weeklyGoalProvider and closes sheet
02:06 +814: C:/Users/Atharva Patil/Documents/projects/gymlog/test/weekly_goal_sheet_test.dart: showWeeklyGoalSheet selecting a day updates weeklyGoalProvider and closes sheet
02:06 +815: C:/Users/Atharva Patil/Documents/projects/gymlog/test/weekly_goal_sheet_test.dart: showWeeklyGoalSheet selecting a day updates weeklyGoalProvider and closes sheet
02:06 +816: C:/Users/Atharva Patil/Documents/projects/gymlog/test/weekly_goal_sheet_test.dart: showWeeklyGoalSheet selecting a day updates weeklyGoalProvider and closes sheet
02:06 +817: C:/Users/Atharva Patil/Documents/projects/gymlog/test/weekly_goal_sheet_test.dart: showWeeklyGoalSheet selecting a day updates weeklyGoalProvider and closes sheet
02:06 +818: C:/Users/Atharva Patil/Documents/projects/gymlog/test/weekly_goal_sheet_test.dart: showWeeklyGoalSheet selecting a day updates weeklyGoalProvider and closes sheet
02:06 +819: C:/Users/Atharva Patil/Documents/projects/gymlog/test/weekly_goal_sheet_test.dart: showWeeklyGoalSheet selecting a day updates weeklyGoalProvider and closes sheet
02:06 +820: C:/Users/Atharva Patil/Documents/projects/gymlog/test/weekly_goal_sheet_test.dart: showWeeklyGoalSheet selecting a day updates weeklyGoalProvider and closes sheet
02:06 +821: C:/Users/Atharva Patil/Documents/projects/gymlog/test/weekly_goal_sheet_test.dart: showWeeklyGoalSheet selecting a day updates weeklyGoalProvider and closes sheet
02:06 +822: C:/Users/Atharva Patil/Documents/projects/gymlog/test/weekly_goal_sheet_test.dart: showWeeklyGoalSheet selecting a day updates weeklyGoalProvider and closes sheet
02:07 +823: C:/Users/Atharva Patil/Documents/projects/gymlog/test/weekly_goal_sheet_test.dart: showWeeklyGoalSheet selecting a day updates weeklyGoalProvider and closes sheet
02:07 +824: C:/Users/Atharva Patil/Documents/projects/gymlog/test/weekly_goal_sheet_test.dart: showWeeklyGoalSheet selecting a day updates weeklyGoalProvider and closes sheet
02:07 +825: C:/Users/Atharva Patil/Documents/projects/gymlog/test/weekly_goal_sheet_test.dart: showWeeklyGoalSheet selecting a day updates weeklyGoalProvider and closes sheet
02:07 +826: C:/Users/Atharva Patil/Documents/projects/gymlog/test/weekly_goal_sheet_test.dart: showWeeklyGoalSheet selecting a day updates weeklyGoalProvider and closes sheet
02:07 +827: C:/Users/Atharva Patil/Documents/projects/gymlog/test/widget_test.dart: UI kit PrimaryButton renders label and fires onPressed
02:08 +828: C:/Users/Atharva Patil/Documents/projects/gymlog/test/widget_test.dart: UI kit PrimaryButton renders label and fires onPressed
02:08 +829: C:/Users/Atharva Patil/Documents/projects/gymlog/test/widget_test.dart: UI kit PrimaryButton renders label and fires onPressed
02:08 +830: C:/Users/Atharva Patil/Documents/projects/gymlog/test/widget_test.dart: UI kit PrimaryButton renders label and fires onPressed
02:08 +831: C:/Users/Atharva Patil/Documents/projects/gymlog/test/widget_test.dart: UI kit PrimaryButton renders label and fires onPressed
02:08 +832: C:/Users/Atharva Patil/Documents/projects/gymlog/test/widget_test.dart: UI kit PrimaryButton renders label and fires onPressed
02:08 +833: C:/Users/Atharva Patil/Documents/projects/gymlog/test/widget_test.dart: UI kit PrimaryButton renders label and fires onPressed
02:08 +834: C:/Users/Atharva Patil/Documents/projects/gymlog/test/upgrade/session_1_render_test.dart: detail-empty-higgsfield-1.0x-synthetic
02:08 +835: C:/Users/Atharva Patil/Documents/projects/gymlog/test/upgrade/session_1_render_test.dart: detail-empty-higgsfield-1.0x-synthetic
02:08 +835: C:/Users/Atharva Patil/Documents/projects/gymlog/test/workout_draft_store_test.dart: WorkoutDraftStore P0-03 Resilience & Persistence Suite corrupt JSON payload fails safely, clears storage, and returns null
[WorkoutDraftStore] Corrupted or invalid draft payload: FormatException: Unexpected character (at character 2)
{invalid_json_payload: [incomplete
 ^
. Clearing draft.
02:08 +836: C:/Users/Atharva Patil/Documents/projects/gymlog/test/upgrade/session_1_render_test.dart: detail-empty-higgsfield-1.0x-synthetic
02:08 +837: C:/Users/Atharva Patil/Documents/projects/gymlog/test/upgrade/session_1_render_test.dart: detail-empty-higgsfield-1.0x-synthetic
02:08 +837: C:/Users/Atharva Patil/Documents/projects/gymlog/test/workout_draft_store_test.dart: WorkoutDraftStore P0-03 Resilience & Persistence Suite draft belonging to user_A cannot be loaded by user_B
[WorkoutDraftStore] Ignoring draft from different user (user-A vs user-B)
02:08 +838: C:/Users/Atharva Patil/Documents/projects/gymlog/test/upgrade/session_1_render_test.dart: detail-empty-higgsfield-1.0x-synthetic
02:08 +838: C:/Users/Atharva Patil/Documents/projects/gymlog/test/workout_draft_store_test.dart: WorkoutDraftStore P0-03 Resilience & Persistence Suite draft older than 24 hours is treated as stale and auto-cleared
[WorkoutDraftStore] Draft expired (>24h), clearing.
02:08 +839: C:/Users/Atharva Patil/Documents/projects/gymlog/test/upgrade/session_1_render_test.dart: detail-empty-higgsfield-1.0x-synthetic
02:08 +840: C:/Users/Atharva Patil/Documents/projects/gymlog/test/widget_test.dart: UI kit TogglePill reflects active state
02:08 +841: C:/Users/Atharva Patil/Documents/projects/gymlog/test/upgrade/session_1_render_test.dart: exercise-higgsfield-1.0x-synthetic
02:08 +842: C:/Users/Atharva Patil/Documents/projects/gymlog/test/upgrade/session_1_render_test.dart: exercise-no-estimate-higgsfield-1.0x-synthetic
02:08 +843: C:/Users/Atharva Patil/Documents/projects/gymlog/test/upgrade/session_1_render_test.dart: progress-higgsfield-1.0x-synthetic
02:08 +844: C:/Users/Atharva Patil/Documents/projects/gymlog/test/upgrade/session_1_render_test.dart: progress-low-higgsfield-1.0x-synthetic
02:08 +845: C:/Users/Atharva Patil/Documents/projects/gymlog/test/upgrade/session_1_render_test.dart: progress-empty-higgsfield-1.0x-synthetic
02:09 +846: C:/Users/Atharva Patil/Documents/projects/gymlog/test/upgrade/session_1_render_test.dart: roles-higgsfield-1.0x-synthetic
02:09 +847: C:/Users/Atharva Patil/Documents/projects/gymlog/test/upgrade/session_1_render_test.dart: header-weighted-higgsfield-1.6x-synthetic
02:09 +848: C:/Users/Atharva Patil/Documents/projects/gymlog/test/upgrade/session_1_render_test.dart: header-reps-higgsfield-1.6x-synthetic
02:09 +849: C:/Users/Atharva Patil/Documents/projects/gymlog/test/upgrade/session_1_render_test.dart: header-timed-higgsfield-1.6x-synthetic
02:09 +850: C:/Users/Atharva Patil/Documents/projects/gymlog/test/upgrade/session_1_render_test.dart: header-distance-higgsfield-1.6x-synthetic
02:09 +851: C:/Users/Atharva Patil/Documents/projects/gymlog/test/upgrade/session_1_render_test.dart: header-empty-higgsfield-1.6x-synthetic
02:09 +852: C:/Users/Atharva Patil/Documents/projects/gymlog/test/upgrade/session_1_render_test.dart: finish-weighted-higgsfield-1.6x-synthetic
02:09 +853: C:/Users/Atharva Patil/Documents/projects/gymlog/test/workout_export_test.dart: exports v2 schema with 20 columns for completed sessions only
02:10 +854: C:/Users/Atharva Patil/Documents/projects/gymlog/test/workout_export_test.dart: exports v2 schema with 20 columns for completed sessions only
02:10 +855: C:/Users/Atharva Patil/Documents/projects/gymlog/test/upgrade/session_1_render_test.dart: finish-timed-higgsfield-1.6x-synthetic
02:10 +856: C:/Users/Atharva Patil/Documents/projects/gymlog/test/upgrade/session_1_render_test.dart: finish-timed-higgsfield-1.6x-synthetic
02:10 +857: C:/Users/Atharva Patil/Documents/projects/gymlog/test/upgrade/session_1_render_test.dart: finish-timed-higgsfield-1.6x-synthetic
02:10 +858: C:/Users/Atharva Patil/Documents/projects/gymlog/test/upgrade/session_1_render_test.dart: finish-timed-higgsfield-1.6x-synthetic
02:10 +859: C:/Users/Atharva Patil/Documents/projects/gymlog/test/upgrade/session_1_render_test.dart: finish-distance-higgsfield-1.6x-synthetic
02:10 +860: C:/Users/Atharva Patil/Documents/projects/gymlog/test/upgrade/session_1_render_test.dart: pr-higgsfield-1.6x-synthetic
02:10 +861: C:/Users/Atharva Patil/Documents/projects/gymlog/test/workout_hero_transition_test.dart: WorkoutHistoryCard renders Hero when enableHero is true and animations enabled
02:10 +862: C:/Users/Atharva Patil/Documents/projects/gymlog/test/workout_hero_transition_test.dart: WorkoutHistoryCard renders Hero when enableHero is true and animations enabled
02:10 +863: C:/Users/Atharva Patil/Documents/projects/gymlog/test/workout_hero_transition_test.dart: WorkoutHistoryCard renders Hero when enableHero is true and animations enabled
02:10 +864: C:/Users/Atharva Patil/Documents/projects/gymlog/test/workout_hero_transition_test.dart: WorkoutHistoryCard renders Hero when enableHero is true and animations enabled
02:10 +865: C:/Users/Atharva Patil/Documents/projects/gymlog/test/workout_hero_transition_test.dart: WorkoutHistoryCard renders Hero when enableHero is true and animations enabled
02:10 +866: C:/Users/Atharva Patil/Documents/projects/gymlog/test/workout_hero_transition_test.dart: WorkoutHistoryCard renders Hero when enableHero is true and animations enabled
02:10 +867: C:/Users/Atharva Patil/Documents/projects/gymlog/test/workout_hero_transition_test.dart: WorkoutHistoryCard renders Hero when enableHero is true and animations enabled
02:10 +868: C:/Users/Atharva Patil/Documents/projects/gymlog/test/workout_hero_transition_test.dart: WorkoutHistoryCard renders Hero when enableHero is true and animations enabled
02:10 +869: C:/Users/Atharva Patil/Documents/projects/gymlog/test/workout_hero_transition_test.dart: WorkoutHistoryCard renders Hero when enableHero is true and animations enabled
02:10 +870: C:/Users/Atharva Patil/Documents/projects/gymlog/test/workout_hero_transition_test.dart: WorkoutHistoryCard renders Hero when enableHero is true and animations enabled
02:10 +871: C:/Users/Atharva Patil/Documents/projects/gymlog/test/workout_hero_transition_test.dart: WorkoutHistoryCard renders Hero when enableHero is true and animations enabled
02:11 +872: C:/Users/Atharva Patil/Documents/projects/gymlog/test/workout_hero_transition_test.dart: WorkoutHistoryCard renders Hero when enableHero is true and animations enabled
02:11 +873: C:/Users/Atharva Patil/Documents/projects/gymlog/test/workout_hero_transition_test.dart: WorkoutHistoryCard renders Hero when enableHero is true and animations enabled
02:11 +874: C:/Users/Atharva Patil/Documents/projects/gymlog/test/workout_hero_transition_test.dart: WorkoutHistoryCard renders Hero when enableHero is true and animations enabled
02:11 +875: C:/Users/Atharva Patil/Documents/projects/gymlog/test/workout_hero_transition_test.dart: WorkoutHistoryCard renders Hero when enableHero is true and animations enabled
02:11 +876: C:/Users/Atharva Patil/Documents/projects/gymlog/test/upgrade/session_1_render_test.dart: progress-empty-higgsfield-1.6x-synthetic
02:11 +877: C:/Users/Atharva Patil/Documents/projects/gymlog/test/workout_hero_transition_test.dart: WorkoutHistoryCard does NOT render Hero when enableHero is false
02:11 +878: C:/Users/Atharva Patil/Documents/projects/gymlog/test/upgrade/session_1_render_test.dart: roles-higgsfield-1.6x-synthetic
02:11 +879: C:/Users/Atharva Patil/Documents/projects/gymlog/test/workout_hero_transition_test.dart: WorkoutHeroSliver renders Hero when workoutId is present and animations enabled
02:11 +880: C:/Users/Atharva Patil/Documents/projects/gymlog/test/workout_hero_transition_test.dart: WorkoutHeroSliver renders Hero when workoutId is present and animations enabled
02:11 +881: C:/Users/Atharva Patil/Documents/projects/gymlog/test/workout_hero_transition_test.dart: WorkoutHeroSliver renders Hero when workoutId is present and animations enabled
02:11 +882: C:/Users/Atharva Patil/Documents/projects/gymlog/test/upgrade/session_1_render_test.dart: header-timed-neonPurple-1.0x-synthetic
02:11 +883: C:/Users/Atharva Patil/Documents/projects/gymlog/test/workout_hero_transition_test.dart: WorkoutHeroSliver does NOT render Hero when workoutId is null
02:11 +884: C:/Users/Atharva Patil/Documents/projects/gymlog/test/upgrade/session_1_render_test.dart: header-distance-neonPurple-1.0x-synthetic
02:11 +885: C:/Users/Atharva Patil/Documents/projects/gymlog/test/upgrade/session_1_render_test.dart: header-empty-neonPurple-1.0x-synthetic
02:11 +886: C:/Users/Atharva Patil/Documents/projects/gymlog/test/upgrade/session_1_render_test.dart: finish-weighted-neonPurple-1.0x-synthetic
02:11 +887: C:/Users/Atharva Patil/Documents/projects/gymlog/test/upgrade/session_1_render_test.dart: finish-reps-neonPurple-1.0x-synthetic
02:12 +888: C:/Users/Atharva Patil/Documents/projects/gymlog/test/upgrade/session_1_render_test.dart: finish-timed-neonPurple-1.0x-synthetic
02:12 +889: C:/Users/Atharva Patil/Documents/projects/gymlog/test/upgrade/session_1_render_test.dart: finish-distance-neonPurple-1.0x-synthetic
02:12 +890: C:/Users/Atharva Patil/Documents/projects/gymlog/test/upgrade/session_1_render_test.dart: pr-neonPurple-1.0x-synthetic
02:12 +891: C:/Users/Atharva Patil/Documents/projects/gymlog/test/upgrade/session_1_render_test.dart: share-monument-neonPurple-1.0x-synthetic
02:12 +892: C:/Users/Atharva Patil/Documents/projects/gymlog/test/upgrade/session_1_render_test.dart: share-technical-neonPurple-1.0x-synthetic
02:12 +893: C:/Users/Atharva Patil/Documents/projects/gymlog/test/upgrade/session_1_render_test.dart: share-sticker-neonPurple-1.0x-synthetic
02:12 +894: C:/Users/Atharva Patil/Documents/projects/gymlog/test/upgrade/session_1_render_test.dart: detail-neonPurple-1.0x-synthetic
02:12 +895: C:/Users/Atharva Patil/Documents/projects/gymlog/test/upgrade/session_1_render_test.dart: detail-error-neonPurple-1.0x-synthetic
02:12 +896: C:/Users/Atharva Patil/Documents/projects/gymlog/test/upgrade/session_1_render_test.dart: detail-empty-neonPurple-1.0x-synthetic
02:12 +897: C:/Users/Atharva Patil/Documents/projects/gymlog/test/upgrade/session_1_render_test.dart: exercise-neonPurple-1.0x-synthetic
02:12 +898: C:/Users/Atharva Patil/Documents/projects/gymlog/test/upgrade/session_1_render_test.dart: exercise-no-estimate-neonPurple-1.0x-synthetic
02:13 +899: C:/Users/Atharva Patil/Documents/projects/gymlog/test/upgrade/session_1_render_test.dart: progress-neonPurple-1.0x-synthetic
02:13 +900: C:/Users/Atharva Patil/Documents/projects/gymlog/test/upgrade/session_1_render_test.dart: progress-low-neonPurple-1.0x-synthetic
02:13 +901: C:/Users/Atharva Patil/Documents/projects/gymlog/test/upgrade/session_1_render_test.dart: progress-empty-neonPurple-1.0x-synthetic
02:13 +902: C:/Users/Atharva Patil/Documents/projects/gymlog/test/upgrade/session_1_render_test.dart: roles-neonPurple-1.0x-synthetic
02:13 +903: C:/Users/Atharva Patil/Documents/projects/gymlog/test/upgrade/session_1_render_test.dart: header-weighted-neonPurple-1.6x-synthetic
02:13 +904: C:/Users/Atharva Patil/Documents/projects/gymlog/test/upgrade/session_1_render_test.dart: header-reps-neonPurple-1.6x-synthetic
02:13 +905: C:/Users/Atharva Patil/Documents/projects/gymlog/test/upgrade/session_1_render_test.dart: header-timed-neonPurple-1.6x-synthetic
02:13 +906: C:/Users/Atharva Patil/Documents/projects/gymlog/test/upgrade/session_1_render_test.dart: header-distance-neonPurple-1.6x-synthetic
02:13 +907: C:/Users/Atharva Patil/Documents/projects/gymlog/test/upgrade/session_1_render_test.dart: header-empty-neonPurple-1.6x-synthetic
02:13 +908: C:/Users/Atharva Patil/Documents/projects/gymlog/test/upgrade/session_1_render_test.dart: finish-weighted-neonPurple-1.6x-synthetic
02:13 +909: C:/Users/Atharva Patil/Documents/projects/gymlog/test/upgrade/session_1_render_test.dart: finish-reps-neonPurple-1.6x-synthetic
02:13 +910: C:/Users/Atharva Patil/Documents/projects/gymlog/test/upgrade/session_1_render_test.dart: finish-timed-neonPurple-1.6x-synthetic
02:13 +911: C:/Users/Atharva Patil/Documents/projects/gymlog/test/upgrade/session_1_render_test.dart: finish-distance-neonPurple-1.6x-synthetic
02:13 +912: C:/Users/Atharva Patil/Documents/projects/gymlog/test/upgrade/session_1_render_test.dart: pr-neonPurple-1.6x-synthetic
02:14 +913: C:/Users/Atharva Patil/Documents/projects/gymlog/test/upgrade/session_1_render_test.dart: share-monument-neonPurple-1.6x-synthetic
02:14 +914: C:/Users/Atharva Patil/Documents/projects/gymlog/test/upgrade/session_1_render_test.dart: share-technical-neonPurple-1.6x-synthetic
02:14 +915: C:/Users/Atharva Patil/Documents/projects/gymlog/test/upgrade/session_1_render_test.dart: share-sticker-neonPurple-1.6x-synthetic
02:14 +916: C:/Users/Atharva Patil/Documents/projects/gymlog/test/upgrade/session_1_render_test.dart: detail-neonPurple-1.6x-synthetic
02:14 +917: C:/Users/Atharva Patil/Documents/projects/gymlog/test/upgrade/session_1_render_test.dart: detail-error-neonPurple-1.6x-synthetic
02:14 +918: C:/Users/Atharva Patil/Documents/projects/gymlog/test/upgrade/session_1_render_test.dart: detail-empty-neonPurple-1.6x-synthetic
02:14 +919: C:/Users/Atharva Patil/Documents/projects/gymlog/test/upgrade/session_1_render_test.dart: exercise-neonPurple-1.6x-synthetic
02:14 +920: C:/Users/Atharva Patil/Documents/projects/gymlog/test/upgrade/session_1_render_test.dart: exercise-no-estimate-neonPurple-1.6x-synthetic
02:14 +921: C:/Users/Atharva Patil/Documents/projects/gymlog/test/upgrade/session_1_render_test.dart: progress-neonPurple-1.6x-synthetic
02:14 +922: C:/Users/Atharva Patil/Documents/projects/gymlog/test/upgrade/session_1_render_test.dart: progress-low-neonPurple-1.6x-synthetic
02:14 +923: C:/Users/Atharva Patil/Documents/projects/gymlog/test/upgrade/session_1_render_test.dart: progress-empty-neonPurple-1.6x-synthetic
02:14 +924: C:/Users/Atharva Patil/Documents/projects/gymlog/test/upgrade/session_1_render_test.dart: roles-neonPurple-1.6x-synthetic
02:14 +925: C:/Users/Atharva Patil/Documents/projects/gymlog/test/upgrade/session_1_render_test.dart: header-weighted-white-1.0x-synthetic
02:14 +926: C:/Users/Atharva Patil/Documents/projects/gymlog/test/upgrade/session_1_render_test.dart: header-reps-white-1.0x-synthetic
02:14 +927: C:/Users/Atharva Patil/Documents/projects/gymlog/test/upgrade/session_1_render_test.dart: header-timed-white-1.0x-synthetic
02:14 +928: C:/Users/Atharva Patil/Documents/projects/gymlog/test/upgrade/session_1_render_test.dart: header-distance-white-1.0x-synthetic
02:14 +929: C:/Users/Atharva Patil/Documents/projects/gymlog/test/upgrade/session_1_render_test.dart: header-empty-white-1.0x-synthetic
02:14 +930: C:/Users/Atharva Patil/Documents/projects/gymlog/test/upgrade/session_1_render_test.dart: finish-weighted-white-1.0x-synthetic
02:15 +931: C:/Users/Atharva Patil/Documents/projects/gymlog/test/upgrade/session_1_render_test.dart: finish-reps-white-1.0x-synthetic
02:15 +932: C:/Users/Atharva Patil/Documents/projects/gymlog/test/upgrade/session_1_render_test.dart: finish-timed-white-1.0x-synthetic
02:15 +933: C:/Users/Atharva Patil/Documents/projects/gymlog/test/upgrade/session_1_render_test.dart: finish-distance-white-1.0x-synthetic
02:15 +934: C:/Users/Atharva Patil/Documents/projects/gymlog/test/upgrade/session_1_render_test.dart: pr-white-1.0x-synthetic
02:15 +935: C:/Users/Atharva Patil/Documents/projects/gymlog/test/upgrade/session_1_render_test.dart: share-monument-white-1.0x-synthetic
02:15 +936: C:/Users/Atharva Patil/Documents/projects/gymlog/test/upgrade/session_1_render_test.dart: share-technical-white-1.0x-synthetic
02:15 +937: C:/Users/Atharva Patil/Documents/projects/gymlog/test/upgrade/session_1_render_test.dart: share-sticker-white-1.0x-synthetic
02:15 +938: C:/Users/Atharva Patil/Documents/projects/gymlog/test/upgrade/session_1_render_test.dart: detail-white-1.0x-synthetic
02:15 +939: C:/Users/Atharva Patil/Documents/projects/gymlog/test/upgrade/session_1_render_test.dart: detail-error-white-1.0x-synthetic
02:15 +940: C:/Users/Atharva Patil/Documents/projects/gymlog/test/upgrade/session_1_render_test.dart: detail-empty-white-1.0x-synthetic
02:15 +941: C:/Users/Atharva Patil/Documents/projects/gymlog/test/upgrade/session_1_render_test.dart: exercise-white-1.0x-synthetic
02:15 +942: C:/Users/Atharva Patil/Documents/projects/gymlog/test/upgrade/session_1_render_test.dart: exercise-no-estimate-white-1.0x-synthetic
02:15 +943: C:/Users/Atharva Patil/Documents/projects/gymlog/test/upgrade/session_1_render_test.dart: progress-white-1.0x-synthetic
02:15 +944: C:/Users/Atharva Patil/Documents/projects/gymlog/test/upgrade/session_1_render_test.dart: progress-low-white-1.0x-synthetic
02:15 +945: C:/Users/Atharva Patil/Documents/projects/gymlog/test/upgrade/session_1_render_test.dart: progress-empty-white-1.0x-synthetic
02:15 +946: C:/Users/Atharva Patil/Documents/projects/gymlog/test/upgrade/session_1_render_test.dart: roles-white-1.0x-synthetic
02:15 +947: C:/Users/Atharva Patil/Documents/projects/gymlog/test/upgrade/session_1_render_test.dart: header-weighted-white-1.6x-synthetic
02:16 +948: C:/Users/Atharva Patil/Documents/projects/gymlog/test/upgrade/session_1_render_test.dart: header-reps-white-1.6x-synthetic
02:16 +949: C:/Users/Atharva Patil/Documents/projects/gymlog/test/upgrade/session_1_render_test.dart: header-timed-white-1.6x-synthetic
02:16 +950: C:/Users/Atharva Patil/Documents/projects/gymlog/test/upgrade/session_1_render_test.dart: header-distance-white-1.6x-synthetic
02:16 +951: C:/Users/Atharva Patil/Documents/projects/gymlog/test/upgrade/session_1_render_test.dart: header-empty-white-1.6x-synthetic
02:16 +952: C:/Users/Atharva Patil/Documents/projects/gymlog/test/upgrade/session_1_render_test.dart: finish-weighted-white-1.6x-synthetic
02:16 +953: C:/Users/Atharva Patil/Documents/projects/gymlog/test/upgrade/session_1_render_test.dart: finish-reps-white-1.6x-synthetic
02:16 +954: C:/Users/Atharva Patil/Documents/projects/gymlog/test/upgrade/session_1_render_test.dart: finish-timed-white-1.6x-synthetic
02:16 +955: C:/Users/Atharva Patil/Documents/projects/gymlog/test/upgrade/session_1_render_test.dart: finish-distance-white-1.6x-synthetic
02:16 +956: C:/Users/Atharva Patil/Documents/projects/gymlog/test/upgrade/session_1_render_test.dart: pr-white-1.6x-synthetic
02:16 +957: C:/Users/Atharva Patil/Documents/projects/gymlog/test/upgrade/session_1_render_test.dart: share-monument-white-1.6x-synthetic
02:16 +958: C:/Users/Atharva Patil/Documents/projects/gymlog/test/upgrade/session_1_render_test.dart: share-technical-white-1.6x-synthetic
02:16 +959: C:/Users/Atharva Patil/Documents/projects/gymlog/test/upgrade/session_1_render_test.dart: share-sticker-white-1.6x-synthetic
02:16 +960: C:/Users/Atharva Patil/Documents/projects/gymlog/test/upgrade/session_1_render_test.dart: detail-white-1.6x-synthetic
02:16 +961: C:/Users/Atharva Patil/Documents/projects/gymlog/test/upgrade/session_1_render_test.dart: detail-error-white-1.6x-synthetic
02:16 +962: C:/Users/Atharva Patil/Documents/projects/gymlog/test/upgrade/session_1_render_test.dart: detail-empty-white-1.6x-synthetic
02:16 +963: C:/Users/Atharva Patil/Documents/projects/gymlog/test/upgrade/session_1_render_test.dart: exercise-white-1.6x-synthetic
02:17 +964: C:/Users/Atharva Patil/Documents/projects/gymlog/test/upgrade/session_1_render_test.dart: exercise-no-estimate-white-1.6x-synthetic
02:17 +965: C:/Users/Atharva Patil/Documents/projects/gymlog/test/upgrade/session_1_render_test.dart: progress-white-1.6x-synthetic
02:17 +966: C:/Users/Atharva Patil/Documents/projects/gymlog/test/upgrade/session_1_render_test.dart: progress-low-white-1.6x-synthetic
02:17 +967: C:/Users/Atharva Patil/Documents/projects/gymlog/test/upgrade/session_1_render_test.dart: progress-empty-white-1.6x-synthetic
02:17 +968: C:/Users/Atharva Patil/Documents/projects/gymlog/test/upgrade/session_1_render_test.dart: roles-white-1.6x-synthetic
02:17 +969: C:/Users/Atharva Patil/Documents/projects/gymlog/test/upgrade/session_1_render_test.dart: header-weighted-neonCyan-1.0x-synthetic
02:17 +970: C:/Users/Atharva Patil/Documents/projects/gymlog/test/upgrade/session_1_render_test.dart: header-reps-neonCyan-1.0x-synthetic
02:17 +971: C:/Users/Atharva Patil/Documents/projects/gymlog/test/upgrade/session_1_render_test.dart: header-timed-neonCyan-1.0x-synthetic
02:17 +972: C:/Users/Atharva Patil/Documents/projects/gymlog/test/upgrade/session_1_render_test.dart: header-distance-neonCyan-1.0x-synthetic
02:17 +973: C:/Users/Atharva Patil/Documents/projects/gymlog/test/upgrade/session_1_render_test.dart: header-empty-neonCyan-1.0x-synthetic
02:17 +974: C:/Users/Atharva Patil/Documents/projects/gymlog/test/upgrade/session_1_render_test.dart: finish-weighted-neonCyan-1.0x-synthetic
02:17 +975: C:/Users/Atharva Patil/Documents/projects/gymlog/test/upgrade/session_1_render_test.dart: finish-reps-neonCyan-1.0x-synthetic
02:17 +976: C:/Users/Atharva Patil/Documents/projects/gymlog/test/upgrade/session_1_render_test.dart: finish-timed-neonCyan-1.0x-synthetic
02:17 +977: C:/Users/Atharva Patil/Documents/projects/gymlog/test/upgrade/session_1_render_test.dart: finish-distance-neonCyan-1.0x-synthetic
02:17 +978: C:/Users/Atharva Patil/Documents/projects/gymlog/test/upgrade/session_1_render_test.dart: pr-neonCyan-1.0x-synthetic
02:17 +979: C:/Users/Atharva Patil/Documents/projects/gymlog/test/upgrade/session_1_render_test.dart: share-monument-neonCyan-1.0x-synthetic
02:17 +980: C:/Users/Atharva Patil/Documents/projects/gymlog/test/upgrade/session_1_render_test.dart: share-technical-neonCyan-1.0x-synthetic
02:17 +981: C:/Users/Atharva Patil/Documents/projects/gymlog/test/upgrade/session_1_render_test.dart: share-sticker-neonCyan-1.0x-synthetic
02:17 +982: C:/Users/Atharva Patil/Documents/projects/gymlog/test/upgrade/session_1_render_test.dart: detail-neonCyan-1.0x-synthetic
02:18 +983: C:/Users/Atharva Patil/Documents/projects/gymlog/test/upgrade/session_1_render_test.dart: detail-error-neonCyan-1.0x-synthetic
02:18 +984: C:/Users/Atharva Patil/Documents/projects/gymlog/test/upgrade/session_1_render_test.dart: detail-empty-neonCyan-1.0x-synthetic
02:18 +985: C:/Users/Atharva Patil/Documents/projects/gymlog/test/upgrade/session_1_render_test.dart: exercise-neonCyan-1.0x-synthetic
02:18 +986: C:/Users/Atharva Patil/Documents/projects/gymlog/test/upgrade/session_1_render_test.dart: exercise-no-estimate-neonCyan-1.0x-synthetic
02:18 +987: C:/Users/Atharva Patil/Documents/projects/gymlog/test/upgrade/session_1_render_test.dart: progress-neonCyan-1.0x-synthetic
02:18 +988: C:/Users/Atharva Patil/Documents/projects/gymlog/test/upgrade/session_1_render_test.dart: progress-low-neonCyan-1.0x-synthetic
02:18 +989: C:/Users/Atharva Patil/Documents/projects/gymlog/test/upgrade/session_1_render_test.dart: progress-empty-neonCyan-1.0x-synthetic
02:18 +990: C:/Users/Atharva Patil/Documents/projects/gymlog/test/upgrade/session_1_render_test.dart: roles-neonCyan-1.0x-synthetic
02:18 +991: C:/Users/Atharva Patil/Documents/projects/gymlog/test/upgrade/session_1_render_test.dart: header-weighted-neonCyan-1.6x-synthetic
02:18 +992: C:/Users/Atharva Patil/Documents/projects/gymlog/test/upgrade/session_1_render_test.dart: header-reps-neonCyan-1.6x-synthetic
02:18 +993: C:/Users/Atharva Patil/Documents/projects/gymlog/test/upgrade/session_1_render_test.dart: header-timed-neonCyan-1.6x-synthetic
02:18 +994: C:/Users/Atharva Patil/Documents/projects/gymlog/test/upgrade/session_1_render_test.dart: header-distance-neonCyan-1.6x-synthetic
02:18 +995: C:/Users/Atharva Patil/Documents/projects/gymlog/test/upgrade/session_1_render_test.dart: header-empty-neonCyan-1.6x-synthetic
02:18 +996: C:/Users/Atharva Patil/Documents/projects/gymlog/test/upgrade/session_1_render_test.dart: finish-weighted-neonCyan-1.6x-synthetic
02:18 +997: C:/Users/Atharva Patil/Documents/projects/gymlog/test/upgrade/session_1_render_test.dart: finish-reps-neonCyan-1.6x-synthetic
02:18 +998: C:/Users/Atharva Patil/Documents/projects/gymlog/test/upgrade/session_1_render_test.dart: finish-timed-neonCyan-1.6x-synthetic
02:18 +999: C:/Users/Atharva Patil/Documents/projects/gymlog/test/upgrade/session_1_render_test.dart: finish-distance-neonCyan-1.6x-synthetic
02:18 +1000: C:/Users/Atharva Patil/Documents/projects/gymlog/test/upgrade/session_1_render_test.dart: pr-neonCyan-1.6x-synthetic
02:18 +1001: C:/Users/Atharva Patil/Documents/projects/gymlog/test/upgrade/session_1_render_test.dart: share-monument-neonCyan-1.6x-synthetic
02:19 +1002: C:/Users/Atharva Patil/Documents/projects/gymlog/test/upgrade/session_1_render_test.dart: share-technical-neonCyan-1.6x-synthetic
02:19 +1003: C:/Users/Atharva Patil/Documents/projects/gymlog/test/upgrade/session_1_render_test.dart: share-sticker-neonCyan-1.6x-synthetic
02:19 +1004: C:/Users/Atharva Patil/Documents/projects/gymlog/test/upgrade/session_1_render_test.dart: detail-neonCyan-1.6x-synthetic
02:19 +1005: C:/Users/Atharva Patil/Documents/projects/gymlog/test/upgrade/session_1_render_test.dart: detail-error-neonCyan-1.6x-synthetic
02:19 +1006: C:/Users/Atharva Patil/Documents/projects/gymlog/test/upgrade/session_1_render_test.dart: detail-empty-neonCyan-1.6x-synthetic
02:19 +1007: C:/Users/Atharva Patil/Documents/projects/gymlog/test/upgrade/session_1_render_test.dart: exercise-neonCyan-1.6x-synthetic
02:19 +1008: C:/Users/Atharva Patil/Documents/projects/gymlog/test/upgrade/session_1_render_test.dart: exercise-no-estimate-neonCyan-1.6x-synthetic
02:19 +1009: C:/Users/Atharva Patil/Documents/projects/gymlog/test/upgrade/session_1_render_test.dart: progress-neonCyan-1.6x-synthetic
02:19 +1010: C:/Users/Atharva Patil/Documents/projects/gymlog/test/upgrade/session_1_render_test.dart: progress-low-neonCyan-1.6x-synthetic
02:19 +1011: C:/Users/Atharva Patil/Documents/projects/gymlog/test/upgrade/session_1_render_test.dart: progress-empty-neonCyan-1.6x-synthetic
02:19 +1012: C:/Users/Atharva Patil/Documents/projects/gymlog/test/upgrade/session_1_render_test.dart: roles-neonCyan-1.6x-synthetic
02:19 +1013: C:/Users/Atharva Patil/Documents/projects/gymlog/test/upgrade/session_1_render_test.dart: header-weighted-neonMagenta-1.0x-synthetic
02:19 +1014: C:/Users/Atharva Patil/Documents/projects/gymlog/test/upgrade/session_1_render_test.dart: header-reps-neonMagenta-1.0x-synthetic
02:19 +1015: C:/Users/Atharva Patil/Documents/projects/gymlog/test/upgrade/session_1_render_test.dart: header-timed-neonMagenta-1.0x-synthetic
02:19 +1016: C:/Users/Atharva Patil/Documents/projects/gymlog/test/upgrade/session_1_render_test.dart: header-distance-neonMagenta-1.0x-synthetic
02:19 +1017: C:/Users/Atharva Patil/Documents/projects/gymlog/test/upgrade/session_1_render_test.dart: header-empty-neonMagenta-1.0x-synthetic
02:19 +1018: C:/Users/Atharva Patil/Documents/projects/gymlog/test/upgrade/session_1_render_test.dart: finish-weighted-neonMagenta-1.0x-synthetic
02:19 +1019: C:/Users/Atharva Patil/Documents/projects/gymlog/test/upgrade/session_1_render_test.dart: finish-reps-neonMagenta-1.0x-synthetic
02:19 +1020: C:/Users/Atharva Patil/Documents/projects/gymlog/test/upgrade/session_1_render_test.dart: finish-timed-neonMagenta-1.0x-synthetic
02:20 +1021: C:/Users/Atharva Patil/Documents/projects/gymlog/test/upgrade/session_1_render_test.dart: finish-distance-neonMagenta-1.0x-synthetic
02:20 +1022: C:/Users/Atharva Patil/Documents/projects/gymlog/test/upgrade/session_1_render_test.dart: pr-neonMagenta-1.0x-synthetic
02:20 +1023: C:/Users/Atharva Patil/Documents/projects/gymlog/test/upgrade/session_1_render_test.dart: share-monument-neonMagenta-1.0x-synthetic
02:20 +1024: C:/Users/Atharva Patil/Documents/projects/gymlog/test/upgrade/session_1_render_test.dart: share-technical-neonMagenta-1.0x-synthetic
02:20 +1025: C:/Users/Atharva Patil/Documents/projects/gymlog/test/upgrade/session_1_render_test.dart: share-sticker-neonMagenta-1.0x-synthetic
02:20 +1026: C:/Users/Atharva Patil/Documents/projects/gymlog/test/upgrade/session_1_render_test.dart: detail-neonMagenta-1.0x-synthetic
02:20 +1027: C:/Users/Atharva Patil/Documents/projects/gymlog/test/upgrade/session_1_render_test.dart: detail-error-neonMagenta-1.0x-synthetic
02:20 +1028: C:/Users/Atharva Patil/Documents/projects/gymlog/test/upgrade/session_1_render_test.dart: detail-empty-neonMagenta-1.0x-synthetic
02:20 +1029: C:/Users/Atharva Patil/Documents/projects/gymlog/test/upgrade/session_1_render_test.dart: exercise-neonMagenta-1.0x-synthetic
02:20 +1030: C:/Users/Atharva Patil/Documents/projects/gymlog/test/upgrade/session_1_render_test.dart: exercise-no-estimate-neonMagenta-1.0x-synthetic
02:20 +1031: C:/Users/Atharva Patil/Documents/projects/gymlog/test/upgrade/session_1_render_test.dart: progress-neonMagenta-1.0x-synthetic
02:20 +1032: C:/Users/Atharva Patil/Documents/projects/gymlog/test/upgrade/session_1_render_test.dart: progress-low-neonMagenta-1.0x-synthetic
02:20 +1033: C:/Users/Atharva Patil/Documents/projects/gymlog/test/upgrade/session_1_render_test.dart: progress-empty-neonMagenta-1.0x-synthetic
02:20 +1034: C:/Users/Atharva Patil/Documents/projects/gymlog/test/upgrade/session_1_render_test.dart: roles-neonMagenta-1.0x-synthetic
02:20 +1035: C:/Users/Atharva Patil/Documents/projects/gymlog/test/upgrade/session_1_render_test.dart: header-weighted-neonMagenta-1.6x-synthetic
02:20 +1036: C:/Users/Atharva Patil/Documents/projects/gymlog/test/upgrade/session_1_render_test.dart: header-reps-neonMagenta-1.6x-synthetic
02:20 +1037: C:/Users/Atharva Patil/Documents/projects/gymlog/test/upgrade/session_1_render_test.dart: header-timed-neonMagenta-1.6x-synthetic
02:20 +1038: C:/Users/Atharva Patil/Documents/projects/gymlog/test/upgrade/session_1_render_test.dart: header-distance-neonMagenta-1.6x-synthetic
02:20 +1039: C:/Users/Atharva Patil/Documents/projects/gymlog/test/upgrade/session_1_render_test.dart: header-empty-neonMagenta-1.6x-synthetic
02:20 +1040: C:/Users/Atharva Patil/Documents/projects/gymlog/test/upgrade/session_1_render_test.dart: finish-weighted-neonMagenta-1.6x-synthetic
02:20 +1041: C:/Users/Atharva Patil/Documents/projects/gymlog/test/upgrade/session_1_render_test.dart: finish-reps-neonMagenta-1.6x-synthetic
02:21 +1042: C:/Users/Atharva Patil/Documents/projects/gymlog/test/upgrade/session_1_render_test.dart: finish-timed-neonMagenta-1.6x-synthetic
02:21 +1043: C:/Users/Atharva Patil/Documents/projects/gymlog/test/upgrade/session_1_render_test.dart: finish-distance-neonMagenta-1.6x-synthetic
02:21 +1044: C:/Users/Atharva Patil/Documents/projects/gymlog/test/upgrade/session_1_render_test.dart: pr-neonMagenta-1.6x-synthetic
02:21 +1045: C:/Users/Atharva Patil/Documents/projects/gymlog/test/upgrade/session_1_render_test.dart: share-monument-neonMagenta-1.6x-synthetic
02:21 +1046: C:/Users/Atharva Patil/Documents/projects/gymlog/test/upgrade/session_1_render_test.dart: share-technical-neonMagenta-1.6x-synthetic
02:21 +1047: C:/Users/Atharva Patil/Documents/projects/gymlog/test/upgrade/session_1_render_test.dart: share-sticker-neonMagenta-1.6x-synthetic
02:21 +1048: C:/Users/Atharva Patil/Documents/projects/gymlog/test/upgrade/session_1_render_test.dart: detail-neonMagenta-1.6x-synthetic
02:21 +1049: C:/Users/Atharva Patil/Documents/projects/gymlog/test/upgrade/session_1_render_test.dart: detail-error-neonMagenta-1.6x-synthetic
02:21 +1050: C:/Users/Atharva Patil/Documents/projects/gymlog/test/upgrade/session_1_render_test.dart: detail-empty-neonMagenta-1.6x-synthetic
02:21 +1051: C:/Users/Atharva Patil/Documents/projects/gymlog/test/upgrade/session_1_render_test.dart: exercise-neonMagenta-1.6x-synthetic
02:21 +1052: C:/Users/Atharva Patil/Documents/projects/gymlog/test/upgrade/session_1_render_test.dart: exercise-no-estimate-neonMagenta-1.6x-synthetic
02:21 +1053: C:/Users/Atharva Patil/Documents/projects/gymlog/test/upgrade/session_1_render_test.dart: progress-neonMagenta-1.6x-synthetic
02:21 +1054: C:/Users/Atharva Patil/Documents/projects/gymlog/test/upgrade/session_1_render_test.dart: progress-low-neonMagenta-1.6x-synthetic
02:21 +1055: C:/Users/Atharva Patil/Documents/projects/gymlog/test/upgrade/session_1_render_test.dart: progress-empty-neonMagenta-1.6x-synthetic
02:21 +1056: C:/Users/Atharva Patil/Documents/projects/gymlog/test/upgrade/session_1_render_test.dart: roles-neonMagenta-1.6x-synthetic
02:21 +1057: C:/Users/Atharva Patil/Documents/projects/gymlog/test/upgrade/session_1_render_test.dart: header-weighted-blazeOrange-1.0x-synthetic
02:21 +1058: C:/Users/Atharva Patil/Documents/projects/gymlog/test/upgrade/session_1_render_test.dart: header-reps-blazeOrange-1.0x-synthetic
02:21 +1059: C:/Users/Atharva Patil/Documents/projects/gymlog/test/upgrade/session_1_render_test.dart: header-timed-blazeOrange-1.0x-synthetic
02:21 +1060: C:/Users/Atharva Patil/Documents/projects/gymlog/test/upgrade/session_1_render_test.dart: header-distance-blazeOrange-1.0x-synthetic
02:21 +1061: C:/Users/Atharva Patil/Documents/projects/gymlog/test/upgrade/session_1_render_test.dart: header-empty-blazeOrange-1.0x-synthetic
02:21 +1062: C:/Users/Atharva Patil/Documents/projects/gymlog/test/upgrade/session_1_render_test.dart: finish-weighted-blazeOrange-1.0x-synthetic
02:22 +1063: C:/Users/Atharva Patil/Documents/projects/gymlog/test/upgrade/session_1_render_test.dart: finish-reps-blazeOrange-1.0x-synthetic
02:22 +1064: C:/Users/Atharva Patil/Documents/projects/gymlog/test/upgrade/session_1_render_test.dart: finish-timed-blazeOrange-1.0x-synthetic
02:22 +1065: C:/Users/Atharva Patil/Documents/projects/gymlog/test/upgrade/session_1_render_test.dart: finish-distance-blazeOrange-1.0x-synthetic
02:22 +1066: C:/Users/Atharva Patil/Documents/projects/gymlog/test/upgrade/session_1_render_test.dart: pr-blazeOrange-1.0x-synthetic
02:22 +1067: C:/Users/Atharva Patil/Documents/projects/gymlog/test/upgrade/session_1_render_test.dart: share-monument-blazeOrange-1.0x-synthetic
02:22 +1068: C:/Users/Atharva Patil/Documents/projects/gymlog/test/upgrade/session_1_render_test.dart: share-technical-blazeOrange-1.0x-synthetic
02:22 +1069: C:/Users/Atharva Patil/Documents/projects/gymlog/test/upgrade/session_1_render_test.dart: share-sticker-blazeOrange-1.0x-synthetic
02:22 +1070: C:/Users/Atharva Patil/Documents/projects/gymlog/test/upgrade/session_1_render_test.dart: detail-blazeOrange-1.0x-synthetic
02:22 +1071: C:/Users/Atharva Patil/Documents/projects/gymlog/test/upgrade/session_1_render_test.dart: detail-error-blazeOrange-1.0x-synthetic
02:22 +1072: C:/Users/Atharva Patil/Documents/projects/gymlog/test/upgrade/session_1_render_test.dart: detail-empty-blazeOrange-1.0x-synthetic
02:22 +1073: C:/Users/Atharva Patil/Documents/projects/gymlog/test/upgrade/session_1_render_test.dart: exercise-blazeOrange-1.0x-synthetic
02:22 +1074: C:/Users/Atharva Patil/Documents/projects/gymlog/test/upgrade/session_1_render_test.dart: exercise-no-estimate-blazeOrange-1.0x-synthetic
02:22 +1075: C:/Users/Atharva Patil/Documents/projects/gymlog/test/upgrade/session_1_render_test.dart: progress-blazeOrange-1.0x-synthetic
02:22 +1076: C:/Users/Atharva Patil/Documents/projects/gymlog/test/upgrade/session_1_render_test.dart: progress-low-blazeOrange-1.0x-synthetic
02:22 +1077: C:/Users/Atharva Patil/Documents/projects/gymlog/test/upgrade/session_1_render_test.dart: progress-empty-blazeOrange-1.0x-synthetic
02:22 +1078: C:/Users/Atharva Patil/Documents/projects/gymlog/test/upgrade/session_1_render_test.dart: roles-blazeOrange-1.0x-synthetic
02:22 +1079: C:/Users/Atharva Patil/Documents/projects/gymlog/test/upgrade/session_1_render_test.dart: header-weighted-blazeOrange-1.6x-synthetic
02:22 +1080: C:/Users/Atharva Patil/Documents/projects/gymlog/test/upgrade/session_1_render_test.dart: header-reps-blazeOrange-1.6x-synthetic
02:22 +1081: C:/Users/Atharva Patil/Documents/projects/gymlog/test/upgrade/session_1_render_test.dart: header-timed-blazeOrange-1.6x-synthetic
02:22 +1082: C:/Users/Atharva Patil/Documents/projects/gymlog/test/upgrade/session_1_render_test.dart: header-distance-blazeOrange-1.6x-synthetic
02:22 +1083: C:/Users/Atharva Patil/Documents/projects/gymlog/test/upgrade/session_1_render_test.dart: header-empty-blazeOrange-1.6x-synthetic
02:23 +1084: C:/Users/Atharva Patil/Documents/projects/gymlog/test/upgrade/session_1_render_test.dart: finish-weighted-blazeOrange-1.6x-synthetic
02:23 +1085: C:/Users/Atharva Patil/Documents/projects/gymlog/test/upgrade/session_1_render_test.dart: finish-reps-blazeOrange-1.6x-synthetic
02:23 +1086: C:/Users/Atharva Patil/Documents/projects/gymlog/test/upgrade/session_1_render_test.dart: finish-timed-blazeOrange-1.6x-synthetic
02:23 +1087: C:/Users/Atharva Patil/Documents/projects/gymlog/test/upgrade/session_1_render_test.dart: finish-distance-blazeOrange-1.6x-synthetic
02:23 +1088: C:/Users/Atharva Patil/Documents/projects/gymlog/test/upgrade/session_1_render_test.dart: pr-blazeOrange-1.6x-synthetic
02:23 +1089: C:/Users/Atharva Patil/Documents/projects/gymlog/test/upgrade/session_1_render_test.dart: share-monument-blazeOrange-1.6x-synthetic
02:23 +1090: C:/Users/Atharva Patil/Documents/projects/gymlog/test/upgrade/session_1_render_test.dart: share-technical-blazeOrange-1.6x-synthetic
02:23 +1091: C:/Users/Atharva Patil/Documents/projects/gymlog/test/upgrade/session_1_render_test.dart: share-sticker-blazeOrange-1.6x-synthetic
02:23 +1092: C:/Users/Atharva Patil/Documents/projects/gymlog/test/upgrade/session_1_render_test.dart: detail-blazeOrange-1.6x-synthetic
02:23 +1093: C:/Users/Atharva Patil/Documents/projects/gymlog/test/upgrade/session_1_render_test.dart: detail-error-blazeOrange-1.6x-synthetic
02:23 +1094: C:/Users/Atharva Patil/Documents/projects/gymlog/test/upgrade/session_1_render_test.dart: detail-empty-blazeOrange-1.6x-synthetic
02:23 +1095: C:/Users/Atharva Patil/Documents/projects/gymlog/test/upgrade/session_1_render_test.dart: exercise-blazeOrange-1.6x-synthetic
02:23 +1096: C:/Users/Atharva Patil/Documents/projects/gymlog/test/upgrade/session_1_render_test.dart: exercise-no-estimate-blazeOrange-1.6x-synthetic
02:23 +1097: C:/Users/Atharva Patil/Documents/projects/gymlog/test/upgrade/session_1_render_test.dart: progress-blazeOrange-1.6x-synthetic
02:23 +1098: C:/Users/Atharva Patil/Documents/projects/gymlog/test/upgrade/session_1_render_test.dart: progress-low-blazeOrange-1.6x-synthetic
02:23 +1099: C:/Users/Atharva Patil/Documents/projects/gymlog/test/upgrade/session_1_render_test.dart: progress-empty-blazeOrange-1.6x-synthetic
02:23 +1100: C:/Users/Atharva Patil/Documents/projects/gymlog/test/upgrade/session_1_render_test.dart: roles-blazeOrange-1.6x-synthetic
02:23 +1101: C:/Users/Atharva Patil/Documents/projects/gymlog/test/upgrade/session_1_render_test.dart: (tearDownAll)
02:23 +1101: All tests passed!

✅ verify passed - desired state is mechanically confirmed.
