
▸ check inline GoogleFonts

▸ check non-semantic AppColors in migrated screens
▸ format
Formatted 362 files (0 changed) in 2.05 seconds.

▸ analyze
Analyzing gymlog...                                             
No issues found! (ran in 16.5s)

▸ custom_lint
Analyzing...

No issues found!

▸ test
00:00 +0: loading C:/Users/Atharva Patil/Documents/projects/gymlog/test/a11y_wrapper_single_node_test.dart
00:00 +0: C:/Users/Atharva Patil/Documents/projects/gymlog/test/a11y_wrapper_single_node_test.dart: ProLockPill publishes a single semantic node with its label
00:01 +1: C:/Users/Atharva Patil/Documents/projects/gymlog/test/accessibility_atomic_12_test.dart: ATOMIC-12 Accessibility & Screen-Reader Qualification SetRow renders single coherent semantic label with custom actions
00:02 +2: C:/Users/Atharva Patil/Documents/projects/gymlog/test/accessibility_atomic_12_test.dart: ATOMIC-12 Accessibility & Screen-Reader Qualification SetRow renders single coherent semantic label with custom actions
00:02 +3: C:/Users/Atharva Patil/Documents/projects/gymlog/test/accessibility_atomic_12_test.dart: ATOMIC-12 Accessibility & Screen-Reader Qualification SetRow renders single coherent semantic label with custom actions
00:02 +4: C:/Users/Atharva Patil/Documents/projects/gymlog/test/accessibility_atomic_12_test.dart: ATOMIC-12 Accessibility & Screen-Reader Qualification SetRow renders single coherent semantic label with custom actions
00:03 +5: C:/Users/Atharva Patil/Documents/projects/gymlog/test/accessibility_core_journey_test.dart: SetRow interactive elements meet 48dp touch target requirements
00:03 +6: C:/Users/Atharva Patil/Documents/projects/gymlog/test/accessibility_core_journey_test.dart: SetRow interactive elements meet 48dp touch target requirements
00:03 +7: C:/Users/Atharva Patil/Documents/projects/gymlog/test/accessibility_core_journey_test.dart: SetRow interactive elements meet 48dp touch target requirements
00:05 +8: C:/Users/Atharva Patil/Documents/projects/gymlog/test/accessibility_core_journey_test.dart: SetRow interactive elements meet 48dp touch target requirements
00:05 +9: C:/Users/Atharva Patil/Documents/projects/gymlog/test/accessibility_core_journey_test.dart: SetRow interactive elements meet 48dp touch target requirements
00:05 +10: C:/Users/Atharva Patil/Documents/projects/gymlog/test/accessibility_core_journey_test.dart: SetRow interactive elements meet 48dp touch target requirements
00:06 +11: C:/Users/Atharva Patil/Documents/projects/gymlog/test/accessibility_target_size_test.dart: _FilterChipButton in ExerciseSelectionScreen is at least 48dp tall
00:06 +11: C:/Users/Atharva Patil/Documents/projects/gymlog/test/accessibility_core_journey_test.dart: RestOverrideChip meets 48dp touch target requirements
WARNING (drift): It looks like you've created the database class AppDatabase multiple times. When these two databases use the same QueryExecutor, race conditions will occur and might corrupt the database. 
Try to follow the advice at https://drift.simonbinder.eu/faq/#using-the-database or, if you know what you're doing, set driftRuntimeOptions.dontWarnAboutMultipleDatabases = true
Here is the stacktrace from when the database was opened a second time:
#0      GeneratedDatabase._handleInstantiated (package:drift/src/runtime/api/db_base.dart:96:30)
#1      GeneratedDatabase._whenConstructed (package:drift/src/runtime/api/db_base.dart:73:12)
#2      new GeneratedDatabase (package:drift/src/runtime/api/db_base.dart:64:5)
#3      new _$AppDatabase (package:gymlog/core/database/database.g.dart:4170:36)
#4      new AppDatabase.forTesting (package:gymlog/core/database/database.dart)
#5      main.<anonymous closure> (file:///C:/Users/Atharva%20Patil/Documents/projects/gymlog/test/accessibility_core_journey_test.dart:41:22)
#6      Declarer._runSetUps.<anonymous closure> (package:test_api/src/backend/declarer.dart:439:61)
#7      Future.forEach.<anonymous closure> (dart:async/future.dart:674:26)
#8      Future.doWhile.<anonymous closure> (dart:async/future.dart:732:26)
#9      StackZoneSpecification._registerUnaryCallback.<anonymous closure>.<anonymous closure> (package:stack_trace/src/stack_zone_specification.dart:127:36)
#10     StackZoneSpecification._run (package:stack_trace/src/stack_zone_specification.dart:207:15)
#11     StackZoneSpecification._registerUnaryCallback.<anonymous closure> (package:stack_trace/src/stack_zone_specification.dart:127:24)
#12     _rootRunUnary (dart:async/zone_root.dart:48:47)
#13     _CustomZone.runUnary (dart:async/zone.dart:733:19)
#14     _CustomZone.runUnaryGuarded (dart:async/zone.dart:633:7)
#15     _CustomZone.bindUnaryCallbackGuarded.<anonymous closure> (dart:async/zone.dart:671:26)
#16     Future.doWhile (dart:async/future.dart:749:18)
#17     Future.forEach (dart:async/future.dart:672:12)
#18     Declarer._runSetUps (package:test_api/src/backend/declarer.dart:439:18)
#19     Declarer.test.<anonymous closure>.<anonymous closure> (package:test_api/src/backend/declarer.dart:252:21)
#20     _rootRun (dart:async/zone_root.dart:35:13)
#21     _CustomZone.run (dart:async/zone.dart:726:19)
#22     _runZoned (dart:async/zone_api.dart:166:6)
#23     runZoned (dart:async/zone_api.dart:92:10)
#24     Declarer.test.<anonymous closure> (package:test_api/src/backend/declarer.dart:250:17)
#25     Invoker._waitForOutstandingCallbacks.<anonymous closure> (package:test_api/src/backend/invoker.dart:318:17)
#26     _rootRun (dart:async/zone_root.dart:35:13)
#27     _CustomZone.run (dart:async/zone.dart:726:19)
#28     _runZoned (dart:async/zone_api.dart:166:6)
#29     runZoned (dart:async/zone_api.dart:92:10)
#30     Invoker._waitForOutstandingCallbacks (package:test_api/src/backend/invoker.dart:314:5)
#31     Invoker._onRun.<anonymous closure>.<anonymous closure>.<anonymous closure> (package:test_api/src/backend/invoker.dart:457:21)
<asynchronous suspension>
This warning will only appear on debug builds.
00:06 +12: C:/Users/Atharva Patil/Documents/projects/gymlog/test/accessibility_target_size_test.dart: _FilterChipButton in ExerciseSelectionScreen is at least 48dp tall
00:07 +12: C:/Users/Atharva Patil/Documents/projects/gymlog/test/accessibility_core_journey_test.dart: RestOverride sheet elements meet 48dp touch target requirements
WARNING (drift): It looks like you've created the database class AppDatabase multiple times. When these two databases use the same QueryExecutor, race conditions will occur and might corrupt the database. 
Try to follow the advice at https://drift.simonbinder.eu/faq/#using-the-database or, if you know what you're doing, set driftRuntimeOptions.dontWarnAboutMultipleDatabases = true
Here is the stacktrace from when the database was opened a second time:
#0      GeneratedDatabase._handleInstantiated (package:drift/src/runtime/api/db_base.dart:96:30)
#1      GeneratedDatabase._whenConstructed (package:drift/src/runtime/api/db_base.dart:73:12)
#2      new GeneratedDatabase (package:drift/src/runtime/api/db_base.dart:64:5)
#3      new _$AppDatabase (package:gymlog/core/database/database.g.dart:4170:36)
#4      new AppDatabase.forTesting (package:gymlog/core/database/database.dart)
#5      main.<anonymous closure> (file:///C:/Users/Atharva%20Patil/Documents/projects/gymlog/test/accessibility_core_journey_test.dart:41:22)
#6      Declarer._runSetUps.<anonymous closure> (package:test_api/src/backend/declarer.dart:439:61)
#7      Future.forEach.<anonymous closure> (dart:async/future.dart:674:26)
#8      Future.doWhile.<anonymous closure> (dart:async/future.dart:732:26)
#9      StackZoneSpecification._registerUnaryCallback.<anonymous closure>.<anonymous closure> (package:stack_trace/src/stack_zone_specification.dart:127:36)
#10     StackZoneSpecification._run (package:stack_trace/src/stack_zone_specification.dart:207:15)
#11     StackZoneSpecification._registerUnaryCallback.<anonymous closure> (package:stack_trace/src/stack_zone_specification.dart:127:24)
#12     _rootRunUnary (dart:async/zone_root.dart:48:47)
#13     _CustomZone.runUnary (dart:async/zone.dart:733:19)
#14     _CustomZone.runUnaryGuarded (dart:async/zone.dart:633:7)
#15     _CustomZone.bindUnaryCallbackGuarded.<anonymous closure> (dart:async/zone.dart:671:26)
#16     Future.doWhile (dart:async/future.dart:749:18)
#17     Future.forEach (dart:async/future.dart:672:12)
#18     Declarer._runSetUps (package:test_api/src/backend/declarer.dart:439:18)
#19     Declarer.test.<anonymous closure>.<anonymous closure> (package:test_api/src/backend/declarer.dart:252:21)
#20     _rootRun (dart:async/zone_root.dart:35:13)
#21     _CustomZone.run (dart:async/zone.dart:726:19)
#22     _runZoned (dart:async/zone_api.dart:166:6)
#23     runZoned (dart:async/zone_api.dart:92:10)
#24     Declarer.test.<anonymous closure> (package:test_api/src/backend/declarer.dart:250:17)
#25     Invoker._waitForOutstandingCallbacks.<anonymous closure> (package:test_api/src/backend/invoker.dart:318:17)
#26     _rootRun (dart:async/zone_root.dart:35:13)
#27     _CustomZone.run (dart:async/zone.dart:726:19)
#28     _runZoned (dart:async/zone_api.dart:166:6)
#29     runZoned (dart:async/zone_api.dart:92:10)
#30     Invoker._waitForOutstandingCallbacks (package:test_api/src/backend/invoker.dart:314:5)
#31     Invoker._onRun.<anonymous closure>.<anonymous closure>.<anonymous closure> (package:test_api/src/backend/invoker.dart:457:21)
<asynchronous suspension>
This warning will only appear on debug builds.
00:07 +13: C:/Users/Atharva Patil/Documents/projects/gymlog/test/accessibility_target_size_test.dart: _FilterChipButton in ExerciseSelectionScreen is at least 48dp tall
00:07 +13: C:/Users/Atharva Patil/Documents/projects/gymlog/test/accessibility_core_journey_test.dart: RestTimerBar action buttons meet 48dp height requirement
WARNING (drift): It looks like you've created the database class AppDatabase multiple times. When these two databases use the same QueryExecutor, race conditions will occur and might corrupt the database. 
Try to follow the advice at https://drift.simonbinder.eu/faq/#using-the-database or, if you know what you're doing, set driftRuntimeOptions.dontWarnAboutMultipleDatabases = true
Here is the stacktrace from when the database was opened a second time:
#0      GeneratedDatabase._handleInstantiated (package:drift/src/runtime/api/db_base.dart:96:30)
#1      GeneratedDatabase._whenConstructed (package:drift/src/runtime/api/db_base.dart:73:12)
#2      new GeneratedDatabase (package:drift/src/runtime/api/db_base.dart:64:5)
#3      new _$AppDatabase (package:gymlog/core/database/database.g.dart:4170:36)
#4      new AppDatabase.forTesting (package:gymlog/core/database/database.dart)
#5      main.<anonymous closure> (file:///C:/Users/Atharva%20Patil/Documents/projects/gymlog/test/accessibility_core_journey_test.dart:41:22)
#6      Declarer._runSetUps.<anonymous closure> (package:test_api/src/backend/declarer.dart:439:61)
#7      Future.forEach.<anonymous closure> (dart:async/future.dart:674:26)
#8      Future.doWhile.<anonymous closure> (dart:async/future.dart:732:26)
#9      StackZoneSpecification._registerUnaryCallback.<anonymous closure>.<anonymous closure> (package:stack_trace/src/stack_zone_specification.dart:127:36)
#10     StackZoneSpecification._run (package:stack_trace/src/stack_zone_specification.dart:207:15)
#11     StackZoneSpecification._registerUnaryCallback.<anonymous closure> (package:stack_trace/src/stack_zone_specification.dart:127:24)
#12     _rootRunUnary (dart:async/zone_root.dart:48:47)
#13     _CustomZone.runUnary (dart:async/zone.dart:733:19)
#14     _CustomZone.runUnaryGuarded (dart:async/zone.dart:633:7)
#15     _CustomZone.bindUnaryCallbackGuarded.<anonymous closure> (dart:async/zone.dart:671:26)
#16     Future.doWhile (dart:async/future.dart:749:18)
#17     Future.forEach (dart:async/future.dart:672:12)
#18     Declarer._runSetUps (package:test_api/src/backend/declarer.dart:439:18)
#19     Declarer.test.<anonymous closure>.<anonymous closure> (package:test_api/src/backend/declarer.dart:252:21)
#20     _rootRun (dart:async/zone_root.dart:35:13)
#21     _CustomZone.run (dart:async/zone.dart:726:19)
#22     _runZoned (dart:async/zone_api.dart:166:6)
#23     runZoned (dart:async/zone_api.dart:92:10)
#24     Declarer.test.<anonymous closure> (package:test_api/src/backend/declarer.dart:250:17)
#25     Invoker._waitForOutstandingCallbacks.<anonymous closure> (package:test_api/src/backend/invoker.dart:318:17)
#26     _rootRun (dart:async/zone_root.dart:35:13)
#27     _CustomZone.run (dart:async/zone.dart:726:19)
#28     _runZoned (dart:async/zone_api.dart:166:6)
#29     runZoned (dart:async/zone_api.dart:92:10)
#30     Invoker._waitForOutstandingCallbacks (package:test_api/src/backend/invoker.dart:314:5)
#31     Invoker._onRun.<anonymous closure>.<anonymous closure>.<anonymous closure> (package:test_api/src/backend/invoker.dart:457:21)
<asynchronous suspension>
This warning will only appear on debug builds.
00:07 +14: C:/Users/Atharva Patil/Documents/projects/gymlog/test/accessibility_target_size_test.dart: _FilterChipButton in ExerciseSelectionScreen is at least 48dp tall
00:08 +14: C:/Users/Atharva Patil/Documents/projects/gymlog/test/accessibility_core_journey_test.dart: ActiveWorkoutScreen renders correctly at 200% text scale without overflow
WARNING (drift): It looks like you've created the database class AppDatabase multiple times. When these two databases use the same QueryExecutor, race conditions will occur and might corrupt the database. 
Try to follow the advice at https://drift.simonbinder.eu/faq/#using-the-database or, if you know what you're doing, set driftRuntimeOptions.dontWarnAboutMultipleDatabases = true
Here is the stacktrace from when the database was opened a second time:
#0      GeneratedDatabase._handleInstantiated (package:drift/src/runtime/api/db_base.dart:96:30)
#1      GeneratedDatabase._whenConstructed (package:drift/src/runtime/api/db_base.dart:73:12)
#2      new GeneratedDatabase (package:drift/src/runtime/api/db_base.dart:64:5)
#3      new _$AppDatabase (package:gymlog/core/database/database.g.dart:4170:36)
#4      new AppDatabase.forTesting (package:gymlog/core/database/database.dart)
#5      main.<anonymous closure> (file:///C:/Users/Atharva%20Patil/Documents/projects/gymlog/test/accessibility_core_journey_test.dart:41:22)
#6      Declarer._runSetUps.<anonymous closure> (package:test_api/src/backend/declarer.dart:439:61)
#7      Future.forEach.<anonymous closure> (dart:async/future.dart:674:26)
#8      Future.doWhile.<anonymous closure> (dart:async/future.dart:732:26)
#9      StackZoneSpecification._registerUnaryCallback.<anonymous closure>.<anonymous closure> (package:stack_trace/src/stack_zone_specification.dart:127:36)
#10     StackZoneSpecification._run (package:stack_trace/src/stack_zone_specification.dart:207:15)
#11     StackZoneSpecification._registerUnaryCallback.<anonymous closure> (package:stack_trace/src/stack_zone_specification.dart:127:24)
#12     _rootRunUnary (dart:async/zone_root.dart:48:47)
#13     _CustomZone.runUnary (dart:async/zone.dart:733:19)
#14     _CustomZone.runUnaryGuarded (dart:async/zone.dart:633:7)
#15     _CustomZone.bindUnaryCallbackGuarded.<anonymous closure> (dart:async/zone.dart:671:26)
#16     Future.doWhile (dart:async/future.dart:749:18)
#17     Future.forEach (dart:async/future.dart:672:12)
#18     Declarer._runSetUps (package:test_api/src/backend/declarer.dart:439:18)
#19     Declarer.test.<anonymous closure>.<anonymous closure> (package:test_api/src/backend/declarer.dart:252:21)
#20     _rootRun (dart:async/zone_root.dart:35:13)
#21     _CustomZone.run (dart:async/zone.dart:726:19)
#22     _runZoned (dart:async/zone_api.dart:166:6)
#23     runZoned (dart:async/zone_api.dart:92:10)
#24     Declarer.test.<anonymous closure> (package:test_api/src/backend/declarer.dart:250:17)
#25     Invoker._waitForOutstandingCallbacks.<anonymous closure> (package:test_api/src/backend/invoker.dart:318:17)
#26     _rootRun (dart:async/zone_root.dart:35:13)
#27     _CustomZone.run (dart:async/zone.dart:726:19)
#28     _runZoned (dart:async/zone_api.dart:166:6)
#29     runZoned (dart:async/zone_api.dart:92:10)
#30     Invoker._waitForOutstandingCallbacks (package:test_api/src/backend/invoker.dart:314:5)
#31     Invoker._onRun.<anonymous closure>.<anonymous closure>.<anonymous closure> (package:test_api/src/backend/invoker.dart:457:21)
<asynchronous suspension>
This warning will only appear on debug builds.
00:08 +15: C:/Users/Atharva Patil/Documents/projects/gymlog/test/accessibility_target_size_test.dart: _FilterChipButton in ExerciseSelectionScreen is at least 48dp tall
00:08 +16: C:/Users/Atharva Patil/Documents/projects/gymlog/test/active_workout_atomic_03_test.dart: ATOMIC-03 Active Workout & Card Geometry Suite 1. CompactRestChip visual height 34 & intrinsic width
00:09 +17: C:/Users/Atharva Patil/Documents/projects/gymlog/test/accessibility_target_size_test.dart: Legal links in AuthScreen flow inline and expose link semantics
00:09 +18: C:/Users/Atharva Patil/Documents/projects/gymlog/test/active_workout_atomic_04_test.dart: ATOMIC-04 Reversible Deletion & Replacement Policy Suite 1. deletion returns complete snapshot
00:09 +19: C:/Users/Atharva Patil/Documents/projects/gymlog/test/active_workout_atomic_04_test.dart: ATOMIC-04 Reversible Deletion & Replacement Policy Suite 1. deletion returns complete snapshot
00:09 +20: C:/Users/Atharva Patil/Documents/projects/gymlog/test/active_workout_atomic_03_test.dart: ATOMIC-03 Active Workout & Card Geometry Suite 3. SetRow cells have minHeight 48 and SetRow minHeight 56
00:09 +21: C:/Users/Atharva Patil/Documents/projects/gymlog/test/active_workout_atomic_03_test.dart: ATOMIC-03 Active Workout & Card Geometry Suite 3. SetRow cells have minHeight 48 and SetRow minHeight 56
00:09 +22: C:/Users/Atharva Patil/Documents/projects/gymlog/test/active_workout_atomic_03_test.dart: ATOMIC-03 Active Workout & Card Geometry Suite 3. SetRow cells have minHeight 48 and SetRow minHeight 56
00:09 +23: C:/Users/Atharva Patil/Documents/projects/gymlog/test/active_workout_atomic_03_test.dart: ATOMIC-03 Active Workout & Card Geometry Suite 3. SetRow cells have minHeight 48 and SetRow minHeight 56
00:09 +24: C:/Users/Atharva Patil/Documents/projects/gymlog/test/active_workout_atomic_03_test.dart: ATOMIC-03 Active Workout & Card Geometry Suite 3. SetRow cells have minHeight 48 and SetRow minHeight 56
00:09 +25: C:/Users/Atharva Patil/Documents/projects/gymlog/test/active_workout_atomic_03_test.dart: ATOMIC-03 Active Workout & Card Geometry Suite 3. SetRow cells have minHeight 48 and SetRow minHeight 56
00:09 +26: C:/Users/Atharva Patil/Documents/projects/gymlog/test/active_workout_atomic_03_test.dart: ATOMIC-03 Active Workout & Card Geometry Suite 3. SetRow cells have minHeight 48 and SetRow minHeight 56
00:09 +27: C:/Users/Atharva Patil/Documents/projects/gymlog/test/active_workout_atomic_03_test.dart: ATOMIC-03 Active Workout & Card Geometry Suite 3. SetRow cells have minHeight 48 and SetRow minHeight 56
00:10 +28: C:/Users/Atharva Patil/Documents/projects/gymlog/test/active_workout_atomic_03_test.dart: ATOMIC-03 Active Workout & Card Geometry Suite 3. SetRow cells have minHeight 48 and SetRow minHeight 56
00:10 +29: C:/Users/Atharva Patil/Documents/projects/gymlog/test/active_workout_atomic_03_test.dart: ATOMIC-03 Active Workout & Card Geometry Suite 3. SetRow cells have minHeight 48 and SetRow minHeight 56
00:10 +30: C:/Users/Atharva Patil/Documents/projects/gymlog/test/active_workout_atomic_03_test.dart: ATOMIC-03 Active Workout & Card Geometry Suite 4. Reps-only column behavior hides weight column
00:10 +31: C:/Users/Atharva Patil/Documents/projects/gymlog/test/active_workout_atomic_03_test.dart: ATOMIC-03 Active Workout & Card Geometry Suite 5. showAppSnackBar renders floating snackbar with radius 14
00:10 +32: C:/Users/Atharva Patil/Documents/projects/gymlog/test/active_workout_atomic_03_test.dart: ATOMIC-03 Active Workout & Card Geometry Suite 6. showAppSnackBar clears rest timer bar offset when active
00:11 +33: C:/Users/Atharva Patil/Documents/projects/gymlog/test/active_workout_draft_upgrade_test.dart: ATOMIC-RC3-05 Workout Draft and Routine Upgrades 1. WorkoutDraftStore upgrades legacy exercises via name inference on parse
00:12 +34: C:/Users/Atharva Patil/Documents/projects/gymlog/test/active_workout_draft_upgrade_test.dart: ATOMIC-RC3-05 Workout Draft and Routine Upgrades 2. ActiveWorkoutNotifier resumeDraft upgrades draft against database metadata
00:12 +35: C:/Users/Atharva Patil/Documents/projects/gymlog/test/active_workout_header_test.dart: ActiveWorkoutHeader normal layout renders elapsed time once at 1.0x
00:15 +36: C:/Users/Atharva Patil/Documents/projects/gymlog/test/active_workout_header_test.dart: ActiveWorkoutHeader normal layout renders elapsed time once at 1.0x
00:15 +37: C:/Users/Atharva Patil/Documents/projects/gymlog/test/active_workout_header_test.dart: ActiveWorkoutHeader normal layout renders elapsed time once at 1.0x
00:15 +38: C:/Users/Atharva Patil/Documents/projects/gymlog/test/active_workout_header_test.dart: ActiveWorkoutHeader normal layout renders elapsed time once at 1.0x
00:15 +39: C:/Users/Atharva Patil/Documents/projects/gymlog/test/active_workout_header_test.dart: ActiveWorkoutHeader normal layout renders elapsed time once at 1.0x
00:15 +40: C:/Users/Atharva Patil/Documents/projects/gymlog/test/active_workout_header_test.dart: ActiveWorkoutHeader normal layout renders elapsed time once at 1.0x
00:15 +41: C:/Users/Atharva Patil/Documents/projects/gymlog/test/active_workout_large_text_test.dart: ActiveWorkout large-text header pumps at 390x844 1.0x
00:15 +42: C:/Users/Atharva Patil/Documents/projects/gymlog/test/active_workout_large_text_test.dart: ActiveWorkout large-text header pumps at 390x844 1.0x
00:16 +43: C:/Users/Atharva Patil/Documents/projects/gymlog/test/active_workout_large_text_test.dart: ActiveWorkout large-text header pumps at 390x844 1.0x
00:16 +44: C:/Users/Atharva Patil/Documents/projects/gymlog/test/active_workout_large_text_test.dart: ActiveWorkout large-text header pumps at 390x844 1.0x
00:16 +45: C:/Users/Atharva Patil/Documents/projects/gymlog/test/active_workout_large_text_test.dart: ActiveWorkout large-text header pumps at 390x844 1.0x
00:16 +46: C:/Users/Atharva Patil/Documents/projects/gymlog/test/active_workout_large_text_test.dart: ActiveWorkout large-text header pumps at 390x844 1.0x
00:16 +47: C:/Users/Atharva Patil/Documents/projects/gymlog/test/active_workout_large_text_test.dart: ActiveWorkout large-text header pumps at 390x844 1.0x
00:17 +48: C:/Users/Atharva Patil/Documents/projects/gymlog/test/active_workout_large_text_test.dart: ActiveWorkout large-text header pumps at 390x844 1.0x
00:17 +49: C:/Users/Atharva Patil/Documents/projects/gymlog/test/active_workout_large_text_test.dart: ActiveWorkout large-text header pumps at 390x844 1.0x
00:17 +50: C:/Users/Atharva Patil/Documents/projects/gymlog/test/active_workout_large_text_test.dart: ActiveWorkout large-text header pumps at 390x844 1.0x
00:17 +51: C:/Users/Atharva Patil/Documents/projects/gymlog/test/active_workout_large_text_test.dart: ActiveWorkout large-text header pumps at 390x844 1.0x
00:18 +52: C:/Users/Atharva Patil/Documents/projects/gymlog/test/active_workout_large_text_test.dart: ActiveWorkout large-text header pumps at 390x844 1.0x
00:18 +53: C:/Users/Atharva Patil/Documents/projects/gymlog/test/active_workout_large_text_test.dart: ActiveWorkout large-text header pumps at 390x844 1.0x
00:18 +54: C:/Users/Atharva Patil/Documents/projects/gymlog/test/active_workout_large_text_test.dart: ActiveWorkout large-text header pumps at 390x844 1.0x
00:19 +55: C:/Users/Atharva Patil/Documents/projects/gymlog/test/active_workout_large_text_test.dart: ActiveWorkout large-text header pumps at 390x844 1.0x
00:23 +56: C:/Users/Atharva Patil/Documents/projects/gymlog/test/active_workout_minimize_test.dart: ActiveWorkoutScreen minimize handle has tap gesture, semantics and pops router
00:24 +57: C:/Users/Atharva Patil/Documents/projects/gymlog/test/active_workout_minimize_test.dart: ActiveWorkoutScreen minimize handle has tap gesture, semantics and pops router
00:24 +58: C:/Users/Atharva Patil/Documents/projects/gymlog/test/active_workout_minimize_test.dart: ActiveWorkoutScreen minimize handle has tap gesture, semantics and pops router
00:25 +59: C:/Users/Atharva Patil/Documents/projects/gymlog/test/active_workout_minimize_test.dart: ActiveWorkoutScreen minimize handle has tap gesture, semantics and pops router
00:25 +59: C:/Users/Atharva Patil/Documents/projects/gymlog/test/active_workout_persistence_fail_closed_test.dart: ATOMIC-RC3-01 Persistence Fail Closed Suite 1. Transaction failure retains state and draft
[finishWorkout] transaction failed: Exception: Simulated database write error
00:25 +60: C:/Users/Atharva Patil/Documents/projects/gymlog/test/active_workout_minimize_test.dart: ActiveWorkoutScreen minimize handle has tap gesture, semantics and pops router
00:25 +61: C:/Users/Atharva Patil/Documents/projects/gymlog/test/active_workout_minimize_test.dart: ActiveWorkoutScreen minimize handle has tap gesture, semantics and pops router
00:25 +61: C:/Users/Atharva Patil/Documents/projects/gymlog/test/active_workout_persistence_fail_closed_test.dart: ATOMIC-RC3-01 Persistence Fail Closed Suite 3. Edited-workout failure retains state
[saveEditedWorkout] transaction failed: Exception: Simulated database edit error
00:25 +62: C:/Users/Atharva Patil/Documents/projects/gymlog/test/active_workout_minimize_test.dart: ActiveWorkoutScreen minimize handle has tap gesture, semantics and pops router
00:27 +63: C:/Users/Atharva Patil/Documents/projects/gymlog/test/active_workout_minimize_test.dart: ActiveWorkoutScreen minimize handle has tap gesture, semantics and pops router
00:27 +64: C:/Users/Atharva Patil/Documents/projects/gymlog/test/active_workout_minimize_test.dart: ActiveWorkoutScreen minimize handle has tap gesture, semantics and pops router
00:27 +65: C:/Users/Atharva Patil/Documents/projects/gymlog/test/active_workout_minimize_test.dart: ActiveWorkoutScreen minimize handle has tap gesture, semantics and pops router
00:27 +66: C:/Users/Atharva Patil/Documents/projects/gymlog/test/active_workout_minimize_test.dart: ActiveWorkoutScreen minimize handle has tap gesture, semantics and pops router
00:28 +67: C:/Users/Atharva Patil/Documents/projects/gymlog/test/active_workout_set_row_test.dart: PREVIOUS column shows "15kg x 12" when prior data exists
00:30 +67: C:/Users/Atharva Patil/Documents/projects/gymlog/test/active_workout_start_test.dart: startWorkout backfills unique ids for exercises passed without one
[WorkoutDraftStore] save failed: Binding has not yet been initialized.
The "instance" getter on the ServicesBinding binding mixin is only available once that binding has been initialized.
Typically, this is done by calling "WidgetsFlutterBinding.ensureInitialized()" or "runApp()" (the latter calls the former). Typically this call is done in the "void main()" method. The "ensureInitialized" method is idempotent; calling it multiple times is not harmful. After calling that method, the "instance" getter will return the binding.
In a test, one can call "TestWidgetsFlutterBinding.ensureInitialized()" as the first line in the test's "main()" method to initialize the binding.
If ServicesBinding is a custom binding mixin, there must also be a custom binding class, like WidgetsFlutterBinding, but that mixes in the selected binding, and that is the class that must be constructed before using the "instance" getter.
00:30 +68: C:/Users/Atharva Patil/Documents/projects/gymlog/test/active_workout_set_row_test.dart: PREVIOUS column shows "15kg x 12" when prior data exists
00:30 +68: C:/Users/Atharva Patil/Documents/projects/gymlog/test/active_workout_start_test.dart: startWorkout preserves ids that callers already set
[WorkoutDraftStore] save failed: Binding has not yet been initialized.
The "instance" getter on the ServicesBinding binding mixin is only available once that binding has been initialized.
Typically, this is done by calling "WidgetsFlutterBinding.ensureInitialized()" or "runApp()" (the latter calls the former). Typically this call is done in the "void main()" method. The "ensureInitialized" method is idempotent; calling it multiple times is not harmful. After calling that method, the "instance" getter will return the binding.
In a test, one can call "TestWidgetsFlutterBinding.ensureInitialized()" as the first line in the test's "main()" method to initialize the binding.
If ServicesBinding is a custom binding mixin, there must also be a custom binding class, like WidgetsFlutterBinding, but that mixes in the selected binding, and that is the class that must be constructed before using the "instance" getter.
00:30 +69: C:/Users/Atharva Patil/Documents/projects/gymlog/test/active_workout_set_row_test.dart: PREVIOUS column shows "15kg x 12" when prior data exists
00:31 +70: C:/Users/Atharva Patil/Documents/projects/gymlog/test/active_workout_set_row_test.dart: PREVIOUS column shows "15kg x 12" when prior data exists
00:31 +71: C:/Users/Atharva Patil/Documents/projects/gymlog/test/active_workout_set_row_test.dart: PREVIOUS column shows "15kg x 12" when prior data exists
00:31 +72: C:/Users/Atharva Patil/Documents/projects/gymlog/test/active_workout_set_row_test.dart: PREVIOUS column shows "15kg x 12" when prior data exists
00:31 +73: C:/Users/Atharva Patil/Documents/projects/gymlog/test/active_workout_set_row_test.dart: PREVIOUS column shows "15kg x 12" when prior data exists
00:31 +74: C:/Users/Atharva Patil/Documents/projects/gymlog/test/active_workout_set_row_test.dart: PREVIOUS column shows "15kg x 12" when prior data exists
00:31 +75: C:/Users/Atharva Patil/Documents/projects/gymlog/test/active_workout_set_row_test.dart: PREVIOUS column shows "15kg x 12" when prior data exists
00:31 +76: C:/Users/Atharva Patil/Documents/projects/gymlog/test/active_workout_set_row_test.dart: PREVIOUS column shows "15kg x 12" when prior data exists
00:31 +77: C:/Users/Atharva Patil/Documents/projects/gymlog/test/active_workout_set_row_test.dart: PREVIOUS column shows "15kg x 12" when prior data exists
00:31 +78: C:/Users/Atharva Patil/Documents/projects/gymlog/test/analytics/metric_aware_pr_test.dart: ATOMIC-07: PR Detection Engine Editing or deleting a PR recalculates later history
00:31 +79: C:/Users/Atharva Patil/Documents/projects/gymlog/test/active_workout_set_row_test.dart: PREVIOUS shows blank when there is no prior data
00:32 +80: C:/Users/Atharva Patil/Documents/projects/gymlog/test/active_workout_set_row_test.dart: SET column renders the type letter, never a number, for warmup
00:32 +81: C:/Users/Atharva Patil/Documents/projects/gymlog/test/active_workout_set_row_test.dart: normal set shows its 1-based number in the SET column
00:32 +82: C:/Users/Atharva Patil/Documents/projects/gymlog/test/active_workout_set_row_test.dart: no inline "kg" label and no "×" divider on the row
00:32 +83: C:/Users/Atharva Patil/Documents/projects/gymlog/test/auth/account_isolation_test.dart: account A workouts hidden from account B
00:32 +84: C:/Users/Atharva Patil/Documents/projects/gymlog/test/auth/account_isolation_test.dart: account A drafts hidden from B
[WorkoutDraftStore] Ignoring draft from different user (user-a vs user-b)
00:32 +85: C:/Users/Atharva Patil/Documents/projects/gymlog/test/auth/account_isolation_test.dart: account A sync queue not uploaded as B
00:32 +86: C:/Users/Atharva Patil/Documents/projects/gymlog/test/auth/account_isolation_test.dart: custom exercises isolation policy
00:32 +87: C:/Users/Atharva Patil/Documents/projects/gymlog/test/auth/account_isolation_test.dart: pending sync warning and offline sign-out / restart flow
00:32 +88: C:/Users/Atharva Patil/Documents/projects/gymlog/test/auth/account_isolation_test.dart: (tearDownAll)
00:33 +88: C:/Users/Atharva Patil/Documents/projects/gymlog/test/auth/auth_screen_behavior_test.dart: AuthScreen Behavior Tests (AUTH-01 to AUTH-20) AUTH-01: Initial screen contains one primary CTA
00:34 +89: C:/Users/Atharva Patil/Documents/projects/gymlog/test/auth/auth_screen_behavior_test.dart: AuthScreen Behavior Tests (AUTH-01 to AUTH-20) AUTH-01: Initial screen contains one primary CTA
00:34 +90: C:/Users/Atharva Patil/Documents/projects/gymlog/test/auth/auth_screen_behavior_test.dart: AuthScreen Behavior Tests (AUTH-01 to AUTH-20) AUTH-01: Initial screen contains one primary CTA
00:34 +91: C:/Users/Atharva Patil/Documents/projects/gymlog/test/auth/auth_screen_behavior_test.dart: AuthScreen Behavior Tests (AUTH-01 to AUTH-20) AUTH-01: Initial screen contains one primary CTA
00:34 +92: C:/Users/Atharva Patil/Documents/projects/gymlog/test/auth/auth_screen_behavior_test.dart: AuthScreen Behavior Tests (AUTH-01 to AUTH-20) AUTH-01: Initial screen contains one primary CTA
00:34 +93: C:/Users/Atharva Patil/Documents/projects/gymlog/test/auth/auth_screen_behavior_test.dart: AuthScreen Behavior Tests (AUTH-01 to AUTH-20) AUTH-01: Initial screen contains one primary CTA
00:34 +94: C:/Users/Atharva Patil/Documents/projects/gymlog/test/auth/auth_screen_behavior_test.dart: AuthScreen Behavior Tests (AUTH-01 to AUTH-20) AUTH-01: Initial screen contains one primary CTA
00:34 +95: C:/Users/Atharva Patil/Documents/projects/gymlog/test/auth/auth_screen_behavior_test.dart: AuthScreen Behavior Tests (AUTH-01 to AUTH-20) AUTH-01: Initial screen contains one primary CTA
00:34 +96: C:/Users/Atharva Patil/Documents/projects/gymlog/test/auth/auth_screen_behavior_test.dart: AuthScreen Behavior Tests (AUTH-01 to AUTH-20) AUTH-01: Initial screen contains one primary CTA
00:34 +97: C:/Users/Atharva Patil/Documents/projects/gymlog/test/auth/auth_screen_behavior_test.dart: AuthScreen Behavior Tests (AUTH-01 to AUTH-20) AUTH-01: Initial screen contains one primary CTA
00:34 +98: C:/Users/Atharva Patil/Documents/projects/gymlog/test/auth/auth_screen_behavior_test.dart: AuthScreen Behavior Tests (AUTH-01 to AUTH-20) AUTH-01: Initial screen contains one primary CTA
00:34 +99: C:/Users/Atharva Patil/Documents/projects/gymlog/test/auth/auth_screen_behavior_test.dart: AuthScreen Behavior Tests (AUTH-01 to AUTH-20) AUTH-01: Initial screen contains one primary CTA
00:34 +100: C:/Users/Atharva Patil/Documents/projects/gymlog/test/auth/auth_screen_behavior_test.dart: AuthScreen Behavior Tests (AUTH-01 to AUTH-20) AUTH-01: Initial screen contains one primary CTA
00:34 +101: C:/Users/Atharva Patil/Documents/projects/gymlog/test/auth/auth_screen_behavior_test.dart: AuthScreen Behavior Tests (AUTH-01 to AUTH-20) AUTH-01: Initial screen contains one primary CTA
00:34 +102: C:/Users/Atharva Patil/Documents/projects/gymlog/test/auth/auth_screen_behavior_test.dart: AuthScreen Behavior Tests (AUTH-01 to AUTH-20) AUTH-01: Initial screen contains one primary CTA
00:34 +103: C:/Users/Atharva Patil/Documents/projects/gymlog/test/auth/auth_screen_behavior_test.dart: AuthScreen Behavior Tests (AUTH-01 to AUTH-20) AUTH-01: Initial screen contains one primary CTA
00:34 +104: C:/Users/Atharva Patil/Documents/projects/gymlog/test/auth/auth_screen_behavior_test.dart: AuthScreen Behavior Tests (AUTH-01 to AUTH-20) AUTH-01: Initial screen contains one primary CTA
00:34 +105: C:/Users/Atharva Patil/Documents/projects/gymlog/test/auth/auth_screen_behavior_test.dart: AuthScreen Behavior Tests (AUTH-01 to AUTH-20) AUTH-01: Initial screen contains one primary CTA
00:34 +106: C:/Users/Atharva Patil/Documents/projects/gymlog/test/auth/auth_screen_behavior_test.dart: AuthScreen Behavior Tests (AUTH-01 to AUTH-20) AUTH-01: Initial screen contains one primary CTA
00:34 +107: C:/Users/Atharva Patil/Documents/projects/gymlog/test/auth/auth_screen_behavior_test.dart: AuthScreen Behavior Tests (AUTH-01 to AUTH-20) AUTH-01: Initial screen contains one primary CTA
00:34 +108: C:/Users/Atharva Patil/Documents/projects/gymlog/test/auth/auth_screen_behavior_test.dart: AuthScreen Behavior Tests (AUTH-01 to AUTH-20) AUTH-01: Initial screen contains one primary CTA
00:34 +109: C:/Users/Atharva Patil/Documents/projects/gymlog/test/auth/auth_screen_behavior_test.dart: AuthScreen Behavior Tests (AUTH-01 to AUTH-20) AUTH-01: Initial screen contains one primary CTA
00:34 +110: C:/Users/Atharva Patil/Documents/projects/gymlog/test/auth/auth_screen_behavior_test.dart: AuthScreen Behavior Tests (AUTH-01 to AUTH-20) AUTH-01: Initial screen contains one primary CTA
00:34 +111: C:/Users/Atharva Patil/Documents/projects/gymlog/test/auth/auth_screen_behavior_test.dart: AuthScreen Behavior Tests (AUTH-01 to AUTH-20) AUTH-01: Initial screen contains one primary CTA
00:34 +112: C:/Users/Atharva Patil/Documents/projects/gymlog/test/auth/auth_screen_behavior_test.dart: AuthScreen Behavior Tests (AUTH-01 to AUTH-20) AUTH-01: Initial screen contains one primary CTA
00:34 +113: C:/Users/Atharva Patil/Documents/projects/gymlog/test/auth/auth_screen_behavior_test.dart: AuthScreen Behavior Tests (AUTH-01 to AUTH-20) AUTH-01: Initial screen contains one primary CTA
00:34 +114: C:/Users/Atharva Patil/Documents/projects/gymlog/test/auth/auth_screen_behavior_test.dart: AuthScreen Behavior Tests (AUTH-01 to AUTH-20) AUTH-01: Initial screen contains one primary CTA
00:34 +115: C:/Users/Atharva Patil/Documents/projects/gymlog/test/auth/auth_screen_behavior_test.dart: AuthScreen Behavior Tests (AUTH-01 to AUTH-20) AUTH-01: Initial screen contains one primary CTA
00:34 +116: C:/Users/Atharva Patil/Documents/projects/gymlog/test/auth/auth_screen_behavior_test.dart: AuthScreen Behavior Tests (AUTH-01 to AUTH-20) AUTH-01: Initial screen contains one primary CTA
00:35 +117: C:/Users/Atharva Patil/Documents/projects/gymlog/test/auth/auth_screen_behavior_test.dart: AuthScreen Behavior Tests (AUTH-01 to AUTH-20) AUTH-01: Initial screen contains one primary CTA
00:35 +118: C:/Users/Atharva Patil/Documents/projects/gymlog/test/chart_axis_format_test.dart: BrandedLineChart.yAxisUnit renders unit suffix on both Y axes
00:35 +119: C:/Users/Atharva Patil/Documents/projects/gymlog/test/chart_axis_format_test.dart: BrandedLineChart.yAxisUnit renders unit suffix on both Y axes
00:35 +120: C:/Users/Atharva Patil/Documents/projects/gymlog/test/chart_axis_format_test.dart: BrandedLineChart.yAxisUnit renders unit suffix on both Y axes
00:36 +121: C:/Users/Atharva Patil/Documents/projects/gymlog/test/chart_axis_format_test.dart: BrandedLineChart.yAxisUnit renders unit suffix on both Y axes
00:36 +122: C:/Users/Atharva Patil/Documents/projects/gymlog/test/chart_axis_format_test.dart: BrandedLineChart.yAxisUnit renders unit suffix on both Y axes
00:36 +123: C:/Users/Atharva Patil/Documents/projects/gymlog/test/chart_axis_format_test.dart: BrandedLineChart.yAxisUnit renders unit suffix on both Y axes
00:36 +123: C:/Users/Atharva Patil/Documents/projects/gymlog/test/auth/auth_screen_behavior_test.dart: AuthScreen Behavior Tests (AUTH-01 to AUTH-20) AUTH-07: Network failure shows recovery copy
[Auth] failure=network
00:36 +124: C:/Users/Atharva Patil/Documents/projects/gymlog/test/chart_axis_format_test.dart: BrandedLineChart.yAxisUnit renders unit suffix on both Y axes
00:36 +124: C:/Users/Atharva Patil/Documents/projects/gymlog/test/auth/auth_screen_behavior_test.dart: AuthScreen Behavior Tests (AUTH-01 to AUTH-20) AUTH-08: Configuration failure does not expose SHA-1 or ApiException 10
[Auth] failure=configuration code=google_android_configuration
00:36 +125: C:/Users/Atharva Patil/Documents/projects/gymlog/test/chart_axis_format_test.dart: BrandedLineChart.yAxisUnit renders unit suffix on both Y axes
00:36 +126: C:/Users/Atharva Patil/Documents/projects/gymlog/test/chart_density_test.dart: BrandedLineChart 300-point performance and grid density vertical grid interval scales with labelStep rather than 1 per point
00:36 +126: C:/Users/Atharva Patil/Documents/projects/gymlog/test/auth/auth_screen_behavior_test.dart: AuthScreen Behavior Tests (AUTH-01 to AUTH-20) AUTH-09: Unknown error shows generic safe copy
[Auth] failure=unknown
00:36 +126: C:/Users/Atharva Patil/Documents/projects/gymlog/test/chart_density_test.dart: BrandedLineChart 300-point performance and grid density vertical grid interval scales with labelStep rather than 1 per point
00:36 +127: C:/Users/Atharva Patil/Documents/projects/gymlog/test/chart_density_test.dart: BrandedLineChart 300-point performance and grid density vertical grid interval scales with labelStep rather than 1 per point
00:36 +128: C:/Users/Atharva Patil/Documents/projects/gymlog/test/chart_density_test.dart: BrandedLineChart 300-point performance and grid density vertical grid interval scales with labelStep rather than 1 per point
00:36 +129: C:/Users/Atharva Patil/Documents/projects/gymlog/test/chart_density_test.dart: BrandedLineChart 300-point performance and grid density vertical grid interval scales with labelStep rather than 1 per point
00:36 +130: C:/Users/Atharva Patil/Documents/projects/gymlog/test/chart_density_test.dart: BrandedLineChart 300-point performance and grid density vertical grid interval scales with labelStep rather than 1 per point
00:36 +131: C:/Users/Atharva Patil/Documents/projects/gymlog/test/chart_density_test.dart: BrandedLineChart 300-point performance and grid density vertical grid interval scales with labelStep rather than 1 per point
00:37 +132: C:/Users/Atharva Patil/Documents/projects/gymlog/test/chart_density_test.dart: BrandedLineChart 300-point performance and grid density vertical grid interval scales with labelStep rather than 1 per point
00:37 +133: C:/Users/Atharva Patil/Documents/projects/gymlog/test/chart_density_test.dart: BrandedLineChart 300-point performance and grid density vertical grid interval scales with labelStep rather than 1 per point
00:37 +134: C:/Users/Atharva Patil/Documents/projects/gymlog/test/chart_density_test.dart: BrandedLineChart 300-point performance and grid density vertical grid interval scales with labelStep rather than 1 per point
00:37 +135: C:/Users/Atharva Patil/Documents/projects/gymlog/test/commerce_and_deletion_test.dart: Account Deletion Service & UI Guidance Idempotency — wipes local storage and finishes safely even when user is null (signed out)
00:37 +136: C:/Users/Atharva Patil/Documents/projects/gymlog/test/commerce_and_deletion_test.dart: Account Deletion Service & UI Guidance Idempotency — wipes local storage and finishes safely even when user is null (signed out)
[ExercisesDao] Hydration v9 complete: 822 exercises.
00:37 +137: C:/Users/Atharva Patil/Documents/projects/gymlog/test/auth/auth_screen_behavior_test.dart: AuthScreen Behavior Tests (AUTH-01 to AUTH-20) AUTH-21 (AU-C): Cancel affordance appears while signing in and returns the screen to idle
00:37 +138: C:/Users/Atharva Patil/Documents/projects/gymlog/test/commerce_and_deletion_test.dart: Account Deletion Service & UI Guidance Wipes local databases, secure preferences and settings on deletion
00:37 +138: C:/Users/Atharva Patil/Documents/projects/gymlog/test/auth/auth_screen_behavior_test.dart: AuthScreen Behavior Tests (AUTH-01 to AUTH-20) AUTH-22 (AU-C): Timeout failure surfaces honest recovery copy
[Auth] failure=timeout
00:37 +139: C:/Users/Atharva Patil/Documents/projects/gymlog/test/commerce_and_deletion_test.dart: Account Deletion Service & UI Guidance Wipes local databases, secure preferences and settings on deletion
[ExercisesDao] Hydration v9 complete: 822 exercises.
00:38 +140: C:/Users/Atharva Patil/Documents/projects/gymlog/test/commerce_and_deletion_test.dart: Premium Service Entitlements & Caching isPremiumProvider returns false when no user is signed in
00:38 +141: C:/Users/Atharva Patil/Documents/projects/gymlog/test/commerce_and_deletion_test.dart: Premium Service Entitlements & Caching isPremiumProvider falls back to local user profile when CustomerInfo stream has no value (offline launch)
00:38 +142: C:/Users/Atharva Patil/Documents/projects/gymlog/test/commerce_and_deletion_test.dart: Premium Service Entitlements & Caching isPremiumProvider respects active entitlements from CustomerInfo over local SQLite profile
00:38 +143: C:/Users/Atharva Patil/Documents/projects/gymlog/test/commerce_and_deletion_test.dart: (tearDownAll)
00:39 +143: C:/Users/Atharva Patil/Documents/projects/gymlog/test/compile_surface_test.dart: full app graph compiles
00:40 +144: C:/Users/Atharva Patil/Documents/projects/gymlog/test/core/app_startup_test.dart: GymLogApp builds without throwing when cloud is not ready
00:41 +145: C:/Users/Atharva Patil/Documents/projects/gymlog/test/core/app_startup_test.dart: GymLogApp builds without throwing when cloud is not ready
00:41 +146: C:/Users/Atharva Patil/Documents/projects/gymlog/test/core/app_startup_test.dart: GymLogApp builds without throwing when cloud is not ready
00:41 +147: C:/Users/Atharva Patil/Documents/projects/gymlog/test/core/app_startup_test.dart: GymLogApp builds without throwing when cloud is not ready
00:41 +148: C:/Users/Atharva Patil/Documents/projects/gymlog/test/core/app_startup_test.dart: GymLogApp builds without throwing when cloud is not ready
00:41 +149: C:/Users/Atharva Patil/Documents/projects/gymlog/test/core/app_startup_test.dart: GymLogApp builds without throwing when cloud is not ready
00:41 +150: C:/Users/Atharva Patil/Documents/projects/gymlog/test/core/app_startup_test.dart: GymLogApp builds without throwing when cloud is not ready
00:41 +151: C:/Users/Atharva Patil/Documents/projects/gymlog/test/core/app_startup_test.dart: GymLogApp builds without throwing when cloud is not ready
00:41 +152: C:/Users/Atharva Patil/Documents/projects/gymlog/test/core/app_startup_test.dart: GymLogApp builds without throwing when cloud is not ready
00:41 +153: C:/Users/Atharva Patil/Documents/projects/gymlog/test/core/app_startup_test.dart: GymLogApp builds without throwing when cloud is not ready
00:41 +154: C:/Users/Atharva Patil/Documents/projects/gymlog/test/core/app_startup_test.dart: GymLogApp builds without throwing when cloud is not ready
00:41 +155: C:/Users/Atharva Patil/Documents/projects/gymlog/test/core/app_startup_test.dart: GymLogApp builds without throwing when cloud is not ready
00:41 +156: C:/Users/Atharva Patil/Documents/projects/gymlog/test/core/app_startup_test.dart: GymLogApp builds without throwing when cloud is not ready
00:41 +157: C:/Users/Atharva Patil/Documents/projects/gymlog/test/core/app_startup_test.dart: GymLogApp builds without throwing when cloud is not ready
00:41 +158: C:/Users/Atharva Patil/Documents/projects/gymlog/test/core/app_startup_test.dart: GymLogApp builds without throwing when cloud is not ready
00:41 +159: C:/Users/Atharva Patil/Documents/projects/gymlog/test/core/app_startup_test.dart: GymLogApp builds without throwing when cloud is not ready
00:41 +160: C:/Users/Atharva Patil/Documents/projects/gymlog/test/core/app_startup_test.dart: GymLogApp builds without throwing when cloud is not ready
00:41 +161: C:/Users/Atharva Patil/Documents/projects/gymlog/test/core/app_startup_test.dart: GymLogApp builds without throwing when cloud is not ready
00:41 +162: C:/Users/Atharva Patil/Documents/projects/gymlog/test/core/app_startup_test.dart: GymLogApp builds without throwing when cloud is not ready
00:41 +163: C:/Users/Atharva Patil/Documents/projects/gymlog/test/core/app_startup_test.dart: GymLogApp builds without throwing when cloud is not ready
00:41 +164: C:/Users/Atharva Patil/Documents/projects/gymlog/test/core/app_startup_test.dart: GymLogApp builds without throwing when cloud is not ready
00:43 +165: C:/Users/Atharva Patil/Documents/projects/gymlog/test/core/app_startup_test.dart: GymLogApp builds without throwing when cloud is not ready
00:43 +166: C:/Users/Atharva Patil/Documents/projects/gymlog/test/core/app_startup_test.dart: GymLogApp builds without throwing when cloud is not ready
00:43 +167: C:/Users/Atharva Patil/Documents/projects/gymlog/test/core/app_startup_test.dart: GymLogApp builds without throwing when cloud is not ready
00:43 +168: C:/Users/Atharva Patil/Documents/projects/gymlog/test/core/app_startup_test.dart: GymLogApp builds without throwing when cloud is not ready
00:43 +169: C:/Users/Atharva Patil/Documents/projects/gymlog/test/core/app_startup_test.dart: GymLogApp builds without throwing when cloud is not ready
00:43 +170: C:/Users/Atharva Patil/Documents/projects/gymlog/test/core/app_startup_test.dart: GymLogApp builds without throwing when cloud is not ready
00:43 +171: C:/Users/Atharva Patil/Documents/projects/gymlog/test/core/app_startup_test.dart: GymLogApp builds without throwing when cloud is not ready
00:43 +172: C:/Users/Atharva Patil/Documents/projects/gymlog/test/core/app_startup_test.dart: GymLogApp builds without throwing when cloud is not ready
00:43 +173: C:/Users/Atharva Patil/Documents/projects/gymlog/test/core/app_startup_test.dart: GymLogApp builds without throwing when cloud is not ready
00:43 +174: C:/Users/Atharva Patil/Documents/projects/gymlog/test/core/app_startup_test.dart: GymLogApp builds without throwing when cloud is not ready
00:43 +175: C:/Users/Atharva Patil/Documents/projects/gymlog/test/core/app_startup_test.dart: GymLogApp builds without throwing when cloud is not ready
00:43 +176: C:/Users/Atharva Patil/Documents/projects/gymlog/test/core/app_startup_test.dart: GymLogApp builds without throwing when cloud is not ready
00:44 +177: C:/Users/Atharva Patil/Documents/projects/gymlog/test/core/app_startup_test.dart: router is constructable without Supabase being initialized
00:44 +178: C:/Users/Atharva Patil/Documents/projects/gymlog/test/core/router_deeplink_test.dart: deep link without extra loads the exercise by id instead of crashing
00:45 +179: C:/Users/Atharva Patil/Documents/projects/gymlog/test/core/router_deeplink_test.dart: deep link without extra loads the exercise by id instead of crashing
00:45 +180: C:/Users/Atharva Patil/Documents/projects/gymlog/test/core/router_deeplink_test.dart: deep link without extra loads the exercise by id instead of crashing
00:45 +181: C:/Users/Atharva Patil/Documents/projects/gymlog/test/core/router_deeplink_test.dart: deep link without extra loads the exercise by id instead of crashing
00:45 +182: C:/Users/Atharva Patil/Documents/projects/gymlog/test/core/router_deeplink_test.dart: deep link without extra loads the exercise by id instead of crashing
00:45 +183: C:/Users/Atharva Patil/Documents/projects/gymlog/test/core/router_deeplink_test.dart: deep link without extra loads the exercise by id instead of crashing
00:45 +184: C:/Users/Atharva Patil/Documents/projects/gymlog/test/core/router_deeplink_test.dart: deep link without extra loads the exercise by id instead of crashing
00:45 +185: C:/Users/Atharva Patil/Documents/projects/gymlog/test/core/router_deeplink_test.dart: deep link without extra loads the exercise by id instead of crashing
00:45 +186: C:/Users/Atharva Patil/Documents/projects/gymlog/test/core/router_deeplink_test.dart: deep link without extra loads the exercise by id instead of crashing
00:45 +187: C:/Users/Atharva Patil/Documents/projects/gymlog/test/core/router_deeplink_test.dart: deep link without extra loads the exercise by id instead of crashing
00:45 +188: C:/Users/Atharva Patil/Documents/projects/gymlog/test/core/router_deeplink_test.dart: deep link without extra loads the exercise by id instead of crashing
00:45 +189: C:/Users/Atharva Patil/Documents/projects/gymlog/test/core/router_deeplink_test.dart: deep link without extra loads the exercise by id instead of crashing
00:45 +190: C:/Users/Atharva Patil/Documents/projects/gymlog/test/core/router_deeplink_test.dart: deep link without extra loads the exercise by id instead of crashing
00:45 +191: C:/Users/Atharva Patil/Documents/projects/gymlog/test/core/router_deeplink_test.dart: deep link without extra loads the exercise by id instead of crashing
00:45 +192: C:/Users/Atharva Patil/Documents/projects/gymlog/test/core/router_deeplink_test.dart: deep link without extra loads the exercise by id instead of crashing
00:45 +193: C:/Users/Atharva Patil/Documents/projects/gymlog/test/core/router_deeplink_test.dart: deep link without extra loads the exercise by id instead of crashing
00:45 +194: C:/Users/Atharva Patil/Documents/projects/gymlog/test/core/router_deeplink_test.dart: deep link without extra loads the exercise by id instead of crashing
00:45 +195: C:/Users/Atharva Patil/Documents/projects/gymlog/test/core/router_deeplink_test.dart: deep link without extra loads the exercise by id instead of crashing
00:45 +196: C:/Users/Atharva Patil/Documents/projects/gymlog/test/core/router_deeplink_test.dart: deep link without extra loads the exercise by id instead of crashing
00:47 +197: C:/Users/Atharva Patil/Documents/projects/gymlog/test/core/router_deeplink_test.dart: deep link without extra loads the exercise by id instead of crashing
00:47 +198: C:/Users/Atharva Patil/Documents/projects/gymlog/test/core/router_deeplink_test.dart: deep link without extra loads the exercise by id instead of crashing
00:47 +199: C:/Users/Atharva Patil/Documents/projects/gymlog/test/core/router_deeplink_test.dart: deep link without extra loads the exercise by id instead of crashing
00:47 +200: C:/Users/Atharva Patil/Documents/projects/gymlog/test/core/router_deeplink_test.dart: deep link without extra loads the exercise by id instead of crashing
00:47 +201: C:/Users/Atharva Patil/Documents/projects/gymlog/test/core/router_deeplink_test.dart: deep link without extra loads the exercise by id instead of crashing
00:47 +202: C:/Users/Atharva Patil/Documents/projects/gymlog/test/core/router_deeplink_test.dart: deep link without extra loads the exercise by id instead of crashing
00:48 +203: C:/Users/Atharva Patil/Documents/projects/gymlog/test/core/router_deeplink_test.dart: deep link without extra loads the exercise by id instead of crashing
00:48 +204: C:/Users/Atharva Patil/Documents/projects/gymlog/test/core/router_deeplink_test.dart: deep link without extra loads the exercise by id instead of crashing
00:48 +205: C:/Users/Atharva Patil/Documents/projects/gymlog/test/core/router_deeplink_test.dart: deep link without extra loads the exercise by id instead of crashing
00:48 +206: C:/Users/Atharva Patil/Documents/projects/gymlog/test/core/router_deeplink_test.dart: deep link without extra loads the exercise by id instead of crashing
00:48 +207: C:/Users/Atharva Patil/Documents/projects/gymlog/test/core/router_deeplink_test.dart: deep link without extra loads the exercise by id instead of crashing
00:48 +208: C:/Users/Atharva Patil/Documents/projects/gymlog/test/core/router_deeplink_test.dart: deep link without extra loads the exercise by id instead of crashing
00:48 +209: C:/Users/Atharva Patil/Documents/projects/gymlog/test/core/router_deeplink_test.dart: deep link without extra loads the exercise by id instead of crashing
00:49 +210: C:/Users/Atharva Patil/Documents/projects/gymlog/test/core/router_deeplink_test.dart: deep link without extra loads the exercise by id instead of crashing
00:49 +211: C:/Users/Atharva Patil/Documents/projects/gymlog/test/core/router_deeplink_test.dart: deep link without extra loads the exercise by id instead of crashing
00:50 +212: C:/Users/Atharva Patil/Documents/projects/gymlog/test/core/router_deeplink_test.dart: deep link without extra loads the exercise by id instead of crashing
00:50 +213: C:/Users/Atharva Patil/Documents/projects/gymlog/test/core/router_deeplink_test.dart: deep link without extra loads the exercise by id instead of crashing
00:50 +214: C:/Users/Atharva Patil/Documents/projects/gymlog/test/core/router_deeplink_test.dart: deep link without extra loads the exercise by id instead of crashing
00:50 +215: C:/Users/Atharva Patil/Documents/projects/gymlog/test/das1_delete_completion_test.dart: DAS-1 Delete Account Completion Honesty full success shows permanent-deletion copy and routes to auth
00:50 +216: C:/Users/Atharva Patil/Documents/projects/gymlog/test/das1_delete_completion_test.dart: DAS-1 Delete Account Completion Honesty full success shows permanent-deletion copy and routes to auth
00:52 +217: C:/Users/Atharva Patil/Documents/projects/gymlog/test/das1_delete_completion_test.dart: DAS-1 Delete Account Completion Honesty full success shows permanent-deletion copy and routes to auth
00:54 +218: C:/Users/Atharva Patil/Documents/projects/gymlog/test/das1_delete_completion_test.dart: DAS-1 Delete Account Completion Honesty full success shows permanent-deletion copy and routes to auth
00:55 +219: C:/Users/Atharva Patil/Documents/projects/gymlog/test/das1_delete_completion_test.dart: DAS-1 Delete Account Completion Honesty full success shows permanent-deletion copy and routes to auth
01:01 +220: C:/Users/Atharva Patil/Documents/projects/gymlog/test/das1_delete_completion_test.dart: DAS-1 Delete Account Completion Honesty full success shows permanent-deletion copy and routes to auth
01:01 +221: C:/Users/Atharva Patil/Documents/projects/gymlog/test/das1_delete_completion_test.dart: DAS-1 Delete Account Completion Honesty full success shows permanent-deletion copy and routes to auth
01:01 +222: C:/Users/Atharva Patil/Documents/projects/gymlog/test/das1_delete_completion_test.dart: DAS-1 Delete Account Completion Honesty full success shows permanent-deletion copy and routes to auth
01:01 +223: C:/Users/Atharva Patil/Documents/projects/gymlog/test/das1_delete_completion_test.dart: DAS-1 Delete Account Completion Honesty full success shows permanent-deletion copy and routes to auth
01:01 +224: C:/Users/Atharva Patil/Documents/projects/gymlog/test/delivery_diagnostics_test.dart: Tapping Version AppActionRow 5 times throws controlled StateError
01:02 +225: C:/Users/Atharva Patil/Documents/projects/gymlog/test/delivery_diagnostics_test.dart: Tapping Version AppActionRow 5 times throws controlled StateError
01:03 +226: C:/Users/Atharva Patil/Documents/projects/gymlog/test/delivery_diagnostics_test.dart: Tapping Version AppActionRow 5 times throws controlled StateError
01:03 +227: C:/Users/Atharva Patil/Documents/projects/gymlog/test/delivery_diagnostics_test.dart: Tapping Version AppActionRow 5 times throws controlled StateError
01:04 +228: C:/Users/Atharva Patil/Documents/projects/gymlog/test/delivery_diagnostics_test.dart: Tapping Version AppActionRow 5 times throws controlled StateError
01:04 +229: C:/Users/Atharva Patil/Documents/projects/gymlog/test/delivery_diagnostics_test.dart: Tapping Version AppActionRow 5 times throws controlled StateError
01:05 +230: C:/Users/Atharva Patil/Documents/projects/gymlog/test/delivery_diagnostics_test.dart: Tapping Version AppActionRow 5 times throws controlled StateError
01:07 +231: C:/Users/Atharva Patil/Documents/projects/gymlog/test/delivery_diagnostics_test.dart: Tapping Version AppActionRow 5 times throws controlled StateError
01:07 +232: C:/Users/Atharva Patil/Documents/projects/gymlog/test/delivery_diagnostics_test.dart: Tapping Version AppActionRow 5 times throws controlled StateError
01:08 +232: C:/Users/Atharva Patil/Documents/projects/gymlog/test/exercises_hydration_test.dart: ATOMIC-RC3-04 Exercises Hydration Engine v9 1. Runs hydration and converts raw types when v9 key is missing
[ExercisesDao] Hydration v9 complete: 822 exercises.
01:08 +233: C:/Users/Atharva Patil/Documents/projects/gymlog/test/delivery_diagnostics_test.dart: Tapping Version AppActionRow 5 times throws controlled StateError
01:08 +234: C:/Users/Atharva Patil/Documents/projects/gymlog/test/delivery_diagnostics_test.dart: Tapping Version AppActionRow 5 times throws controlled StateError
01:08 +235: C:/Users/Atharva Patil/Documents/projects/gymlog/test/delivery_diagnostics_test.dart: Tapping Version AppActionRow 5 times throws controlled StateError
01:08 +236: C:/Users/Atharva Patil/Documents/projects/gymlog/test/exercise_detail_polish_test.dart: worked-muscle chips distinguish primary and secondary targets
01:10 +237: C:/Users/Atharva Patil/Documents/projects/gymlog/test/exercise_hero_transition_test.dart: Library(browse:true) row renders a Hero with tag exercise-hero-<id>
01:10 +238: C:/Users/Atharva Patil/Documents/projects/gymlog/test/exercise_hero_transition_test.dart: Library(browse:true) row renders a Hero with tag exercise-hero-<id>
01:11 +239: C:/Users/Atharva Patil/Documents/projects/gymlog/test/exercise_hero_transition_test.dart: Library(browse:true) row renders a Hero with tag exercise-hero-<id>
01:11 +240: C:/Users/Atharva Patil/Documents/projects/gymlog/test/exercise_hero_transition_test.dart: Library(browse:true) row renders a Hero with tag exercise-hero-<id>
01:11 +241: C:/Users/Atharva Patil/Documents/projects/gymlog/test/exercise_selection_polish_test.dart: ExerciseSelectionScreen filters catalog and handles caching correctly
01:12 +242: C:/Users/Atharva Patil/Documents/projects/gymlog/test/exercise_selection_polish_test.dart: ExerciseSelectionScreen filters catalog and handles caching correctly
01:12 +243: C:/Users/Atharva Patil/Documents/projects/gymlog/test/exercise_selection_polish_test.dart: ExerciseSelectionScreen filters catalog and handles caching correctly
01:12 +244: C:/Users/Atharva Patil/Documents/projects/gymlog/test/exercise_selection_polish_test.dart: ExerciseSelectionScreen filters catalog and handles caching correctly
01:13 +245: C:/Users/Atharva Patil/Documents/projects/gymlog/test/expiry_symptom_test.dart: timer expiry does not trigger Set removed snackbar
01:13 +246: C:/Users/Atharva Patil/Documents/projects/gymlog/test/expiry_symptom_test.dart: timer expiry does not trigger Set removed snackbar
01:13 +247: C:/Users/Atharva Patil/Documents/projects/gymlog/test/expiry_symptom_test.dart: timer expiry does not trigger Set removed snackbar
01:13 +248: C:/Users/Atharva Patil/Documents/projects/gymlog/test/expiry_symptom_test.dart: timer expiry does not trigger Set removed snackbar
01:13 +249: C:/Users/Atharva Patil/Documents/projects/gymlog/test/expiry_symptom_test.dart: timer expiry does not trigger Set removed snackbar
01:15 +250: C:/Users/Atharva Patil/Documents/projects/gymlog/test/explore_contrast_guard_test.dart: dark surface text tokens meet WCAG AA (4.5:1) on their surfaces
01:15 +251: C:/Users/Atharva Patil/Documents/projects/gymlog/test/explore_contrast_guard_test.dart: intermediate levelColor is never the brand accent hue
01:15 +252: C:/Users/Atharva Patil/Documents/projects/gymlog/test/export_share_previews_test.dart: (setUpAll)
01:15 +252: C:/Users/Atharva Patil/Documents/projects/gymlog/test/export_share_previews_test.dart: Export 1080x1920 preview PNGs for visual inspection
01:17 +253: C:/Users/Atharva Patil/Documents/projects/gymlog/test/export_share_previews_test.dart: Export 1080x1920 preview PNGs for visual inspection
01:17 +254: C:/Users/Atharva Patil/Documents/projects/gymlog/test/export_share_previews_test.dart: Export 1080x1920 preview PNGs for visual inspection
01:17 +255: C:/Users/Atharva Patil/Documents/projects/gymlog/test/export_share_previews_test.dart: Export 1080x1920 preview PNGs for visual inspection
01:18 +256: C:/Users/Atharva Patil/Documents/projects/gymlog/test/export_share_previews_test.dart: Export 1080x1920 preview PNGs for visual inspection
01:19 +257: C:/Users/Atharva Patil/Documents/projects/gymlog/test/export_share_previews_test.dart: Export 1080x1920 preview PNGs for visual inspection
01:19 +258: C:/Users/Atharva Patil/Documents/projects/gymlog/test/export_share_previews_test.dart: Export 1080x1920 preview PNGs for visual inspection
01:19 +259: C:/Users/Atharva Patil/Documents/projects/gymlog/test/export_share_previews_test.dart: Export 1080x1920 preview PNGs for visual inspection
01:20 +260: C:/Users/Atharva Patil/Documents/projects/gymlog/test/export_share_previews_test.dart: Export 1080x1920 preview PNGs for visual inspection
01:20 +261: C:/Users/Atharva Patil/Documents/projects/gymlog/test/features/auth/onboarding_age_step_test.dart: StepAge tapping + at 99 shows 100 on a single line
01:20 +262: C:/Users/Atharva Patil/Documents/projects/gymlog/test/features/auth/onboarding_weekly_goal_step_test.dart: StepWeeklyGoal preview consistency goal 2 previews 2 of 2 workouts completed
01:20 +263: C:/Users/Atharva Patil/Documents/projects/gymlog/test/features/auth/onboarding_age_step_test.dart: StepAge decrement disabled at 14, increment disabled at 100
01:20 +264: C:/Users/Atharva Patil/Documents/projects/gymlog/test/features/auth/onboarding_weekly_goal_step_test.dart: StepWeeklyGoal preview consistency goal 3 previews 2 of 3 workouts completed
01:20 +265: C:/Users/Atharva Patil/Documents/projects/gymlog/test/features/auth/onboarding_weekly_goal_step_test.dart: StepWeeklyGoal preview consistency goal 7 previews 2 of 7 workouts completed
01:20 +266: C:/Users/Atharva Patil/Documents/projects/gymlog/test/features/auth/onboarding_weekly_goal_step_test.dart: StepWeeklyGoal preview consistency tapping goal 1 updates caption and ring together
01:23 +267: C:/Users/Atharva Patil/Documents/projects/gymlog/test/features/routines/domain/ai_exercise_reconciler_test.dart: AiExerciseReconciler - Exercise Matching resolves exact match to verified status
01:23 +268: C:/Users/Atharva Patil/Documents/projects/gymlog/test/features/routines/domain/ai_exercise_reconciler_test.dart: AiExerciseReconciler - Exercise Matching resolves common gym acronyms and aliases via Tier 1 dictionary
01:23 +269: C:/Users/Atharva Patil/Documents/projects/gymlog/test/features/routines/domain/ai_exercise_reconciler_test.dart: AiExerciseReconciler - Exercise Matching strictly preserves equipment isolation (DB vs Barbell)
01:23 +270: C:/Users/Atharva Patil/Documents/projects/gymlog/test/features/routines/domain/ai_exercise_reconciler_test.dart: AiExerciseReconciler - Exercise Matching marks novel or non-existent exercises as unmatched without dropping them
01:23 +271: C:/Users/Atharva Patil/Documents/projects/gymlog/test/features/routines/domain/ai_exercise_reconciler_test.dart: AiExerciseReconciler - Exercise Matching strips coach styles and fuses compound words to match catalog (N1-Style Cross-Body Triceps Extension)
01:23 +272: C:/Users/Atharva Patil/Documents/projects/gymlog/test/features/routines/domain/ai_exercise_reconciler_test.dart: AiExerciseReconciler - Exercise Matching strips muscle annotations and maps cable y-raise to catalog lateral raise
01:23 +273: C:/Users/Atharva Patil/Documents/projects/gymlog/test/features/routines/domain/ai_exercise_reconciler_test.dart: AiExerciseReconciler - Exercise Matching strips superset tags and duration from raw exercise names
01:23 +274: C:/Users/Atharva Patil/Documents/projects/gymlog/test/features/routines/domain/ai_exercise_reconciler_test.dart: AiExerciseReconciler - Exercise Matching provides intelligent catalog suggestions for near-miss lifts like Larsen Press
01:23 +275: C:/Users/Atharva Patil/Documents/projects/gymlog/test/features/routines/domain/ai_exercise_reconciler_test.dart: AiExerciseReconciler - Numeric Sets & Reps & Weight Conversion parses rep ranges by picking representative midpoint
01:23 +276: C:/Users/Atharva Patil/Documents/projects/gymlog/test/features/routines/domain/ai_exercise_reconciler_test.dart: AiExerciseReconciler - Numeric Sets & Reps & Weight Conversion converts weight from lbs to kg when preferred unit is kg
01:23 +277: C:/Users/Atharva Patil/Documents/projects/gymlog/test/features/routines/domain/ai_exercise_reconciler_test.dart: AiExerciseReconciler - Numeric Sets & Reps & Weight Conversion preserves kg weight when target unit is kg
01:23 +278: C:/Users/Atharva Patil/Documents/projects/gymlog/test/features/routines/domain/ai_exercise_reconciler_test.dart: AiExerciseReconciler - Numeric Sets & Reps & Weight Conversion flags isDefaultedSets as true when sets is omitted in raw input
01:23 +279: C:/Users/Atharva Patil/Documents/projects/gymlog/test/features/routines/domain/ai_exercise_reconciler_test.dart: AiExerciseReconciler - Multi-Day Routine Structure reconciles multi-day routine preserving day groupings
01:24 +280: C:/Users/Atharva Patil/Documents/projects/gymlog/test/features/routines/domain/exercise_resolver_test.dart: normalisation lowercases and strips punctuation
01:24 +281: C:/Users/Atharva Patil/Documents/projects/gymlog/test/features/routines/domain/exercise_resolver_test.dart: normalisation base form drops the equipment parenthetical
01:24 +282: C:/Users/Atharva Patil/Documents/projects/gymlog/test/features/routines/domain/exercise_resolver_test.dart: resolve matches an exact name
01:24 +283: C:/Users/Atharva Patil/Documents/projects/gymlog/test/features/routines/domain/exercise_resolver_test.dart: resolve matches regardless of case and punctuation
01:24 +284: C:/Users/Atharva Patil/Documents/projects/gymlog/test/features/routines/domain/exercise_resolver_test.dart: resolve matches across an equipment parenthetical
01:24 +285: C:/Users/Atharva Patil/Documents/projects/gymlog/test/features/routines/domain/exercise_resolver_test.dart: resolve prefers the shortest qualifying candidate
01:24 +286: C:/Users/Atharva Patil/Documents/projects/gymlog/test/features/routines/domain/exercise_resolver_test.dart: resolve returns null rather than guessing wrong
01:24 +287: C:/Users/Atharva Patil/Documents/projects/gymlog/test/features/routines/domain/exercise_resolver_test.dart: resolve a single shared word is not enough to match
01:24 +288: C:/Users/Atharva Patil/Documents/projects/gymlog/test/features/routines/domain/exercise_resolver_test.dart: resolve known aliases collapse onto one exercise
01:24 +289: C:/Users/Atharva Patil/Documents/projects/gymlog/test/features/routines/domain/exercise_resolver_test.dart: resolve an alias pointing at nothing is ignored, not fatal
01:24 +290: C:/Users/Atharva Patil/Documents/projects/gymlog/test/features/routines/domain/exercise_resolver_test.dart: resolve repeat lookups are memoised to the same instance
01:24 +291: C:/Users/Atharva Patil/Documents/projects/gymlog/test/features/routines/domain/exercise_resolver_test.dart: resolve an empty catalog resolves nothing without throwing
01:24 +292: C:/Users/Atharva Patil/Documents/projects/gymlog/test/features/routines/domain/exercise_resolver_test.dart: unresolvedNames reports only the gaps
01:24 +293: C:/Users/Atharva Patil/Documents/projects/gymlog/test/features/routines/domain/exercise_resolver_test.dart: muscleProfileFor a push day does not report leg muscles
01:24 +294: C:/Users/Atharva Patil/Documents/projects/gymlog/test/features/routines/domain/exercise_resolver_test.dart: muscleProfileFor secondary never duplicates a primary group
01:24 +295: C:/Users/Atharva Patil/Documents/projects/gymlog/test/features/routines/domain/exercise_resolver_test.dart: muscleProfileFor unresolvable slots are skipped, not fatal
01:24 +296: C:/Users/Atharva Patil/Documents/projects/gymlog/test/features/routines/domain/exercise_resolver_test.dart: muscleProfileFor an all-unresolvable day yields an empty profile
01:24 +297: C:/Users/Atharva Patil/Documents/projects/gymlog/test/features/routines/domain/exercise_resolver_test.dart: muscleProfileFor two different days produce different profiles
01:24 +298: C:/Users/Atharva Patil/Documents/projects/gymlog/test/features/routines/domain/exercise_resolver_test.dart: exerciseIdsFor returns ids in slot order and skips gaps
01:25 +299: C:/Users/Atharva Patil/Documents/projects/gymlog/test/features/routines/presentation/ai_routine_import_screen_test.dart: AiRoutineImportScreen renders segmented control and photo mode initially
01:28 +300: C:/Users/Atharva Patil/Documents/projects/gymlog/test/features/routines/presentation/ai_routine_import_screen_test.dart: AiRoutineImportScreen renders segmented control and photo mode initially
01:28 +301: C:/Users/Atharva Patil/Documents/projects/gymlog/test/features/routines/presentation/ai_routine_import_screen_test.dart: AiRoutineImportScreen renders segmented control and photo mode initially
01:28 +302: C:/Users/Atharva Patil/Documents/projects/gymlog/test/features/routines/presentation/ai_routine_import_screen_test.dart: AiRoutineImportScreen renders segmented control and photo mode initially
01:28 +303: C:/Users/Atharva Patil/Documents/projects/gymlog/test/features/routines/presentation/ai_routine_import_screen_test.dart: AiRoutineImportScreen renders segmented control and photo mode initially
01:28 +304: C:/Users/Atharva Patil/Documents/projects/gymlog/test/features/routines/presentation/ai_routine_import_screen_test.dart: AiRoutineImportScreen renders segmented control and photo mode initially
01:28 +305: C:/Users/Atharva Patil/Documents/projects/gymlog/test/features/routines/presentation/ai_routine_import_screen_test.dart: AiRoutineImportScreen renders segmented control and photo mode initially
01:28 +306: C:/Users/Atharva Patil/Documents/projects/gymlog/test/features/routines/presentation/ai_routine_import_screen_test.dart: AiRoutineImportScreen renders segmented control and photo mode initially
01:28 +307: C:/Users/Atharva Patil/Documents/projects/gymlog/test/features/routines/presentation/ai_routine_import_screen_test.dart: AiRoutineImportScreen renders segmented control and photo mode initially
01:28 +308: C:/Users/Atharva Patil/Documents/projects/gymlog/test/features/routines/presentation/ai_routine_import_screen_test.dart: AiRoutineImportScreen renders segmented control and photo mode initially
01:28 +309: C:/Users/Atharva Patil/Documents/projects/gymlog/test/features/routines/presentation/ai_routine_import_screen_test.dart: AiRoutineImportScreen renders segmented control and photo mode initially
01:28 +310: C:/Users/Atharva Patil/Documents/projects/gymlog/test/features/routines/presentation/ai_routine_import_screen_test.dart: AiRoutineImportScreen renders segmented control and photo mode initially
01:29 +311: C:/Users/Atharva Patil/Documents/projects/gymlog/test/features/routines/presentation/ai_routine_review_screen_test.dart: AiRoutineReviewScreen renders reconciled exercises and badges
01:30 +312: C:/Users/Atharva Patil/Documents/projects/gymlog/test/features/routines/presentation/ai_routine_review_screen_test.dart: AiRoutineReviewScreen renders reconciled exercises and badges
01:30 +313: C:/Users/Atharva Patil/Documents/projects/gymlog/test/features/routines/presentation/ai_routine_review_screen_test.dart: AiRoutineReviewScreen renders reconciled exercises and badges
01:30 +314: C:/Users/Atharva Patil/Documents/projects/gymlog/test/features/routines/presentation/ai_routine_review_screen_test.dart: AiRoutineReviewScreen renders reconciled exercises and badges
01:30 +315: C:/Users/Atharva Patil/Documents/projects/gymlog/test/features/routines/presentation/ai_routine_review_screen_test.dart: AiRoutineReviewScreen renders reconciled exercises and badges
01:30 +316: C:/Users/Atharva Patil/Documents/projects/gymlog/test/features/routines/presentation/ai_routine_review_screen_test.dart: AiRoutineReviewScreen renders reconciled exercises and badges
01:30 +317: C:/Users/Atharva Patil/Documents/projects/gymlog/test/features/routines/presentation/ai_routine_review_screen_test.dart: AiRoutineReviewScreen renders reconciled exercises and badges
01:30 +318: C:/Users/Atharva Patil/Documents/projects/gymlog/test/features/routines/presentation/ai_routine_review_screen_test.dart: AiRoutineReviewScreen renders reconciled exercises and badges
01:30 +319: C:/Users/Atharva Patil/Documents/projects/gymlog/test/features/routines/presentation/ai_routine_review_screen_test.dart: AiRoutineReviewScreen renders reconciled exercises and badges
01:30 +320: C:/Users/Atharva Patil/Documents/projects/gymlog/test/features/routines/presentation/ai_routine_review_screen_test.dart: AiRoutineReviewScreen renders reconciled exercises and badges
01:30 +321: C:/Users/Atharva Patil/Documents/projects/gymlog/test/features/routines/presentation/ai_routine_review_screen_test.dart: AiRoutineReviewScreen renders reconciled exercises and badges
01:30 +322: C:/Users/Atharva Patil/Documents/projects/gymlog/test/features/routines/presentation/ai_routine_review_screen_test.dart: AiRoutineReviewScreen renders reconciled exercises and badges
01:30 +323: C:/Users/Atharva Patil/Documents/projects/gymlog/test/features/routines/presentation/ai_routine_review_screen_test.dart: AiRoutineReviewScreen renders reconciled exercises and badges
01:30 +324: C:/Users/Atharva Patil/Documents/projects/gymlog/test/features/routines/presentation/ai_routine_review_screen_test.dart: AiRoutineReviewScreen renders reconciled exercises and badges
01:30 +325: C:/Users/Atharva Patil/Documents/projects/gymlog/test/features/routines/presentation/ai_routine_review_screen_test.dart: AiRoutineReviewScreen renders reconciled exercises and badges
01:30 +326: C:/Users/Atharva Patil/Documents/projects/gymlog/test/features/routines/presentation/ai_routine_review_screen_test.dart: AiRoutineReviewScreen renders reconciled exercises and badges
01:30 +327: C:/Users/Atharva Patil/Documents/projects/gymlog/test/features/routines/presentation/ai_routine_review_screen_test.dart: AiRoutineReviewScreen renders reconciled exercises and badges
01:31 +328: C:/Users/Atharva Patil/Documents/projects/gymlog/test/features/routines/presentation/ai_routine_review_screen_test.dart: AiRoutineReviewScreen renders reconciled exercises and badges
01:31 +329: C:/Users/Atharva Patil/Documents/projects/gymlog/test/features/routines/presentation/ai_routine_review_screen_test.dart: AiRoutineReviewScreen renders reconciled exercises and badges
01:31 +330: C:/Users/Atharva Patil/Documents/projects/gymlog/test/features/routines/presentation/ai_routine_review_screen_test.dart: AiRoutineReviewScreen renders reconciled exercises and badges
01:31 +331: C:/Users/Atharva Patil/Documents/projects/gymlog/test/features/routines/presentation/ai_routine_review_screen_test.dart: AiRoutineReviewScreen renders reconciled exercises and badges
01:33 +332: C:/Users/Atharva Patil/Documents/projects/gymlog/test/features/routines/presentation/ai_routine_review_screen_test.dart: AiRoutineReviewScreen renders reconciled exercises and badges
01:34 +333: C:/Users/Atharva Patil/Documents/projects/gymlog/test/features/routines/presentation/ai_routine_review_screen_test.dart: AiRoutineReviewScreen renders reconciled exercises and badges
01:36 +334: C:/Users/Atharva Patil/Documents/projects/gymlog/test/features/routines/presentation/ai_routine_review_screen_test.dart: AiRoutineReviewScreen stepper increments set count
01:36 +335: C:/Users/Atharva Patil/Documents/projects/gymlog/test/features/routines/presentation/ai_routine_review_screen_test.dart: AiRoutineReviewScreen stepper increments set count
01:36 +336: C:/Users/Atharva Patil/Documents/projects/gymlog/test/features/routines/presentation/ai_routine_review_screen_test.dart: AiRoutineReviewScreen stepper increments set count
01:36 +337: C:/Users/Atharva Patil/Documents/projects/gymlog/test/features/routines/presentation/ai_routine_review_screen_test.dart: AiRoutineReviewScreen stepper increments set count
01:36 +338: C:/Users/Atharva Patil/Documents/projects/gymlog/test/features/routines/presentation/ai_routine_review_screen_test.dart: AiRoutineReviewScreen stepper increments set count
01:36 +339: C:/Users/Atharva Patil/Documents/projects/gymlog/test/features/routines/presentation/ai_routine_review_screen_test.dart: AiRoutineReviewScreen stepper increments set count
01:36 +340: C:/Users/Atharva Patil/Documents/projects/gymlog/test/features/routines/presentation/ai_routine_review_screen_test.dart: AiRoutineReviewScreen stepper increments set count
01:36 +341: C:/Users/Atharva Patil/Documents/projects/gymlog/test/features/routines/presentation/ai_routine_review_screen_test.dart: AiRoutineReviewScreen stepper increments set count
01:36 +342: C:/Users/Atharva Patil/Documents/projects/gymlog/test/features/routines/presentation/ai_routine_review_screen_test.dart: AiRoutineReviewScreen stepper increments set count
01:36 +343: C:/Users/Atharva Patil/Documents/projects/gymlog/test/features/routines/presentation/ai_routine_review_screen_test.dart: AiRoutineReviewScreen stepper increments set count
01:36 +344: C:/Users/Atharva Patil/Documents/projects/gymlog/test/features/routines/presentation/ai_routine_review_screen_test.dart: AiRoutineReviewScreen stepper increments set count
01:36 +345: C:/Users/Atharva Patil/Documents/projects/gymlog/test/features/routines/presentation/ai_routine_review_screen_test.dart: AiRoutineReviewScreen stepper increments set count
01:36 +346: C:/Users/Atharva Patil/Documents/projects/gymlog/test/features/routines/presentation/ai_routine_review_screen_test.dart: AiRoutineReviewScreen stepper increments set count
01:36 +347: C:/Users/Atharva Patil/Documents/projects/gymlog/test/features/routines/presentation/ai_routine_review_screen_test.dart: AiRoutineReviewScreen stepper increments set count
01:37 +348: C:/Users/Atharva Patil/Documents/projects/gymlog/test/features/routines/presentation/widgets/explore_preview_sheet_test.dart: RoutinePreviewSheet renders routine details, exercises, and muscle map
01:38 +349: C:/Users/Atharva Patil/Documents/projects/gymlog/test/features/routines/presentation/widgets/explore_preview_sheet_test.dart: RoutinePreviewSheet renders routine details, exercises, and muscle map
01:38 +350: C:/Users/Atharva Patil/Documents/projects/gymlog/test/features/routines/presentation/widgets/explore_preview_sheet_test.dart: RoutinePreviewSheet renders routine details, exercises, and muscle map
01:38 +351: C:/Users/Atharva Patil/Documents/projects/gymlog/test/features/routines/presentation/widgets/explore_preview_sheet_test.dart: RoutinePreviewSheet renders routine details, exercises, and muscle map
01:38 +352: C:/Users/Atharva Patil/Documents/projects/gymlog/test/features/routines/presentation/widgets/explore_preview_sheet_test.dart: RoutinePreviewSheet renders routine details, exercises, and muscle map
01:38 +353: C:/Users/Atharva Patil/Documents/projects/gymlog/test/features/routines/presentation/widgets/explore_preview_sheet_test.dart: RoutinePreviewSheet renders routine details, exercises, and muscle map
01:38 +354: C:/Users/Atharva Patil/Documents/projects/gymlog/test/features/routines/presentation/widgets/explore_preview_sheet_test.dart: RoutinePreviewSheet renders routine details, exercises, and muscle map
01:38 +355: C:/Users/Atharva Patil/Documents/projects/gymlog/test/features/routines/presentation/widgets/explore_preview_sheet_test.dart: RoutinePreviewSheet renders routine details, exercises, and muscle map
01:38 +356: C:/Users/Atharva Patil/Documents/projects/gymlog/test/features/routines/presentation/widgets/explore_preview_sheet_test.dart: RoutinePreviewSheet renders routine details, exercises, and muscle map
01:38 +357: C:/Users/Atharva Patil/Documents/projects/gymlog/test/features/routines/presentation/widgets/explore_preview_sheet_test.dart: RoutinePreviewSheet renders routine details, exercises, and muscle map
01:38 +358: C:/Users/Atharva Patil/Documents/projects/gymlog/test/features/routines/presentation/widgets/explore_preview_sheet_test.dart: RoutinePreviewSheet renders routine details, exercises, and muscle map
01:38 +359: C:/Users/Atharva Patil/Documents/projects/gymlog/test/features/routines/presentation/widgets/explore_preview_sheet_test.dart: RoutinePreviewSheet renders routine details, exercises, and muscle map
01:38 +360: C:/Users/Atharva Patil/Documents/projects/gymlog/test/features/routines/presentation/widgets/explore_preview_sheet_test.dart: RoutinePreviewSheet renders routine details, exercises, and muscle map
01:38 +361: C:/Users/Atharva Patil/Documents/projects/gymlog/test/features/routines/presentation/widgets/explore_preview_sheet_test.dart: RoutinePreviewSheet renders routine details, exercises, and muscle map
01:38 +362: C:/Users/Atharva Patil/Documents/projects/gymlog/test/features/routines/presentation/widgets/explore_preview_sheet_test.dart: RoutinePreviewSheet renders routine details, exercises, and muscle map
01:38 +363: C:/Users/Atharva Patil/Documents/projects/gymlog/test/features/routines/presentation/widgets/explore_preview_sheet_test.dart: RoutinePreviewSheet renders routine details, exercises, and muscle map
01:38 +364: C:/Users/Atharva Patil/Documents/projects/gymlog/test/features/routines/presentation/widgets/explore_preview_sheet_test.dart: RoutinePreviewSheet renders routine details, exercises, and muscle map
01:38 +365: C:/Users/Atharva Patil/Documents/projects/gymlog/test/features/routines/presentation/widgets/explore_preview_sheet_test.dart: RoutinePreviewSheet renders routine details, exercises, and muscle map
01:38 +366: C:/Users/Atharva Patil/Documents/projects/gymlog/test/features/routines/presentation/widgets/explore_preview_sheet_test.dart: RoutinePreviewSheet renders routine details, exercises, and muscle map
01:38 +367: C:/Users/Atharva Patil/Documents/projects/gymlog/test/features/routines/presentation/widgets/explore_preview_sheet_test.dart: RoutinePreviewSheet renders routine details, exercises, and muscle map
01:38 +368: C:/Users/Atharva Patil/Documents/projects/gymlog/test/features/routines/presentation/widgets/explore_preview_sheet_test.dart: RoutinePreviewSheet renders routine details, exercises, and muscle map
01:38 +369: C:/Users/Atharva Patil/Documents/projects/gymlog/test/features/routines/presentation/widgets/explore_preview_sheet_test.dart: RoutinePreviewSheet renders routine details, exercises, and muscle map
01:38 +370: C:/Users/Atharva Patil/Documents/projects/gymlog/test/features/routines/presentation/widgets/explore_preview_sheet_test.dart: RoutinePreviewSheet renders routine details, exercises, and muscle map
01:38 +371: C:/Users/Atharva Patil/Documents/projects/gymlog/test/features/routines/presentation/widgets/explore_preview_sheet_test.dart: RoutinePreviewSheet renders routine details, exercises, and muscle map
01:38 +372: C:/Users/Atharva Patil/Documents/projects/gymlog/test/features/routines/presentation/widgets/explore_preview_sheet_test.dart: RoutinePreviewSheet renders routine details, exercises, and muscle map
01:38 +373: C:/Users/Atharva Patil/Documents/projects/gymlog/test/features/routines/presentation/widgets/explore_preview_sheet_test.dart: RoutinePreviewSheet renders routine details, exercises, and muscle map
01:38 +374: C:/Users/Atharva Patil/Documents/projects/gymlog/test/features/routines/presentation/widgets/explore_preview_sheet_test.dart: RoutinePreviewSheet renders routine details, exercises, and muscle map
01:38 +375: C:/Users/Atharva Patil/Documents/projects/gymlog/test/features/routines/presentation/widgets/explore_preview_sheet_test.dart: RoutinePreviewSheet renders routine details, exercises, and muscle map
01:38 +376: C:/Users/Atharva Patil/Documents/projects/gymlog/test/features/routines/presentation/widgets/explore_preview_sheet_test.dart: RoutinePreviewSheet renders routine details, exercises, and muscle map
01:38 +377: C:/Users/Atharva Patil/Documents/projects/gymlog/test/features/routines/presentation/widgets/explore_preview_sheet_test.dart: RoutinePreviewSheet renders routine details, exercises, and muscle map
01:40 +378: C:/Users/Atharva Patil/Documents/projects/gymlog/test/features/routines/presentation/widgets/explore_preview_sheet_test.dart: RoutinePreviewSheet renders routine details, exercises, and muscle map
01:40 +379: C:/Users/Atharva Patil/Documents/projects/gymlog/test/features/routines/presentation/widgets/explore_preview_sheet_test.dart: RoutinePreviewSheet renders routine details, exercises, and muscle map
01:40 +380: C:/Users/Atharva Patil/Documents/projects/gymlog/test/features/routines/presentation/widgets/explore_preview_sheet_test.dart: RoutinePreviewSheet renders routine details, exercises, and muscle map
01:40 +381: C:/Users/Atharva Patil/Documents/projects/gymlog/test/features/routines/presentation/widgets/explore_preview_sheet_test.dart: RoutinePreviewSheet renders routine details, exercises, and muscle map
01:40 +382: C:/Users/Atharva Patil/Documents/projects/gymlog/test/features/routines/presentation/widgets/explore_preview_sheet_test.dart: RoutinePreviewSheet renders routine details, exercises, and muscle map
01:40 +383: C:/Users/Atharva Patil/Documents/projects/gymlog/test/features/routines/presentation/widgets/explore_preview_sheet_test.dart: RoutinePreviewSheet renders routine details, exercises, and muscle map
01:40 +384: C:/Users/Atharva Patil/Documents/projects/gymlog/test/features/routines/presentation/widgets/explore_preview_sheet_test.dart: RoutinePreviewSheet renders routine details, exercises, and muscle map
01:40 +385: C:/Users/Atharva Patil/Documents/projects/gymlog/test/features/routines/presentation/widgets/explore_preview_sheet_test.dart: RoutinePreviewSheet renders routine details, exercises, and muscle map
01:41 +386: C:/Users/Atharva Patil/Documents/projects/gymlog/test/features/routines/presentation/widgets/explore_preview_sheet_test.dart: RoutinePreviewSheet renders routine details, exercises, and muscle map
unhandled element <style/>; Picture key: Svg loader
01:41 +387: C:/Users/Atharva Patil/Documents/projects/gymlog/test/features/workout/presentation/screens/active_workout_hold_timer_integration_test.dart: ExerciseBlock renders TIMER column and triggers HoldTimer
01:42 +388: C:/Users/Atharva Patil/Documents/projects/gymlog/test/features/workout/presentation/screens/active_workout_hold_timer_integration_test.dart: ExerciseBlock renders TIMER column and triggers HoldTimer
01:42 +389: C:/Users/Atharva Patil/Documents/projects/gymlog/test/features/workout/presentation/screens/active_workout_hold_timer_integration_test.dart: ExerciseBlock renders TIMER column and triggers HoldTimer
01:44 +390: C:/Users/Atharva Patil/Documents/projects/gymlog/test/features/workout/presentation/screens/active_workout_hold_timer_integration_test.dart: ExerciseBlock renders TIMER column and triggers HoldTimer
01:44 +391: C:/Users/Atharva Patil/Documents/projects/gymlog/test/features/workout/presentation/screens/active_workout_hold_timer_integration_test.dart: ExerciseBlock renders TIMER column and triggers HoldTimer
01:44 +392: C:/Users/Atharva Patil/Documents/projects/gymlog/test/features/workout/presentation/screens/active_workout_hold_timer_integration_test.dart: ExerciseBlock renders TIMER column and triggers HoldTimer
01:44 +393: C:/Users/Atharva Patil/Documents/projects/gymlog/test/features/workout/presentation/widgets/set_row_hold_timer_test.dart: SetRow Hold Timer Integration Tests renders play icon trigger and TextField for duration measurementType
01:45 +394: C:/Users/Atharva Patil/Documents/projects/gymlog/test/features/workout/pr_celebration_overlay_test.dart: PR celebration overlay Keep Going stays fully on-screen on a short viewport with large text and many PRs
01:45 +395: C:/Users/Atharva Patil/Documents/projects/gymlog/test/features/workout/pr_celebration_overlay_test.dart: PR celebration overlay Keep Going stays fully on-screen on a short viewport with large text and many PRs
01:45 +396: C:/Users/Atharva Patil/Documents/projects/gymlog/test/features/workout/pr_celebration_overlay_test.dart: PR celebration overlay Keep Going stays fully on-screen on a short viewport with large text and many PRs
01:45 +397: C:/Users/Atharva Patil/Documents/projects/gymlog/test/features/workout/pr_celebration_overlay_test.dart: PR celebration overlay Keep Going stays fully on-screen on a short viewport with large text and many PRs
01:45 +398: C:/Users/Atharva Patil/Documents/projects/gymlog/test/features/workout/pr_celebration_overlay_test.dart: PR celebration overlay Keep Going stays fully on-screen on a short viewport with large text and many PRs
01:45 +399: C:/Users/Atharva Patil/Documents/projects/gymlog/test/features/workout/pr_celebration_overlay_test.dart: PR celebration overlay Keep Going stays fully on-screen on a short viewport with large text and many PRs
01:46 +400: C:/Users/Atharva Patil/Documents/projects/gymlog/test/features/workout/pr_celebration_overlay_test.dart: PR celebration overlay Keep Going stays fully on-screen on a short viewport with large text and many PRs
01:46 +401: C:/Users/Atharva Patil/Documents/projects/gymlog/test/features/workout/pr_celebration_overlay_test.dart: PR celebration overlay Keep Going stays fully on-screen on a short viewport with large text and many PRs
01:46 +402: C:/Users/Atharva Patil/Documents/projects/gymlog/test/features/workout/pr_celebration_overlay_test.dart: PR celebration overlay Keep Going respects the bottom system inset (3-button nav edge-to-edge)
01:46 +402: loading C:/Users/Atharva Patil/Documents/projects/gymlog/test/golden/active_workout_header_golden_test.dart
Warning: A tag was used that wasn't specified in dart_test.yaml.
  golden was used in the suite itself

01:46 +403: C:/Users/Atharva Patil/Documents/projects/gymlog/test/golden/active_workout_header_golden_test.dart: ActiveWorkoutHeader renders correctly per theme (normal layout) (variant: Windows)
01:46 +404: C:/Users/Atharva Patil/Documents/projects/gymlog/test/golden/active_workout_header_golden_test.dart: ActiveWorkoutHeader renders correctly per theme (normal layout) (variant: Windows)
01:46 +405: C:/Users/Atharva Patil/Documents/projects/gymlog/test/golden/active_workout_header_golden_test.dart: ActiveWorkoutHeader renders correctly per theme (normal layout) (variant: Windows)
01:46 +406: C:/Users/Atharva Patil/Documents/projects/gymlog/test/golden/active_workout_header_golden_test.dart: ActiveWorkoutHeader renders correctly per theme (normal layout) (variant: Windows)
01:48 +406: loading C:/Users/Atharva Patil/Documents/projects/gymlog/test/golden/muscle_load_bar_golden_test.dart
Warning: A tag was used that wasn't specified in dart_test.yaml.
  golden was used in the suite itself

01:49 +407: C:/Users/Atharva Patil/Documents/projects/gymlog/test/golden/auth_screen_golden_test.dart: AuthScreen Golden Tests 1. Dark Purple Palette 390x844
01:49 +408: C:/Users/Atharva Patil/Documents/projects/gymlog/test/golden/auth_screen_golden_test.dart: AuthScreen Golden Tests 1. Dark Purple Palette 390x844
01:49 +408: loading C:/Users/Atharva Patil/Documents/projects/gymlog/test/golden/muscle_map_golden_test.dart
Warning: A tag was used that wasn't specified in dart_test.yaml.
  golden was used in the suite itself

01:50 +409: C:/Users/Atharva Patil/Documents/projects/gymlog/test/golden/muscle_load_bar_golden_test.dart: MuscleLoadBar renders in all six accent palettes (variant: Windows)
01:50 +410: C:/Users/Atharva Patil/Documents/projects/gymlog/test/golden/muscle_load_bar_golden_test.dart: MuscleLoadBar renders in all six accent palettes (variant: Windows)
01:50 +411: C:/Users/Atharva Patil/Documents/projects/gymlog/test/golden/muscle_load_bar_golden_test.dart: MuscleLoadBar renders in all six accent palettes (variant: Windows)
01:50 +412: C:/Users/Atharva Patil/Documents/projects/gymlog/test/golden/muscle_load_bar_golden_test.dart: MuscleLoadBar renders in all six accent palettes (variant: Windows)
01:50 +413: C:/Users/Atharva Patil/Documents/projects/gymlog/test/golden/muscle_load_bar_golden_test.dart: MuscleLoadBar renders in all six accent palettes (variant: Windows)
01:50 +414: C:/Users/Atharva Patil/Documents/projects/gymlog/test/golden/muscle_load_bar_golden_test.dart: MuscleLoadBar renders in all six accent palettes (variant: Windows)
01:50 +415: C:/Users/Atharva Patil/Documents/projects/gymlog/test/golden/muscle_map_golden_test.dart: MuscleMap front-only male highlights Chest and Triceps (variant: Windows)
01:51 +416: C:/Users/Atharva Patil/Documents/projects/gymlog/test/golden/muscle_map_golden_test.dart: MuscleMap front-only male highlights Chest and Triceps (variant: Windows)
01:51 +417: C:/Users/Atharva Patil/Documents/projects/gymlog/test/golden/muscle_map_golden_test.dart: MuscleMap front-only male highlights Chest and Triceps (variant: Windows)
01:51 +418: C:/Users/Atharva Patil/Documents/projects/gymlog/test/golden/muscle_map_golden_test.dart: MuscleMap front-only male highlights Chest and Triceps (variant: Windows)
01:51 +419: C:/Users/Atharva Patil/Documents/projects/gymlog/test/golden/muscle_map_golden_test.dart: MuscleMap front-only male highlights Chest and Triceps (variant: Windows)
01:51 +420: C:/Users/Atharva Patil/Documents/projects/gymlog/test/golden/muscle_map_golden_test.dart: MuscleMap front-only male highlights Chest and Triceps (variant: Windows)
01:51 +421: C:/Users/Atharva Patil/Documents/projects/gymlog/test/golden/muscle_map_golden_test.dart: MuscleMap front-only male highlights Chest and Triceps (variant: Windows)
01:51 +422: C:/Users/Atharva Patil/Documents/projects/gymlog/test/golden/muscle_map_golden_test.dart: MuscleMap front-only male highlights Chest and Triceps (variant: Windows)
01:51 +423: C:/Users/Atharva Patil/Documents/projects/gymlog/test/golden/muscle_map_golden_test.dart: MuscleMap front-only male highlights Chest and Triceps (variant: Windows)
01:51 +424: C:/Users/Atharva Patil/Documents/projects/gymlog/test/golden/muscle_map_golden_test.dart: MuscleMap front-only male highlights Chest and Triceps (variant: Windows)
unhandled element <style/>; Picture key: Svg loader
01:52 +425: C:/Users/Atharva Patil/Documents/projects/gymlog/test/golden/auth_screen_golden_test.dart: AuthScreen Golden Tests 11. Loading State
01:52 +426: C:/Users/Atharva Patil/Documents/projects/gymlog/test/golden/muscle_map_golden_test.dart: MuscleMap front-only male highlights Chest and Triceps (variant: CI)
01:52 +427: C:/Users/Atharva Patil/Documents/projects/gymlog/test/golden/muscle_map_golden_test.dart: MuscleMap front-only male highlights Chest and Triceps (variant: CI)
01:52 +427: C:/Users/Atharva Patil/Documents/projects/gymlog/test/golden/auth_screen_golden_test.dart: AuthScreen Golden Tests 13. Offline Snackbar
[Auth] failure=network
01:52 +428: C:/Users/Atharva Patil/Documents/projects/gymlog/test/golden/muscle_map_golden_test.dart: MuscleMap front-only male highlights Chest and Triceps (variant: CI)
01:53 +429: C:/Users/Atharva Patil/Documents/projects/gymlog/test/golden/auth_screen_golden_test.dart: AuthScreen Golden Tests 14. Configuration-error Snackbar
[Auth] failure=configuration code=google_android_configuration
01:53 +430: C:/Users/Atharva Patil/Documents/projects/gymlog/test/golden/muscle_map_golden_test.dart: MuscleMap front+back female highlights Back and Biceps (variant: Windows)
01:53 +431: C:/Users/Atharva Patil/Documents/projects/gymlog/test/golden/muscle_map_golden_test.dart: MuscleMap front+back female highlights Back and Biceps (variant: CI)
01:54 +431: loading C:/Users/Atharva Patil/Documents/projects/gymlog/test/golden/nav_bar_golden_test.dart
Warning: A tag was used that wasn't specified in dart_test.yaml.
  golden was used in the suite itself

01:54 +432: C:/Users/Atharva Patil/Documents/projects/gymlog/test/golden/nav_bar_golden_test.dart: BottomNavBar — all palettes, tab 0 selected, standard sizes (variant: Windows)
01:54 +432: loading C:/Users/Atharva Patil/Documents/projects/gymlog/test/golden/onboarding_steps_golden_test.dart
Warning: A tag was used that wasn't specified in dart_test.yaml.
  golden was used in the suite itself

01:55 +433: C:/Users/Atharva Patil/Documents/projects/gymlog/test/golden/nav_bar_golden_test.dart: BottomNavBar — all palettes, tab 0 selected, standard sizes (variant: Windows)
01:55 +434: C:/Users/Atharva Patil/Documents/projects/gymlog/test/golden/nav_bar_golden_test.dart: BottomNavBar — all palettes, tab 0 selected, standard sizes (variant: Windows)
01:56 +434: loading C:/Users/Atharva Patil/Documents/projects/gymlog/test/golden/pr_celebration_golden_test.dart
Warning: A tag was used that wasn't specified in dart_test.yaml.
  golden was used in the suite itself

01:56 +435: C:/Users/Atharva Patil/Documents/projects/gymlog/test/golden/onboarding_steps_golden_test.dart: StepAge renders per theme (variant: Windows)
01:58 +436: C:/Users/Atharva Patil/Documents/projects/gymlog/test/golden/onboarding_steps_golden_test.dart: StepAge renders per theme (variant: Windows)
01:58 +437: C:/Users/Atharva Patil/Documents/projects/gymlog/test/golden/pr_celebration_golden_test.dart: PrCelebrationCard renders per theme (variant: Windows)
01:58 +437: loading C:/Users/Atharva Patil/Documents/projects/gymlog/test/golden/segmented_control_golden_test.dart
Warning: A tag was used that wasn't specified in dart_test.yaml.
  golden was used in the suite itself

01:58 +438: C:/Users/Atharva Patil/Documents/projects/gymlog/test/golden/pr_celebration_golden_test.dart: PrCelebrationCard renders per theme (variant: Windows)
01:59 +439: C:/Users/Atharva Patil/Documents/projects/gymlog/test/golden/pr_celebration_golden_test.dart: PrCelebrationCard renders per theme (variant: Windows)
01:59 +440: C:/Users/Atharva Patil/Documents/projects/gymlog/test/golden/pr_celebration_golden_test.dart: PrCelebrationCard renders per theme (variant: Windows)
02:00 +441: C:/Users/Atharva Patil/Documents/projects/gymlog/test/golden/segmented_control_golden_test.dart: SegmentedControl renders correctly per theme (variant: Windows)
02:00 +442: C:/Users/Atharva Patil/Documents/projects/gymlog/test/golden/segmented_control_golden_test.dart: SegmentedControl renders correctly per theme (variant: Windows)
02:00 +443: C:/Users/Atharva Patil/Documents/projects/gymlog/test/golden/segmented_control_golden_test.dart: SegmentedControl renders correctly per theme (variant: Windows)
02:01 +444: C:/Users/Atharva Patil/Documents/projects/gymlog/test/golden/segmented_control_golden_test.dart: SegmentedControl renders correctly per theme (variant: Windows)
02:01 +445: C:/Users/Atharva Patil/Documents/projects/gymlog/test/golden/segmented_control_golden_test.dart: SegmentedControl renders correctly per theme (variant: Windows)
02:02 +446: C:/Users/Atharva Patil/Documents/projects/gymlog/test/golden/segmented_control_golden_test.dart: SegmentedControl renders correctly per theme (variant: Windows)
02:02 +447: C:/Users/Atharva Patil/Documents/projects/gymlog/test/golden/segmented_control_golden_test.dart: SegmentedControl renders correctly per theme (variant: Windows)
02:02 +448: C:/Users/Atharva Patil/Documents/projects/gymlog/test/golden/pr_celebration_golden_test.dart: PrCelebrationCard fits a short viewport with a bottom inset (3-button nav edge-to-edge) — Keep Going must stay on-screen (variant: Windows)
02:03 +449: C:/Users/Atharva Patil/Documents/projects/gymlog/test/golden/pr_celebration_golden_test.dart: PrCelebrationCard fits a short viewport with a bottom inset (3-button nav edge-to-edge) — Keep Going must stay on-screen (variant: Windows)
02:03 +450: C:/Users/Atharva Patil/Documents/projects/gymlog/test/golden/pr_celebration_golden_test.dart: PrCelebrationCard fits a short viewport with a bottom inset (3-button nav edge-to-edge) — Keep Going must stay on-screen (variant: Windows)
02:03 +451: C:/Users/Atharva Patil/Documents/projects/gymlog/test/golden/onboarding_steps_golden_test.dart: StepWeeklyGoal renders per theme (variant: Windows)
02:04 +452: C:/Users/Atharva Patil/Documents/projects/gymlog/test/golden/onboarding_steps_golden_test.dart: StepWeeklyGoal renders per theme (variant: Windows)
02:04 +453: C:/Users/Atharva Patil/Documents/projects/gymlog/test/golden/pr_celebration_golden_test.dart: PrCelebrationCard fits a short viewport with a bottom inset (3-button nav edge-to-edge) — Keep Going must stay on-screen (variant: CI)
02:05 +454: C:/Users/Atharva Patil/Documents/projects/gymlog/test/golden/nav_bar_golden_test.dart: BottomNavBar — tablet 600x1024 (variant: CI)
02:05 +455: C:/Users/Atharva Patil/Documents/projects/gymlog/test/golden/onboarding_steps_golden_test.dart: StepWeeklyGoal renders per theme (variant: CI)
02:07 +456: C:/Users/Atharva Patil/Documents/projects/gymlog/test/golden/nav_bar_golden_test.dart: BottomNavBar — landscape 800x360 (variant: Windows)
02:07 +457: C:/Users/Atharva Patil/Documents/projects/gymlog/test/golden/nav_bar_golden_test.dart: BottomNavBar — landscape 800x360 (variant: CI)
02:09 +458: C:/Users/Atharva Patil/Documents/projects/gymlog/test/golden/nav_bar_golden_test.dart: BottomNavBar — reduced motion indicator animates instantly when animations disabled
02:11 +459: C:/Users/Atharva Patil/Documents/projects/gymlog/test/golden/nav_bar_golden_test.dart: BottomNavBar — semantics tabs expose semantics tree
02:12 +459: loading C:/Users/Atharva Patil/Documents/projects/gymlog/test/golden/share_cards_golden_test.dart
Warning: A tag was used that wasn't specified in dart_test.yaml.
  golden was used in the suite itself

02:12 +460: C:/Users/Atharva Patil/Documents/projects/gymlog/test/golden/share_cards_golden_test.dart: DELT Share Card - Monument Variant across all themes (variant: Windows)
02:13 +461: C:/Users/Atharva Patil/Documents/projects/gymlog/test/golden/share_cards_golden_test.dart: DELT Share Card - Monument Variant across all themes (variant: Windows)
02:15 +462: C:/Users/Atharva Patil/Documents/projects/gymlog/test/golden/share_cards_golden_test.dart: DELT Share Card - Monument Variant across all themes (variant: Windows)
02:16 +463: C:/Users/Atharva Patil/Documents/projects/gymlog/test/golden/share_cards_golden_test.dart: DELT Share Card - Monument Variant across all themes (variant: Windows)
02:16 +464: C:/Users/Atharva Patil/Documents/projects/gymlog/test/golden/share_cards_golden_test.dart: DELT Share Card - Monument Variant across all themes (variant: Windows)
02:16 +465: C:/Users/Atharva Patil/Documents/projects/gymlog/test/golden/share_cards_golden_test.dart: DELT Share Card - Monument Variant across all themes (variant: Windows)
02:16 +466: C:/Users/Atharva Patil/Documents/projects/gymlog/test/golden/share_cards_golden_test.dart: DELT Share Card - Monument Variant across all themes (variant: Windows)
02:16 +467: C:/Users/Atharva Patil/Documents/projects/gymlog/test/golden/share_cards_golden_test.dart: DELT Share Card - Monument Variant across all themes (variant: Windows)
02:16 +468: C:/Users/Atharva Patil/Documents/projects/gymlog/test/golden/share_cards_golden_test.dart: DELT Share Card - Monument Variant across all themes (variant: Windows)
02:16 +469: C:/Users/Atharva Patil/Documents/projects/gymlog/test/golden/share_cards_golden_test.dart: DELT Share Card - Monument Variant across all themes (variant: Windows)
02:16 +470: C:/Users/Atharva Patil/Documents/projects/gymlog/test/golden/share_cards_golden_test.dart: DELT Share Card - Monument Variant across all themes (variant: Windows)
02:16 +471: C:/Users/Atharva Patil/Documents/projects/gymlog/test/golden/share_cards_golden_test.dart: DELT Share Card - Monument Variant across all themes (variant: Windows)
02:16 +472: C:/Users/Atharva Patil/Documents/projects/gymlog/test/golden/share_cards_golden_test.dart: DELT Share Card - Monument Variant across all themes (variant: Windows)
02:16 +473: C:/Users/Atharva Patil/Documents/projects/gymlog/test/golden/share_cards_golden_test.dart: DELT Share Card - Monument Variant across all themes (variant: Windows)
02:17 +474: C:/Users/Atharva Patil/Documents/projects/gymlog/test/golden/share_cards_golden_test.dart: DELT Share Card - Monument Variant across all themes (variant: Windows)
02:17 +475: C:/Users/Atharva Patil/Documents/projects/gymlog/test/golden/share_cards_golden_test.dart: DELT Share Card - Monument Variant across all themes (variant: Windows)
02:17 +476: C:/Users/Atharva Patil/Documents/projects/gymlog/test/golden/share_cards_golden_test.dart: DELT Share Card - Monument Variant across all themes (variant: Windows)
02:17 +477: C:/Users/Atharva Patil/Documents/projects/gymlog/test/golden/share_cards_golden_test.dart: DELT Share Card - Monument Variant across all themes (variant: Windows)
02:17 +478: C:/Users/Atharva Patil/Documents/projects/gymlog/test/golden/share_cards_golden_test.dart: DELT Share Card - Monument Variant across all themes (variant: Windows)
02:17 +479: C:/Users/Atharva Patil/Documents/projects/gymlog/test/golden/share_cards_golden_test.dart: DELT Share Card - Monument Variant across all themes (variant: Windows)
02:17 +480: C:/Users/Atharva Patil/Documents/projects/gymlog/test/golden/share_cards_golden_test.dart: DELT Share Card - Monument Variant across all themes (variant: Windows)
02:18 +481: C:/Users/Atharva Patil/Documents/projects/gymlog/test/golden/share_cards_golden_test.dart: DELT Share Card - Monument Variant across all themes (variant: Windows)
02:18 +482: C:/Users/Atharva Patil/Documents/projects/gymlog/test/golden/share_cards_golden_test.dart: DELT Share Card - Monument Variant across all themes (variant: CI)
02:18 +483: C:/Users/Atharva Patil/Documents/projects/gymlog/test/golden/share_cards_golden_test.dart: DELT Share Card - Technical Variant (variant: Windows)
02:18 +484: C:/Users/Atharva Patil/Documents/projects/gymlog/test/golden/share_cards_golden_test.dart: DELT Share Card - Technical Variant (variant: Windows)
02:19 +485: C:/Users/Atharva Patil/Documents/projects/gymlog/test/golden/share_cards_golden_test.dart: DELT Share Card - Technical Variant (variant: Windows)
02:19 +486: C:/Users/Atharva Patil/Documents/projects/gymlog/test/golden/share_cards_golden_test.dart: DELT Share Card - Technical Variant (variant: Windows)
02:19 +487: C:/Users/Atharva Patil/Documents/projects/gymlog/test/golden/share_cards_golden_test.dart: DELT Share Card - Technical Variant (variant: Windows)
02:19 +488: C:/Users/Atharva Patil/Documents/projects/gymlog/test/golden/share_cards_golden_test.dart: DELT Share Card - Technical Variant (variant: Windows)
02:19 +489: C:/Users/Atharva Patil/Documents/projects/gymlog/test/golden/share_cards_golden_test.dart: DELT Share Card - Technical Variant (variant: Windows)
02:19 +490: C:/Users/Atharva Patil/Documents/projects/gymlog/test/golden/share_cards_golden_test.dart: DELT Share Card - Technical Variant (variant: Windows)
02:19 +491: C:/Users/Atharva Patil/Documents/projects/gymlog/test/golden/share_cards_golden_test.dart: DELT Share Card - Technical Variant (variant: Windows)
02:19 +492: C:/Users/Atharva Patil/Documents/projects/gymlog/test/golden/share_cards_golden_test.dart: DELT Share Card - Technical Variant (variant: Windows)
02:19 +493: C:/Users/Atharva Patil/Documents/projects/gymlog/test/golden/share_cards_golden_test.dart: DELT Share Card - Technical Variant (variant: Windows)
02:19 +494: C:/Users/Atharva Patil/Documents/projects/gymlog/test/golden/share_cards_golden_test.dart: DELT Share Card - Technical Variant (variant: CI)
02:19 +495: C:/Users/Atharva Patil/Documents/projects/gymlog/test/golden/share_cards_golden_test.dart: DELT Share Card - Sticker Variant (Alpha Background) (variant: Windows)
02:19 +496: C:/Users/Atharva Patil/Documents/projects/gymlog/test/golden/share_cards_golden_test.dart: DELT Share Card - Sticker Variant (Alpha Background) (variant: CI)
02:20 +497: C:/Users/Atharva Patil/Documents/projects/gymlog/test/import/exercise_matcher_test.dart: exact match (case-insensitive)
02:20 +498: C:/Users/Atharva Patil/Documents/projects/gymlog/test/import/exercise_matcher_test.dart: word-order independent: parenthetical ↔ prefixed equipment
02:20 +499: C:/Users/Atharva Patil/Documents/projects/gymlog/test/import/exercise_matcher_test.dart: equipment is preserved (no cross-equipment link)
02:20 +500: C:/Users/Atharva Patil/Documents/projects/gymlog/test/import/exercise_matcher_test.dart: equipment-less import name links to the single movement match
02:20 +501: C:/Users/Atharva Patil/Documents/projects/gymlog/test/import/exercise_matcher_test.dart: returns null when the movement is unknown
02:20 +502: C:/Users/Atharva Patil/Documents/projects/gymlog/test/import/exercise_matcher_test.dart: movementKey strips equipment and ignores word order
02:20 +503: C:/Users/Atharva Patil/Documents/projects/gymlog/test/import/exercise_matcher_test.dart: equipFromName reads parenthetical or prefixed equipment
02:21 +504: C:/Users/Atharva Patil/Documents/projects/gymlog/test/import/export_roundtrip_test.dart: (setUpAll)
02:21 +504: C:/Users/Atharva Patil/Documents/projects/gymlog/test/import/export_roundtrip_test.dart: ATOMIC-06: Lossless GymLog v2 Import/Export Round-Trip Round-trip invariant: decode(encode(workout)) preserves full history
WARNING (drift): It looks like you've created the database class AppDatabase multiple times. When these two databases use the same QueryExecutor, race conditions will occur and might corrupt the database. 
Try to follow the advice at https://drift.simonbinder.eu/faq/#using-the-database or, if you know what you're doing, set driftRuntimeOptions.dontWarnAboutMultipleDatabases = true
Here is the stacktrace from when the database was opened a second time:
#0      GeneratedDatabase._handleInstantiated (package:drift/src/runtime/api/db_base.dart:96:30)
#1      GeneratedDatabase._whenConstructed (package:drift/src/runtime/api/db_base.dart:73:12)
#2      new GeneratedDatabase (package:drift/src/runtime/api/db_base.dart:64:5)
#3      new _$AppDatabase (package:gymlog/core/database/database.g.dart:4170:36)
#4      new AppDatabase.forTesting (package:gymlog/core/database/database.dart)
#5      main.<anonymous closure>.<anonymous closure> (file:///C:/Users/Atharva%20Patil/Documents/projects/gymlog/test/import/export_roundtrip_test.dart:199:31)
<asynchronous suspension>
#6      Declarer.test.<anonymous closure>.<anonymous closure> (package:test_api/src/backend/declarer.dart:253:15)
<asynchronous suspension>
#7      Declarer.test.<anonymous closure> (package:test_api/src/backend/declarer.dart:250:11)
<asynchronous suspension>
#8      Invoker._waitForOutstandingCallbacks.<anonymous closure> (package:test_api/src/backend/invoker.dart:318:9)
<asynchronous suspension>
This warning will only appear on debug builds.
02:21 +505: C:/Users/Atharva Patil/Documents/projects/gymlog/test/import/export_roundtrip_test.dart: ATOMIC-06: Lossless GymLog v2 Import/Export Round-Trip v1 GymLog CSV remains readable
02:21 +506: C:/Users/Atharva Patil/Documents/projects/gymlog/test/import/export_roundtrip_test.dart: ATOMIC-06: Lossless GymLog v2 Import/Export Round-Trip unsupported future version throws explicit ImportException
02:21 +507: C:/Users/Atharva Patil/Documents/projects/gymlog/test/import/export_roundtrip_test.dart: ATOMIC-06: Lossless GymLog v2 Import/Export Round-Trip missing required v2 columns throws explicit ImportException
02:21 +508: C:/Users/Atharva Patil/Documents/projects/gymlog/test/import/export_roundtrip_test.dart: (tearDownAll)
02:22 +508: C:/Users/Atharva Patil/Documents/projects/gymlog/test/import/import_cluster_regression_test.dart: (setUpAll)
02:22 +508: C:/Users/Atharva Patil/Documents/projects/gymlog/test/import/import_cluster_regression_test.dart: CP-A: GymLog v2 rows are metric-validated (no silent garbage) a weight_and_reps row missing weight warns and skips
02:22 +509: C:/Users/Atharva Patil/Documents/projects/gymlog/test/import/import_cluster_regression_test.dart: CP-A: GymLog v2 rows are metric-validated (no silent garbage) a reps_only row missing reps warns and skips
02:22 +510: C:/Users/Atharva Patil/Documents/projects/gymlog/test/import/import_cluster_regression_test.dart: CP-B: UTC export dates come back as local wall-clock UTC-suffixed startedAt is converted to local on parse
02:22 +511: C:/Users/Atharva Patil/Documents/projects/gymlog/test/import/import_cluster_regression_test.dart: CP-C: case-insensitive session grouping same workout name in different case collapses to one session
02:22 +512: C:/Users/Atharva Patil/Documents/projects/gymlog/test/import/import_cluster_regression_test.dart: IM-A: kg is the default assumed unit parser defaults a unitless Strong file to kg
02:22 +513: C:/Users/Atharva Patil/Documents/projects/gymlog/test/import/import_cluster_regression_test.dart: IM-B: progress counts only importable sessions a duplicate does not move the progress counter
02:22 +514: C:/Users/Atharva Patil/Documents/projects/gymlog/test/import/import_cluster_regression_test.dart: IM-B: progress counts only importable sessions two fresh sessions report 2 of 2
02:22 +515: C:/Users/Atharva Patil/Documents/projects/gymlog/test/import/import_cluster_regression_test.dart: IM-C: cancel mid-import returns partial result isCancelled after the first session stops the rest
02:22 +516: C:/Users/Atharva Patil/Documents/projects/gymlog/test/import/import_cluster_regression_test.dart: IM-H: custom exercises roll back with a failing session a failed session transaction leaves no orphan custom exercise
02:22 +517: C:/Users/Atharva Patil/Documents/projects/gymlog/test/import/import_cluster_regression_test.dart: IM-I: honest partial-import reporting first session commits, second fails, partial result kept
02:22 +518: C:/Users/Atharva Patil/Documents/projects/gymlog/test/import/import_cluster_regression_test.dart: IM-2: template CSV round-trips template parses as GymLog v2 with one weight_and_reps set
02:22 +519: C:/Users/Atharva Patil/Documents/projects/gymlog/test/import/import_cluster_regression_test.dart: (tearDownAll)
02:23 +519: C:/Users/Atharva Patil/Documents/projects/gymlog/test/import/import_screen_polish_test.dart: _Banner renders with AppRadius.cardAll and semantic label
02:24 +520: C:/Users/Atharva Patil/Documents/projects/gymlog/test/import/import_screen_polish_test.dart: _Banner renders with AppRadius.cardAll and semantic label
02:24 +521: C:/Users/Atharva Patil/Documents/projects/gymlog/test/import/import_screen_polish_test.dart: _Banner renders with AppRadius.cardAll and semantic label
02:24 +522: C:/Users/Atharva Patil/Documents/projects/gymlog/test/import/import_screen_polish_test.dart: _Banner renders with AppRadius.cardAll and semantic label
02:24 +523: C:/Users/Atharva Patil/Documents/projects/gymlog/test/import/import_screen_polish_test.dart: _Banner renders with AppRadius.cardAll and semantic label
02:24 +524: C:/Users/Atharva Patil/Documents/projects/gymlog/test/import/import_screen_polish_test.dart: _Banner renders with AppRadius.cardAll and semantic label
02:24 +525: C:/Users/Atharva Patil/Documents/projects/gymlog/test/import/import_screen_polish_test.dart: _Banner renders with AppRadius.cardAll and semantic label
02:24 +526: C:/Users/Atharva Patil/Documents/projects/gymlog/test/import/import_screen_polish_test.dart: _Banner renders with AppRadius.cardAll and semantic label
02:24 +527: C:/Users/Atharva Patil/Documents/projects/gymlog/test/import/import_service_test.dart: preview reports the same shape without writing anything
02:24 +528: C:/Users/Atharva Patil/Documents/projects/gymlog/test/import/import_service_test.dart: preview reports the same shape without writing anything
02:24 +529: C:/Users/Atharva Patil/Documents/projects/gymlog/test/import/import_screen_polish_test.dart: _StatRow renders with semantic label
02:24 +530: C:/Users/Atharva Patil/Documents/projects/gymlog/test/import/import_screen_polish_test.dart: _UnitChooser renders with custom height, color tokens, and semantics
02:24 +531: C:/Users/Atharva Patil/Documents/projects/gymlog/test/import/workout_csv_parser_test.dart: Hevy parses sessions, sets, and kg volume from a real export
02:24 +532: C:/Users/Atharva Patil/Documents/projects/gymlog/test/import/workout_csv_parser_test.dart: Hevy respects the explicit set_type column (no warmups here)
02:24 +533: C:/Users/Atharva Patil/Documents/projects/gymlog/test/import/workout_csv_parser_test.dart: Hevy orders sets 0-based and contiguous within each exercise
02:24 +534: C:/Users/Atharva Patil/Documents/projects/gymlog/test/import/workout_csv_parser_test.dart: Hevy reads weight_lbs header variant and converts to kg
02:25 +535: C:/Users/Atharva Patil/Documents/projects/gymlog/test/import/workout_csv_parser_test.dart: Strong parses semicolon export and converts lbs → kg
02:25 +536: C:/Users/Atharva Patil/Documents/projects/gymlog/test/import/workout_csv_parser_test.dart: Strong infers warmups from the Notes column
02:25 +537: C:/Users/Atharva Patil/Documents/projects/gymlog/test/import/workout_csv_parser_test.dart: Strong derives session end time from Workout Duration
02:25 +538: C:/Users/Atharva Patil/Documents/projects/gymlog/test/import/workout_csv_parser_test.dart: Strong flags an assumed unit when Weight Unit column is missing
02:25 +539: C:/Users/Atharva Patil/Documents/projects/gymlog/test/import/workout_csv_parser_test.dart: cross-check Hevy and Strong files describe the same training volume
02:25 +540: C:/Users/Atharva Patil/Documents/projects/gymlog/test/import/workout_csv_parser_test.dart: errors throws on an unrecognised header
02:25 +541: C:/Users/Atharva Patil/Documents/projects/gymlog/test/import/workout_csv_parser_test.dart: errors throws on an empty file
02:26 +542: C:/Users/Atharva Patil/Documents/projects/gymlog/test/legal_consistency_test.dart: Legal URLs are valid and secure HTTPS links
02:26 +543: C:/Users/Atharva Patil/Documents/projects/gymlog/test/muscle_load_bar_accent_test.dart: legend dots equal the higgsfield (Volt, app default) ramp
02:27 +544: C:/Users/Atharva Patil/Documents/projects/gymlog/test/muscle_load_bar_accent_test.dart: legend dots equal the higgsfield (Volt, app default) ramp
02:28 +545: C:/Users/Atharva Patil/Documents/projects/gymlog/test/muscle_load_bar_accent_test.dart: legend dots equal the neonPurple ramp
02:28 +546: C:/Users/Atharva Patil/Documents/projects/gymlog/test/muscle_load_bar_accent_test.dart: no legend dot uses the legacy static purple literal
02:28 +547: C:/Users/Atharva Patil/Documents/projects/gymlog/test/no_equipment_logging_certification_test.dart: ATOMIC-RC3-06 No-Equipment Logging End-to-End Certification Logs push-up and pull-up exercises without weight and exports cleanly
02:28 +548: C:/Users/Atharva Patil/Documents/projects/gymlog/test/no_equipment_logging_certification_test.dart: ATOMIC-RC3-06 No-Equipment Logging End-to-End Certification Logs push-up and pull-up exercises without weight and exports cleanly
02:28 +549: C:/Users/Atharva Patil/Documents/projects/gymlog/test/no_equipment_logging_certification_test.dart: ATOMIC-RC3-06 No-Equipment Logging End-to-End Certification Logs push-up and pull-up exercises without weight and exports cleanly
02:28 +550: C:/Users/Atharva Patil/Documents/projects/gymlog/test/performance/bounded_cache_and_startup_test.dart: (setUpAll)
02:29 +550: C:/Users/Atharva Patil/Documents/projects/gymlog/test/performance/bounded_cache_and_startup_test.dart: ATOMIC-11: Bounded Exercise Media Cache & Nonblocking Startup 1. Cache object limit is configured to 160 objects
02:29 +551: C:/Users/Atharva Patil/Documents/projects/gymlog/test/performance/bounded_cache_and_startup_test.dart: ATOMIC-11: Bounded Exercise Media Cache & Nonblocking Startup 2. Maintenance policy runs safely
[ExerciseMediaCacheManager] cache dir resolve error: MissingPluginException(No implementation found for method getTemporaryDirectory on channel plugins.flutter.io/path_provider)
02:29 +552: C:/Users/Atharva Patil/Documents/projects/gymlog/test/performance/bounded_cache_and_startup_test.dart: ATOMIC-11: Bounded Exercise Media Cache & Nonblocking Startup 3. Reduced-motion GIF behavior renders static poster/frame
02:29 +553: C:/Users/Atharva Patil/Documents/projects/gymlog/test/performance/bounded_cache_and_startup_test.dart: ATOMIC-11: Bounded Exercise Media Cache & Nonblocking Startup 3. Reduced-motion GIF behavior renders static poster/frame
02:29 +554: C:/Users/Atharva Patil/Documents/projects/gymlog/test/performance/bounded_cache_and_startup_test.dart: ATOMIC-11: Bounded Exercise Media Cache & Nonblocking Startup 3. Reduced-motion GIF behavior renders static poster/frame
02:29 +555: C:/Users/Atharva Patil/Documents/projects/gymlog/test/performance/bounded_cache_and_startup_test.dart: ATOMIC-11: Bounded Exercise Media Cache & Nonblocking Startup 3. Reduced-motion GIF behavior renders static poster/frame
02:30 +556: C:/Users/Atharva Patil/Documents/projects/gymlog/test/performance/bounded_cache_and_startup_test.dart: ATOMIC-11: Bounded Exercise Media Cache & Nonblocking Startup 3. Reduced-motion GIF behavior renders static poster/frame
02:30 +557: C:/Users/Atharva Patil/Documents/projects/gymlog/test/performance/bounded_cache_and_startup_test.dart: ATOMIC-11: Bounded Exercise Media Cache & Nonblocking Startup 3. Reduced-motion GIF behavior renders static poster/frame
02:30 +558: C:/Users/Atharva Patil/Documents/projects/gymlog/test/performance/bounded_cache_and_startup_test.dart: ATOMIC-11: Bounded Exercise Media Cache & Nonblocking Startup 3. Reduced-motion GIF behavior renders static poster/frame
02:30 +559: C:/Users/Atharva Patil/Documents/projects/gymlog/test/performance/bounded_cache_and_startup_test.dart: ATOMIC-11: Bounded Exercise Media Cache & Nonblocking Startup 3. Reduced-motion GIF behavior renders static poster/frame
02:30 +560: C:/Users/Atharva Patil/Documents/projects/gymlog/test/performance/bounded_cache_and_startup_test.dart: ATOMIC-11: Bounded Exercise Media Cache & Nonblocking Startup 4. Cancellation on widget unmount leaves no memory leak
02:30 +561: C:/Users/Atharva Patil/Documents/projects/gymlog/test/pressable_scale_test.dart: forwards taps to the child (does not steal the gesture)
02:30 +562: C:/Users/Atharva Patil/Documents/projects/gymlog/test/pressable_scale_test.dart: forwards taps to the child (does not steal the gesture)
02:30 +563: C:/Users/Atharva Patil/Documents/projects/gymlog/test/pressable_scale_test.dart: forwards taps to the child (does not steal the gesture)
02:30 +564: C:/Users/Atharva Patil/Documents/projects/gymlog/test/pressable_scale_test.dart: forwards taps to the child (does not steal the gesture)
02:30 +565: C:/Users/Atharva Patil/Documents/projects/gymlog/test/pressable_scale_test.dart: forwards taps to the child (does not steal the gesture)
02:30 +566: C:/Users/Atharva Patil/Documents/projects/gymlog/test/pressable_scale_test.dart: forwards taps to the child (does not steal the gesture)
02:30 +567: C:/Users/Atharva Patil/Documents/projects/gymlog/test/pressable_scale_test.dart: forwards taps to the child (does not steal the gesture)
02:31 +568: C:/Users/Atharva Patil/Documents/projects/gymlog/test/profile/help_report_form_test.dart: UX-95-03 — Adaptive Help report form renders fields at default text scale
02:32 +569: C:/Users/Atharva Patil/Documents/projects/gymlog/test/profile/help_report_form_test.dart: UX-95-03 — Adaptive Help report form renders fields at default text scale
02:32 +570: C:/Users/Atharva Patil/Documents/projects/gymlog/test/profile/help_report_form_test.dart: UX-95-03 — Adaptive Help report form renders fields at default text scale
02:33 +571: C:/Users/Atharva Patil/Documents/projects/gymlog/test/profile_cluster_polish_test.dart: ProfileAvatar fallback displays display name letter
02:33 +572: C:/Users/Atharva Patil/Documents/projects/gymlog/test/profile_cluster_polish_test.dart: ProfileAvatar fallback displays display name letter
02:33 +573: C:/Users/Atharva Patil/Documents/projects/gymlog/test/profile_cluster_polish_test.dart: ProfileAvatar fallback displays display name letter
02:33 +574: C:/Users/Atharva Patil/Documents/projects/gymlog/test/profile_cluster_polish_test.dart: ProfileAvatar fallback displays display name letter
02:33 +574: C:/Users/Atharva Patil/Documents/projects/gymlog/test/profile_sync_service_test.dart: submitDisplayName keeps local + queues when remote is offline, retry delivers later
[ProfileSyncService] Remote sync failed: Exception: offline
#0      FakeRemote.upsert (file:///C:/Users/Atharva%20Patil/Documents/projects/gymlog/test/profile_sync_service_test.dart:38:19)
#1      ProfileSyncService._flushPendingOrThrow (package:gymlog/core/services/profile_sync_service.dart:195:10)
<asynchronous suspension>
#2      ProfileSyncService.submitDisplayName (package:gymlog/core/services/profile_sync_service.dart:80:7)
<asynchronous suspension>
#3      main.<anonymous closure>.<anonymous closure> (file:///C:/Users/Atharva%20Patil/Documents/projects/gymlog/test/profile_sync_service_test.dart:101:7)
<asynchronous suspension>
#4      Declarer.test.<anonymous closure>.<anonymous closure> (package:test_api/src/backend/declarer.dart:253:15)
<asynchronous suspension>
#5      Declarer.test.<anonymous closure> (package:test_api/src/backend/declarer.dart:250:11)
<asynchronous suspension>
#6      Invoker._waitForOutstandingCallbacks.<anonymous closure> (package:test_api/src/backend/invoker.dart:318:9)
<asynchronous suspension>

02:33 +575: C:/Users/Atharva Patil/Documents/projects/gymlog/test/profile_cluster_polish_test.dart: ProfileAvatar fallback displays display name letter
02:33 +576: C:/Users/Atharva Patil/Documents/projects/gymlog/test/profile_cluster_polish_test.dart: ProfileAvatar fallback displays display name letter
02:33 +577: C:/Users/Atharva Patil/Documents/projects/gymlog/test/profile_cluster_polish_test.dart: ProfileAvatar fallback displays display name letter
02:33 +578: C:/Users/Atharva Patil/Documents/projects/gymlog/test/profile_cluster_polish_test.dart: ProfileAvatar fallback displays display name letter
02:33 +579: C:/Users/Atharva Patil/Documents/projects/gymlog/test/profile_cluster_polish_test.dart: ProfileAvatar fallback displays display name letter
02:33 +580: C:/Users/Atharva Patil/Documents/projects/gymlog/test/profile_cluster_polish_test.dart: ProfileAvatar fallback displays display name letter
02:33 +581: C:/Users/Atharva Patil/Documents/projects/gymlog/test/profile_cluster_polish_test.dart: ProfileAvatar fallback displays display name letter
02:33 +582: C:/Users/Atharva Patil/Documents/projects/gymlog/test/profile_cluster_polish_test.dart: ProfileAvatar fallback displays display name letter
02:33 +583: C:/Users/Atharva Patil/Documents/projects/gymlog/test/profile_cluster_polish_test.dart: ProfileAvatar fallback displays display name letter
02:34 +584: C:/Users/Atharva Patil/Documents/projects/gymlog/test/profile_cluster_polish_test.dart: WeeklyBarChart low-data comparison view dynamic colors
02:34 +585: C:/Users/Atharva Patil/Documents/projects/gymlog/test/profile_cluster_polish_test.dart: PremiumPaywall UI headline resolves and sheet themes dynamically
02:35 +586: C:/Users/Atharva Patil/Documents/projects/gymlog/test/profile_weekly_bar_chart_test.dart: ProfileGraphEmptyState renders title, subtitle and CTA
02:35 +587: C:/Users/Atharva Patil/Documents/projects/gymlog/test/profile_weekly_bar_chart_test.dart: ProfileGraphEmptyState renders title, subtitle and CTA
02:36 +588: C:/Users/Atharva Patil/Documents/projects/gymlog/test/profile_weekly_bar_chart_test.dart: ProfileGraphEmptyState renders title, subtitle and CTA
02:36 +589: C:/Users/Atharva Patil/Documents/projects/gymlog/test/profile_weekly_bar_chart_test.dart: ProfileGraphEmptyState renders title, subtitle and CTA
02:36 +590: C:/Users/Atharva Patil/Documents/projects/gymlog/test/profile_weekly_bar_chart_test.dart: ProfileGraphEmptyState renders title, subtitle and CTA
02:36 +591: C:/Users/Atharva Patil/Documents/projects/gymlog/test/profile_weekly_bar_chart_test.dart: ProfileGraphEmptyState renders title, subtitle and CTA
02:36 +592: C:/Users/Atharva Patil/Documents/projects/gymlog/test/profile_weekly_bar_chart_test.dart: GraphKpiHeader shows latest value and "This week" caption always when data exists
02:36 +593: C:/Users/Atharva Patil/Documents/projects/gymlog/test/profile_weekly_bar_chart_test.dart: GraphKpiHeader hides delta pill when fewer than 4 filled weeks have data
02:36 +594: C:/Users/Atharva Patil/Documents/projects/gymlog/test/profile_weekly_bar_chart_test.dart: GraphKpiHeader shows delta pill once 4+ filled weeks have data
02:36 +595: C:/Users/Atharva Patil/Documents/projects/gymlog/test/profile_weekly_bar_chart_test.dart: GraphKpiHeader shows neutral dash in delta pill when previous week value is zero
02:36 +596: C:/Users/Atharva Patil/Documents/projects/gymlog/test/radius_token_test.dart: DeleteAccountScreen danger chip and _SectionCard use correct AppRadius tokens
02:37 +597: C:/Users/Atharva Patil/Documents/projects/gymlog/test/radius_token_test.dart: DeleteAccountScreen danger chip and _SectionCard use correct AppRadius tokens
02:37 +598: C:/Users/Atharva Patil/Documents/projects/gymlog/test/radius_token_test.dart: DeleteAccountScreen danger chip and _SectionCard use correct AppRadius tokens
02:37 +599: C:/Users/Atharva Patil/Documents/projects/gymlog/test/radius_token_test.dart: DeleteAccountScreen danger chip and _SectionCard use correct AppRadius tokens
02:37 +600: C:/Users/Atharva Patil/Documents/projects/gymlog/test/radius_token_test.dart: DeleteAccountScreen danger chip and _SectionCard use correct AppRadius tokens
02:37 +601: C:/Users/Atharva Patil/Documents/projects/gymlog/test/radius_token_test.dart: DeleteAccountScreen danger chip and _SectionCard use correct AppRadius tokens
02:39 +601: C:/Users/Atharva Patil/Documents/projects/gymlog/test/reorder_exercise_test.dart: move first item down (A→index 2): B, C, A, D
[WorkoutDraftStore] save failed: Binding has not yet been initialized.
The "instance" getter on the ServicesBinding binding mixin is only available once that binding has been initialized.
Typically, this is done by calling "WidgetsFlutterBinding.ensureInitialized()" or "runApp()" (the latter calls the former). Typically this call is done in the "void main()" method. The "ensureInitialized" method is idempotent; calling it multiple times is not harmful. After calling that method, the "instance" getter will return the binding.
In a test, one can call "TestWidgetsFlutterBinding.ensureInitialized()" as the first line in the test's "main()" method to initialize the binding.
If ServicesBinding is a custom binding mixin, there must also be a custom binding class, like WidgetsFlutterBinding, but that mixes in the selected binding, and that is the class that must be constructed before using the "instance" getter.
[WorkoutDraftStore] save failed: Binding has not yet been initialized.
The "instance" getter on the ServicesBinding binding mixin is only available once that binding has been initialized.
Typically, this is done by calling "WidgetsFlutterBinding.ensureInitialized()" or "runApp()" (the latter calls the former). Typically this call is done in the "void main()" method. The "ensureInitialized" method is idempotent; calling it multiple times is not harmful. After calling that method, the "instance" getter will return the binding.
In a test, one can call "TestWidgetsFlutterBinding.ensureInitialized()" as the first line in the test's "main()" method to initialize the binding.
If ServicesBinding is a custom binding mixin, there must also be a custom binding class, like WidgetsFlutterBinding, but that mixes in the selected binding, and that is the class that must be constructed before using the "instance" getter.
02:39 +602: C:/Users/Atharva Patil/Documents/projects/gymlog/test/radius_token_test.dart: DeleteAccountScreen danger chip and _SectionCard use correct AppRadius tokens
02:39 +602: C:/Users/Atharva Patil/Documents/projects/gymlog/test/reorder_exercise_test.dart: move last item to front (D→index 0): D, A, B, C
[WorkoutDraftStore] save failed: Binding has not yet been initialized.
The "instance" getter on the ServicesBinding binding mixin is only available once that binding has been initialized.
Typically, this is done by calling "WidgetsFlutterBinding.ensureInitialized()" or "runApp()" (the latter calls the former). Typically this call is done in the "void main()" method. The "ensureInitialized" method is idempotent; calling it multiple times is not harmful. After calling that method, the "instance" getter will return the binding.
In a test, one can call "TestWidgetsFlutterBinding.ensureInitialized()" as the first line in the test's "main()" method to initialize the binding.
If ServicesBinding is a custom binding mixin, there must also be a custom binding class, like WidgetsFlutterBinding, but that mixes in the selected binding, and that is the class that must be constructed before using the "instance" getter.
[WorkoutDraftStore] save failed: Binding has not yet been initialized.
The "instance" getter on the ServicesBinding binding mixin is only available once that binding has been initialized.
Typically, this is done by calling "WidgetsFlutterBinding.ensureInitialized()" or "runApp()" (the latter calls the former). Typically this call is done in the "void main()" method. The "ensureInitialized" method is idempotent; calling it multiple times is not harmful. After calling that method, the "instance" getter will return the binding.
In a test, one can call "TestWidgetsFlutterBinding.ensureInitialized()" as the first line in the test's "main()" method to initialize the binding.
If ServicesBinding is a custom binding mixin, there must also be a custom binding class, like WidgetsFlutterBinding, but that mixes in the selected binding, and that is the class that must be constructed before using the "instance" getter.
02:39 +603: C:/Users/Atharva Patil/Documents/projects/gymlog/test/radius_token_test.dart: DeleteAccountScreen danger chip and _SectionCard use correct AppRadius tokens
02:39 +603: C:/Users/Atharva Patil/Documents/projects/gymlog/test/reorder_exercise_test.dart: move middle up (C→index 1): A, C, B, D
[WorkoutDraftStore] save failed: Binding has not yet been initialized.
The "instance" getter on the ServicesBinding binding mixin is only available once that binding has been initialized.
Typically, this is done by calling "WidgetsFlutterBinding.ensureInitialized()" or "runApp()" (the latter calls the former). Typically this call is done in the "void main()" method. The "ensureInitialized" method is idempotent; calling it multiple times is not harmful. After calling that method, the "instance" getter will return the binding.
In a test, one can call "TestWidgetsFlutterBinding.ensureInitialized()" as the first line in the test's "main()" method to initialize the binding.
If ServicesBinding is a custom binding mixin, there must also be a custom binding class, like WidgetsFlutterBinding, but that mixes in the selected binding, and that is the class that must be constructed before using the "instance" getter.
[WorkoutDraftStore] save failed: Binding has not yet been initialized.
The "instance" getter on the ServicesBinding binding mixin is only available once that binding has been initialized.
Typically, this is done by calling "WidgetsFlutterBinding.ensureInitialized()" or "runApp()" (the latter calls the former). Typically this call is done in the "void main()" method. The "ensureInitialized" method is idempotent; calling it multiple times is not harmful. After calling that method, the "instance" getter will return the binding.
In a test, one can call "TestWidgetsFlutterBinding.ensureInitialized()" as the first line in the test's "main()" method to initialize the binding.
If ServicesBinding is a custom binding mixin, there must also be a custom binding class, like WidgetsFlutterBinding, but that mixes in the selected binding, and that is the class that must be constructed before using the "instance" getter.
02:39 +604: C:/Users/Atharva Patil/Documents/projects/gymlog/test/radius_token_test.dart: DeleteAccountScreen danger chip and _SectionCard use correct AppRadius tokens
02:39 +604: C:/Users/Atharva Patil/Documents/projects/gymlog/test/reorder_exercise_test.dart: out-of-range oldIndex is ignored (no throw, order intact)
[WorkoutDraftStore] save failed: Binding has not yet been initialized.
The "instance" getter on the ServicesBinding binding mixin is only available once that binding has been initialized.
Typically, this is done by calling "WidgetsFlutterBinding.ensureInitialized()" or "runApp()" (the latter calls the former). Typically this call is done in the "void main()" method. The "ensureInitialized" method is idempotent; calling it multiple times is not harmful. After calling that method, the "instance" getter will return the binding.
In a test, one can call "TestWidgetsFlutterBinding.ensureInitialized()" as the first line in the test's "main()" method to initialize the binding.
If ServicesBinding is a custom binding mixin, there must also be a custom binding class, like WidgetsFlutterBinding, but that mixes in the selected binding, and that is the class that must be constructed before using the "instance" getter.
02:39 +605: C:/Users/Atharva Patil/Documents/projects/gymlog/test/radius_token_test.dart: DeleteAccountScreen danger chip and _SectionCard use correct AppRadius tokens
02:39 +606: C:/Users/Atharva Patil/Documents/projects/gymlog/test/radius_token_test.dart: DeleteAccountScreen danger chip and _SectionCard use correct AppRadius tokens
02:39 +607: C:/Users/Atharva Patil/Documents/projects/gymlog/test/radius_token_test.dart: DeleteAccountScreen danger chip and _SectionCard use correct AppRadius tokens
02:39 +608: C:/Users/Atharva Patil/Documents/projects/gymlog/test/radius_token_test.dart: DeleteAccountScreen danger chip and _SectionCard use correct AppRadius tokens
02:39 +609: C:/Users/Atharva Patil/Documents/projects/gymlog/test/radius_token_test.dart: DeleteAccountScreen danger chip and _SectionCard use correct AppRadius tokens
02:39 +610: C:/Users/Atharva Patil/Documents/projects/gymlog/test/radius_token_test.dart: DeleteAccountScreen danger chip and _SectionCard use correct AppRadius tokens
02:39 +611: C:/Users/Atharva Patil/Documents/projects/gymlog/test/radius_token_test.dart: DeleteAccountScreen danger chip and _SectionCard use correct AppRadius tokens
02:39 +612: C:/Users/Atharva Patil/Documents/projects/gymlog/test/reps_only_exercise_test.dart: ActiveWorkoutNotifier Reps-Only & Switching Logic adding reps-only exercise initializes weightKg to null
[WorkoutDraftStore] save failed: Binding has not yet been initialized.
The "instance" getter on the ServicesBinding binding mixin is only available once that binding has been initialized.
Typically, this is done by calling "WidgetsFlutterBinding.ensureInitialized()" or "runApp()" (the latter calls the former). Typically this call is done in the "void main()" method. The "ensureInitialized" method is idempotent; calling it multiple times is not harmful. After calling that method, the "instance" getter will return the binding.
In a test, one can call "TestWidgetsFlutterBinding.ensureInitialized()" as the first line in the test's "main()" method to initialize the binding.
If ServicesBinding is a custom binding mixin, there must also be a custom binding class, like WidgetsFlutterBinding, but that mixes in the selected binding, and that is the class that must be constructed before using the "instance" getter.
[WorkoutDraftStore] save failed: Binding has not yet been initialized.
The "instance" getter on the ServicesBinding binding mixin is only available once that binding has been initialized.
Typically, this is done by calling "WidgetsFlutterBinding.ensureInitialized()" or "runApp()" (the latter calls the former). Typically this call is done in the "void main()" method. The "ensureInitialized" method is idempotent; calling it multiple times is not harmful. After calling that method, the "instance" getter will return the binding.
In a test, one can call "TestWidgetsFlutterBinding.ensureInitialized()" as the first line in the test's "main()" method to initialize the binding.
If ServicesBinding is a custom binding mixin, there must also be a custom binding class, like WidgetsFlutterBinding, but that mixes in the selected binding, and that is the class that must be constructed before using the "instance" getter.
02:40 +613: C:/Users/Atharva Patil/Documents/projects/gymlog/test/radius_token_test.dart: ExerciseSelectionScreen filter chip uses AppRadius.buttonSecondaryAll
02:40 +613: C:/Users/Atharva Patil/Documents/projects/gymlog/test/reps_only_exercise_test.dart: ActiveWorkoutNotifier Reps-Only & Switching Logic adding weighted exercise initializes weightKg to 0.0
[WorkoutDraftStore] save failed: Binding has not yet been initialized.
The "instance" getter on the ServicesBinding binding mixin is only available once that binding has been initialized.
Typically, this is done by calling "WidgetsFlutterBinding.ensureInitialized()" or "runApp()" (the latter calls the former). Typically this call is done in the "void main()" method. The "ensureInitialized" method is idempotent; calling it multiple times is not harmful. After calling that method, the "instance" getter will return the binding.
In a test, one can call "TestWidgetsFlutterBinding.ensureInitialized()" as the first line in the test's "main()" method to initialize the binding.
If ServicesBinding is a custom binding mixin, there must also be a custom binding class, like WidgetsFlutterBinding, but that mixes in the selected binding, and that is the class that must be constructed before using the "instance" getter.
[WorkoutDraftStore] save failed: Binding has not yet been initialized.
The "instance" getter on the ServicesBinding binding mixin is only available once that binding has been initialized.
Typically, this is done by calling "WidgetsFlutterBinding.ensureInitialized()" or "runApp()" (the latter calls the former). Typically this call is done in the "void main()" method. The "ensureInitialized" method is idempotent; calling it multiple times is not harmful. After calling that method, the "instance" getter will return the binding.
In a test, one can call "TestWidgetsFlutterBinding.ensureInitialized()" as the first line in the test's "main()" method to initialize the binding.
If ServicesBinding is a custom binding mixin, there must also be a custom binding class, like WidgetsFlutterBinding, but that mixes in the selected binding, and that is the class that must be constructed before using the "instance" getter.
02:40 +614: C:/Users/Atharva Patil/Documents/projects/gymlog/test/radius_token_test.dart: ExerciseSelectionScreen filter chip uses AppRadius.buttonSecondaryAll
02:40 +614: C:/Users/Atharva Patil/Documents/projects/gymlog/test/reps_only_exercise_test.dart: ActiveWorkoutNotifier Reps-Only & Switching Logic switching between weighted and reps-only respects target measurementType
[WorkoutDraftStore] save failed: Binding has not yet been initialized.
The "instance" getter on the ServicesBinding binding mixin is only available once that binding has been initialized.
Typically, this is done by calling "WidgetsFlutterBinding.ensureInitialized()" or "runApp()" (the latter calls the former). Typically this call is done in the "void main()" method. The "ensureInitialized" method is idempotent; calling it multiple times is not harmful. After calling that method, the "instance" getter will return the binding.
In a test, one can call "TestWidgetsFlutterBinding.ensureInitialized()" as the first line in the test's "main()" method to initialize the binding.
If ServicesBinding is a custom binding mixin, there must also be a custom binding class, like WidgetsFlutterBinding, but that mixes in the selected binding, and that is the class that must be constructed before using the "instance" getter.
[WorkoutDraftStore] save failed: Binding has not yet been initialized.
The "instance" getter on the ServicesBinding binding mixin is only available once that binding has been initialized.
Typically, this is done by calling "WidgetsFlutterBinding.ensureInitialized()" or "runApp()" (the latter calls the former). Typically this call is done in the "void main()" method. The "ensureInitialized" method is idempotent; calling it multiple times is not harmful. After calling that method, the "instance" getter will return the binding.
In a test, one can call "TestWidgetsFlutterBinding.ensureInitialized()" as the first line in the test's "main()" method to initialize the binding.
If ServicesBinding is a custom binding mixin, there must also be a custom binding class, like WidgetsFlutterBinding, but that mixes in the selected binding, and that is the class that must be constructed before using the "instance" getter.
[WorkoutDraftStore] save failed: Binding has not yet been initialized.
The "instance" getter on the ServicesBinding binding mixin is only available once that binding has been initialized.
Typically, this is done by calling "WidgetsFlutterBinding.ensureInitialized()" or "runApp()" (the latter calls the former). Typically this call is done in the "void main()" method. The "ensureInitialized" method is idempotent; calling it multiple times is not harmful. After calling that method, the "instance" getter will return the binding.
In a test, one can call "TestWidgetsFlutterBinding.ensureInitialized()" as the first line in the test's "main()" method to initialize the binding.
If ServicesBinding is a custom binding mixin, there must also be a custom binding class, like WidgetsFlutterBinding, but that mixes in the selected binding, and that is the class that must be constructed before using the "instance" getter.
[WorkoutDraftStore] save failed: Binding has not yet been initialized.
The "instance" getter on the ServicesBinding binding mixin is only available once that binding has been initialized.
Typically, this is done by calling "WidgetsFlutterBinding.ensureInitialized()" or "runApp()" (the latter calls the former). Typically this call is done in the "void main()" method. The "ensureInitialized" method is idempotent; calling it multiple times is not harmful. After calling that method, the "instance" getter will return the binding.
In a test, one can call "TestWidgetsFlutterBinding.ensureInitialized()" as the first line in the test's "main()" method to initialize the binding.
If ServicesBinding is a custom binding mixin, there must also be a custom binding class, like WidgetsFlutterBinding, but that mixes in the selected binding, and that is the class that must be constructed before using the "instance" getter.
02:40 +615: C:/Users/Atharva Patil/Documents/projects/gymlog/test/radius_token_test.dart: ExerciseSelectionScreen filter chip uses AppRadius.buttonSecondaryAll
02:40 +615: C:/Users/Atharva Patil/Documents/projects/gymlog/test/reps_only_exercise_test.dart: ActiveWorkoutNotifier Reps-Only & Switching Logic sessionTotals volume calculation ignores null weights
[WorkoutDraftStore] save failed: Binding has not yet been initialized.
The "instance" getter on the ServicesBinding binding mixin is only available once that binding has been initialized.
Typically, this is done by calling "WidgetsFlutterBinding.ensureInitialized()" or "runApp()" (the latter calls the former). Typically this call is done in the "void main()" method. The "ensureInitialized" method is idempotent; calling it multiple times is not harmful. After calling that method, the "instance" getter will return the binding.
In a test, one can call "TestWidgetsFlutterBinding.ensureInitialized()" as the first line in the test's "main()" method to initialize the binding.
If ServicesBinding is a custom binding mixin, there must also be a custom binding class, like WidgetsFlutterBinding, but that mixes in the selected binding, and that is the class that must be constructed before using the "instance" getter.
[WorkoutDraftStore] save failed: Binding has not yet been initialized.
The "instance" getter on the ServicesBinding binding mixin is only available once that binding has been initialized.
Typically, this is done by calling "WidgetsFlutterBinding.ensureInitialized()" or "runApp()" (the latter calls the former). Typically this call is done in the "void main()" method. The "ensureInitialized" method is idempotent; calling it multiple times is not harmful. After calling that method, the "instance" getter will return the binding.
In a test, one can call "TestWidgetsFlutterBinding.ensureInitialized()" as the first line in the test's "main()" method to initialize the binding.
If ServicesBinding is a custom binding mixin, there must also be a custom binding class, like WidgetsFlutterBinding, but that mixes in the selected binding, and that is the class that must be constructed before using the "instance" getter.
[WorkoutDraftStore] save failed: Binding has not yet been initialized.
The "instance" getter on the ServicesBinding binding mixin is only available once that binding has been initialized.
Typically, this is done by calling "WidgetsFlutterBinding.ensureInitialized()" or "runApp()" (the latter calls the former). Typically this call is done in the "void main()" method. The "ensureInitialized" method is idempotent; calling it multiple times is not harmful. After calling that method, the "instance" getter will return the binding.
In a test, one can call "TestWidgetsFlutterBinding.ensureInitialized()" as the first line in the test's "main()" method to initialize the binding.
If ServicesBinding is a custom binding mixin, there must also be a custom binding class, like WidgetsFlutterBinding, but that mixes in the selected binding, and that is the class that must be constructed before using the "instance" getter.
[WorkoutDraftStore] save failed: Binding has not yet been initialized.
The "instance" getter on the ServicesBinding binding mixin is only available once that binding has been initialized.
Typically, this is done by calling "WidgetsFlutterBinding.ensureInitialized()" or "runApp()" (the latter calls the former). Typically this call is done in the "void main()" method. The "ensureInitialized" method is idempotent; calling it multiple times is not harmful. After calling that method, the "instance" getter will return the binding.
In a test, one can call "TestWidgetsFlutterBinding.ensureInitialized()" as the first line in the test's "main()" method to initialize the binding.
If ServicesBinding is a custom binding mixin, there must also be a custom binding class, like WidgetsFlutterBinding, but that mixes in the selected binding, and that is the class that must be constructed before using the "instance" getter.
[WorkoutDraftStore] save failed: Binding has not yet been initialized.
The "instance" getter on the ServicesBinding binding mixin is only available once that binding has been initialized.
Typically, this is done by calling "WidgetsFlutterBinding.ensureInitialized()" or "runApp()" (the latter calls the former). Typically this call is done in the "void main()" method. The "ensureInitialized" method is idempotent; calling it multiple times is not harmful. After calling that method, the "instance" getter will return the binding.
In a test, one can call "TestWidgetsFlutterBinding.ensureInitialized()" as the first line in the test's "main()" method to initialize the binding.
If ServicesBinding is a custom binding mixin, there must also be a custom binding class, like WidgetsFlutterBinding, but that mixes in the selected binding, and that is the class that must be constructed before using the "instance" getter.
[WorkoutDraftStore] save failed: Binding has not yet been initialized.
The "instance" getter on the ServicesBinding binding mixin is only available once that binding has been initialized.
Typically, this is done by calling "WidgetsFlutterBinding.ensureInitialized()" or "runApp()" (the latter calls the former). Typically this call is done in the "void main()" method. The "ensureInitialized" method is idempotent; calling it multiple times is not harmful. After calling that method, the "instance" getter will return the binding.
02:40 +616: C:/Users/Atharva Patil/Documents/projects/gymlog/test/radius_token_test.dart: ExerciseSelectionScreen filter chip uses AppRadius.buttonSecondaryAll
02:41 +617: C:/Users/Atharva Patil/Documents/projects/gymlog/test/rest_preference_atomic_test.dart: ATOMIC-01 RestPreference & Normalization Suite 1. Default maps to null
02:41 +618: C:/Users/Atharva Patil/Documents/projects/gymlog/test/radius_token_test.dart: HomeScreen initial skeleton uses AppRadius.card
02:41 +619: C:/Users/Atharva Patil/Documents/projects/gymlog/test/radius_token_test.dart: HomeScreen initial skeleton uses AppRadius.card
02:41 +620: C:/Users/Atharva Patil/Documents/projects/gymlog/test/radius_token_test.dart: HomeScreen initial skeleton uses AppRadius.card
02:41 +621: C:/Users/Atharva Patil/Documents/projects/gymlog/test/radius_token_test.dart: HomeScreen initial skeleton uses AppRadius.card
02:41 +622: C:/Users/Atharva Patil/Documents/projects/gymlog/test/radius_token_test.dart: HomeScreen initial skeleton uses AppRadius.card
02:41 +623: C:/Users/Atharva Patil/Documents/projects/gymlog/test/radius_token_test.dart: HomeScreen initial skeleton uses AppRadius.card
02:41 +624: C:/Users/Atharva Patil/Documents/projects/gymlog/test/radius_token_test.dart: HomeScreen initial skeleton uses AppRadius.card
02:41 +625: C:/Users/Atharva Patil/Documents/projects/gymlog/test/rest_preference_atomic_test.dart: ATOMIC-01 RestPreference & Normalization Suite 8. No production widget contains visible text None
02:46 +626: C:/Users/Atharva Patil/Documents/projects/gymlog/test/rest_preference_atomic_test.dart: ATOMIC-01 RestPreference & Normalization Suite 8. No production widget contains visible text None
02:46 +627: C:/Users/Atharva Patil/Documents/projects/gymlog/test/rest_preference_atomic_test.dart: ATOMIC-01 RestPreference & Normalization Suite 8. No production widget contains visible text None
02:47 +628: C:/Users/Atharva Patil/Documents/projects/gymlog/test/rest_preference_atomic_test.dart: ATOMIC-01 RestPreference & Normalization Suite 8. No production widget contains visible text None
02:47 +629: C:/Users/Atharva Patil/Documents/projects/gymlog/test/rest_preference_atomic_test.dart: ATOMIC-01 RestPreference & Normalization Suite 8. No production widget contains visible text None
02:47 +630: C:/Users/Atharva Patil/Documents/projects/gymlog/test/rest_preference_atomic_test.dart: ATOMIC-01 RestPreference & Normalization Suite 8. No production widget contains visible text None
02:47 +631: C:/Users/Atharva Patil/Documents/projects/gymlog/test/rest_preference_atomic_test.dart: ATOMIC-01 RestPreference & Normalization Suite 8. No production widget contains visible text None
02:47 +632: C:/Users/Atharva Patil/Documents/projects/gymlog/test/rest_preference_atomic_test.dart: ATOMIC-01 RestPreference & Normalization Suite 8. No production widget contains visible text None
02:47 +633: C:/Users/Atharva Patil/Documents/projects/gymlog/test/rest_preference_atomic_test.dart: ATOMIC-01 RestPreference & Normalization Suite 8. No production widget contains visible text None
02:47 +634: C:/Users/Atharva Patil/Documents/projects/gymlog/test/rest_timer_override_test.dart: GymLog P0-04 Rest Timer Override & Precedence Suite idempotency: multiple start, cancel, and skip calls behave predictably
02:47 +635: C:/Users/Atharva Patil/Documents/projects/gymlog/test/rest_preference_atomic_test.dart: ATOMIC-01 RestPreference & Normalization Suite 9. Draft round trip preserves all three states
02:47 +636: C:/Users/Atharva Patil/Documents/projects/gymlog/test/rest_preference_atomic_test.dart: ATOMIC-01 RestPreference & Normalization Suite 9. Draft round trip preserves all three states
02:47 +637: C:/Users/Atharva Patil/Documents/projects/gymlog/test/rest_preference_atomic_test.dart: ATOMIC-01 RestPreference & Normalization Suite 10. Legacy stored values restore safely
02:51 +638: C:/Users/Atharva Patil/Documents/projects/gymlog/test/rest_time_sheet_atomic_test.dart: ATOMIC-02 RestTimeSheet Suite 1. no None or Matches default in sheet
02:55 +639: C:/Users/Atharva Patil/Documents/projects/gymlog/test/rest_time_sheet_atomic_test.dart: ATOMIC-02 RestTimeSheet Suite 1. no None or Matches default in sheet
02:55 +640: C:/Users/Atharva Patil/Documents/projects/gymlog/test/rest_time_sheet_atomic_test.dart: ATOMIC-02 RestTimeSheet Suite 1. no None or Matches default in sheet
03:01 +641: C:/Users/Atharva Patil/Documents/projects/gymlog/test/routine_detail_scroll_and_loading_test.dart: RoutineDetailScreen loaded view uses AlwaysScrollableScrollPhysics
03:01 +642: C:/Users/Atharva Patil/Documents/projects/gymlog/test/routine_detail_scroll_and_loading_test.dart: RoutineDetailScreen loaded view uses AlwaysScrollableScrollPhysics
03:01 +643: C:/Users/Atharva Patil/Documents/projects/gymlog/test/routine_detail_scroll_and_loading_test.dart: RoutineDetailScreen loaded view uses AlwaysScrollableScrollPhysics
03:01 +644: C:/Users/Atharva Patil/Documents/projects/gymlog/test/routine_detail_scroll_and_loading_test.dart: RoutineDetailScreen loaded view uses AlwaysScrollableScrollPhysics
03:02 +645: C:/Users/Atharva Patil/Documents/projects/gymlog/test/routine_detail_scroll_and_loading_test.dart: RoutineDetailScreen loaded view uses AlwaysScrollableScrollPhysics
03:02 +646: C:/Users/Atharva Patil/Documents/projects/gymlog/test/routine_detail_scroll_and_loading_test.dart: RoutineDetailScreen loaded view uses AlwaysScrollableScrollPhysics
03:03 +647: C:/Users/Atharva Patil/Documents/projects/gymlog/test/routine_detail_scroll_and_loading_test.dart: RoutineDetailScreen loaded view uses AlwaysScrollableScrollPhysics
03:04 +648: C:/Users/Atharva Patil/Documents/projects/gymlog/test/routine_editor_reorder_test.dart: full list renders through a drag and reorders correctly
03:04 +649: C:/Users/Atharva Patil/Documents/projects/gymlog/test/routine_volume_error_state_test.dart: failed volume stream renders error+retry, never a zeroed volume graph
03:04 +650: C:/Users/Atharva Patil/Documents/projects/gymlog/test/routine_volume_error_state_test.dart: failed volume stream renders error+retry, never a zeroed volume graph
03:05 +651: C:/Users/Atharva Patil/Documents/projects/gymlog/test/routine_editor_reorder_test.dart: RoutineEditorScreen reorders exercises and respects bounds
03:06 +652: C:/Users/Atharva Patil/Documents/projects/gymlog/test/screens_theme_test.dart: Screens Theme Verification Tests HomeScreen renders under multiple accents
03:08 +653: C:/Users/Atharva Patil/Documents/projects/gymlog/test/screens_typography_test.dart: AuthScreen renders without exceptions and key text is present
03:09 +654: C:/Users/Atharva Patil/Documents/projects/gymlog/test/screens_typography_test.dart: AuthScreen renders without exceptions and key text is present
03:09 +655: C:/Users/Atharva Patil/Documents/projects/gymlog/test/set_row_debounce_persistence_test.dart: dispose mid-debounce flushes the in-flight weight (navigate-away gate)
03:09 +656: C:/Users/Atharva Patil/Documents/projects/gymlog/test/set_row_debounce_persistence_test.dart: dispose mid-debounce flushes the in-flight weight (navigate-away gate)
03:09 +657: C:/Users/Atharva Patil/Documents/projects/gymlog/test/set_row_debounce_persistence_test.dart: dispose mid-debounce flushes the in-flight weight (navigate-away gate)
03:09 +658: C:/Users/Atharva Patil/Documents/projects/gymlog/test/set_row_debounce_persistence_test.dart: dispose mid-debounce flushes the in-flight weight (navigate-away gate)
03:10 +659: C:/Users/Atharva Patil/Documents/projects/gymlog/test/set_row_focus_test.dart: SetRow keeps focus + value across an ancestor rebuild
03:10 +660: C:/Users/Atharva Patil/Documents/projects/gymlog/test/set_row_focus_test.dart: SetRow keeps focus + value across an ancestor rebuild
03:10 +661: C:/Users/Atharva Patil/Documents/projects/gymlog/test/set_row_focus_test.dart: SetRow keeps focus + value across an ancestor rebuild
03:10 +662: C:/Users/Atharva Patil/Documents/projects/gymlog/test/set_row_focus_test.dart: SetRow keeps focus + value across an ancestor rebuild
03:10 +663: C:/Users/Atharva Patil/Documents/projects/gymlog/test/set_row_focus_test.dart: SetRow keeps focus + value across an ancestor rebuild
03:10 +664: C:/Users/Atharva Patil/Documents/projects/gymlog/test/set_row_focus_test.dart: SetRow keeps focus + value across an ancestor rebuild
03:10 +665: C:/Users/Atharva Patil/Documents/projects/gymlog/test/set_row_focus_test.dart: SetRow keeps focus + value across an ancestor rebuild
03:11 +666: C:/Users/Atharva Patil/Documents/projects/gymlog/test/set_row_focus_test.dart: SetRow keeps focus + value across an ancestor rebuild
03:12 +667: C:/Users/Atharva Patil/Documents/projects/gymlog/test/set_row_measurement_types_test.dart: R1 — Field visibility weightAndReps: both weight and reps fields visible
03:13 +668: C:/Users/Atharva Patil/Documents/projects/gymlog/test/set_row_measurement_types_test.dart: R1 — Field visibility weightAndReps: both weight and reps fields visible
03:13 +669: C:/Users/Atharva Patil/Documents/projects/gymlog/test/set_row_measurement_types_test.dart: R1 — Field visibility weightAndReps: both weight and reps fields visible
03:14 +670: C:/Users/Atharva Patil/Documents/projects/gymlog/test/set_row_measurement_types_test.dart: R1 — Field visibility weightAndReps: both weight and reps fields visible
03:14 +671: C:/Users/Atharva Patil/Documents/projects/gymlog/test/set_row_measurement_types_test.dart: R1 — Field visibility weightAndReps: both weight and reps fields visible
03:14 +672: C:/Users/Atharva Patil/Documents/projects/gymlog/test/set_row_measurement_types_test.dart: R1 — Field visibility weightAndReps: both weight and reps fields visible
03:14 +673: C:/Users/Atharva Patil/Documents/projects/gymlog/test/set_row_measurement_types_test.dart: R1 — Field visibility weightAndReps: both weight and reps fields visible
03:14 +674: C:/Users/Atharva Patil/Documents/projects/gymlog/test/shared/chrome_tokens_test.dart: ChromeContextX context.chrome returns ChromeTokens in dark theme
03:14 +675: C:/Users/Atharva Patil/Documents/projects/gymlog/test/shared/chrome_tokens_test.dart: ChromeContextX context.chrome returns ChromeTokens in dark theme
03:14 +676: C:/Users/Atharva Patil/Documents/projects/gymlog/test/shared/chrome_tokens_test.dart: ChromeContextX context.chrome returns ChromeTokens in dark theme
03:14 +677: C:/Users/Atharva Patil/Documents/projects/gymlog/test/shared/chrome_tokens_test.dart: ChromeContextX context.chrome returns ChromeTokens in dark theme
03:14 +678: C:/Users/Atharva Patil/Documents/projects/gymlog/test/shared/chrome_tokens_test.dart: ChromeContextX context.chrome returns ChromeTokens in dark theme
03:14 +679: C:/Users/Atharva Patil/Documents/projects/gymlog/test/shared/chrome_tokens_test.dart: ChromeContextX context.chrome returns ChromeTokens in dark theme
03:14 +680: C:/Users/Atharva Patil/Documents/projects/gymlog/test/shared/chrome_tokens_test.dart: ChromeContextX context.chrome returns ChromeTokens in dark theme
03:14 +681: C:/Users/Atharva Patil/Documents/projects/gymlog/test/shared/chrome_tokens_test.dart: ChromeContextX context.chrome returns ChromeTokens in dark theme
03:14 +681: C:/Users/Atharva Patil/Documents/projects/gymlog/test/shared/draft_recovery_test.dart: UX-95-02 — Safe Draft Recovery store.loadSnapshot handles corrupted payload internally
[WorkoutDraftStore] Corrupted or invalid draft payload: FormatException: Unterminated string (at character 30)
{"corrupted: no closing brace
                             ^
. Clearing draft.
03:14 +682: C:/Users/Atharva Patil/Documents/projects/gymlog/test/shared/chrome_tokens_test.dart: ChromeContextX context.chrome returns ChromeTokens in dark theme
03:14 +683: C:/Users/Atharva Patil/Documents/projects/gymlog/test/shared/chrome_tokens_test.dart: ChromeContextX context.chrome returns ChromeTokens in dark theme
03:14 +684: C:/Users/Atharva Patil/Documents/projects/gymlog/test/shared/chrome_tokens_test.dart: ChromeContextX context.chrome returns ChromeTokens in dark theme
03:15 +685: C:/Users/Atharva Patil/Documents/projects/gymlog/test/shared/chrome_tokens_test.dart: ChromeContextX context.chrome returns ChromeTokens in dark theme
03:15 +686: C:/Users/Atharva Patil/Documents/projects/gymlog/test/set_row_measurement_types_test.dart: R2 — Stable completion action tapping check never throws — even with empty required fields
03:15 +687: C:/Users/Atharva Patil/Documents/projects/gymlog/test/set_row_measurement_types_test.dart: R2 — Stable completion action tapping check never throws — even with empty required fields
03:15 +688: C:/Users/Atharva Patil/Documents/projects/gymlog/test/set_row_measurement_types_test.dart: R3 — Reps-only / duration / distance complete without weight kg repsOnly completes with reps only
03:15 +689: C:/Users/Atharva Patil/Documents/projects/gymlog/test/set_row_measurement_types_test.dart: R3 — Reps-only / duration / distance complete without weight kg duration completes with reps (seconds) only
03:15 +690: C:/Users/Atharva Patil/Documents/projects/gymlog/test/set_row_measurement_types_test.dart: R3 — Reps-only / duration / distance complete without weight kg distance completes with distance (weightKg) only
03:16 +691: C:/Users/Atharva Patil/Documents/projects/gymlog/test/set_row_measurement_types_test.dart: R3 — Reps-only / duration / distance complete without weight kg repsOnly completes when only previousReps is available
03:16 +692: C:/Users/Atharva Patil/Documents/projects/gymlog/test/set_row_measurement_types_test.dart: R4 — weightAndReps requires weight AND reps cannot complete with reps only (no weight, no previous)
03:16 +693: C:/Users/Atharva Patil/Documents/projects/gymlog/test/set_row_measurement_types_test.dart: R4 — weightAndReps requires weight AND reps cannot complete with weight only (no reps, no previous)
03:16 +694: C:/Users/Atharva Patil/Documents/projects/gymlog/test/set_row_measurement_types_test.dart: R4 — weightAndReps requires weight AND reps completes with both weight and reps present
03:16 +695: C:/Users/Atharva Patil/Documents/projects/gymlog/test/set_row_measurement_types_test.dart: R4 — weightAndReps requires weight AND reps completes when previousWeight satisfies the weight requirement
03:16 +696: C:/Users/Atharva Patil/Documents/projects/gymlog/test/shared/widgets/body/routine_muscle_glyph_test.dart: routineGlyphZonesFor a push routine lights chest, shoulders and arms -- not legs
03:16 +697: C:/Users/Atharva Patil/Documents/projects/gymlog/test/set_row_measurement_types_test.dart: R5 — Exercise type switch switching from weightAndReps to repsOnly hides the weight field
03:16 +698: C:/Users/Atharva Patil/Documents/projects/gymlog/test/set_row_measurement_types_test.dart: R5 — Exercise type switch switching from weightAndReps to repsOnly hides the weight field
03:16 +699: C:/Users/Atharva Patil/Documents/projects/gymlog/test/set_row_measurement_types_test.dart: R5 — Exercise type switch switching from weightAndReps to repsOnly hides the weight field
03:16 +700: C:/Users/Atharva Patil/Documents/projects/gymlog/test/set_row_measurement_types_test.dart: R5 — Exercise type switch switching from weightAndReps to repsOnly hides the weight field
03:17 +701: C:/Users/Atharva Patil/Documents/projects/gymlog/test/set_row_measurement_types_test.dart: R5 — Exercise type switch switching from weightAndReps to repsOnly hides the weight field
03:17 +702: C:/Users/Atharva Patil/Documents/projects/gymlog/test/set_row_measurement_types_test.dart: R5 — Exercise type switch switching from weightAndReps to repsOnly hides the weight field
03:17 +703: C:/Users/Atharva Patil/Documents/projects/gymlog/test/set_row_measurement_types_test.dart: R5 — Exercise type switch switching from weightAndReps to repsOnly hides the weight field
03:17 +704: C:/Users/Atharva Patil/Documents/projects/gymlog/test/set_row_measurement_types_test.dart: R5 — Exercise type switch switching from weightAndReps to repsOnly hides the weight field
03:17 +705: C:/Users/Atharva Patil/Documents/projects/gymlog/test/set_row_measurement_types_test.dart: R5 — Exercise type switch switching from weightAndReps to repsOnly hides the weight field
03:17 +706: C:/Users/Atharva Patil/Documents/projects/gymlog/test/set_row_measurement_types_test.dart: R5 — Exercise type switch switching from repsOnly to distance hides reps field
03:17 +707: C:/Users/Atharva Patil/Documents/projects/gymlog/test/set_row_measurement_types_test.dart: R6 — Inline validation tapping check with empty required fields does NOT call onToggleComplete
03:17 +708: C:/Users/Atharva Patil/Documents/projects/gymlog/test/set_row_measurement_types_test.dart: R6 — Inline validation widget survives validation tap without throwing
03:17 +709: C:/Users/Atharva Patil/Documents/projects/gymlog/test/set_row_measurement_types_test.dart: R7 — Double-tap prevention double-tap on completable set fires onToggleComplete once
03:17 +710: C:/Users/Atharva Patil/Documents/projects/gymlog/test/set_row_measurement_types_test.dart: R8 — Focus order and keyboard actions weightAndReps: weight has TextInputAction.next, reps has .next
03:17 +711: C:/Users/Atharva Patil/Documents/projects/gymlog/test/set_row_measurement_types_test.dart: R8 — Focus order and keyboard actions repsOnly: the single field has TextInputAction.next
03:17 +712: C:/Users/Atharva Patil/Documents/projects/gymlog/test/set_row_measurement_types_test.dart: R8 — Focus order and keyboard actions duration: the single field has TextInputAction.next
03:17 +713: C:/Users/Atharva Patil/Documents/projects/gymlog/test/set_row_measurement_types_test.dart: R8 — Focus order and keyboard actions distance: the single (weight-slot) field has TextInputAction.next
03:17 +714: C:/Users/Atharva Patil/Documents/projects/gymlog/test/set_row_measurement_types_test.dart: Previous label formatting weightAndReps shows "15kg x 12"
03:18 +715: C:/Users/Atharva Patil/Documents/projects/gymlog/test/set_row_measurement_types_test.dart: Previous label formatting repsOnly shows "12 reps"
03:18 +716: C:/Users/Atharva Patil/Documents/projects/gymlog/test/sign_out_outcome_test.dart: SignOutCoordinator.execute outcome reports cloudSignOutFailed when the Supabase sign-out throws
03:18 +717: C:/Users/Atharva Patil/Documents/projects/gymlog/test/sign_out_outcome_test.dart: SignOutCoordinator.execute outcome reports cloudSignOutFailed when the Supabase sign-out throws
03:18 +718: C:/Users/Atharva Patil/Documents/projects/gymlog/test/sign_out_outcome_test.dart: SignOutCoordinator.execute outcome reports cloudSignOutFailed when the Supabase sign-out throws
03:18 +719: C:/Users/Atharva Patil/Documents/projects/gymlog/test/set_row_measurement_types_test.dart: Previous label formatting no previous data renders empty string in PREVIOUS column
03:18 +720: C:/Users/Atharva Patil/Documents/projects/gymlog/test/set_row_measurement_types_test.dart: Previous label formatting no previous data renders empty string in PREVIOUS column
03:18 +721: C:/Users/Atharva Patil/Documents/projects/gymlog/test/set_row_measurement_types_test.dart: Previous label formatting no previous data renders empty string in PREVIOUS column
03:18 +722: C:/Users/Atharva Patil/Documents/projects/gymlog/test/set_row_measurement_types_test.dart: Previous-session backfill on complete repsOnly: backfills previousReps into state
03:18 +723: C:/Users/Atharva Patil/Documents/projects/gymlog/test/set_row_measurement_types_test.dart: Previous-session backfill on complete weightAndReps: backfills both weight and reps
03:18 +724: C:/Users/Atharva Patil/Documents/projects/gymlog/test/skeleton_radii_test.dart: WorkoutHistoryCardSkeleton thumbnail uses AppRadius.thumbnail
03:19 +725: C:/Users/Atharva Patil/Documents/projects/gymlog/test/skeleton_radii_test.dart: WorkoutHistoryCardSkeleton thumbnail uses AppRadius.thumbnail
03:19 +726: C:/Users/Atharva Patil/Documents/projects/gymlog/test/skeleton_radii_test.dart: WorkoutHistoryCardSkeleton thumbnail uses AppRadius.thumbnail
03:19 +727: C:/Users/Atharva Patil/Documents/projects/gymlog/test/skeleton_radii_test.dart: WorkoutHistoryCardSkeleton thumbnail uses AppRadius.thumbnail
03:21 +728: C:/Users/Atharva Patil/Documents/projects/gymlog/test/sync/sync_quarantine_and_monotonic_test.dart: (setUpAll)
03:21 +728: C:/Users/Atharva Patil/Documents/projects/gymlog/test/skeleton_radii_test.dart: RoutineDetailScreen skeleton uses correct tokenized radii
03:21 +729: C:/Users/Atharva Patil/Documents/projects/gymlog/test/sync/sync_quarantine_and_monotonic_test.dart: corrupt payload is quarantined and does not abort pull of good objects
[SyncEngine] Quarantined object session:corrupt (reason: decodeFailure)
03:22 +730: C:/Users/Atharva Patil/Documents/projects/gymlog/test/skeleton_radii_test.dart: WorkoutScreen routines skeleton uses correct tokenized radii
03:22 +730: C:/Users/Atharva Patil/Documents/projects/gymlog/test/sync/sync_quarantine_and_monotonic_test.dart: unsupported schema version is quarantined
[SyncEngine] Quarantined object session:s_future (reason: unsupportedVersion)
[SyncEngine] Quarantined object session:s_future (reason: unsupportedVersion)
03:22 +731: C:/Users/Atharva Patil/Documents/projects/gymlog/test/skeleton_radii_test.dart: WorkoutScreen routines skeleton uses correct tokenized radii
03:22 +731: C:/Users/Atharva Patil/Documents/projects/gymlog/test/sync/sync_quarantine_and_monotonic_test.dart: quarantined object is removed from outbox and does not retry on every sync
[SyncEngine] Quarantined object session:bad_obj (reason: decodeFailure)
03:22 +732: C:/Users/Atharva Patil/Documents/projects/gymlog/test/skeleton_radii_test.dart: WorkoutScreen routines skeleton uses correct tokenized radii
03:22 +733: C:/Users/Atharva Patil/Documents/projects/gymlog/test/skeleton_radii_test.dart: WorkoutScreen routines skeleton uses correct tokenized radii
03:22 +733: C:/Users/Atharva Patil/Documents/projects/gymlog/test/sync/sync_quarantine_and_monotonic_test.dart: duplicate operation is idempotent
[SyncEngine] Quarantined object session:s1 (reason: localConstraintFailure)
03:22 +734: C:/Users/Atharva Patil/Documents/projects/gymlog/test/skeleton_radii_test.dart: WorkoutScreen routines skeleton uses correct tokenized radii
03:22 +735: C:/Users/Atharva Patil/Documents/projects/gymlog/test/sync/sync_quarantine_and_monotonic_test.dart: stale revision reports conflict and clock skew does not decide winner
[SyncEngine] Quarantined object session:s1 (reason: localConstraintFailure)
03:22 +736: C:/Users/Atharva Patil/Documents/projects/gymlog/test/sync_engine_test.dart: codec round-trips and actually compresses repetitive JSON
03:22 +736: C:/Users/Atharva Patil/Documents/projects/gymlog/test/sync/sync_quarantine_and_monotonic_test.dart: account ownership mismatch is quarantined
[SyncEngine] Quarantined object session:s1 (reason: ownershipMismatch)
[SyncEngine] Quarantined object session:s1 (reason: ownershipMismatch)
03:22 +737: C:/Users/Atharva Patil/Documents/projects/gymlog/test/sync_engine_test.dart: codec round-trips and actually compresses repetitive JSON
03:22 +738: C:/Users/Atharva Patil/Documents/projects/gymlog/test/sync_engine_test.dart: codec round-trips and actually compresses repetitive JSON
03:22 +739: C:/Users/Atharva Patil/Documents/projects/gymlog/test/sync_engine_test.dart: codec round-trips and actually compresses repetitive JSON
03:22 +740: C:/Users/Atharva Patil/Documents/projects/gymlog/test/sync_engine_test.dart: enqueueSession queues one row; syncNow uploads and clears it
03:23 +741: C:/Users/Atharva Patil/Documents/projects/gymlog/test/sync_engine_test.dart: offline keeps the queue; a later retry delivers it
[SyncEngine] push failed: Exception: offline
03:23 +742: C:/Users/Atharva Patil/Documents/projects/gymlog/test/sync_engine_test.dart: re-enqueuing the same session coalesces to one queued row
03:23 +743: C:/Users/Atharva Patil/Documents/projects/gymlog/test/sync_engine_test.dart: session round-trip: push, wipe local, pull, rehydrate
03:23 +744: C:/Users/Atharva Patil/Documents/projects/gymlog/test/tour_orchestration_test.dart: TourNavigationOrchestrator step route map covers 0, 1, 3, 4 and leaves 2 dynamic
03:23 +745: C:/Users/Atharva Patil/Documents/projects/gymlog/test/sync_engine_test.dart: batches large queues across multiple push calls
03:25 +746: C:/Users/Atharva Patil/Documents/projects/gymlog/test/sync_engine_test.dart: batches large queues across multiple push calls
03:25 +747: C:/Users/Atharva Patil/Documents/projects/gymlog/test/sync_engine_test.dart: batches large queues across multiple push calls
03:25 +748: C:/Users/Atharva Patil/Documents/projects/gymlog/test/sync_engine_test.dart: batches large queues across multiple push calls
03:25 +749: C:/Users/Atharva Patil/Documents/projects/gymlog/test/sync_engine_test.dart: batches large queues across multiple push calls
03:25 +750: C:/Users/Atharva Patil/Documents/projects/gymlog/test/sync_engine_test.dart: batches large queues across multiple push calls
03:25 +751: C:/Users/Atharva Patil/Documents/projects/gymlog/test/sync_engine_test.dart: batches large queues across multiple push calls
03:25 +752: C:/Users/Atharva Patil/Documents/projects/gymlog/test/sync_engine_test.dart: batches large queues across multiple push calls
03:25 +753: C:/Users/Atharva Patil/Documents/projects/gymlog/test/sync_engine_test.dart: batches large queues across multiple push calls
03:25 +754: C:/Users/Atharva Patil/Documents/projects/gymlog/test/sync_engine_test.dart: batches large queues across multiple push calls
03:25 +755: C:/Users/Atharva Patil/Documents/projects/gymlog/test/sync_engine_test.dart: batches large queues across multiple push calls
03:25 +756: C:/Users/Atharva Patil/Documents/projects/gymlog/test/sync_engine_test.dart: batches large queues across multiple push calls
03:25 +757: C:/Users/Atharva Patil/Documents/projects/gymlog/test/sync_engine_test.dart: batches large queues across multiple push calls
03:25 +758: C:/Users/Atharva Patil/Documents/projects/gymlog/test/sync_engine_test.dart: batches large queues across multiple push calls
03:25 +759: C:/Users/Atharva Patil/Documents/projects/gymlog/test/sync_engine_test.dart: batches large queues across multiple push calls
03:25 +760: C:/Users/Atharva Patil/Documents/projects/gymlog/test/sync_engine_test.dart: batches large queues across multiple push calls
03:25 +761: C:/Users/Atharva Patil/Documents/projects/gymlog/test/sync_engine_test.dart: batches large queues across multiple push calls
03:26 +762: C:/Users/Atharva Patil/Documents/projects/gymlog/test/sync_engine_test.dart: batches large queues across multiple push calls
03:26 +763: C:/Users/Atharva Patil/Documents/projects/gymlog/test/sync_engine_test.dart: batches large queues across multiple push calls
03:26 +764: C:/Users/Atharva Patil/Documents/projects/gymlog/test/sync_engine_test.dart: batches large queues across multiple push calls
03:26 +765: C:/Users/Atharva Patil/Documents/projects/gymlog/test/sync_engine_test.dart: batches large queues across multiple push calls
03:26 +766: C:/Users/Atharva Patil/Documents/projects/gymlog/test/sync_engine_test.dart: batches large queues across multiple push calls
03:27 +767: C:/Users/Atharva Patil/Documents/projects/gymlog/test/sync_engine_test.dart: routines creating a routine auto-enqueues it (DAO-level coverage)
03:27 +768: C:/Users/Atharva Patil/Documents/projects/gymlog/test/sync_engine_test.dart: routines routine round-trip: push, wipe local, pull, rehydrate
03:27 +769: C:/Users/Atharva Patil/Documents/projects/gymlog/test/sync_engine_test.dart: routines deleting a routine queues a tombstone
03:28 +770: C:/Users/Atharva Patil/Documents/projects/gymlog/test/sync_engine_test.dart: routines pulling a deleted routine deletes it locally without re-enqueuing tombstone
03:28 +771: C:/Users/Atharva Patil/Documents/projects/gymlog/test/sync_engine_test.dart: preferences round-trip restores weight unit + rest seconds
03:28 +772: C:/Users/Atharva Patil/Documents/projects/gymlog/test/sync_engine_test.dart: (tearDownAll)
03:30 +772: C:/Users/Atharva Patil/Documents/projects/gymlog/test/ui_p0_01_device_acceptance_test.dart: UI-P0-01 Complete Device Acceptance & Geometry Test Suite DEV-01 & DEV-03: No-equipment vs Assisted Machine layout
03:33 +773: C:/Users/Atharva Patil/Documents/projects/gymlog/test/undoable_delete_test.dart: showUndoableDelete shows snackbar, handles Undo, and commits on expire/hide
03:33 +774: C:/Users/Atharva Patil/Documents/projects/gymlog/test/undoable_delete_test.dart: showUndoableDelete shows snackbar, handles Undo, and commits on expire/hide
03:33 +775: C:/Users/Atharva Patil/Documents/projects/gymlog/test/undoable_delete_test.dart: showUndoableDelete shows snackbar, handles Undo, and commits on expire/hide
03:34 +776: C:/Users/Atharva Patil/Documents/projects/gymlog/test/undoable_delete_test.dart: showUndoableDelete shows snackbar, handles Undo, and commits on expire/hide
03:37 +777: C:/Users/Atharva Patil/Documents/projects/gymlog/test/undoable_delete_test.dart: showUndoableDelete shows snackbar, handles Undo, and commits on expire/hide
03:37 +778: C:/Users/Atharva Patil/Documents/projects/gymlog/test/undoable_delete_test.dart: showUndoableDelete shows snackbar, handles Undo, and commits on expire/hide
03:37 +779: C:/Users/Atharva Patil/Documents/projects/gymlog/test/undoable_delete_test.dart: showUndoableDelete shows snackbar, handles Undo, and commits on expire/hide
03:37 +780: C:/Users/Atharva Patil/Documents/projects/gymlog/test/undoable_delete_test.dart: showUndoableDelete shows snackbar, handles Undo, and commits on expire/hide
03:37 +781: C:/Users/Atharva Patil/Documents/projects/gymlog/test/undoable_delete_test.dart: showUndoableDelete shows snackbar, handles Undo, and commits on expire/hide
03:37 +782: C:/Users/Atharva Patil/Documents/projects/gymlog/test/undoable_delete_test.dart: showUndoableDelete shows snackbar, handles Undo, and commits on expire/hide
03:37 +783: C:/Users/Atharva Patil/Documents/projects/gymlog/test/undoable_delete_test.dart: showUndoableDelete shows snackbar, handles Undo, and commits on expire/hide
03:37 +784: C:/Users/Atharva Patil/Documents/projects/gymlog/test/undoable_delete_test.dart: showUndoableDelete shows snackbar, handles Undo, and commits on expire/hide
03:37 +785: C:/Users/Atharva Patil/Documents/projects/gymlog/test/undoable_delete_test.dart: showUndoableDelete shows snackbar, handles Undo, and commits on expire/hide
03:37 +786: C:/Users/Atharva Patil/Documents/projects/gymlog/test/undoable_delete_test.dart: showUndoableDelete shows snackbar, handles Undo, and commits on expire/hide
03:37 +787: C:/Users/Atharva Patil/Documents/projects/gymlog/test/undoable_delete_test.dart: showUndoableDelete shows snackbar, handles Undo, and commits on expire/hide
03:37 +788: C:/Users/Atharva Patil/Documents/projects/gymlog/test/undoable_delete_test.dart: showUndoableDelete shows snackbar, handles Undo, and commits on expire/hide
03:37 +789: C:/Users/Atharva Patil/Documents/projects/gymlog/test/undoable_delete_test.dart: showUndoableDelete shows snackbar, handles Undo, and commits on expire/hide
03:37 +790: C:/Users/Atharva Patil/Documents/projects/gymlog/test/undoable_delete_test.dart: showUndoableDelete shows snackbar, handles Undo, and commits on expire/hide
03:37 +791: C:/Users/Atharva Patil/Documents/projects/gymlog/test/undoable_delete_test.dart: showUndoableDelete shows snackbar, handles Undo, and commits on expire/hide
03:37 +792: C:/Users/Atharva Patil/Documents/projects/gymlog/test/undoable_delete_test.dart: showUndoableDelete shows snackbar, handles Undo, and commits on expire/hide
03:37 +793: C:/Users/Atharva Patil/Documents/projects/gymlog/test/undoable_delete_test.dart: showUndoableDelete shows snackbar, handles Undo, and commits on expire/hide
03:37 +794: C:/Users/Atharva Patil/Documents/projects/gymlog/test/undoable_delete_test.dart: showUndoableDelete shows snackbar, handles Undo, and commits on expire/hide
03:37 +795: C:/Users/Atharva Patil/Documents/projects/gymlog/test/undoable_delete_test.dart: showUndoableDelete shows snackbar, handles Undo, and commits on expire/hide
03:38 +796: C:/Users/Atharva Patil/Documents/projects/gymlog/test/undoable_delete_test.dart: showUndoableDelete shows snackbar, handles Undo, and commits on expire/hide
03:40 +797: C:/Users/Atharva Patil/Documents/projects/gymlog/test/upgrade/session_1_correctness_test.dart: workout detail volume converts once to pounds
03:40 +798: C:/Users/Atharva Patil/Documents/projects/gymlog/test/upgrade/session_1_correctness_test.dart: workout detail volume converts once to pounds
03:40 +799: C:/Users/Atharva Patil/Documents/projects/gymlog/test/upgrade/session_1_correctness_test.dart: workout detail volume converts once to pounds
03:40 +800: C:/Users/Atharva Patil/Documents/projects/gymlog/test/upgrade/session_1_correctness_test.dart: workout detail volume converts once to pounds
03:41 +801: C:/Users/Atharva Patil/Documents/projects/gymlog/test/upgrade/session_1_correctness_test.dart: workout detail volume converts once to pounds
03:41 +802: C:/Users/Atharva Patil/Documents/projects/gymlog/test/upgrade/session_1_render_test.dart: header-reps-higgsfield-1.0x-synthetic
03:41 +803: C:/Users/Atharva Patil/Documents/projects/gymlog/test/upgrade/session_1_correctness_test.dart: PR exports describe recorded results without certification claims
03:42 +804: C:/Users/Atharva Patil/Documents/projects/gymlog/test/upgrade/session_1_correctness_test.dart: PR exports describe recorded results without certification claims
03:42 +805: C:/Users/Atharva Patil/Documents/projects/gymlog/test/upgrade/session_1_render_test.dart: header-distance-higgsfield-1.0x-synthetic
03:42 +806: C:/Users/Atharva Patil/Documents/projects/gymlog/test/upgrade/session_1_correctness_test.dart: missing 1RM estimate never borrows the logged weight
03:42 +807: C:/Users/Atharva Patil/Documents/projects/gymlog/test/upgrade/session_1_correctness_test.dart: missing 1RM estimate never borrows the logged weight
03:42 +808: C:/Users/Atharva Patil/Documents/projects/gymlog/test/upgrade/session_1_render_test.dart: finish-weighted-higgsfield-1.0x-synthetic
03:42 +809: C:/Users/Atharva Patil/Documents/projects/gymlog/test/upgrade/session_1_render_test.dart: finish-weighted-higgsfield-1.0x-synthetic
03:42 +810: C:/Users/Atharva Patil/Documents/projects/gymlog/test/upgrade/session_1_render_test.dart: finish-weighted-higgsfield-1.0x-synthetic
03:43 +811: C:/Users/Atharva Patil/Documents/projects/gymlog/test/upgrade/session_1_correctness_test.dart: finish review does not announce completion before save
03:43 +812: C:/Users/Atharva Patil/Documents/projects/gymlog/test/upgrade/session_1_correctness_test.dart: finish review does not announce completion before save
03:43 +813: C:/Users/Atharva Patil/Documents/projects/gymlog/test/upgrade/session_1_render_test.dart: finish-timed-higgsfield-1.0x-synthetic
03:43 +814: C:/Users/Atharva Patil/Documents/projects/gymlog/test/upgrade/session_1_correctness_test.dart: volume and duration changes use neutral color with their direction intact
03:43 +815: C:/Users/Atharva Patil/Documents/projects/gymlog/test/weekly_goal_sheet_test.dart: showWeeklyGoalSheet selecting a day updates weeklyGoalProvider and closes sheet
03:43 +816: C:/Users/Atharva Patil/Documents/projects/gymlog/test/weekly_goal_sheet_test.dart: showWeeklyGoalSheet selecting a day updates weeklyGoalProvider and closes sheet
03:44 +817: C:/Users/Atharva Patil/Documents/projects/gymlog/test/weekly_goal_sheet_test.dart: showWeeklyGoalSheet selecting a day updates weeklyGoalProvider and closes sheet
03:44 +818: C:/Users/Atharva Patil/Documents/projects/gymlog/test/weekly_goal_sheet_test.dart: showWeeklyGoalSheet selecting a day updates weeklyGoalProvider and closes sheet
03:44 +819: C:/Users/Atharva Patil/Documents/projects/gymlog/test/weekly_goal_sheet_test.dart: showWeeklyGoalSheet selecting a day updates weeklyGoalProvider and closes sheet
03:44 +820: C:/Users/Atharva Patil/Documents/projects/gymlog/test/weekly_goal_sheet_test.dart: showWeeklyGoalSheet selecting a day updates weeklyGoalProvider and closes sheet
03:44 +821: C:/Users/Atharva Patil/Documents/projects/gymlog/test/weekly_goal_sheet_test.dart: showWeeklyGoalSheet selecting a day updates weeklyGoalProvider and closes sheet
03:44 +822: C:/Users/Atharva Patil/Documents/projects/gymlog/test/weekly_goal_sheet_test.dart: showWeeklyGoalSheet selecting a day updates weeklyGoalProvider and closes sheet
03:44 +823: C:/Users/Atharva Patil/Documents/projects/gymlog/test/weekly_goal_sheet_test.dart: showWeeklyGoalSheet selecting a day updates weeklyGoalProvider and closes sheet
03:44 +824: C:/Users/Atharva Patil/Documents/projects/gymlog/test/weekly_goal_sheet_test.dart: showWeeklyGoalSheet selecting a day updates weeklyGoalProvider and closes sheet
03:44 +825: C:/Users/Atharva Patil/Documents/projects/gymlog/test/weekly_goal_sheet_test.dart: showWeeklyGoalSheet selecting a day updates weeklyGoalProvider and closes sheet
03:44 +826: C:/Users/Atharva Patil/Documents/projects/gymlog/test/weekly_goal_sheet_test.dart: showWeeklyGoalSheet selecting a day updates weeklyGoalProvider and closes sheet
03:44 +827: C:/Users/Atharva Patil/Documents/projects/gymlog/test/weekly_goal_sheet_test.dart: showWeeklyGoalSheet selecting a day updates weeklyGoalProvider and closes sheet
03:44 +828: C:/Users/Atharva Patil/Documents/projects/gymlog/test/weekly_goal_sheet_test.dart: showWeeklyGoalSheet selecting a day updates weeklyGoalProvider and closes sheet
03:44 +829: C:/Users/Atharva Patil/Documents/projects/gymlog/test/weekly_goal_sheet_test.dart: showWeeklyGoalSheet selecting a day updates weeklyGoalProvider and closes sheet
03:44 +830: C:/Users/Atharva Patil/Documents/projects/gymlog/test/weekly_goal_sheet_test.dart: showWeeklyGoalSheet selecting a day updates weeklyGoalProvider and closes sheet
03:44 +831: C:/Users/Atharva Patil/Documents/projects/gymlog/test/weekly_goal_sheet_test.dart: showWeeklyGoalSheet selecting a day updates weeklyGoalProvider and closes sheet
03:45 +832: C:/Users/Atharva Patil/Documents/projects/gymlog/test/weekly_goal_sheet_test.dart: showWeeklyGoalSheet selecting a day updates weeklyGoalProvider and closes sheet
03:45 +833: C:/Users/Atharva Patil/Documents/projects/gymlog/test/weekly_goal_sheet_test.dart: showWeeklyGoalSheet selecting a day updates weeklyGoalProvider and closes sheet
03:45 +834: C:/Users/Atharva Patil/Documents/projects/gymlog/test/weekly_goal_sheet_test.dart: showWeeklyGoalSheet selecting a day updates weeklyGoalProvider and closes sheet
03:45 +835: C:/Users/Atharva Patil/Documents/projects/gymlog/test/widget_test.dart: UI kit PrimaryButton renders label and fires onPressed
03:45 +836: C:/Users/Atharva Patil/Documents/projects/gymlog/test/widget_test.dart: UI kit PrimaryButton renders label and fires onPressed
03:45 +837: C:/Users/Atharva Patil/Documents/projects/gymlog/test/upgrade/session_1_render_test.dart: detail-error-higgsfield-1.0x-synthetic
03:46 +838: C:/Users/Atharva Patil/Documents/projects/gymlog/test/widget_test.dart: UI kit TogglePill reflects active state
03:46 +839: C:/Users/Atharva Patil/Documents/projects/gymlog/test/upgrade/session_1_render_test.dart: detail-empty-higgsfield-1.0x-synthetic
03:46 +840: C:/Users/Atharva Patil/Documents/projects/gymlog/test/upgrade/session_1_render_test.dart: detail-empty-higgsfield-1.0x-synthetic
03:46 +841: C:/Users/Atharva Patil/Documents/projects/gymlog/test/upgrade/session_1_render_test.dart: detail-empty-higgsfield-1.0x-synthetic
03:46 +842: C:/Users/Atharva Patil/Documents/projects/gymlog/test/upgrade/session_1_render_test.dart: detail-empty-higgsfield-1.0x-synthetic
03:46 +843: C:/Users/Atharva Patil/Documents/projects/gymlog/test/upgrade/session_1_render_test.dart: detail-empty-higgsfield-1.0x-synthetic
03:46 +844: C:/Users/Atharva Patil/Documents/projects/gymlog/test/upgrade/session_1_render_test.dart: detail-empty-higgsfield-1.0x-synthetic
03:46 +845: C:/Users/Atharva Patil/Documents/projects/gymlog/test/upgrade/session_1_render_test.dart: detail-empty-higgsfield-1.0x-synthetic
03:46 +845: C:/Users/Atharva Patil/Documents/projects/gymlog/test/workout_draft_store_test.dart: WorkoutDraftStore P0-03 Resilience & Persistence Suite corrupt JSON payload fails safely, clears storage, and returns null
[WorkoutDraftStore] Corrupted or invalid draft payload: FormatException: Unexpected character (at character 2)
{invalid_json_payload: [incomplete
 ^
. Clearing draft.
03:46 +846: C:/Users/Atharva Patil/Documents/projects/gymlog/test/upgrade/session_1_render_test.dart: detail-empty-higgsfield-1.0x-synthetic
03:46 +847: C:/Users/Atharva Patil/Documents/projects/gymlog/test/upgrade/session_1_render_test.dart: detail-empty-higgsfield-1.0x-synthetic
03:46 +847: C:/Users/Atharva Patil/Documents/projects/gymlog/test/workout_draft_store_test.dart: WorkoutDraftStore P0-03 Resilience & Persistence Suite draft belonging to user_A cannot be loaded by user_B
[WorkoutDraftStore] Ignoring draft from different user (user-A vs user-B)
03:46 +848: C:/Users/Atharva Patil/Documents/projects/gymlog/test/upgrade/session_1_render_test.dart: detail-empty-higgsfield-1.0x-synthetic
03:46 +848: C:/Users/Atharva Patil/Documents/projects/gymlog/test/workout_draft_store_test.dart: WorkoutDraftStore P0-03 Resilience & Persistence Suite draft older than 24 hours is treated as stale and auto-cleared
[WorkoutDraftStore] Draft expired (>24h), clearing.
03:46 +849: C:/Users/Atharva Patil/Documents/projects/gymlog/test/upgrade/session_1_render_test.dart: detail-empty-higgsfield-1.0x-synthetic
03:46 +850: C:/Users/Atharva Patil/Documents/projects/gymlog/test/upgrade/session_1_render_test.dart: exercise-higgsfield-1.0x-synthetic
03:46 +851: C:/Users/Atharva Patil/Documents/projects/gymlog/test/upgrade/session_1_render_test.dart: exercise-no-estimate-higgsfield-1.0x-synthetic
03:46 +852: C:/Users/Atharva Patil/Documents/projects/gymlog/test/upgrade/session_1_render_test.dart: progress-higgsfield-1.0x-synthetic
03:46 +853: C:/Users/Atharva Patil/Documents/projects/gymlog/test/upgrade/session_1_render_test.dart: progress-low-higgsfield-1.0x-synthetic
03:46 +854: C:/Users/Atharva Patil/Documents/projects/gymlog/test/upgrade/session_1_render_test.dart: progress-empty-higgsfield-1.0x-synthetic
03:47 +855: C:/Users/Atharva Patil/Documents/projects/gymlog/test/upgrade/session_1_render_test.dart: roles-higgsfield-1.0x-synthetic
03:47 +856: C:/Users/Atharva Patil/Documents/projects/gymlog/test/upgrade/session_1_render_test.dart: header-weighted-higgsfield-1.6x-synthetic
03:47 +857: C:/Users/Atharva Patil/Documents/projects/gymlog/test/upgrade/session_1_render_test.dart: header-reps-higgsfield-1.6x-synthetic
03:47 +858: C:/Users/Atharva Patil/Documents/projects/gymlog/test/upgrade/session_1_render_test.dart: header-timed-higgsfield-1.6x-synthetic
03:47 +859: C:/Users/Atharva Patil/Documents/projects/gymlog/test/upgrade/session_1_render_test.dart: header-distance-higgsfield-1.6x-synthetic
03:47 +860: C:/Users/Atharva Patil/Documents/projects/gymlog/test/upgrade/session_1_render_test.dart: header-empty-higgsfield-1.6x-synthetic
03:47 +861: C:/Users/Atharva Patil/Documents/projects/gymlog/test/workout_export_test.dart: (setUpAll)
03:47 +861: C:/Users/Atharva Patil/Documents/projects/gymlog/test/workout_export_test.dart: exports v2 schema with 20 columns for completed sessions only
03:47 +862: C:/Users/Atharva Patil/Documents/projects/gymlog/test/workout_export_test.dart: exports v2 schema with 20 columns for completed sessions only
03:48 +863: C:/Users/Atharva Patil/Documents/projects/gymlog/test/upgrade/session_1_render_test.dart: finish-reps-higgsfield-1.6x-synthetic
03:48 +864: C:/Users/Atharva Patil/Documents/projects/gymlog/test/upgrade/session_1_render_test.dart: finish-reps-higgsfield-1.6x-synthetic
03:48 +865: C:/Users/Atharva Patil/Documents/projects/gymlog/test/upgrade/session_1_render_test.dart: finish-reps-higgsfield-1.6x-synthetic
03:48 +866: C:/Users/Atharva Patil/Documents/projects/gymlog/test/upgrade/session_1_render_test.dart: finish-reps-higgsfield-1.6x-synthetic
03:48 +867: C:/Users/Atharva Patil/Documents/projects/gymlog/test/upgrade/session_1_render_test.dart: finish-timed-higgsfield-1.6x-synthetic
03:48 +868: C:/Users/Atharva Patil/Documents/projects/gymlog/test/upgrade/session_1_render_test.dart: finish-distance-higgsfield-1.6x-synthetic
03:48 +869: C:/Users/Atharva Patil/Documents/projects/gymlog/test/upgrade/session_1_render_test.dart: pr-higgsfield-1.6x-synthetic
03:48 +870: C:/Users/Atharva Patil/Documents/projects/gymlog/test/upgrade/session_1_render_test.dart: share-monument-higgsfield-1.6x-synthetic
03:48 +871: C:/Users/Atharva Patil/Documents/projects/gymlog/test/workout_hero_transition_test.dart: WorkoutHistoryCard renders Hero when enableHero is true and animations enabled
03:48 +872: C:/Users/Atharva Patil/Documents/projects/gymlog/test/workout_hero_transition_test.dart: WorkoutHistoryCard renders Hero when enableHero is true and animations enabled
03:48 +873: C:/Users/Atharva Patil/Documents/projects/gymlog/test/workout_hero_transition_test.dart: WorkoutHistoryCard renders Hero when enableHero is true and animations enabled
03:48 +874: C:/Users/Atharva Patil/Documents/projects/gymlog/test/workout_hero_transition_test.dart: WorkoutHistoryCard renders Hero when enableHero is true and animations enabled
03:48 +875: C:/Users/Atharva Patil/Documents/projects/gymlog/test/workout_hero_transition_test.dart: WorkoutHistoryCard renders Hero when enableHero is true and animations enabled
03:48 +876: C:/Users/Atharva Patil/Documents/projects/gymlog/test/workout_hero_transition_test.dart: WorkoutHistoryCard renders Hero when enableHero is true and animations enabled
03:48 +877: C:/Users/Atharva Patil/Documents/projects/gymlog/test/workout_hero_transition_test.dart: WorkoutHistoryCard renders Hero when enableHero is true and animations enabled
03:48 +878: C:/Users/Atharva Patil/Documents/projects/gymlog/test/workout_hero_transition_test.dart: WorkoutHistoryCard renders Hero when enableHero is true and animations enabled
03:49 +879: C:/Users/Atharva Patil/Documents/projects/gymlog/test/workout_hero_transition_test.dart: WorkoutHistoryCard renders Hero when enableHero is true and animations enabled
03:49 +880: C:/Users/Atharva Patil/Documents/projects/gymlog/test/workout_hero_transition_test.dart: WorkoutHistoryCard renders Hero when enableHero is true and animations enabled
03:49 +881: C:/Users/Atharva Patil/Documents/projects/gymlog/test/workout_hero_transition_test.dart: WorkoutHistoryCard renders Hero when enableHero is true and animations enabled
03:49 +882: C:/Users/Atharva Patil/Documents/projects/gymlog/test/workout_hero_transition_test.dart: WorkoutHistoryCard renders Hero when enableHero is true and animations enabled
03:49 +883: C:/Users/Atharva Patil/Documents/projects/gymlog/test/workout_hero_transition_test.dart: WorkoutHistoryCard renders Hero when enableHero is true and animations enabled
03:49 +884: C:/Users/Atharva Patil/Documents/projects/gymlog/test/workout_hero_transition_test.dart: WorkoutHistoryCard renders Hero when enableHero is true and animations enabled
03:49 +885: C:/Users/Atharva Patil/Documents/projects/gymlog/test/workout_hero_transition_test.dart: WorkoutHistoryCard renders Hero when enableHero is true and animations enabled
03:49 +886: C:/Users/Atharva Patil/Documents/projects/gymlog/test/workout_hero_transition_test.dart: WorkoutHistoryCard renders Hero when enableHero is true and animations enabled
03:49 +887: C:/Users/Atharva Patil/Documents/projects/gymlog/test/upgrade/session_1_render_test.dart: exercise-higgsfield-1.6x-synthetic
03:49 +888: C:/Users/Atharva Patil/Documents/projects/gymlog/test/workout_hero_transition_test.dart: WorkoutHistoryCard does NOT render Hero when enableHero is false
03:49 +889: C:/Users/Atharva Patil/Documents/projects/gymlog/test/upgrade/session_1_render_test.dart: exercise-no-estimate-higgsfield-1.6x-synthetic
03:49 +890: C:/Users/Atharva Patil/Documents/projects/gymlog/test/workout_hero_transition_test.dart: WorkoutHeroSliver renders Hero when workoutId is present and animations enabled
03:49 +891: C:/Users/Atharva Patil/Documents/projects/gymlog/test/workout_hero_transition_test.dart: WorkoutHeroSliver renders Hero when workoutId is present and animations enabled
03:49 +892: C:/Users/Atharva Patil/Documents/projects/gymlog/test/workout_hero_transition_test.dart: WorkoutHeroSliver renders Hero when workoutId is present and animations enabled
03:50 +893: C:/Users/Atharva Patil/Documents/projects/gymlog/test/upgrade/session_1_render_test.dart: progress-empty-higgsfield-1.6x-synthetic
03:50 +894: C:/Users/Atharva Patil/Documents/projects/gymlog/test/workout_hero_transition_test.dart: WorkoutHeroSliver does NOT render Hero when workoutId is null
03:50 +895: C:/Users/Atharva Patil/Documents/projects/gymlog/test/upgrade/session_1_render_test.dart: roles-higgsfield-1.6x-synthetic
03:50 +896: C:/Users/Atharva Patil/Documents/projects/gymlog/test/upgrade/session_1_render_test.dart: header-weighted-neonPurple-1.0x-synthetic
03:50 +897: C:/Users/Atharva Patil/Documents/projects/gymlog/test/upgrade/session_1_render_test.dart: header-reps-neonPurple-1.0x-synthetic
03:50 +898: C:/Users/Atharva Patil/Documents/projects/gymlog/test/upgrade/session_1_render_test.dart: header-timed-neonPurple-1.0x-synthetic
03:50 +899: C:/Users/Atharva Patil/Documents/projects/gymlog/test/upgrade/session_1_render_test.dart: header-distance-neonPurple-1.0x-synthetic
03:50 +900: C:/Users/Atharva Patil/Documents/projects/gymlog/test/upgrade/session_1_render_test.dart: header-empty-neonPurple-1.0x-synthetic
03:50 +901: C:/Users/Atharva Patil/Documents/projects/gymlog/test/upgrade/session_1_render_test.dart: finish-weighted-neonPurple-1.0x-synthetic
03:50 +902: C:/Users/Atharva Patil/Documents/projects/gymlog/test/upgrade/session_1_render_test.dart: finish-reps-neonPurple-1.0x-synthetic
03:50 +903: C:/Users/Atharva Patil/Documents/projects/gymlog/test/upgrade/session_1_render_test.dart: finish-timed-neonPurple-1.0x-synthetic
03:50 +904: C:/Users/Atharva Patil/Documents/projects/gymlog/test/upgrade/session_1_render_test.dart: finish-distance-neonPurple-1.0x-synthetic
03:50 +905: C:/Users/Atharva Patil/Documents/projects/gymlog/test/upgrade/session_1_render_test.dart: pr-neonPurple-1.0x-synthetic
03:50 +906: C:/Users/Atharva Patil/Documents/projects/gymlog/test/upgrade/session_1_render_test.dart: share-monument-neonPurple-1.0x-synthetic
03:50 +907: C:/Users/Atharva Patil/Documents/projects/gymlog/test/upgrade/session_1_render_test.dart: share-technical-neonPurple-1.0x-synthetic
03:50 +908: C:/Users/Atharva Patil/Documents/projects/gymlog/test/upgrade/session_1_render_test.dart: share-sticker-neonPurple-1.0x-synthetic
03:50 +909: C:/Users/Atharva Patil/Documents/projects/gymlog/test/upgrade/session_1_render_test.dart: share-duration-monument-neonPurple-1.0x-synthetic
03:51 +910: C:/Users/Atharva Patil/Documents/projects/gymlog/test/upgrade/session_1_render_test.dart: share-duration-technical-neonPurple-1.0x-synthetic
03:51 +911: C:/Users/Atharva Patil/Documents/projects/gymlog/test/upgrade/session_1_render_test.dart: share-duration-sticker-neonPurple-1.0x-synthetic
03:51 +912: C:/Users/Atharva Patil/Documents/projects/gymlog/test/upgrade/session_1_render_test.dart: share-distance-monument-neonPurple-1.0x-synthetic
03:51 +913: C:/Users/Atharva Patil/Documents/projects/gymlog/test/upgrade/session_1_render_test.dart: share-distance-technical-neonPurple-1.0x-synthetic
03:51 +914: C:/Users/Atharva Patil/Documents/projects/gymlog/test/upgrade/session_1_render_test.dart: share-distance-sticker-neonPurple-1.0x-synthetic
03:51 +915: C:/Users/Atharva Patil/Documents/projects/gymlog/test/upgrade/session_1_render_test.dart: detail-neonPurple-1.0x-synthetic
03:51 +916: C:/Users/Atharva Patil/Documents/projects/gymlog/test/upgrade/session_1_render_test.dart: detail-error-neonPurple-1.0x-synthetic
03:51 +917: C:/Users/Atharva Patil/Documents/projects/gymlog/test/upgrade/session_1_render_test.dart: detail-empty-neonPurple-1.0x-synthetic
03:51 +918: C:/Users/Atharva Patil/Documents/projects/gymlog/test/upgrade/session_1_render_test.dart: exercise-neonPurple-1.0x-synthetic
03:51 +919: C:/Users/Atharva Patil/Documents/projects/gymlog/test/upgrade/session_1_render_test.dart: exercise-no-estimate-neonPurple-1.0x-synthetic
03:51 +920: C:/Users/Atharva Patil/Documents/projects/gymlog/test/upgrade/session_1_render_test.dart: progress-neonPurple-1.0x-synthetic
03:51 +921: C:/Users/Atharva Patil/Documents/projects/gymlog/test/upgrade/session_1_render_test.dart: progress-low-neonPurple-1.0x-synthetic
03:51 +922: C:/Users/Atharva Patil/Documents/projects/gymlog/test/upgrade/session_1_render_test.dart: progress-empty-neonPurple-1.0x-synthetic
03:51 +923: C:/Users/Atharva Patil/Documents/projects/gymlog/test/upgrade/session_1_render_test.dart: roles-neonPurple-1.0x-synthetic
03:51 +924: C:/Users/Atharva Patil/Documents/projects/gymlog/test/upgrade/session_1_render_test.dart: header-weighted-neonPurple-1.6x-synthetic
03:51 +925: C:/Users/Atharva Patil/Documents/projects/gymlog/test/upgrade/session_1_render_test.dart: header-reps-neonPurple-1.6x-synthetic
03:51 +926: C:/Users/Atharva Patil/Documents/projects/gymlog/test/upgrade/session_1_render_test.dart: header-timed-neonPurple-1.6x-synthetic
03:51 +927: C:/Users/Atharva Patil/Documents/projects/gymlog/test/upgrade/session_1_render_test.dart: header-distance-neonPurple-1.6x-synthetic
03:52 +928: C:/Users/Atharva Patil/Documents/projects/gymlog/test/upgrade/session_1_render_test.dart: header-empty-neonPurple-1.6x-synthetic
03:52 +929: C:/Users/Atharva Patil/Documents/projects/gymlog/test/upgrade/session_1_render_test.dart: finish-weighted-neonPurple-1.6x-synthetic
03:52 +930: C:/Users/Atharva Patil/Documents/projects/gymlog/test/upgrade/session_1_render_test.dart: finish-reps-neonPurple-1.6x-synthetic
03:52 +931: C:/Users/Atharva Patil/Documents/projects/gymlog/test/upgrade/session_1_render_test.dart: finish-timed-neonPurple-1.6x-synthetic
03:52 +932: C:/Users/Atharva Patil/Documents/projects/gymlog/test/upgrade/session_1_render_test.dart: finish-distance-neonPurple-1.6x-synthetic
03:52 +933: C:/Users/Atharva Patil/Documents/projects/gymlog/test/upgrade/session_1_render_test.dart: pr-neonPurple-1.6x-synthetic
03:52 +934: C:/Users/Atharva Patil/Documents/projects/gymlog/test/upgrade/session_1_render_test.dart: share-monument-neonPurple-1.6x-synthetic
03:52 +935: C:/Users/Atharva Patil/Documents/projects/gymlog/test/upgrade/session_1_render_test.dart: share-technical-neonPurple-1.6x-synthetic
03:52 +936: C:/Users/Atharva Patil/Documents/projects/gymlog/test/upgrade/session_1_render_test.dart: share-sticker-neonPurple-1.6x-synthetic
03:52 +937: C:/Users/Atharva Patil/Documents/projects/gymlog/test/upgrade/session_1_render_test.dart: share-duration-monument-neonPurple-1.6x-synthetic
03:52 +938: C:/Users/Atharva Patil/Documents/projects/gymlog/test/upgrade/session_1_render_test.dart: share-duration-technical-neonPurple-1.6x-synthetic
03:52 +939: C:/Users/Atharva Patil/Documents/projects/gymlog/test/upgrade/session_1_render_test.dart: share-duration-sticker-neonPurple-1.6x-synthetic
03:52 +940: C:/Users/Atharva Patil/Documents/projects/gymlog/test/upgrade/session_1_render_test.dart: share-distance-monument-neonPurple-1.6x-synthetic
03:52 +941: C:/Users/Atharva Patil/Documents/projects/gymlog/test/upgrade/session_1_render_test.dart: share-distance-technical-neonPurple-1.6x-synthetic
03:52 +942: C:/Users/Atharva Patil/Documents/projects/gymlog/test/upgrade/session_1_render_test.dart: share-distance-sticker-neonPurple-1.6x-synthetic
03:52 +943: C:/Users/Atharva Patil/Documents/projects/gymlog/test/upgrade/session_1_render_test.dart: detail-neonPurple-1.6x-synthetic
03:52 +944: C:/Users/Atharva Patil/Documents/projects/gymlog/test/upgrade/session_1_render_test.dart: detail-error-neonPurple-1.6x-synthetic
03:53 +945: C:/Users/Atharva Patil/Documents/projects/gymlog/test/upgrade/session_1_render_test.dart: detail-empty-neonPurple-1.6x-synthetic
03:53 +946: C:/Users/Atharva Patil/Documents/projects/gymlog/test/upgrade/session_1_render_test.dart: exercise-neonPurple-1.6x-synthetic
03:53 +947: C:/Users/Atharva Patil/Documents/projects/gymlog/test/upgrade/session_1_render_test.dart: exercise-no-estimate-neonPurple-1.6x-synthetic
03:53 +948: C:/Users/Atharva Patil/Documents/projects/gymlog/test/upgrade/session_1_render_test.dart: progress-neonPurple-1.6x-synthetic
03:53 +949: C:/Users/Atharva Patil/Documents/projects/gymlog/test/upgrade/session_1_render_test.dart: progress-low-neonPurple-1.6x-synthetic
03:53 +950: C:/Users/Atharva Patil/Documents/projects/gymlog/test/upgrade/session_1_render_test.dart: progress-empty-neonPurple-1.6x-synthetic
03:53 +951: C:/Users/Atharva Patil/Documents/projects/gymlog/test/upgrade/session_1_render_test.dart: roles-neonPurple-1.6x-synthetic
03:53 +952: C:/Users/Atharva Patil/Documents/projects/gymlog/test/upgrade/session_1_render_test.dart: header-weighted-white-1.0x-synthetic
03:53 +953: C:/Users/Atharva Patil/Documents/projects/gymlog/test/upgrade/session_1_render_test.dart: header-reps-white-1.0x-synthetic
03:53 +954: C:/Users/Atharva Patil/Documents/projects/gymlog/test/upgrade/session_1_render_test.dart: header-timed-white-1.0x-synthetic
03:53 +955: C:/Users/Atharva Patil/Documents/projects/gymlog/test/upgrade/session_1_render_test.dart: header-distance-white-1.0x-synthetic
03:53 +956: C:/Users/Atharva Patil/Documents/projects/gymlog/test/upgrade/session_1_render_test.dart: header-empty-white-1.0x-synthetic
03:53 +957: C:/Users/Atharva Patil/Documents/projects/gymlog/test/upgrade/session_1_render_test.dart: finish-weighted-white-1.0x-synthetic
03:53 +958: C:/Users/Atharva Patil/Documents/projects/gymlog/test/upgrade/session_1_render_test.dart: finish-reps-white-1.0x-synthetic
03:53 +959: C:/Users/Atharva Patil/Documents/projects/gymlog/test/upgrade/session_1_render_test.dart: finish-timed-white-1.0x-synthetic
03:53 +960: C:/Users/Atharva Patil/Documents/projects/gymlog/test/upgrade/session_1_render_test.dart: finish-distance-white-1.0x-synthetic
03:53 +961: C:/Users/Atharva Patil/Documents/projects/gymlog/test/upgrade/session_1_render_test.dart: pr-white-1.0x-synthetic
03:53 +962: C:/Users/Atharva Patil/Documents/projects/gymlog/test/upgrade/session_1_render_test.dart: share-monument-white-1.0x-synthetic
03:53 +963: C:/Users/Atharva Patil/Documents/projects/gymlog/test/upgrade/session_1_render_test.dart: share-technical-white-1.0x-synthetic
03:53 +964: C:/Users/Atharva Patil/Documents/projects/gymlog/test/upgrade/session_1_render_test.dart: share-sticker-white-1.0x-synthetic
03:54 +965: C:/Users/Atharva Patil/Documents/projects/gymlog/test/upgrade/session_1_render_test.dart: share-duration-monument-white-1.0x-synthetic
03:54 +966: C:/Users/Atharva Patil/Documents/projects/gymlog/test/upgrade/session_1_render_test.dart: share-duration-technical-white-1.0x-synthetic
03:54 +967: C:/Users/Atharva Patil/Documents/projects/gymlog/test/upgrade/session_1_render_test.dart: share-duration-sticker-white-1.0x-synthetic
03:54 +968: C:/Users/Atharva Patil/Documents/projects/gymlog/test/upgrade/session_1_render_test.dart: share-distance-monument-white-1.0x-synthetic
03:54 +969: C:/Users/Atharva Patil/Documents/projects/gymlog/test/upgrade/session_1_render_test.dart: share-distance-technical-white-1.0x-synthetic
03:54 +970: C:/Users/Atharva Patil/Documents/projects/gymlog/test/upgrade/session_1_render_test.dart: share-distance-sticker-white-1.0x-synthetic
03:54 +971: C:/Users/Atharva Patil/Documents/projects/gymlog/test/upgrade/session_1_render_test.dart: detail-white-1.0x-synthetic
03:54 +972: C:/Users/Atharva Patil/Documents/projects/gymlog/test/upgrade/session_1_render_test.dart: detail-error-white-1.0x-synthetic
03:54 +973: C:/Users/Atharva Patil/Documents/projects/gymlog/test/upgrade/session_1_render_test.dart: detail-empty-white-1.0x-synthetic
03:54 +974: C:/Users/Atharva Patil/Documents/projects/gymlog/test/upgrade/session_1_render_test.dart: exercise-white-1.0x-synthetic
03:54 +975: C:/Users/Atharva Patil/Documents/projects/gymlog/test/upgrade/session_1_render_test.dart: exercise-no-estimate-white-1.0x-synthetic
03:54 +976: C:/Users/Atharva Patil/Documents/projects/gymlog/test/upgrade/session_1_render_test.dart: progress-white-1.0x-synthetic
03:54 +977: C:/Users/Atharva Patil/Documents/projects/gymlog/test/upgrade/session_1_render_test.dart: progress-low-white-1.0x-synthetic
03:54 +978: C:/Users/Atharva Patil/Documents/projects/gymlog/test/upgrade/session_1_render_test.dart: progress-empty-white-1.0x-synthetic
03:54 +979: C:/Users/Atharva Patil/Documents/projects/gymlog/test/upgrade/session_1_render_test.dart: roles-white-1.0x-synthetic
03:54 +980: C:/Users/Atharva Patil/Documents/projects/gymlog/test/upgrade/session_1_render_test.dart: header-weighted-white-1.6x-synthetic
03:54 +981: C:/Users/Atharva Patil/Documents/projects/gymlog/test/upgrade/session_1_render_test.dart: header-reps-white-1.6x-synthetic
03:54 +982: C:/Users/Atharva Patil/Documents/projects/gymlog/test/upgrade/session_1_render_test.dart: header-timed-white-1.6x-synthetic
03:54 +983: C:/Users/Atharva Patil/Documents/projects/gymlog/test/upgrade/session_1_render_test.dart: header-distance-white-1.6x-synthetic
03:55 +984: C:/Users/Atharva Patil/Documents/projects/gymlog/test/upgrade/session_1_render_test.dart: header-empty-white-1.6x-synthetic
03:55 +985: C:/Users/Atharva Patil/Documents/projects/gymlog/test/upgrade/session_1_render_test.dart: finish-weighted-white-1.6x-synthetic
03:55 +986: C:/Users/Atharva Patil/Documents/projects/gymlog/test/upgrade/session_1_render_test.dart: finish-reps-white-1.6x-synthetic
03:55 +987: C:/Users/Atharva Patil/Documents/projects/gymlog/test/upgrade/session_1_render_test.dart: finish-timed-white-1.6x-synthetic
03:55 +988: C:/Users/Atharva Patil/Documents/projects/gymlog/test/upgrade/session_1_render_test.dart: finish-distance-white-1.6x-synthetic
03:55 +989: C:/Users/Atharva Patil/Documents/projects/gymlog/test/upgrade/session_1_render_test.dart: pr-white-1.6x-synthetic
03:55 +990: C:/Users/Atharva Patil/Documents/projects/gymlog/test/upgrade/session_1_render_test.dart: share-monument-white-1.6x-synthetic
03:55 +991: C:/Users/Atharva Patil/Documents/projects/gymlog/test/upgrade/session_1_render_test.dart: share-technical-white-1.6x-synthetic
03:55 +992: C:/Users/Atharva Patil/Documents/projects/gymlog/test/upgrade/session_1_render_test.dart: share-sticker-white-1.6x-synthetic
03:55 +993: C:/Users/Atharva Patil/Documents/projects/gymlog/test/upgrade/session_1_render_test.dart: share-duration-monument-white-1.6x-synthetic
03:55 +994: C:/Users/Atharva Patil/Documents/projects/gymlog/test/upgrade/session_1_render_test.dart: share-duration-technical-white-1.6x-synthetic
03:55 +995: C:/Users/Atharva Patil/Documents/projects/gymlog/test/upgrade/session_1_render_test.dart: share-duration-sticker-white-1.6x-synthetic
03:55 +996: C:/Users/Atharva Patil/Documents/projects/gymlog/test/upgrade/session_1_render_test.dart: share-distance-monument-white-1.6x-synthetic
03:55 +997: C:/Users/Atharva Patil/Documents/projects/gymlog/test/upgrade/session_1_render_test.dart: share-distance-technical-white-1.6x-synthetic
03:55 +998: C:/Users/Atharva Patil/Documents/projects/gymlog/test/upgrade/session_1_render_test.dart: share-distance-sticker-white-1.6x-synthetic
03:55 +999: C:/Users/Atharva Patil/Documents/projects/gymlog/test/upgrade/session_1_render_test.dart: detail-white-1.6x-synthetic
03:55 +1000: C:/Users/Atharva Patil/Documents/projects/gymlog/test/upgrade/session_1_render_test.dart: detail-error-white-1.6x-synthetic
03:55 +1001: C:/Users/Atharva Patil/Documents/projects/gymlog/test/upgrade/session_1_render_test.dart: detail-empty-white-1.6x-synthetic
03:56 +1002: C:/Users/Atharva Patil/Documents/projects/gymlog/test/upgrade/session_1_render_test.dart: exercise-white-1.6x-synthetic
03:56 +1003: C:/Users/Atharva Patil/Documents/projects/gymlog/test/upgrade/session_1_render_test.dart: exercise-no-estimate-white-1.6x-synthetic
03:56 +1004: C:/Users/Atharva Patil/Documents/projects/gymlog/test/upgrade/session_1_render_test.dart: progress-white-1.6x-synthetic
03:56 +1005: C:/Users/Atharva Patil/Documents/projects/gymlog/test/upgrade/session_1_render_test.dart: progress-low-white-1.6x-synthetic
03:56 +1006: C:/Users/Atharva Patil/Documents/projects/gymlog/test/upgrade/session_1_render_test.dart: progress-empty-white-1.6x-synthetic
03:56 +1007: C:/Users/Atharva Patil/Documents/projects/gymlog/test/upgrade/session_1_render_test.dart: roles-white-1.6x-synthetic
03:56 +1008: C:/Users/Atharva Patil/Documents/projects/gymlog/test/upgrade/session_1_render_test.dart: header-weighted-neonCyan-1.0x-synthetic
03:56 +1009: C:/Users/Atharva Patil/Documents/projects/gymlog/test/upgrade/session_1_render_test.dart: header-reps-neonCyan-1.0x-synthetic
03:56 +1010: C:/Users/Atharva Patil/Documents/projects/gymlog/test/upgrade/session_1_render_test.dart: header-timed-neonCyan-1.0x-synthetic
03:56 +1011: C:/Users/Atharva Patil/Documents/projects/gymlog/test/upgrade/session_1_render_test.dart: header-distance-neonCyan-1.0x-synthetic
03:56 +1012: C:/Users/Atharva Patil/Documents/projects/gymlog/test/upgrade/session_1_render_test.dart: header-empty-neonCyan-1.0x-synthetic
03:56 +1013: C:/Users/Atharva Patil/Documents/projects/gymlog/test/upgrade/session_1_render_test.dart: finish-weighted-neonCyan-1.0x-synthetic
03:56 +1014: C:/Users/Atharva Patil/Documents/projects/gymlog/test/upgrade/session_1_render_test.dart: finish-reps-neonCyan-1.0x-synthetic
03:56 +1015: C:/Users/Atharva Patil/Documents/projects/gymlog/test/upgrade/session_1_render_test.dart: finish-timed-neonCyan-1.0x-synthetic
03:56 +1016: C:/Users/Atharva Patil/Documents/projects/gymlog/test/upgrade/session_1_render_test.dart: finish-distance-neonCyan-1.0x-synthetic
03:56 +1017: C:/Users/Atharva Patil/Documents/projects/gymlog/test/upgrade/session_1_render_test.dart: pr-neonCyan-1.0x-synthetic
03:56 +1018: C:/Users/Atharva Patil/Documents/projects/gymlog/test/upgrade/session_1_render_test.dart: share-monument-neonCyan-1.0x-synthetic
03:56 +1019: C:/Users/Atharva Patil/Documents/projects/gymlog/test/upgrade/session_1_render_test.dart: share-technical-neonCyan-1.0x-synthetic
03:56 +1020: C:/Users/Atharva Patil/Documents/projects/gymlog/test/upgrade/session_1_render_test.dart: share-sticker-neonCyan-1.0x-synthetic
03:57 +1021: C:/Users/Atharva Patil/Documents/projects/gymlog/test/upgrade/session_1_render_test.dart: share-duration-monument-neonCyan-1.0x-synthetic
03:57 +1022: C:/Users/Atharva Patil/Documents/projects/gymlog/test/upgrade/session_1_render_test.dart: share-duration-technical-neonCyan-1.0x-synthetic
03:57 +1023: C:/Users/Atharva Patil/Documents/projects/gymlog/test/upgrade/session_1_render_test.dart: share-duration-sticker-neonCyan-1.0x-synthetic
03:57 +1024: C:/Users/Atharva Patil/Documents/projects/gymlog/test/upgrade/session_1_render_test.dart: share-distance-monument-neonCyan-1.0x-synthetic
03:57 +1025: C:/Users/Atharva Patil/Documents/projects/gymlog/test/upgrade/session_1_render_test.dart: share-distance-technical-neonCyan-1.0x-synthetic
03:57 +1026: C:/Users/Atharva Patil/Documents/projects/gymlog/test/upgrade/session_1_render_test.dart: share-distance-sticker-neonCyan-1.0x-synthetic
03:57 +1027: C:/Users/Atharva Patil/Documents/projects/gymlog/test/upgrade/session_1_render_test.dart: detail-neonCyan-1.0x-synthetic
03:57 +1028: C:/Users/Atharva Patil/Documents/projects/gymlog/test/upgrade/session_1_render_test.dart: detail-error-neonCyan-1.0x-synthetic
03:57 +1029: C:/Users/Atharva Patil/Documents/projects/gymlog/test/upgrade/session_1_render_test.dart: detail-empty-neonCyan-1.0x-synthetic
03:57 +1030: C:/Users/Atharva Patil/Documents/projects/gymlog/test/upgrade/session_1_render_test.dart: exercise-neonCyan-1.0x-synthetic
03:57 +1031: C:/Users/Atharva Patil/Documents/projects/gymlog/test/upgrade/session_1_render_test.dart: exercise-no-estimate-neonCyan-1.0x-synthetic
03:57 +1032: C:/Users/Atharva Patil/Documents/projects/gymlog/test/upgrade/session_1_render_test.dart: progress-neonCyan-1.0x-synthetic
03:57 +1033: C:/Users/Atharva Patil/Documents/projects/gymlog/test/upgrade/session_1_render_test.dart: progress-low-neonCyan-1.0x-synthetic
03:57 +1034: C:/Users/Atharva Patil/Documents/projects/gymlog/test/upgrade/session_1_render_test.dart: progress-empty-neonCyan-1.0x-synthetic
03:57 +1035: C:/Users/Atharva Patil/Documents/projects/gymlog/test/upgrade/session_1_render_test.dart: roles-neonCyan-1.0x-synthetic
03:57 +1036: C:/Users/Atharva Patil/Documents/projects/gymlog/test/upgrade/session_1_render_test.dart: header-weighted-neonCyan-1.6x-synthetic
03:57 +1037: C:/Users/Atharva Patil/Documents/projects/gymlog/test/upgrade/session_1_render_test.dart: header-reps-neonCyan-1.6x-synthetic
03:57 +1038: C:/Users/Atharva Patil/Documents/projects/gymlog/test/upgrade/session_1_render_test.dart: header-timed-neonCyan-1.6x-synthetic
03:57 +1039: C:/Users/Atharva Patil/Documents/projects/gymlog/test/upgrade/session_1_render_test.dart: header-distance-neonCyan-1.6x-synthetic
03:57 +1040: C:/Users/Atharva Patil/Documents/projects/gymlog/test/upgrade/session_1_render_test.dart: header-empty-neonCyan-1.6x-synthetic
03:58 +1041: C:/Users/Atharva Patil/Documents/projects/gymlog/test/upgrade/session_1_render_test.dart: finish-weighted-neonCyan-1.6x-synthetic
03:58 +1042: C:/Users/Atharva Patil/Documents/projects/gymlog/test/upgrade/session_1_render_test.dart: finish-reps-neonCyan-1.6x-synthetic
03:58 +1043: C:/Users/Atharva Patil/Documents/projects/gymlog/test/upgrade/session_1_render_test.dart: finish-timed-neonCyan-1.6x-synthetic
03:58 +1044: C:/Users/Atharva Patil/Documents/projects/gymlog/test/upgrade/session_1_render_test.dart: finish-distance-neonCyan-1.6x-synthetic
03:58 +1045: C:/Users/Atharva Patil/Documents/projects/gymlog/test/upgrade/session_1_render_test.dart: pr-neonCyan-1.6x-synthetic
03:58 +1046: C:/Users/Atharva Patil/Documents/projects/gymlog/test/upgrade/session_1_render_test.dart: share-monument-neonCyan-1.6x-synthetic
03:58 +1047: C:/Users/Atharva Patil/Documents/projects/gymlog/test/upgrade/session_1_render_test.dart: share-technical-neonCyan-1.6x-synthetic
03:58 +1048: C:/Users/Atharva Patil/Documents/projects/gymlog/test/upgrade/session_1_render_test.dart: share-sticker-neonCyan-1.6x-synthetic
03:58 +1049: C:/Users/Atharva Patil/Documents/projects/gymlog/test/upgrade/session_1_render_test.dart: share-duration-monument-neonCyan-1.6x-synthetic
03:58 +1050: C:/Users/Atharva Patil/Documents/projects/gymlog/test/upgrade/session_1_render_test.dart: share-duration-technical-neonCyan-1.6x-synthetic
03:58 +1051: C:/Users/Atharva Patil/Documents/projects/gymlog/test/upgrade/session_1_render_test.dart: share-duration-sticker-neonCyan-1.6x-synthetic
03:58 +1052: C:/Users/Atharva Patil/Documents/projects/gymlog/test/upgrade/session_1_render_test.dart: share-distance-monument-neonCyan-1.6x-synthetic
03:58 +1053: C:/Users/Atharva Patil/Documents/projects/gymlog/test/upgrade/session_1_render_test.dart: share-distance-technical-neonCyan-1.6x-synthetic
03:58 +1054: C:/Users/Atharva Patil/Documents/projects/gymlog/test/upgrade/session_1_render_test.dart: share-distance-sticker-neonCyan-1.6x-synthetic
03:58 +1055: C:/Users/Atharva Patil/Documents/projects/gymlog/test/upgrade/session_1_render_test.dart: detail-neonCyan-1.6x-synthetic
03:59 +1056: C:/Users/Atharva Patil/Documents/projects/gymlog/test/upgrade/session_1_render_test.dart: detail-error-neonCyan-1.6x-synthetic
03:59 +1057: C:/Users/Atharva Patil/Documents/projects/gymlog/test/upgrade/session_1_render_test.dart: detail-empty-neonCyan-1.6x-synthetic
03:59 +1058: C:/Users/Atharva Patil/Documents/projects/gymlog/test/upgrade/session_1_render_test.dart: exercise-neonCyan-1.6x-synthetic
03:59 +1059: C:/Users/Atharva Patil/Documents/projects/gymlog/test/upgrade/session_1_render_test.dart: exercise-no-estimate-neonCyan-1.6x-synthetic
03:59 +1060: C:/Users/Atharva Patil/Documents/projects/gymlog/test/upgrade/session_1_render_test.dart: progress-neonCyan-1.6x-synthetic
03:59 +1061: C:/Users/Atharva Patil/Documents/projects/gymlog/test/upgrade/session_1_render_test.dart: progress-low-neonCyan-1.6x-synthetic
03:59 +1062: C:/Users/Atharva Patil/Documents/projects/gymlog/test/upgrade/session_1_render_test.dart: progress-empty-neonCyan-1.6x-synthetic
03:59 +1063: C:/Users/Atharva Patil/Documents/projects/gymlog/test/upgrade/session_1_render_test.dart: roles-neonCyan-1.6x-synthetic
03:59 +1064: C:/Users/Atharva Patil/Documents/projects/gymlog/test/upgrade/session_1_render_test.dart: header-weighted-neonMagenta-1.0x-synthetic
03:59 +1065: C:/Users/Atharva Patil/Documents/projects/gymlog/test/upgrade/session_1_render_test.dart: header-reps-neonMagenta-1.0x-synthetic
03:59 +1066: C:/Users/Atharva Patil/Documents/projects/gymlog/test/upgrade/session_1_render_test.dart: header-timed-neonMagenta-1.0x-synthetic
03:59 +1067: C:/Users/Atharva Patil/Documents/projects/gymlog/test/upgrade/session_1_render_test.dart: header-distance-neonMagenta-1.0x-synthetic
03:59 +1068: C:/Users/Atharva Patil/Documents/projects/gymlog/test/upgrade/session_1_render_test.dart: header-empty-neonMagenta-1.0x-synthetic
03:59 +1069: C:/Users/Atharva Patil/Documents/projects/gymlog/test/upgrade/session_1_render_test.dart: finish-weighted-neonMagenta-1.0x-synthetic
03:59 +1070: C:/Users/Atharva Patil/Documents/projects/gymlog/test/upgrade/session_1_render_test.dart: finish-reps-neonMagenta-1.0x-synthetic
03:59 +1071: C:/Users/Atharva Patil/Documents/projects/gymlog/test/upgrade/session_1_render_test.dart: finish-timed-neonMagenta-1.0x-synthetic
03:59 +1072: C:/Users/Atharva Patil/Documents/projects/gymlog/test/upgrade/session_1_render_test.dart: finish-distance-neonMagenta-1.0x-synthetic
03:59 +1073: C:/Users/Atharva Patil/Documents/projects/gymlog/test/upgrade/session_1_render_test.dart: pr-neonMagenta-1.0x-synthetic
04:00 +1074: C:/Users/Atharva Patil/Documents/projects/gymlog/test/upgrade/session_1_render_test.dart: share-monument-neonMagenta-1.0x-synthetic
04:00 +1075: C:/Users/Atharva Patil/Documents/projects/gymlog/test/upgrade/session_1_render_test.dart: share-technical-neonMagenta-1.0x-synthetic
04:00 +1076: C:/Users/Atharva Patil/Documents/projects/gymlog/test/upgrade/session_1_render_test.dart: share-sticker-neonMagenta-1.0x-synthetic
04:00 +1077: C:/Users/Atharva Patil/Documents/projects/gymlog/test/upgrade/session_1_render_test.dart: share-duration-monument-neonMagenta-1.0x-synthetic
04:00 +1078: C:/Users/Atharva Patil/Documents/projects/gymlog/test/upgrade/session_1_render_test.dart: share-duration-technical-neonMagenta-1.0x-synthetic
04:00 +1079: C:/Users/Atharva Patil/Documents/projects/gymlog/test/upgrade/session_1_render_test.dart: share-duration-sticker-neonMagenta-1.0x-synthetic
04:00 +1080: C:/Users/Atharva Patil/Documents/projects/gymlog/test/upgrade/session_1_render_test.dart: share-distance-monument-neonMagenta-1.0x-synthetic
04:00 +1081: C:/Users/Atharva Patil/Documents/projects/gymlog/test/upgrade/session_1_render_test.dart: share-distance-technical-neonMagenta-1.0x-synthetic
04:00 +1082: C:/Users/Atharva Patil/Documents/projects/gymlog/test/upgrade/session_1_render_test.dart: share-distance-sticker-neonMagenta-1.0x-synthetic
04:00 +1083: C:/Users/Atharva Patil/Documents/projects/gymlog/test/upgrade/session_1_render_test.dart: detail-neonMagenta-1.0x-synthetic
04:00 +1084: C:/Users/Atharva Patil/Documents/projects/gymlog/test/upgrade/session_1_render_test.dart: detail-error-neonMagenta-1.0x-synthetic
04:00 +1085: C:/Users/Atharva Patil/Documents/projects/gymlog/test/upgrade/session_1_render_test.dart: detail-empty-neonMagenta-1.0x-synthetic
04:00 +1086: C:/Users/Atharva Patil/Documents/projects/gymlog/test/upgrade/session_1_render_test.dart: exercise-neonMagenta-1.0x-synthetic
04:00 +1087: C:/Users/Atharva Patil/Documents/projects/gymlog/test/upgrade/session_1_render_test.dart: exercise-no-estimate-neonMagenta-1.0x-synthetic
04:00 +1088: C:/Users/Atharva Patil/Documents/projects/gymlog/test/upgrade/session_1_render_test.dart: progress-neonMagenta-1.0x-synthetic
04:00 +1089: C:/Users/Atharva Patil/Documents/projects/gymlog/test/upgrade/session_1_render_test.dart: progress-low-neonMagenta-1.0x-synthetic
04:00 +1090: C:/Users/Atharva Patil/Documents/projects/gymlog/test/upgrade/session_1_render_test.dart: progress-empty-neonMagenta-1.0x-synthetic
04:00 +1091: C:/Users/Atharva Patil/Documents/projects/gymlog/test/upgrade/session_1_render_test.dart: roles-neonMagenta-1.0x-synthetic
04:01 +1092: C:/Users/Atharva Patil/Documents/projects/gymlog/test/upgrade/session_1_render_test.dart: header-weighted-neonMagenta-1.6x-synthetic
04:01 +1093: C:/Users/Atharva Patil/Documents/projects/gymlog/test/upgrade/session_1_render_test.dart: header-reps-neonMagenta-1.6x-synthetic
04:01 +1094: C:/Users/Atharva Patil/Documents/projects/gymlog/test/upgrade/session_1_render_test.dart: header-timed-neonMagenta-1.6x-synthetic
04:01 +1095: C:/Users/Atharva Patil/Documents/projects/gymlog/test/upgrade/session_1_render_test.dart: header-distance-neonMagenta-1.6x-synthetic
04:01 +1096: C:/Users/Atharva Patil/Documents/projects/gymlog/test/upgrade/session_1_render_test.dart: header-empty-neonMagenta-1.6x-synthetic
04:01 +1097: C:/Users/Atharva Patil/Documents/projects/gymlog/test/upgrade/session_1_render_test.dart: finish-weighted-neonMagenta-1.6x-synthetic
04:01 +1098: C:/Users/Atharva Patil/Documents/projects/gymlog/test/upgrade/session_1_render_test.dart: finish-reps-neonMagenta-1.6x-synthetic
04:01 +1099: C:/Users/Atharva Patil/Documents/projects/gymlog/test/upgrade/session_1_render_test.dart: finish-timed-neonMagenta-1.6x-synthetic
04:01 +1100: C:/Users/Atharva Patil/Documents/projects/gymlog/test/upgrade/session_1_render_test.dart: finish-distance-neonMagenta-1.6x-synthetic
04:01 +1101: C:/Users/Atharva Patil/Documents/projects/gymlog/test/upgrade/session_1_render_test.dart: pr-neonMagenta-1.6x-synthetic
04:01 +1102: C:/Users/Atharva Patil/Documents/projects/gymlog/test/upgrade/session_1_render_test.dart: share-monument-neonMagenta-1.6x-synthetic
04:01 +1103: C:/Users/Atharva Patil/Documents/projects/gymlog/test/upgrade/session_1_render_test.dart: share-technical-neonMagenta-1.6x-synthetic
04:01 +1104: C:/Users/Atharva Patil/Documents/projects/gymlog/test/upgrade/session_1_render_test.dart: share-sticker-neonMagenta-1.6x-synthetic
04:01 +1105: C:/Users/Atharva Patil/Documents/projects/gymlog/test/upgrade/session_1_render_test.dart: share-duration-monument-neonMagenta-1.6x-synthetic
04:01 +1106: C:/Users/Atharva Patil/Documents/projects/gymlog/test/upgrade/session_1_render_test.dart: share-duration-technical-neonMagenta-1.6x-synthetic
04:01 +1107: C:/Users/Atharva Patil/Documents/projects/gymlog/test/upgrade/session_1_render_test.dart: share-duration-sticker-neonMagenta-1.6x-synthetic
04:01 +1108: C:/Users/Atharva Patil/Documents/projects/gymlog/test/upgrade/session_1_render_test.dart: share-distance-monument-neonMagenta-1.6x-synthetic
04:01 +1109: C:/Users/Atharva Patil/Documents/projects/gymlog/test/upgrade/session_1_render_test.dart: share-distance-technical-neonMagenta-1.6x-synthetic
04:02 +1110: C:/Users/Atharva Patil/Documents/projects/gymlog/test/upgrade/session_1_render_test.dart: share-distance-sticker-neonMagenta-1.6x-synthetic
04:02 +1111: C:/Users/Atharva Patil/Documents/projects/gymlog/test/upgrade/session_1_render_test.dart: detail-neonMagenta-1.6x-synthetic
04:02 +1112: C:/Users/Atharva Patil/Documents/projects/gymlog/test/upgrade/session_1_render_test.dart: detail-error-neonMagenta-1.6x-synthetic
04:02 +1113: C:/Users/Atharva Patil/Documents/projects/gymlog/test/upgrade/session_1_render_test.dart: detail-empty-neonMagenta-1.6x-synthetic
04:02 +1114: C:/Users/Atharva Patil/Documents/projects/gymlog/test/upgrade/session_1_render_test.dart: exercise-neonMagenta-1.6x-synthetic
04:02 +1115: C:/Users/Atharva Patil/Documents/projects/gymlog/test/upgrade/session_1_render_test.dart: exercise-no-estimate-neonMagenta-1.6x-synthetic
04:02 +1116: C:/Users/Atharva Patil/Documents/projects/gymlog/test/upgrade/session_1_render_test.dart: progress-neonMagenta-1.6x-synthetic
04:02 +1117: C:/Users/Atharva Patil/Documents/projects/gymlog/test/upgrade/session_1_render_test.dart: progress-low-neonMagenta-1.6x-synthetic
04:02 +1118: C:/Users/Atharva Patil/Documents/projects/gymlog/test/upgrade/session_1_render_test.dart: progress-empty-neonMagenta-1.6x-synthetic
04:02 +1119: C:/Users/Atharva Patil/Documents/projects/gymlog/test/upgrade/session_1_render_test.dart: roles-neonMagenta-1.6x-synthetic
04:02 +1120: C:/Users/Atharva Patil/Documents/projects/gymlog/test/upgrade/session_1_render_test.dart: header-weighted-blazeOrange-1.0x-synthetic
04:02 +1121: C:/Users/Atharva Patil/Documents/projects/gymlog/test/upgrade/session_1_render_test.dart: header-reps-blazeOrange-1.0x-synthetic
04:02 +1122: C:/Users/Atharva Patil/Documents/projects/gymlog/test/upgrade/session_1_render_test.dart: header-timed-blazeOrange-1.0x-synthetic
04:02 +1123: C:/Users/Atharva Patil/Documents/projects/gymlog/test/upgrade/session_1_render_test.dart: header-distance-blazeOrange-1.0x-synthetic
04:02 +1124: C:/Users/Atharva Patil/Documents/projects/gymlog/test/upgrade/session_1_render_test.dart: header-empty-blazeOrange-1.0x-synthetic
04:02 +1125: C:/Users/Atharva Patil/Documents/projects/gymlog/test/upgrade/session_1_render_test.dart: finish-weighted-blazeOrange-1.0x-synthetic
04:02 +1126: C:/Users/Atharva Patil/Documents/projects/gymlog/test/upgrade/session_1_render_test.dart: finish-reps-blazeOrange-1.0x-synthetic
04:03 +1127: C:/Users/Atharva Patil/Documents/projects/gymlog/test/upgrade/session_1_render_test.dart: finish-timed-blazeOrange-1.0x-synthetic
04:03 +1128: C:/Users/Atharva Patil/Documents/projects/gymlog/test/upgrade/session_1_render_test.dart: finish-distance-blazeOrange-1.0x-synthetic
04:03 +1129: C:/Users/Atharva Patil/Documents/projects/gymlog/test/upgrade/session_1_render_test.dart: pr-blazeOrange-1.0x-synthetic
04:03 +1130: C:/Users/Atharva Patil/Documents/projects/gymlog/test/upgrade/session_1_render_test.dart: share-monument-blazeOrange-1.0x-synthetic
04:03 +1131: C:/Users/Atharva Patil/Documents/projects/gymlog/test/upgrade/session_1_render_test.dart: share-technical-blazeOrange-1.0x-synthetic
04:03 +1132: C:/Users/Atharva Patil/Documents/projects/gymlog/test/upgrade/session_1_render_test.dart: share-sticker-blazeOrange-1.0x-synthetic
04:03 +1133: C:/Users/Atharva Patil/Documents/projects/gymlog/test/upgrade/session_1_render_test.dart: share-duration-monument-blazeOrange-1.0x-synthetic
04:03 +1134: C:/Users/Atharva Patil/Documents/projects/gymlog/test/upgrade/session_1_render_test.dart: share-duration-technical-blazeOrange-1.0x-synthetic
04:03 +1135: C:/Users/Atharva Patil/Documents/projects/gymlog/test/upgrade/session_1_render_test.dart: share-duration-sticker-blazeOrange-1.0x-synthetic
04:03 +1136: C:/Users/Atharva Patil/Documents/projects/gymlog/test/upgrade/session_1_render_test.dart: share-distance-monument-blazeOrange-1.0x-synthetic
04:03 +1137: C:/Users/Atharva Patil/Documents/projects/gymlog/test/upgrade/session_1_render_test.dart: share-distance-technical-blazeOrange-1.0x-synthetic
04:03 +1138: C:/Users/Atharva Patil/Documents/projects/gymlog/test/upgrade/session_1_render_test.dart: share-distance-sticker-blazeOrange-1.0x-synthetic
04:03 +1139: C:/Users/Atharva Patil/Documents/projects/gymlog/test/upgrade/session_1_render_test.dart: detail-blazeOrange-1.0x-synthetic
04:03 +1140: C:/Users/Atharva Patil/Documents/projects/gymlog/test/upgrade/session_1_render_test.dart: detail-error-blazeOrange-1.0x-synthetic
04:03 +1141: C:/Users/Atharva Patil/Documents/projects/gymlog/test/upgrade/session_1_render_test.dart: detail-empty-blazeOrange-1.0x-synthetic
04:03 +1142: C:/Users/Atharva Patil/Documents/projects/gymlog/test/upgrade/session_1_render_test.dart: exercise-blazeOrange-1.0x-synthetic
04:03 +1143: C:/Users/Atharva Patil/Documents/projects/gymlog/test/upgrade/session_1_render_test.dart: exercise-no-estimate-blazeOrange-1.0x-synthetic
04:04 +1144: C:/Users/Atharva Patil/Documents/projects/gymlog/test/upgrade/session_1_render_test.dart: progress-blazeOrange-1.0x-synthetic
04:04 +1145: C:/Users/Atharva Patil/Documents/projects/gymlog/test/upgrade/session_1_render_test.dart: progress-low-blazeOrange-1.0x-synthetic
04:04 +1146: C:/Users/Atharva Patil/Documents/projects/gymlog/test/upgrade/session_1_render_test.dart: progress-empty-blazeOrange-1.0x-synthetic
04:04 +1147: C:/Users/Atharva Patil/Documents/projects/gymlog/test/upgrade/session_1_render_test.dart: roles-blazeOrange-1.0x-synthetic
04:04 +1148: C:/Users/Atharva Patil/Documents/projects/gymlog/test/upgrade/session_1_render_test.dart: header-weighted-blazeOrange-1.6x-synthetic
04:04 +1149: C:/Users/Atharva Patil/Documents/projects/gymlog/test/upgrade/session_1_render_test.dart: header-reps-blazeOrange-1.6x-synthetic
04:04 +1150: C:/Users/Atharva Patil/Documents/projects/gymlog/test/upgrade/session_1_render_test.dart: header-timed-blazeOrange-1.6x-synthetic
04:04 +1151: C:/Users/Atharva Patil/Documents/projects/gymlog/test/upgrade/session_1_render_test.dart: header-distance-blazeOrange-1.6x-synthetic
04:04 +1152: C:/Users/Atharva Patil/Documents/projects/gymlog/test/upgrade/session_1_render_test.dart: header-empty-blazeOrange-1.6x-synthetic
04:04 +1153: C:/Users/Atharva Patil/Documents/projects/gymlog/test/upgrade/session_1_render_test.dart: finish-weighted-blazeOrange-1.6x-synthetic
04:04 +1154: C:/Users/Atharva Patil/Documents/projects/gymlog/test/upgrade/session_1_render_test.dart: finish-reps-blazeOrange-1.6x-synthetic
04:04 +1155: C:/Users/Atharva Patil/Documents/projects/gymlog/test/upgrade/session_1_render_test.dart: finish-timed-blazeOrange-1.6x-synthetic
04:04 +1156: C:/Users/Atharva Patil/Documents/projects/gymlog/test/upgrade/session_1_render_test.dart: finish-distance-blazeOrange-1.6x-synthetic
04:04 +1157: C:/Users/Atharva Patil/Documents/projects/gymlog/test/upgrade/session_1_render_test.dart: pr-blazeOrange-1.6x-synthetic
04:04 +1158: C:/Users/Atharva Patil/Documents/projects/gymlog/test/upgrade/session_1_render_test.dart: share-monument-blazeOrange-1.6x-synthetic
04:04 +1159: C:/Users/Atharva Patil/Documents/projects/gymlog/test/upgrade/session_1_render_test.dart: share-technical-blazeOrange-1.6x-synthetic
04:04 +1160: C:/Users/Atharva Patil/Documents/projects/gymlog/test/upgrade/session_1_render_test.dart: share-sticker-blazeOrange-1.6x-synthetic
04:05 +1161: C:/Users/Atharva Patil/Documents/projects/gymlog/test/upgrade/session_1_render_test.dart: share-duration-monument-blazeOrange-1.6x-synthetic
04:05 +1162: C:/Users/Atharva Patil/Documents/projects/gymlog/test/upgrade/session_1_render_test.dart: share-duration-technical-blazeOrange-1.6x-synthetic
04:05 +1163: C:/Users/Atharva Patil/Documents/projects/gymlog/test/upgrade/session_1_render_test.dart: share-duration-sticker-blazeOrange-1.6x-synthetic
04:05 +1164: C:/Users/Atharva Patil/Documents/projects/gymlog/test/upgrade/session_1_render_test.dart: share-distance-monument-blazeOrange-1.6x-synthetic
04:05 +1165: C:/Users/Atharva Patil/Documents/projects/gymlog/test/upgrade/session_1_render_test.dart: share-distance-technical-blazeOrange-1.6x-synthetic
04:05 +1166: C:/Users/Atharva Patil/Documents/projects/gymlog/test/upgrade/session_1_render_test.dart: share-distance-sticker-blazeOrange-1.6x-synthetic
04:05 +1167: C:/Users/Atharva Patil/Documents/projects/gymlog/test/upgrade/session_1_render_test.dart: detail-blazeOrange-1.6x-synthetic
04:05 +1168: C:/Users/Atharva Patil/Documents/projects/gymlog/test/upgrade/session_1_render_test.dart: detail-error-blazeOrange-1.6x-synthetic
04:05 +1169: C:/Users/Atharva Patil/Documents/projects/gymlog/test/upgrade/session_1_render_test.dart: detail-empty-blazeOrange-1.6x-synthetic
04:05 +1170: C:/Users/Atharva Patil/Documents/projects/gymlog/test/upgrade/session_1_render_test.dart: exercise-blazeOrange-1.6x-synthetic
04:05 +1171: C:/Users/Atharva Patil/Documents/projects/gymlog/test/upgrade/session_1_render_test.dart: exercise-no-estimate-blazeOrange-1.6x-synthetic
04:05 +1172: C:/Users/Atharva Patil/Documents/projects/gymlog/test/upgrade/session_1_render_test.dart: progress-blazeOrange-1.6x-synthetic
04:05 +1173: C:/Users/Atharva Patil/Documents/projects/gymlog/test/upgrade/session_1_render_test.dart: progress-low-blazeOrange-1.6x-synthetic
04:05 +1174: C:/Users/Atharva Patil/Documents/projects/gymlog/test/upgrade/session_1_render_test.dart: progress-empty-blazeOrange-1.6x-synthetic
04:05 +1175: C:/Users/Atharva Patil/Documents/projects/gymlog/test/upgrade/session_1_render_test.dart: roles-blazeOrange-1.6x-synthetic
04:06 +1176: C:/Users/Atharva Patil/Documents/projects/gymlog/test/upgrade/session_1_render_test.dart: (tearDownAll)
04:06 +1176: All tests passed!

✅ verify passed - desired state is mechanically confirmed.
