00:00 +0: loading C:/Users/Atharva Patil/Documents/projects/gymlog/test/a11y_wrapper_single_node_test.dart
00:00 +0: C:/Users/Atharva Patil/Documents/projects/gymlog/test/a11y_wrapper_single_node_test.dart: ProLockPill publishes a single semantic node with its label
00:00 +1: C:/Users/Atharva Patil/Documents/projects/gymlog/test/accessibility_atomic_12_test.dart: ATOMIC-12 Accessibility & Screen-Reader Qualification SetRow renders single coherent semantic label with custom actions
00:00 +2: C:/Users/Atharva Patil/Documents/projects/gymlog/test/accessibility_atomic_12_test.dart: ATOMIC-12 Accessibility & Screen-Reader Qualification SetRow renders single coherent semantic label with custom actions
00:00 +3: C:/Users/Atharva Patil/Documents/projects/gymlog/test/accessibility_atomic_12_test.dart: ATOMIC-12 Accessibility & Screen-Reader Qualification SetRow renders single coherent semantic label with custom actions
00:01 +4: C:/Users/Atharva Patil/Documents/projects/gymlog/test/accessibility_atomic_12_test.dart: ATOMIC-12 Accessibility & Screen-Reader Qualification SetRow renders single coherent semantic label with custom actions
00:02 +5: C:/Users/Atharva Patil/Documents/projects/gymlog/test/accessibility_core_journey_test.dart: SetRow interactive elements meet 48dp touch target requirements
00:02 +6: C:/Users/Atharva Patil/Documents/projects/gymlog/test/accessibility_core_journey_test.dart: SetRow interactive elements meet 48dp touch target requirements
00:02 +7: C:/Users/Atharva Patil/Documents/projects/gymlog/test/accessibility_core_journey_test.dart: SetRow interactive elements meet 48dp touch target requirements
00:03 +8: C:/Users/Atharva Patil/Documents/projects/gymlog/test/accessibility_core_journey_test.dart: SetRow interactive elements meet 48dp touch target requirements
00:03 +9: C:/Users/Atharva Patil/Documents/projects/gymlog/test/accessibility_core_journey_test.dart: SetRow interactive elements meet 48dp touch target requirements
00:03 +10: C:/Users/Atharva Patil/Documents/projects/gymlog/test/accessibility_core_journey_test.dart: SetRow interactive elements meet 48dp touch target requirements
00:04 +11: C:/Users/Atharva Patil/Documents/projects/gymlog/test/accessibility_target_size_test.dart: _FilterChipButton in ExerciseSelectionScreen is at least 48dp tall
00:04 +11: C:/Users/Atharva Patil/Documents/projects/gymlog/test/accessibility_core_journey_test.dart: RestOverrideChip meets 48dp touch target requirements
WARNING (drift): It looks like you've created the database class AppDatabase multiple times. When these two databases use the same QueryExecutor, race conditions will occur and might corrupt the database. 
Try to follow the advice at https://drift.simonbinder.eu/faq/#using-the-database or, if you know what you're doing, set driftRuntimeOptions.dontWarnAboutMultipleDatabases = true
Here is the stacktrace from when the database was opened a second time:
#0      GeneratedDatabase._handleInstantiated (package:drift/src/runtime/api/db_base.dart:96:30)
#1      GeneratedDatabase._whenConstructed (package:drift/src/runtime/api/db_base.dart:73:12)
#2      new GeneratedDatabase (package:drift/src/runtime/api/db_base.dart:64:5)
#3      new _$AppDatabase (package:gymlog/core/database/database.g.dart:4170:36)
#4      new AppDatabase.forTesting (package:gymlog/core/database/database.dart)
#5      main.<anonymous closure> (file:///C:/Users/Atharva%20Patil/Documents/projects/gymlog/test/accessibility_core_journey_test.dart:41:22)
#6      Declarer._runSetUps.<anonymous closure> (package:test_api/src/backend/declarer.dart:439:61)
#7      Future.forEach.<anonymous closure> (dart:async/future.dart:674:26)
#8      Future.doWhile.<anonymous closure> (dart:async/future.dart:732:26)
#9      StackZoneSpecification._registerUnaryCallback.<anonymous closure>.<anonymous closure> (package:stack_trace/src/stack_zone_specification.dart:127:36)
#10     StackZoneSpecification._run (package:stack_trace/src/stack_zone_specification.dart:207:15)
#11     StackZoneSpecification._registerUnaryCallback.<anonymous closure> (package:stack_trace/src/stack_zone_specification.dart:127:24)
#12     _rootRunUnary (dart:async/zone_root.dart:48:47)
#13     _CustomZone.runUnary (dart:async/zone.dart:733:19)
#14     _CustomZone.runUnaryGuarded (dart:async/zone.dart:633:7)
#15     _CustomZone.bindUnaryCallbackGuarded.<anonymous closure> (dart:async/zone.dart:671:26)
#16     Future.doWhile (dart:async/future.dart:749:18)
#17     Future.forEach (dart:async/future.dart:672:12)
#18     Declarer._runSetUps (package:test_api/src/backend/declarer.dart:439:18)
#19     Declarer.test.<anonymous closure>.<anonymous closure> (package:test_api/src/backend/declarer.dart:252:21)
#20     _rootRun (dart:async/zone_root.dart:35:13)
#21     _CustomZone.run (dart:async/zone.dart:726:19)
#22     _runZoned (dart:async/zone_api.dart:166:6)
#23     runZoned (dart:async/zone_api.dart:92:10)
#24     Declarer.test.<anonymous closure> (package:test_api/src/backend/declarer.dart:250:17)
#25     Invoker._waitForOutstandingCallbacks.<anonymous closure> (package:test_api/src/backend/invoker.dart:318:17)
#26     _rootRun (dart:async/zone_root.dart:35:13)
#27     _CustomZone.run (dart:async/zone.dart:726:19)
#28     _runZoned (dart:async/zone_api.dart:166:6)
#29     runZoned (dart:async/zone_api.dart:92:10)
#30     Invoker._waitForOutstandingCallbacks (package:test_api/src/backend/invoker.dart:314:5)
#31     Invoker._onRun.<anonymous closure>.<anonymous closure>.<anonymous closure> (package:test_api/src/backend/invoker.dart:457:21)
<asynchronous suspension>
This warning will only appear on debug builds.
00:04 +12: C:/Users/Atharva Patil/Documents/projects/gymlog/test/accessibility_target_size_test.dart: _FilterChipButton in ExerciseSelectionScreen is at least 48dp tall
00:05 +12: C:/Users/Atharva Patil/Documents/projects/gymlog/test/accessibility_core_journey_test.dart: RestOverride sheet elements meet 48dp touch target requirements
WARNING (drift): It looks like you've created the database class AppDatabase multiple times. When these two databases use the same QueryExecutor, race conditions will occur and might corrupt the database. 
Try to follow the advice at https://drift.simonbinder.eu/faq/#using-the-database or, if you know what you're doing, set driftRuntimeOptions.dontWarnAboutMultipleDatabases = true
Here is the stacktrace from when the database was opened a second time:
#0      GeneratedDatabase._handleInstantiated (package:drift/src/runtime/api/db_base.dart:96:30)
#1      GeneratedDatabase._whenConstructed (package:drift/src/runtime/api/db_base.dart:73:12)
#2      new GeneratedDatabase (package:drift/src/runtime/api/db_base.dart:64:5)
#3      new _$AppDatabase (package:gymlog/core/database/database.g.dart:4170:36)
#4      new AppDatabase.forTesting (package:gymlog/core/database/database.dart)
#5      main.<anonymous closure> (file:///C:/Users/Atharva%20Patil/Documents/projects/gymlog/test/accessibility_core_journey_test.dart:41:22)
#6      Declarer._runSetUps.<anonymous closure> (package:test_api/src/backend/declarer.dart:439:61)
#7      Future.forEach.<anonymous closure> (dart:async/future.dart:674:26)
#8      Future.doWhile.<anonymous closure> (dart:async/future.dart:732:26)
#9      StackZoneSpecification._registerUnaryCallback.<anonymous closure>.<anonymous closure> (package:stack_trace/src/stack_zone_specification.dart:127:36)
#10     StackZoneSpecification._run (package:stack_trace/src/stack_zone_specification.dart:207:15)
#11     StackZoneSpecification._registerUnaryCallback.<anonymous closure> (package:stack_trace/src/stack_zone_specification.dart:127:24)
#12     _rootRunUnary (dart:async/zone_root.dart:48:47)
#13     _CustomZone.runUnary (dart:async/zone.dart:733:19)
#14     _CustomZone.runUnaryGuarded (dart:async/zone.dart:633:7)
#15     _CustomZone.bindUnaryCallbackGuarded.<anonymous closure> (dart:async/zone.dart:671:26)
#16     Future.doWhile (dart:async/future.dart:749:18)
#17     Future.forEach (dart:async/future.dart:672:12)
#18     Declarer._runSetUps (package:test_api/src/backend/declarer.dart:439:18)
#19     Declarer.test.<anonymous closure>.<anonymous closure> (package:test_api/src/backend/declarer.dart:252:21)
#20     _rootRun (dart:async/zone_root.dart:35:13)
#21     _CustomZone.run (dart:async/zone.dart:726:19)
#22     _runZoned (dart:async/zone_api.dart:166:6)
#23     runZoned (dart:async/zone_api.dart:92:10)
#24     Declarer.test.<anonymous closure> (package:test_api/src/backend/declarer.dart:250:17)
#25     Invoker._waitForOutstandingCallbacks.<anonymous closure> (package:test_api/src/backend/invoker.dart:318:17)
#26     _rootRun (dart:async/zone_root.dart:35:13)
#27     _CustomZone.run (dart:async/zone.dart:726:19)
#28     _runZoned (dart:async/zone_api.dart:166:6)
#29     runZoned (dart:async/zone_api.dart:92:10)
#30     Invoker._waitForOutstandingCallbacks (package:test_api/src/backend/invoker.dart:314:5)
#31     Invoker._onRun.<anonymous closure>.<anonymous closure>.<anonymous closure> (package:test_api/src/backend/invoker.dart:457:21)
<asynchronous suspension>
This warning will only appear on debug builds.
00:05 +13: C:/Users/Atharva Patil/Documents/projects/gymlog/test/accessibility_target_size_test.dart: _FilterChipButton in ExerciseSelectionScreen is at least 48dp tall
00:05 +14: C:/Users/Atharva Patil/Documents/projects/gymlog/test/accessibility_target_size_test.dart: _FilterChipButton in ExerciseSelectionScreen is at least 48dp tall
00:05 +15: C:/Users/Atharva Patil/Documents/projects/gymlog/test/accessibility_core_journey_test.dart: RestTimerBar action buttons meet 48dp height requirement
WARNING (drift): It looks like you've created the database class AppDatabase multiple times. When these two databases use the same QueryExecutor, race conditions will occur and might corrupt the database. 
Try to follow the advice at https://drift.simonbinder.eu/faq/#using-the-database or, if you know what you're doing, set driftRuntimeOptions.dontWarnAboutMultipleDatabases = true
Here is the stacktrace from when the database was opened a second time:
#0      GeneratedDatabase._handleInstantiated (package:drift/src/runtime/api/db_base.dart:96:30)
#1      GeneratedDatabase._whenConstructed (package:drift/src/runtime/api/db_base.dart:73:12)
#2      new GeneratedDatabase (package:drift/src/runtime/api/db_base.dart:64:5)
#3      new _$AppDatabase (package:gymlog/core/database/database.g.dart:4170:36)
#4      new AppDatabase.forTesting (package:gymlog/core/database/database.dart)
#5      main.<anonymous closure> (file:///C:/Users/Atharva%20Patil/Documents/projects/gymlog/test/accessibility_core_journey_test.dart:41:22)
#6      Declarer._runSetUps.<anonymous closure> (package:test_api/src/backend/declarer.dart:439:61)
#7      Future.forEach.<anonymous closure> (dart:async/future.dart:674:26)
#8      Future.doWhile.<anonymous closure> (dart:async/future.dart:732:26)
#9      StackZoneSpecification._registerUnaryCallback.<anonymous closure>.<anonymous closure> (package:stack_trace/src/stack_zone_specification.dart:127:36)
#10     StackZoneSpecification._run (package:stack_trace/src/stack_zone_specification.dart:207:15)
#11     StackZoneSpecification._registerUnaryCallback.<anonymous closure> (package:stack_trace/src/stack_zone_specification.dart:127:24)
#12     _rootRunUnary (dart:async/zone_root.dart:48:47)
#13     _CustomZone.runUnary (dart:async/zone.dart:733:19)
#14     _CustomZone.runUnaryGuarded (dart:async/zone.dart:633:7)
#15     _CustomZone.bindUnaryCallbackGuarded.<anonymous closure> (dart:async/zone.dart:671:26)
#16     Future.doWhile (dart:async/future.dart:749:18)
#17     Future.forEach (dart:async/future.dart:672:12)
#18     Declarer._runSetUps (package:test_api/src/backend/declarer.dart:439:18)
#19     Declarer.test.<anonymous closure>.<anonymous closure> (package:test_api/src/backend/declarer.dart:252:21)
#20     _rootRun (dart:async/zone_root.dart:35:13)
#21     _CustomZone.run (dart:async/zone.dart:726:19)
#22     _runZoned (dart:async/zone_api.dart:166:6)
#23     runZoned (dart:async/zone_api.dart:92:10)
#24     Declarer.test.<anonymous closure> (package:test_api/src/backend/declarer.dart:250:17)
#25     Invoker._waitForOutstandingCallbacks.<anonymous closure> (package:test_api/src/backend/invoker.dart:318:17)
#26     _rootRun (dart:async/zone_root.dart:35:13)
#27     _CustomZone.run (dart:async/zone.dart:726:19)
#28     _runZoned (dart:async/zone_api.dart:166:6)
#29     runZoned (dart:async/zone_api.dart:92:10)
#30     Invoker._waitForOutstandingCallbacks (package:test_api/src/backend/invoker.dart:314:5)
#31     Invoker._onRun.<anonymous closure>.<anonymous closure>.<anonymous closure> (package:test_api/src/backend/invoker.dart:457:21)
<asynchronous suspension>
This warning will only appear on debug builds.
00:05 +16: C:/Users/Atharva Patil/Documents/projects/gymlog/test/active_workout_atomic_03_test.dart: ATOMIC-03 Active Workout & Card Geometry Suite 2. CompactRestChip touch target minimum 48x48
00:05 +17: C:/Users/Atharva Patil/Documents/projects/gymlog/test/accessibility_target_size_test.dart: Legal links in AuthScreen flow inline and expose link semantics
00:05 +17: C:/Users/Atharva Patil/Documents/projects/gymlog/test/accessibility_core_journey_test.dart: ActiveWorkoutScreen renders correctly at 200% text scale without overflow
WARNING (drift): It looks like you've created the database class AppDatabase multiple times. When these two databases use the same QueryExecutor, race conditions will occur and might corrupt the database. 
Try to follow the advice at https://drift.simonbinder.eu/faq/#using-the-database or, if you know what you're doing, set driftRuntimeOptions.dontWarnAboutMultipleDatabases = true
Here is the stacktrace from when the database was opened a second time:
#0      GeneratedDatabase._handleInstantiated (package:drift/src/runtime/api/db_base.dart:96:30)
#1      GeneratedDatabase._whenConstructed (package:drift/src/runtime/api/db_base.dart:73:12)
#2      new GeneratedDatabase (package:drift/src/runtime/api/db_base.dart:64:5)
#3      new _$AppDatabase (package:gymlog/core/database/database.g.dart:4170:36)
#4      new AppDatabase.forTesting (package:gymlog/core/database/database.dart)
#5      main.<anonymous closure> (file:///C:/Users/Atharva%20Patil/Documents/projects/gymlog/test/accessibility_core_journey_test.dart:41:22)
#6      Declarer._runSetUps.<anonymous closure> (package:test_api/src/backend/declarer.dart:439:61)
#7      Future.forEach.<anonymous closure> (dart:async/future.dart:674:26)
#8      Future.doWhile.<anonymous closure> (dart:async/future.dart:732:26)
#9      StackZoneSpecification._registerUnaryCallback.<anonymous closure>.<anonymous closure> (package:stack_trace/src/stack_zone_specification.dart:127:36)
#10     StackZoneSpecification._run (package:stack_trace/src/stack_zone_specification.dart:207:15)
#11     StackZoneSpecification._registerUnaryCallback.<anonymous closure> (package:stack_trace/src/stack_zone_specification.dart:127:24)
#12     _rootRunUnary (dart:async/zone_root.dart:48:47)
#13     _CustomZone.runUnary (dart:async/zone.dart:733:19)
#14     _CustomZone.runUnaryGuarded (dart:async/zone.dart:633:7)
#15     _CustomZone.bindUnaryCallbackGuarded.<anonymous closure> (dart:async/zone.dart:671:26)
#16     Future.doWhile (dart:async/future.dart:749:18)
#17     Future.forEach (dart:async/future.dart:672:12)
#18     Declarer._runSetUps (package:test_api/src/backend/declarer.dart:439:18)
#19     Declarer.test.<anonymous closure>.<anonymous closure> (package:test_api/src/backend/declarer.dart:252:21)
#20     _rootRun (dart:async/zone_root.dart:35:13)
#21     _CustomZone.run (dart:async/zone.dart:726:19)
#22     _runZoned (dart:async/zone_api.dart:166:6)
#23     runZoned (dart:async/zone_api.dart:92:10)
#24     Declarer.test.<anonymous closure> (package:test_api/src/backend/declarer.dart:250:17)
#25     Invoker._waitForOutstandingCallbacks.<anonymous closure> (package:test_api/src/backend/invoker.dart:318:17)
#26     _rootRun (dart:async/zone_root.dart:35:13)
#27     _CustomZone.run (dart:async/zone.dart:726:19)
#28     _runZoned (dart:async/zone_api.dart:166:6)
#29     runZoned (dart:async/zone_api.dart:92:10)
#30     Invoker._waitForOutstandingCallbacks (package:test_api/src/backend/invoker.dart:314:5)
#31     Invoker._onRun.<anonymous closure>.<anonymous closure>.<anonymous closure> (package:test_api/src/backend/invoker.dart:457:21)
<asynchronous suspension>
This warning will only appear on debug builds.
00:05 +18: C:/Users/Atharva Patil/Documents/projects/gymlog/test/accessibility_target_size_test.dart: Legal links in AuthScreen flow inline and expose link semantics
00:05 +19: C:/Users/Atharva Patil/Documents/projects/gymlog/test/accessibility_target_size_test.dart: Legal links in AuthScreen flow inline and expose link semantics
00:05 +20: C:/Users/Atharva Patil/Documents/projects/gymlog/test/active_workout_atomic_03_test.dart: ATOMIC-03 Active Workout & Card Geometry Suite 4. Reps-only column behavior hides weight column
00:05 +21: C:/Users/Atharva Patil/Documents/projects/gymlog/test/active_workout_atomic_04_test.dart: ATOMIC-04 Reversible Deletion & Replacement Policy Suite 1. deletion returns complete snapshot
00:05 +22: C:/Users/Atharva Patil/Documents/projects/gymlog/test/active_workout_atomic_03_test.dart: ATOMIC-03 Active Workout & Card Geometry Suite 5. showAppSnackBar renders floating snackbar with radius 14
00:05 +23: C:/Users/Atharva Patil/Documents/projects/gymlog/test/active_workout_atomic_03_test.dart: ATOMIC-03 Active Workout & Card Geometry Suite 5. showAppSnackBar renders floating snackbar with radius 14
00:06 +24: C:/Users/Atharva Patil/Documents/projects/gymlog/test/active_workout_atomic_03_test.dart: ATOMIC-03 Active Workout & Card Geometry Suite 5. showAppSnackBar renders floating snackbar with radius 14
00:06 +25: C:/Users/Atharva Patil/Documents/projects/gymlog/test/active_workout_atomic_03_test.dart: ATOMIC-03 Active Workout & Card Geometry Suite 5. showAppSnackBar renders floating snackbar with radius 14
00:06 +26: C:/Users/Atharva Patil/Documents/projects/gymlog/test/active_workout_atomic_03_test.dart: ATOMIC-03 Active Workout & Card Geometry Suite 5. showAppSnackBar renders floating snackbar with radius 14
00:06 +27: C:/Users/Atharva Patil/Documents/projects/gymlog/test/active_workout_atomic_03_test.dart: ATOMIC-03 Active Workout & Card Geometry Suite 5. showAppSnackBar renders floating snackbar with radius 14
00:06 +28: C:/Users/Atharva Patil/Documents/projects/gymlog/test/active_workout_atomic_03_test.dart: ATOMIC-03 Active Workout & Card Geometry Suite 5. showAppSnackBar renders floating snackbar with radius 14
00:06 +29: C:/Users/Atharva Patil/Documents/projects/gymlog/test/active_workout_atomic_03_test.dart: ATOMIC-03 Active Workout & Card Geometry Suite 5. showAppSnackBar renders floating snackbar with radius 14
00:06 +30: C:/Users/Atharva Patil/Documents/projects/gymlog/test/active_workout_atomic_04_test.dart: ATOMIC-04 Reversible Deletion & Replacement Policy Suite 8. compatible replacement preserves values
00:06 +31: C:/Users/Atharva Patil/Documents/projects/gymlog/test/active_workout_atomic_03_test.dart: ATOMIC-03 Active Workout & Card Geometry Suite 6. showAppSnackBar clears rest timer bar offset when active
00:06 +32: C:/Users/Atharva Patil/Documents/projects/gymlog/test/active_workout_atomic_03_test.dart: ATOMIC-03 Active Workout & Card Geometry Suite 6. showAppSnackBar clears rest timer bar offset when active
00:07 +33: C:/Users/Atharva Patil/Documents/projects/gymlog/test/active_workout_draft_upgrade_test.dart: ATOMIC-RC3-05 Workout Draft and Routine Upgrades 1. WorkoutDraftStore upgrades legacy exercises via name inference on parse
00:07 +34: C:/Users/Atharva Patil/Documents/projects/gymlog/test/active_workout_draft_upgrade_test.dart: ATOMIC-RC3-05 Workout Draft and Routine Upgrades 2. ActiveWorkoutNotifier resumeDraft upgrades draft against database metadata
00:07 +35: C:/Users/Atharva Patil/Documents/projects/gymlog/test/active_workout_header_test.dart: ActiveWorkoutHeader normal layout renders elapsed time once at 1.0x
00:08 +36: C:/Users/Atharva Patil/Documents/projects/gymlog/test/active_workout_header_test.dart: ActiveWorkoutHeader normal layout renders elapsed time once at 1.0x
00:08 +37: C:/Users/Atharva Patil/Documents/projects/gymlog/test/active_workout_header_test.dart: ActiveWorkoutHeader normal layout renders elapsed time once at 1.0x
00:08 +38: C:/Users/Atharva Patil/Documents/projects/gymlog/test/active_workout_header_test.dart: ActiveWorkoutHeader normal layout renders elapsed time once at 1.0x
00:08 +39: C:/Users/Atharva Patil/Documents/projects/gymlog/test/active_workout_header_test.dart: ActiveWorkoutHeader normal layout renders elapsed time once at 1.0x
00:08 +40: C:/Users/Atharva Patil/Documents/projects/gymlog/test/active_workout_header_test.dart: ActiveWorkoutHeader normal layout renders elapsed time once at 1.0x
══╡ EXCEPTION CAUGHT BY FLUTTER TEST FRAMEWORK ╞════════════════════════════════════════════════════
The following TestFailure was thrown running a test:
Expected: exactly one matching candidate
  Actual: _TextContainingWidgetFinder:<Found 0 widgets with text containing 1,250 kg · 8 sets: []>
   Which: means none were found but one was expected

When the exception was thrown, this was the stack:
#4      main.<anonymous closure>.<anonymous closure> (file:///C:/Users/Atharva%20Patil/Documents/projects/gymlog/test/active_workout_header_test.dart:64:7)
<asynchronous suspension>
#5      testWidgets.<anonymous closure>.<anonymous closure> (package:flutter_test/src/widget_tester.dart:192:15)
<asynchronous suspension>
#6      TestWidgetsFlutterBinding._runTestBody (package:flutter_test/src/binding.dart:1952:5)
<asynchronous suspension>
<asynchronous suspension>
(elided one frame from package:stack_trace)

This was caught by the test expectation on the following line:
  file:///C:/Users/Atharva%20Patil/Documents/projects/gymlog/test/active_workout_header_test.dart line 64
The test description was:
  renders elapsed time once at 1.0x
════════════════════════════════════════════════════════════════════════════════════════════════════
00:08 +40 -1: C:/Users/Atharva Patil/Documents/projects/gymlog/test/active_workout_large_text_test.dart: ActiveWorkout large-text header pumps at 390x844 1.0x
00:08 +40 -1: C:/Users/Atharva Patil/Documents/projects/gymlog/test/active_workout_header_test.dart: ActiveWorkoutHeader normal layout renders elapsed time once at 1.0x [E]
  Test failed. See exception logs above.
  The test description was: renders elapsed time once at 1.0x
  
00:09 +40 -1: C:/Users/Atharva Patil/Documents/projects/gymlog/test/active_workout_header_test.dart: ActiveWorkoutHeader normal layout renders elapsed time once at 1.6x
══╡ EXCEPTION CAUGHT BY FLUTTER TEST FRAMEWORK ╞════════════════════════════════════════════════════
The following TestFailure was thrown running a test:
Expected: exactly one matching candidate
  Actual: _TextContainingWidgetFinder:<Found 0 widgets with text containing 1,250 kg · 8 sets: []>
   Which: means none were found but one was expected

When the exception was thrown, this was the stack:
#4      main.<anonymous closure>.<anonymous closure> (file:///C:/Users/Atharva%20Patil/Documents/projects/gymlog/test/active_workout_header_test.dart:72:7)
<asynchronous suspension>
#5      testWidgets.<anonymous closure>.<anonymous closure> (package:flutter_test/src/widget_tester.dart:192:15)
<asynchronous suspension>
#6      TestWidgetsFlutterBinding._runTestBody (package:flutter_test/src/binding.dart:1952:5)
<asynchronous suspension>
<asynchronous suspension>
(elided one frame from package:stack_trace)

This was caught by the test expectation on the following line:
  file:///C:/Users/Atharva%20Patil/Documents/projects/gymlog/test/active_workout_header_test.dart line 72
The test description was:
  renders elapsed time once at 1.6x
════════════════════════════════════════════════════════════════════════════════════════════════════
00:09 +40 -2: C:/Users/Atharva Patil/Documents/projects/gymlog/test/active_workout_large_text_test.dart: ActiveWorkout large-text header pumps at 390x844 1.0x
00:09 +40 -2: C:/Users/Atharva Patil/Documents/projects/gymlog/test/active_workout_header_test.dart: ActiveWorkoutHeader normal layout renders elapsed time once at 1.6x [E]
  Test failed. See exception logs above.
  The test description was: renders elapsed time once at 1.6x
  
00:09 +40 -2: C:/Users/Atharva Patil/Documents/projects/gymlog/test/active_workout_header_test.dart: ActiveWorkoutHeader normal layout renders at 2.0x without overflow
══╡ EXCEPTION CAUGHT BY FLUTTER TEST FRAMEWORK ╞════════════════════════════════════════════════════
The following TestFailure was thrown running a test:
Expected: exactly one matching candidate
  Actual: _TextContainingWidgetFinder:<Found 0 widgets with text containing 1,250 kg · 8 sets: []>
   Which: means none were found but one was expected

When the exception was thrown, this was the stack:
#4      main.<anonymous closure>.<anonymous closure> (file:///C:/Users/Atharva%20Patil/Documents/projects/gymlog/test/active_workout_header_test.dart:80:7)
<asynchronous suspension>
#5      testWidgets.<anonymous closure>.<anonymous closure> (package:flutter_test/src/widget_tester.dart:192:15)
<asynchronous suspension>
#6      TestWidgetsFlutterBinding._runTestBody (package:flutter_test/src/binding.dart:1952:5)
<asynchronous suspension>
<asynchronous suspension>
(elided one frame from package:stack_trace)

This was caught by the test expectation on the following line:
  file:///C:/Users/Atharva%20Patil/Documents/projects/gymlog/test/active_workout_header_test.dart line 80
The test description was:
  renders at 2.0x without overflow
════════════════════════════════════════════════════════════════════════════════════════════════════
00:09 +40 -3: C:/Users/Atharva Patil/Documents/projects/gymlog/test/active_workout_large_text_test.dart: ActiveWorkout large-text header pumps at 390x844 1.0x
00:09 +40 -3: C:/Users/Atharva Patil/Documents/projects/gymlog/test/active_workout_header_test.dart: ActiveWorkoutHeader normal layout renders at 2.0x without overflow [E]
  Test failed. See exception logs above.
  The test description was: renders at 2.0x without overflow
  
00:09 +41 -3: C:/Users/Atharva Patil/Documents/projects/gymlog/test/active_workout_large_text_test.dart: ActiveWorkout large-text header pumps at 390x844 1.0x
00:09 +41 -3: C:/Users/Atharva Patil/Documents/projects/gymlog/test/active_workout_header_test.dart: ActiveWorkoutHeader normal layout compact triggers reflow at 320px showing workout name
══╡ EXCEPTION CAUGHT BY FLUTTER TEST FRAMEWORK ╞════════════════════════════════════════════════════
The following TestFailure was thrown running a test:
Expected: exactly one matching candidate
  Actual: _TextContainingWidgetFinder:<Found 0 widgets with text containing 1,250 kg · 8 sets: []>
   Which: means none were found but one was expected

When the exception was thrown, this was the stack:
#4      main.<anonymous closure>.<anonymous closure> (file:///C:/Users/Atharva%20Patil/Documents/projects/gymlog/test/active_workout_header_test.dart:104:7)
<asynchronous suspension>
#5      testWidgets.<anonymous closure>.<anonymous closure> (package:flutter_test/src/widget_tester.dart:192:15)
<asynchronous suspension>
#6      TestWidgetsFlutterBinding._runTestBody (package:flutter_test/src/binding.dart:1952:5)
<asynchronous suspension>
<asynchronous suspension>
(elided one frame from package:stack_trace)

This was caught by the test expectation on the following line:
  file:///C:/Users/Atharva%20Patil/Documents/projects/gymlog/test/active_workout_header_test.dart line 104
The test description was:
  compact triggers reflow at 320px showing workout name
════════════════════════════════════════════════════════════════════════════════════════════════════
00:09 +41 -4: C:/Users/Atharva Patil/Documents/projects/gymlog/test/active_workout_large_text_test.dart: ActiveWorkout large-text header pumps at 390x844 1.0x
00:09 +41 -4: C:/Users/Atharva Patil/Documents/projects/gymlog/test/active_workout_header_test.dart: ActiveWorkoutHeader normal layout compact triggers reflow at 320px showing workout name [E]
  Test failed. See exception logs above.
  The test description was: compact triggers reflow at 320px showing workout name
  
00:09 +42 -4: C:/Users/Atharva Patil/Documents/projects/gymlog/test/active_workout_large_text_test.dart: ActiveWorkout large-text header pumps at 390x844 1.0x
00:09 +42 -4: C:/Users/Atharva Patil/Documents/projects/gymlog/test/active_workout_header_test.dart: ActiveWorkoutHeader normal layout renders large volume and sets
══╡ EXCEPTION CAUGHT BY FLUTTER TEST FRAMEWORK ╞════════════════════════════════════════════════════
The following TestFailure was thrown running a test:
Expected: exactly one matching candidate
  Actual: _TextContainingWidgetFinder:<Found 0 widgets with text containing 99,999 kg · 999 sets:
[]>
   Which: means none were found but one was expected

When the exception was thrown, this was the stack:
#4      main.<anonymous closure>.<anonymous closure> (file:///C:/Users/Atharva%20Patil/Documents/projects/gymlog/test/active_workout_header_test.dart:120:7)
<asynchronous suspension>
#5      testWidgets.<anonymous closure>.<anonymous closure> (package:flutter_test/src/widget_tester.dart:192:15)
<asynchronous suspension>
#6      TestWidgetsFlutterBinding._runTestBody (package:flutter_test/src/binding.dart:1952:5)
<asynchronous suspension>
<asynchronous suspension>
(elided one frame from package:stack_trace)

This was caught by the test expectation on the following line:
  file:///C:/Users/Atharva%20Patil/Documents/projects/gymlog/test/active_workout_header_test.dart line 120
The test description was:
  renders large volume and sets
════════════════════════════════════════════════════════════════════════════════════════════════════
00:09 +42 -5: C:/Users/Atharva Patil/Documents/projects/gymlog/test/active_workout_large_text_test.dart: ActiveWorkout large-text header pumps at 390x844 1.0x
00:09 +42 -5: C:/Users/Atharva Patil/Documents/projects/gymlog/test/active_workout_header_test.dart: ActiveWorkoutHeader normal layout renders large volume and sets [E]
  Test failed. See exception logs above.
  The test description was: renders large volume and sets
  
00:09 +43 -5: C:/Users/Atharva Patil/Documents/projects/gymlog/test/active_workout_large_text_test.dart: ActiveWorkout large-text header pumps at 390x844 1.0x
00:09 +44 -5: C:/Users/Atharva Patil/Documents/projects/gymlog/test/active_workout_large_text_test.dart: ActiveWorkout large-text header pumps at 390x844 1.0x
00:09 +45 -5: C:/Users/Atharva Patil/Documents/projects/gymlog/test/active_workout_large_text_test.dart: ActiveWorkout large-text header pumps at 390x844 1.0x
00:10 +46 -5: C:/Users/Atharva Patil/Documents/projects/gymlog/test/active_workout_large_text_test.dart: ActiveWorkout large-text header pumps at 390x844 1.0x
00:10 +47 -5: C:/Users/Atharva Patil/Documents/projects/gymlog/test/active_workout_large_text_test.dart: ActiveWorkout large-text header pumps at 390x844 1.0x
00:10 +48 -5: C:/Users/Atharva Patil/Documents/projects/gymlog/test/active_workout_minimize_test.dart: ActiveWorkoutScreen minimize handle has tap gesture, semantics and pops router
00:10 +49 -5: C:/Users/Atharva Patil/Documents/projects/gymlog/test/active_workout_minimize_test.dart: ActiveWorkoutScreen minimize handle has tap gesture, semantics and pops router
00:10 +50 -5: C:/Users/Atharva Patil/Documents/projects/gymlog/test/active_workout_minimize_test.dart: ActiveWorkoutScreen minimize handle has tap gesture, semantics and pops router
00:10 +51 -5: C:/Users/Atharva Patil/Documents/projects/gymlog/test/active_workout_minimize_test.dart: ActiveWorkoutScreen minimize handle has tap gesture, semantics and pops router
00:10 +52 -5: C:/Users/Atharva Patil/Documents/projects/gymlog/test/active_workout_minimize_test.dart: ActiveWorkoutScreen minimize handle has tap gesture, semantics and pops router
00:10 +53 -5: C:/Users/Atharva Patil/Documents/projects/gymlog/test/active_workout_minimize_test.dart: ActiveWorkoutScreen minimize handle has tap gesture, semantics and pops router
00:10 +54 -5: C:/Users/Atharva Patil/Documents/projects/gymlog/test/active_workout_minimize_test.dart: ActiveWorkoutScreen minimize handle has tap gesture, semantics and pops router
00:11 +54 -5: C:/Users/Atharva Patil/Documents/projects/gymlog/test/active_workout_persistence_fail_closed_test.dart: ATOMIC-RC3-01 Persistence Fail Closed Suite 1. Transaction failure retains state and draft
[finishWorkout] transaction failed: Exception: Simulated database write error
00:11 +55 -5: C:/Users/Atharva Patil/Documents/projects/gymlog/test/active_workout_minimize_test.dart: ActiveWorkoutScreen minimize handle has tap gesture, semantics and pops router
00:11 +56 -5: C:/Users/Atharva Patil/Documents/projects/gymlog/test/active_workout_minimize_test.dart: ActiveWorkoutScreen minimize handle has tap gesture, semantics and pops router
00:11 +56 -5: C:/Users/Atharva Patil/Documents/projects/gymlog/test/active_workout_persistence_fail_closed_test.dart: ATOMIC-RC3-01 Persistence Fail Closed Suite 3. Edited-workout failure retains state
[saveEditedWorkout] transaction failed: Exception: Simulated database edit error
00:11 +57 -5: C:/Users/Atharva Patil/Documents/projects/gymlog/test/active_workout_minimize_test.dart: ActiveWorkoutScreen minimize handle has tap gesture, semantics and pops router
00:12 +58 -5: C:/Users/Atharva Patil/Documents/projects/gymlog/test/active_workout_set_invariants_test.dart: ATOMIC-RC3-02 Set State Invariants Suite 1. Clearing weight sets it to null, clearing reps sets it to 0
00:12 +59 -5: C:/Users/Atharva Patil/Documents/projects/gymlog/test/active_workout_set_invariants_test.dart: ATOMIC-RC3-02 Set State Invariants Suite 2. Direct notifier cannot complete invalid set
00:12 +60 -5: C:/Users/Atharva Patil/Documents/projects/gymlog/test/active_workout_set_invariants_test.dart: ATOMIC-RC3-02 Set State Invariants Suite 3. Untouched weighted placeholder is not meaningful
00:12 +61 -5: C:/Users/Atharva Patil/Documents/projects/gymlog/test/active_workout_set_invariants_test.dart: ATOMIC-RC3-02 Set State Invariants Suite 4. Reps-only / duration sets normalize weight to null, distance normalizes reps to 0
00:12 +62 -5: C:/Users/Atharva Patil/Documents/projects/gymlog/test/active_workout_set_row_test.dart: PREVIOUS column shows "15kg x 12" when prior data exists
00:13 +62 -5: C:/Users/Atharva Patil/Documents/projects/gymlog/test/active_workout_start_test.dart: startWorkout backfills unique ids for exercises passed without one
[WorkoutDraftStore] save failed: Binding has not yet been initialized.
The "instance" getter on the ServicesBinding binding mixin is only available once that binding has been initialized.
Typically, this is done by calling "WidgetsFlutterBinding.ensureInitialized()" or "runApp()" (the latter calls the former). Typically this call is done in the "void main()" method. The "ensureInitialized" method is idempotent; calling it multiple times is not harmful. After calling that method, the "instance" getter will return the binding.
In a test, one can call "TestWidgetsFlutterBinding.ensureInitialized()" as the first line in the test's "main()" method to initialize the binding.
If ServicesBinding is a custom binding mixin, there must also be a custom binding class, like WidgetsFlutterBinding, but that mixes in the selected binding, and that is the class that must be constructed before using the "instance" getter.
00:13 +63 -5: C:/Users/Atharva Patil/Documents/projects/gymlog/test/active_workout_set_row_test.dart: PREVIOUS column shows "15kg x 12" when prior data exists
00:13 +63 -5: C:/Users/Atharva Patil/Documents/projects/gymlog/test/active_workout_start_test.dart: startWorkout preserves ids that callers already set
[WorkoutDraftStore] save failed: Binding has not yet been initialized.
The "instance" getter on the ServicesBinding binding mixin is only available once that binding has been initialized.
Typically, this is done by calling "WidgetsFlutterBinding.ensureInitialized()" or "runApp()" (the latter calls the former). Typically this call is done in the "void main()" method. The "ensureInitialized" method is idempotent; calling it multiple times is not harmful. After calling that method, the "instance" getter will return the binding.
In a test, one can call "TestWidgetsFlutterBinding.ensureInitialized()" as the first line in the test's "main()" method to initialize the binding.
If ServicesBinding is a custom binding mixin, there must also be a custom binding class, like WidgetsFlutterBinding, but that mixes in the selected binding, and that is the class that must be constructed before using the "instance" getter.
00:13 +64 -5: C:/Users/Atharva Patil/Documents/projects/gymlog/test/active_workout_set_row_test.dart: PREVIOUS column shows "15kg x 12" when prior data exists
00:14 +64 -6: C:/Users/Atharva Patil/Documents/projects/gymlog/test/active_workout_set_row_test.dart: PREVIOUS column shows "15kg x 12" when prior data exists
00:14 +64 -6: C:/Users/Atharva Patil/Documents/projects/gymlog/test/analytics/metric_aware_pr_test.dart: ATOMIC-07: PersonalRecord Model & Formatters PersonalRecord backwards compatibility getters [E]
  Expected: <100.0>
    Actual: <0.0>
  
  package:matcher                                     expect
  package:flutter_test/src/widget_tester.dart 473:18  expect
  test\analytics\metric_aware_pr_test.dart 34:7       main.<fn>.<fn>
  
00:14 +65 -6: C:/Users/Atharva Patil/Documents/projects/gymlog/test/active_workout_set_row_test.dart: PREVIOUS column shows "15kg x 12" when prior data exists
00:14 +66 -6: C:/Users/Atharva Patil/Documents/projects/gymlog/test/analytics/metric_aware_pr_test.dart: ATOMIC-07: PersonalRecord Model & Formatters Null weight never renders 0 kg for reps-only
00:14 +67 -6: C:/Users/Atharva Patil/Documents/projects/gymlog/test/active_workout_set_row_test.dart: PREVIOUS shows blank when there is no prior data
00:14 +68 -6: C:/Users/Atharva Patil/Documents/projects/gymlog/test/analytics/metric_aware_pr_test.dart: ATOMIC-07: PR Detection Engine Detects weighted e1RM PRs and Max Weight PRs
00:14 +69 -6: C:/Users/Atharva Patil/Documents/projects/gymlog/test/analytics/metric_aware_pr_test.dart: ATOMIC-07: PR Detection Engine Detects weighted e1RM PRs and Max Weight PRs
00:14 +70 -6: C:/Users/Atharva Patil/Documents/projects/gymlog/test/active_workout_set_row_test.dart: normal set shows its 1-based number in the SET column
00:14 +71 -6: C:/Users/Atharva Patil/Documents/projects/gymlog/test/active_workout_set_row_test.dart: normal set shows its 1-based number in the SET column
00:14 +72 -6: C:/Users/Atharva Patil/Documents/projects/gymlog/test/analytics/metric_aware_pr_test.dart: ATOMIC-07: PR Detection Engine Detects Duration PRs correctly
00:14 +73 -6: C:/Users/Atharva Patil/Documents/projects/gymlog/test/active_workout_set_row_test.dart: no inline "kg" label and no "×" divider on the row
00:14 +74 -6: C:/Users/Atharva Patil/Documents/projects/gymlog/test/active_workout_set_row_test.dart: no inline "kg" label and no "×" divider on the row
00:14 +75 -6: C:/Users/Atharva Patil/Documents/projects/gymlog/test/analytics/metric_aware_pr_test.dart: ATOMIC-07: PR Detection Engine recalculateAllPrs is idempotent and preserves chronological history
00:14 +76 -6: C:/Users/Atharva Patil/Documents/projects/gymlog/test/analytics/metric_aware_pr_test.dart: ATOMIC-07: PR Detection Engine Editing or deleting a PR recalculates later history
00:15 +77 -6: C:/Users/Atharva Patil/Documents/projects/gymlog/test/auth/account_isolation_test.dart: (setUpAll)
00:15 +77 -6: C:/Users/Atharva Patil/Documents/projects/gymlog/test/auth/account_isolation_test.dart: account A workouts hidden from account B
00:15 +78 -6: C:/Users/Atharva Patil/Documents/projects/gymlog/test/auth/account_isolation_test.dart: account A drafts hidden from B
[WorkoutDraftStore] Ignoring draft from different user (user-a vs user-b)
00:15 +79 -6: C:/Users/Atharva Patil/Documents/projects/gymlog/test/auth/account_isolation_test.dart: account A sync queue not uploaded as B
00:15 +80 -6: C:/Users/Atharva Patil/Documents/projects/gymlog/test/auth/account_isolation_test.dart: custom exercises isolation policy
00:15 +81 -6: C:/Users/Atharva Patil/Documents/projects/gymlog/test/auth/account_isolation_test.dart: pending sync warning and offline sign-out / restart flow
00:15 +82 -6: C:/Users/Atharva Patil/Documents/projects/gymlog/test/auth/account_isolation_test.dart: (tearDownAll)
00:16 +82 -6: C:/Users/Atharva Patil/Documents/projects/gymlog/test/auth/auth_screen_behavior_test.dart: AuthScreen Behavior Tests (AUTH-01 to AUTH-20) AUTH-01: Initial screen contains one primary CTA
00:16 +83 -6: C:/Users/Atharva Patil/Documents/projects/gymlog/test/auth/auth_screen_behavior_test.dart: AuthScreen Behavior Tests (AUTH-01 to AUTH-20) AUTH-01: Initial screen contains one primary CTA
00:16 +84 -6: C:/Users/Atharva Patil/Documents/projects/gymlog/test/auth/auth_screen_behavior_test.dart: AuthScreen Behavior Tests (AUTH-01 to AUTH-20) AUTH-01: Initial screen contains one primary CTA
00:16 +85 -6: C:/Users/Atharva Patil/Documents/projects/gymlog/test/auth/auth_screen_behavior_test.dart: AuthScreen Behavior Tests (AUTH-01 to AUTH-20) AUTH-01: Initial screen contains one primary CTA
00:16 +86 -6: C:/Users/Atharva Patil/Documents/projects/gymlog/test/auth/auth_screen_behavior_test.dart: AuthScreen Behavior Tests (AUTH-01 to AUTH-20) AUTH-01: Initial screen contains one primary CTA
00:16 +87 -6: C:/Users/Atharva Patil/Documents/projects/gymlog/test/auth/auth_screen_behavior_test.dart: AuthScreen Behavior Tests (AUTH-01 to AUTH-20) AUTH-01: Initial screen contains one primary CTA
00:16 +88 -6: C:/Users/Atharva Patil/Documents/projects/gymlog/test/auth/auth_screen_behavior_test.dart: AuthScreen Behavior Tests (AUTH-01 to AUTH-20) AUTH-01: Initial screen contains one primary CTA
00:16 +89 -6: C:/Users/Atharva Patil/Documents/projects/gymlog/test/auth/auth_screen_behavior_test.dart: AuthScreen Behavior Tests (AUTH-01 to AUTH-20) AUTH-01: Initial screen contains one primary CTA
00:16 +90 -6: C:/Users/Atharva Patil/Documents/projects/gymlog/test/auth/auth_screen_behavior_test.dart: AuthScreen Behavior Tests (AUTH-01 to AUTH-20) AUTH-01: Initial screen contains one primary CTA
00:16 +91 -6: C:/Users/Atharva Patil/Documents/projects/gymlog/test/auth/auth_screen_behavior_test.dart: AuthScreen Behavior Tests (AUTH-01 to AUTH-20) AUTH-01: Initial screen contains one primary CTA
00:16 +92 -6: C:/Users/Atharva Patil/Documents/projects/gymlog/test/auth/auth_screen_behavior_test.dart: AuthScreen Behavior Tests (AUTH-01 to AUTH-20) AUTH-01: Initial screen contains one primary CTA
00:16 +93 -6: C:/Users/Atharva Patil/Documents/projects/gymlog/test/auth/auth_screen_behavior_test.dart: AuthScreen Behavior Tests (AUTH-01 to AUTH-20) AUTH-01: Initial screen contains one primary CTA
00:16 +94 -6: C:/Users/Atharva Patil/Documents/projects/gymlog/test/auth/auth_screen_behavior_test.dart: AuthScreen Behavior Tests (AUTH-01 to AUTH-20) AUTH-01: Initial screen contains one primary CTA
00:16 +95 -6: C:/Users/Atharva Patil/Documents/projects/gymlog/test/auth/auth_screen_behavior_test.dart: AuthScreen Behavior Tests (AUTH-01 to AUTH-20) AUTH-01: Initial screen contains one primary CTA
00:16 +96 -6: C:/Users/Atharva Patil/Documents/projects/gymlog/test/auth/auth_screen_behavior_test.dart: AuthScreen Behavior Tests (AUTH-01 to AUTH-20) AUTH-01: Initial screen contains one primary CTA
00:16 +97 -6: C:/Users/Atharva Patil/Documents/projects/gymlog/test/auth/auth_screen_behavior_test.dart: AuthScreen Behavior Tests (AUTH-01 to AUTH-20) AUTH-01: Initial screen contains one primary CTA
00:16 +98 -6: C:/Users/Atharva Patil/Documents/projects/gymlog/test/auth/auth_screen_behavior_test.dart: AuthScreen Behavior Tests (AUTH-01 to AUTH-20) AUTH-01: Initial screen contains one primary CTA
00:16 +99 -6: C:/Users/Atharva Patil/Documents/projects/gymlog/test/auth/auth_screen_behavior_test.dart: AuthScreen Behavior Tests (AUTH-01 to AUTH-20) AUTH-01: Initial screen contains one primary CTA
00:16 +100 -6: C:/Users/Atharva Patil/Documents/projects/gymlog/test/auth/auth_screen_behavior_test.dart: AuthScreen Behavior Tests (AUTH-01 to AUTH-20) AUTH-01: Initial screen contains one primary CTA
00:16 +101 -6: C:/Users/Atharva Patil/Documents/projects/gymlog/test/auth/auth_screen_behavior_test.dart: AuthScreen Behavior Tests (AUTH-01 to AUTH-20) AUTH-01: Initial screen contains one primary CTA
00:16 +102 -6: C:/Users/Atharva Patil/Documents/projects/gymlog/test/auth/auth_screen_behavior_test.dart: AuthScreen Behavior Tests (AUTH-01 to AUTH-20) AUTH-01: Initial screen contains one primary CTA
00:16 +103 -6: C:/Users/Atharva Patil/Documents/projects/gymlog/test/auth/auth_screen_behavior_test.dart: AuthScreen Behavior Tests (AUTH-01 to AUTH-20) AUTH-01: Initial screen contains one primary CTA
00:16 +104 -6: C:/Users/Atharva Patil/Documents/projects/gymlog/test/auth/auth_screen_behavior_test.dart: AuthScreen Behavior Tests (AUTH-01 to AUTH-20) AUTH-01: Initial screen contains one primary CTA
00:16 +105 -6: C:/Users/Atharva Patil/Documents/projects/gymlog/test/auth/auth_screen_behavior_test.dart: AuthScreen Behavior Tests (AUTH-01 to AUTH-20) AUTH-01: Initial screen contains one primary CTA
00:16 +106 -6: C:/Users/Atharva Patil/Documents/projects/gymlog/test/auth/auth_screen_behavior_test.dart: AuthScreen Behavior Tests (AUTH-01 to AUTH-20) AUTH-01: Initial screen contains one primary CTA
00:16 +107 -6: C:/Users/Atharva Patil/Documents/projects/gymlog/test/auth/auth_screen_behavior_test.dart: AuthScreen Behavior Tests (AUTH-01 to AUTH-20) AUTH-01: Initial screen contains one primary CTA
00:16 +108 -6: C:/Users/Atharva Patil/Documents/projects/gymlog/test/auth/auth_screen_behavior_test.dart: AuthScreen Behavior Tests (AUTH-01 to AUTH-20) AUTH-01: Initial screen contains one primary CTA
00:17 +109 -6: C:/Users/Atharva Patil/Documents/projects/gymlog/test/auth/auth_screen_behavior_test.dart: AuthScreen Behavior Tests (AUTH-01 to AUTH-20) AUTH-02: Only the atmosphere drift repeats; reduced motion halts it
00:17 +110 -6: C:/Users/Atharva Patil/Documents/projects/gymlog/test/auth/auth_screen_behavior_test.dart: AuthScreen Behavior Tests (AUTH-01 to AUTH-20) AUTH-03: Reduced motion renders final state with no animation
00:17 +111 -6: C:/Users/Atharva Patil/Documents/projects/gymlog/test/auth/auth_screen_behavior_test.dart: AuthScreen Behavior Tests (AUTH-01 to AUTH-20) AUTH-04: Sign-in button is disabled while request is in progress
00:17 +112 -6: C:/Users/Atharva Patil/Documents/projects/gymlog/test/auth/auth_screen_behavior_test.dart: AuthScreen Behavior Tests (AUTH-01 to AUTH-20) AUTH-05: Rapid double tap starts one repository operation
00:17 +113 -6: C:/Users/Atharva Patil/Documents/projects/gymlog/test/auth/auth_screen_behavior_test.dart: AuthScreen Behavior Tests (AUTH-01 to AUTH-20) AUTH-06: Account picker cancellation shows no error
00:17 +114 -6: C:/Users/Atharva Patil/Documents/projects/gymlog/test/auth/auth_screen_behavior_test.dart: AuthScreen Behavior Tests (AUTH-01 to AUTH-20) AUTH-07: Network failure shows recovery copy
[Auth] failure=network
00:18 +115 -6: C:/Users/Atharva Patil/Documents/projects/gymlog/test/chart_axis_format_test.dart: BrandedLineChart.defaultAxisFormat values under 1000 render as plain integers
00:18 +116 -6: C:/Users/Atharva Patil/Documents/projects/gymlog/test/auth/auth_screen_behavior_test.dart: AuthScreen Behavior Tests (AUTH-01 to AUTH-20) AUTH-08: Configuration failure does not expose SHA-1 or ApiException 10
00:18 +117 -6: C:/Users/Atharva Patil/Documents/projects/gymlog/test/auth/auth_screen_behavior_test.dart: AuthScreen Behavior Tests (AUTH-01 to AUTH-20) AUTH-08: Configuration failure does not expose SHA-1 or ApiException 10
00:18 +118 -6: C:/Users/Atharva Patil/Documents/projects/gymlog/test/auth/auth_screen_behavior_test.dart: AuthScreen Behavior Tests (AUTH-01 to AUTH-20) AUTH-08: Configuration failure does not expose SHA-1 or ApiException 10
[Auth] failure=configuration code=google_android_configuration
00:18 +119 -6: C:/Users/Atharva Patil/Documents/projects/gymlog/test/chart_axis_format_test.dart: BrandedLineChart.yAxisUnit renders unit suffix on both Y axes
00:18 +119 -6: C:/Users/Atharva Patil/Documents/projects/gymlog/test/auth/auth_screen_behavior_test.dart: AuthScreen Behavior Tests (AUTH-01 to AUTH-20) AUTH-09: Unknown error shows generic safe copy
[Auth] failure=unknown
00:18 +120 -6: C:/Users/Atharva Patil/Documents/projects/gymlog/test/chart_axis_format_test.dart: BrandedLineChart.yAxisUnit renders unit suffix on both Y axes
00:18 +121 -6: C:/Users/Atharva Patil/Documents/projects/gymlog/test/chart_axis_format_test.dart: BrandedLineChart.yAxisUnit renders unit suffix on both Y axes
00:18 +122 -6: C:/Users/Atharva Patil/Documents/projects/gymlog/test/chart_axis_format_test.dart: BrandedLineChart.yAxisUnit renders unit suffix on both Y axes
00:18 +123 -6: C:/Users/Atharva Patil/Documents/projects/gymlog/test/chart_axis_format_test.dart: BrandedLineChart.yAxisUnit renders unit suffix on both Y axes
00:18 +124 -6: C:/Users/Atharva Patil/Documents/projects/gymlog/test/chart_axis_format_test.dart: BrandedLineChart.yAxisUnit renders unit suffix on both Y axes
00:18 +125 -6: C:/Users/Atharva Patil/Documents/projects/gymlog/test/chart_axis_format_test.dart: BrandedLineChart.yAxisUnit renders unit suffix on both Y axes
00:18 +126 -6: C:/Users/Atharva Patil/Documents/projects/gymlog/test/chart_axis_format_test.dart: BrandedLineChart.yAxisUnit renders unit suffix on both Y axes
00:18 +127 -6: C:/Users/Atharva Patil/Documents/projects/gymlog/test/chart_axis_format_test.dart: BrandedLineChart.yAxisUnit renders unit suffix on both Y axes
00:19 +128 -6: C:/Users/Atharva Patil/Documents/projects/gymlog/test/chart_axis_format_test.dart: BrandedLineChart.yAxisUnit renders unit suffix on both Y axes
00:19 +129 -6: C:/Users/Atharva Patil/Documents/projects/gymlog/test/chart_axis_format_test.dart: BrandedLineChart.yAxisUnit renders unit suffix on both Y axes
00:19 +130 -6: C:/Users/Atharva Patil/Documents/projects/gymlog/test/auth/auth_screen_behavior_test.dart: AuthScreen Behavior Tests (AUTH-01 to AUTH-20) AUTH-22 (AU-C): Timeout failure surfaces honest recovery copy
[Auth] failure=timeout
00:19 +131 -6: C:/Users/Atharva Patil/Documents/projects/gymlog/test/chart_density_test.dart: BrandedLineChart 300-point performance and grid density vertical grid interval scales with labelStep rather than 1 per point
00:20 +132 -6: C:/Users/Atharva Patil/Documents/projects/gymlog/test/commerce_and_deletion_test.dart: (setUpAll)
00:20 +132 -6: C:/Users/Atharva Patil/Documents/projects/gymlog/test/commerce_and_deletion_test.dart: Account Deletion Service & UI Guidance Idempotency — wipes local storage and finishes safely even when user is null (signed out)
[ExercisesDao] Hydration v9 complete: 822 exercises.
00:21 +133 -6: C:/Users/Atharva Patil/Documents/projects/gymlog/test/commerce_and_deletion_test.dart: Account Deletion Service & UI Guidance Wipes local databases, secure preferences and settings on deletion
[ExercisesDao] Hydration v9 complete: 822 exercises.
00:21 +134 -6: C:/Users/Atharva Patil/Documents/projects/gymlog/test/commerce_and_deletion_test.dart: Premium Service Entitlements & Caching isPremiumProvider returns false when no user is signed in
00:21 +135 -6: C:/Users/Atharva Patil/Documents/projects/gymlog/test/commerce_and_deletion_test.dart: Premium Service Entitlements & Caching isPremiumProvider falls back to local user profile when CustomerInfo stream has no value (offline launch)
00:21 +136 -6: C:/Users/Atharva Patil/Documents/projects/gymlog/test/commerce_and_deletion_test.dart: Premium Service Entitlements & Caching isPremiumProvider respects active entitlements from CustomerInfo over local SQLite profile
00:21 +137 -6: C:/Users/Atharva Patil/Documents/projects/gymlog/test/commerce_and_deletion_test.dart: (tearDownAll)
00:22 +137 -6: C:/Users/Atharva Patil/Documents/projects/gymlog/test/compile_surface_test.dart: full app graph compiles
00:24 +138 -6: C:/Users/Atharva Patil/Documents/projects/gymlog/test/core/app_startup_test.dart: GymLogApp builds without throwing when cloud is not ready
00:24 +139 -6: C:/Users/Atharva Patil/Documents/projects/gymlog/test/core/app_startup_test.dart: GymLogApp builds without throwing when cloud is not ready
00:24 +140 -6: C:/Users/Atharva Patil/Documents/projects/gymlog/test/core/app_startup_test.dart: GymLogApp builds without throwing when cloud is not ready
00:24 +141 -6: C:/Users/Atharva Patil/Documents/projects/gymlog/test/core/app_startup_test.dart: GymLogApp builds without throwing when cloud is not ready
00:24 +142 -6: C:/Users/Atharva Patil/Documents/projects/gymlog/test/core/app_startup_test.dart: GymLogApp builds without throwing when cloud is not ready
00:24 +143 -6: C:/Users/Atharva Patil/Documents/projects/gymlog/test/core/app_startup_test.dart: GymLogApp builds without throwing when cloud is not ready
00:24 +144 -6: C:/Users/Atharva Patil/Documents/projects/gymlog/test/core/app_startup_test.dart: GymLogApp builds without throwing when cloud is not ready
00:24 +145 -6: C:/Users/Atharva Patil/Documents/projects/gymlog/test/core/app_startup_test.dart: GymLogApp builds without throwing when cloud is not ready
00:24 +146 -6: C:/Users/Atharva Patil/Documents/projects/gymlog/test/core/app_startup_test.dart: GymLogApp builds without throwing when cloud is not ready
00:24 +147 -6: C:/Users/Atharva Patil/Documents/projects/gymlog/test/core/app_startup_test.dart: GymLogApp builds without throwing when cloud is not ready
00:24 +148 -6: C:/Users/Atharva Patil/Documents/projects/gymlog/test/core/app_startup_test.dart: GymLogApp builds without throwing when cloud is not ready
00:24 +149 -6: C:/Users/Atharva Patil/Documents/projects/gymlog/test/core/app_startup_test.dart: GymLogApp builds without throwing when cloud is not ready
00:24 +150 -6: C:/Users/Atharva Patil/Documents/projects/gymlog/test/core/app_startup_test.dart: GymLogApp builds without throwing when cloud is not ready
00:24 +151 -6: C:/Users/Atharva Patil/Documents/projects/gymlog/test/core/app_startup_test.dart: GymLogApp builds without throwing when cloud is not ready
00:24 +152 -6: C:/Users/Atharva Patil/Documents/projects/gymlog/test/core/app_startup_test.dart: GymLogApp builds without throwing when cloud is not ready
00:25 +153 -6: C:/Users/Atharva Patil/Documents/projects/gymlog/test/core/app_startup_test.dart: GymLogApp builds without throwing when cloud is not ready
00:25 +154 -6: C:/Users/Atharva Patil/Documents/projects/gymlog/test/core/app_startup_test.dart: GymLogApp builds without throwing when cloud is not ready
00:25 +155 -6: C:/Users/Atharva Patil/Documents/projects/gymlog/test/core/app_startup_test.dart: GymLogApp builds without throwing when cloud is not ready
00:25 +156 -6: C:/Users/Atharva Patil/Documents/projects/gymlog/test/core/app_startup_test.dart: GymLogApp builds without throwing when cloud is not ready
00:25 +157 -6: C:/Users/Atharva Patil/Documents/projects/gymlog/test/core/app_startup_test.dart: GymLogApp builds without throwing when cloud is not ready
00:25 +158 -6: C:/Users/Atharva Patil/Documents/projects/gymlog/test/core/app_startup_test.dart: GymLogApp builds without throwing when cloud is not ready
00:25 +159 -6: C:/Users/Atharva Patil/Documents/projects/gymlog/test/core/app_startup_test.dart: router is constructable without Supabase being initialized
00:25 +160 -6: C:/Users/Atharva Patil/Documents/projects/gymlog/test/core/premium/library_quota_test.dart: the free-tier dead end a new free user CAN import the featured 6-day program
00:25 +161 -6: C:/Users/Atharva Patil/Documents/projects/gymlog/test/core/premium/library_quota_test.dart: the free-tier dead end program size does not consume routine slots
00:25 +162 -6: C:/Users/Atharva Patil/Documents/projects/gymlog/test/core/premium/library_quota_test.dart: program slot the second program is where the paywall lands
00:25 +163 -6: C:/Users/Atharva Patil/Documents/projects/gymlog/test/core/premium/library_quota_test.dart: program slot Pro is never gated
00:25 +164 -6: C:/Users/Atharva Patil/Documents/projects/gymlog/test/core/premium/library_quota_test.dart: program slot hasUsedFreeProgramSlot tracks the cap
00:25 +165 -6: C:/Users/Atharva Patil/Documents/projects/gymlog/test/core/premium/library_quota_test.dart: completing an owned program is always free even when both caps are already exhausted
00:25 +166 -6: C:/Users/Atharva Patil/Documents/projects/gymlog/test/core/premium/library_quota_test.dart: standalone routines fills exactly to the cap
00:25 +167 -6: C:/Users/Atharva Patil/Documents/projects/gymlog/test/core/premium/library_quota_test.dart: standalone routines blocks the one that would overflow
00:25 +168 -6: C:/Users/Atharva Patil/Documents/projects/gymlog/test/core/premium/library_quota_test.dart: standalone routines checks the whole batch, not one at a time
00:25 +169 -6: C:/Users/Atharva Patil/Documents/projects/gymlog/test/core/premium/library_quota_test.dart: standalone routines remaining slots never go negative for grandfathered users
00:25 +170 -6: C:/Users/Atharva Patil/Documents/projects/gymlog/test/core/premium/library_quota_test.dart: copy allowed has no blocking copy
00:25 +171 -6: C:/Users/Atharva Patil/Documents/projects/gymlog/test/core/premium/library_quota_test.dart: copy every blocked verdict has copy
00:26 +172 -6: C:/Users/Atharva Patil/Documents/projects/gymlog/test/core/router_deeplink_test.dart: deep link without extra loads the exercise by id instead of crashing
00:26 +173 -6: C:/Users/Atharva Patil/Documents/projects/gymlog/test/core/router_deeplink_test.dart: deep link without extra loads the exercise by id instead of crashing
00:26 +174 -6: C:/Users/Atharva Patil/Documents/projects/gymlog/test/core/router_deeplink_test.dart: deep link without extra loads the exercise by id instead of crashing
00:26 +175 -6: C:/Users/Atharva Patil/Documents/projects/gymlog/test/core/router_deeplink_test.dart: deep link without extra loads the exercise by id instead of crashing
00:26 +176 -6: C:/Users/Atharva Patil/Documents/projects/gymlog/test/core/router_deeplink_test.dart: deep link without extra loads the exercise by id instead of crashing
00:26 +177 -6: C:/Users/Atharva Patil/Documents/projects/gymlog/test/core/router_deeplink_test.dart: deep link without extra loads the exercise by id instead of crashing
00:26 +178 -6: C:/Users/Atharva Patil/Documents/projects/gymlog/test/core/router_deeplink_test.dart: deep link without extra loads the exercise by id instead of crashing
00:26 +179 -6: C:/Users/Atharva Patil/Documents/projects/gymlog/test/core/router_deeplink_test.dart: deep link without extra loads the exercise by id instead of crashing
00:26 +180 -6: C:/Users/Atharva Patil/Documents/projects/gymlog/test/core/router_deeplink_test.dart: deep link without extra loads the exercise by id instead of crashing
00:26 +181 -6: C:/Users/Atharva Patil/Documents/projects/gymlog/test/core/router_deeplink_test.dart: deep link without extra loads the exercise by id instead of crashing
00:26 +182 -6: C:/Users/Atharva Patil/Documents/projects/gymlog/test/core/router_deeplink_test.dart: deep link without extra loads the exercise by id instead of crashing
00:26 +183 -6: C:/Users/Atharva Patil/Documents/projects/gymlog/test/core/router_deeplink_test.dart: deep link without extra loads the exercise by id instead of crashing
00:26 +184 -6: C:/Users/Atharva Patil/Documents/projects/gymlog/test/core/router_deeplink_test.dart: deep link without extra loads the exercise by id instead of crashing
00:26 +185 -6: C:/Users/Atharva Patil/Documents/projects/gymlog/test/core/router_deeplink_test.dart: deep link without extra loads the exercise by id instead of crashing
00:26 +186 -6: C:/Users/Atharva Patil/Documents/projects/gymlog/test/core/router_deeplink_test.dart: deep link without extra loads the exercise by id instead of crashing
00:26 +187 -6: C:/Users/Atharva Patil/Documents/projects/gymlog/test/core/router_deeplink_test.dart: deep link without extra loads the exercise by id instead of crashing
00:26 +188 -6: C:/Users/Atharva Patil/Documents/projects/gymlog/test/core/router_deeplink_test.dart: deep link without extra loads the exercise by id instead of crashing
00:26 +189 -6: C:/Users/Atharva Patil/Documents/projects/gymlog/test/core/router_deeplink_test.dart: deep link without extra loads the exercise by id instead of crashing
00:26 +190 -6: C:/Users/Atharva Patil/Documents/projects/gymlog/test/core/router_deeplink_test.dart: deep link without extra loads the exercise by id instead of crashing
00:28 +191 -6: C:/Users/Atharva Patil/Documents/projects/gymlog/test/core/router_deeplink_test.dart: deep link without extra loads the exercise by id instead of crashing
00:28 +192 -6: C:/Users/Atharva Patil/Documents/projects/gymlog/test/core/router_deeplink_test.dart: deep link without extra loads the exercise by id instead of crashing
00:28 +193 -6: C:/Users/Atharva Patil/Documents/projects/gymlog/test/core/router_deeplink_test.dart: deep link without extra loads the exercise by id instead of crashing
00:28 +194 -6: C:/Users/Atharva Patil/Documents/projects/gymlog/test/core/router_deeplink_test.dart: deep link without extra loads the exercise by id instead of crashing
00:28 +195 -6: C:/Users/Atharva Patil/Documents/projects/gymlog/test/core/router_deeplink_test.dart: deep link without extra loads the exercise by id instead of crashing
00:28 +196 -6: C:/Users/Atharva Patil/Documents/projects/gymlog/test/core/router_deeplink_test.dart: deep link without extra loads the exercise by id instead of crashing
00:28 +197 -6: C:/Users/Atharva Patil/Documents/projects/gymlog/test/core/router_deeplink_test.dart: deep link without extra loads the exercise by id instead of crashing
00:28 +198 -6: C:/Users/Atharva Patil/Documents/projects/gymlog/test/core/router_deeplink_test.dart: deep link without extra loads the exercise by id instead of crashing
00:28 +199 -6: C:/Users/Atharva Patil/Documents/projects/gymlog/test/core/theme/border_affordance_test.dart: Three-Tier Visual Grammar Affordance Tests AppActionChip always renders a border and fires onTap with haptics
00:28 +200 -6: C:/Users/Atharva Patil/Documents/projects/gymlog/test/core/theme/border_affordance_test.dart: Three-Tier Visual Grammar Affordance Tests AppActionChip always renders a border and fires onTap with haptics
00:28 +201 -6: C:/Users/Atharva Patil/Documents/projects/gymlog/test/core/theme/border_affordance_test.dart: Three-Tier Visual Grammar Affordance Tests AppActionChip always renders a border and fires onTap with haptics
00:28 +202 -6: C:/Users/Atharva Patil/Documents/projects/gymlog/test/core/theme/border_affordance_test.dart: Three-Tier Visual Grammar Affordance Tests AppActionChip always renders a border and fires onTap with haptics
00:28 +203 -6: C:/Users/Atharva Patil/Documents/projects/gymlog/test/core/theme/border_affordance_test.dart: Three-Tier Visual Grammar Affordance Tests AppActionChip always renders a border and fires onTap with haptics
00:28 +204 -6: C:/Users/Atharva Patil/Documents/projects/gymlog/test/core/theme/border_affordance_test.dart: Three-Tier Visual Grammar Affordance Tests AppActionChip always renders a border and fires onTap with haptics
00:28 +205 -6: C:/Users/Atharva Patil/Documents/projects/gymlog/test/core/router_deeplink_test.dart: non-numeric deep link falls back to the library, no crash
00:28 +206 -6: C:/Users/Atharva Patil/Documents/projects/gymlog/test/core/router_deeplink_test.dart: non-numeric deep link falls back to the library, no crash
00:28 +207 -6: C:/Users/Atharva Patil/Documents/projects/gymlog/test/core/router_deeplink_test.dart: non-numeric deep link falls back to the library, no crash
00:28 +208 -6: C:/Users/Atharva Patil/Documents/projects/gymlog/test/core/router_deeplink_test.dart: non-numeric deep link falls back to the library, no crash
00:28 +209 -6: C:/Users/Atharva Patil/Documents/projects/gymlog/test/core/router_deeplink_test.dart: non-numeric deep link falls back to the library, no crash
00:29 +210 -6: C:/Users/Atharva Patil/Documents/projects/gymlog/test/core/router_deeplink_test.dart: non-numeric deep link falls back to the library, no crash
00:29 +211 -6: C:/Users/Atharva Patil/Documents/projects/gymlog/test/das1_delete_completion_test.dart: DAS-1 Delete Account Completion Honesty full success shows permanent-deletion copy and routes to auth
00:30 +212 -6: C:/Users/Atharva Patil/Documents/projects/gymlog/test/das1_delete_completion_test.dart: DAS-1 Delete Account Completion Honesty full success shows permanent-deletion copy and routes to auth
00:31 +213 -6: C:/Users/Atharva Patil/Documents/projects/gymlog/test/das1_delete_completion_test.dart: DAS-1 Delete Account Completion Honesty full success shows permanent-deletion copy and routes to auth
00:31 +214 -6: C:/Users/Atharva Patil/Documents/projects/gymlog/test/das1_delete_completion_test.dart: DAS-1 Delete Account Completion Honesty full success shows permanent-deletion copy and routes to auth
00:31 +215 -6: C:/Users/Atharva Patil/Documents/projects/gymlog/test/das1_delete_completion_test.dart: DAS-1 Delete Account Completion Honesty full success shows permanent-deletion copy and routes to auth
00:32 +215 -7: C:/Users/Atharva Patil/Documents/projects/gymlog/test/das1_delete_completion_test.dart: DAS-1 Delete Account Completion Honesty full success shows permanent-deletion copy and routes to auth
00:32 +215 -7: C:/Users/Atharva Patil/Documents/projects/gymlog/test/documentation_atomic_13_test.dart: ATOMIC-13 Documentation & Support Metadata Qualification documentation files exist and contain document authority headers [E]
  Expected: contains '**Status:**'
    Actual: '# DELT design north star\n'
              '\n'
              '[DESIGN.md](../DESIGN.md) is the single authoritative rule set for visual identity,\n'
              'typography, color, interaction and information truth. Read it before visual work.\n'
              'This document contains no duplicate tokens or competing UI rules.\n'
              '\n'
              '[CONVENTIONS.md](CONVENTIONS.md) owns architecture and naming.\n'
              '[upgrade/PROTOCOL.md](upgrade/PROTOCOL.md) owns the section upgrade process;\n'
              '[upgrade/LEDGER.md](upgrade/LEDGER.md) records decisions and qualification gaps.\n'
              '\n'
              'Historical references: gymlog_app_icon.png is the master icon artwork, with\n'
              'platform exports maintained separately. android_backup/ is an unused stale\n'
              'project, not a build target. Screenshots from July 2026 do not prove the current\n'
              'UI. The deleted STITCH specification described another app and is not an authority.'
     Which: does not contain '**Status:**'
  docs/DESIGN_NORTH_STAR.md missing Status
  
  package:matcher                                     expect
  package:flutter_test/src/widget_tester.dart 473:18  expect
  test\documentation_atomic_13_test.dart 50:9         main.<fn>.<fn>
  
00:32 +216 -7: C:/Users/Atharva Patil/Documents/projects/gymlog/test/das1_delete_completion_test.dart: DAS-1 Delete Account Completion Honesty full success shows permanent-deletion copy and routes to auth
00:32 +217 -7: C:/Users/Atharva Patil/Documents/projects/gymlog/test/delivery_diagnostics_test.dart: Tapping Version AppActionRow 5 times throws controlled StateError
00:32 +218 -7: C:/Users/Atharva Patil/Documents/projects/gymlog/test/delivery_diagnostics_test.dart: Tapping Version AppActionRow 5 times throws controlled StateError
00:32 +219 -7: C:/Users/Atharva Patil/Documents/projects/gymlog/test/delivery_diagnostics_test.dart: Tapping Version AppActionRow 5 times throws controlled StateError
00:33 +220 -7: C:/Users/Atharva Patil/Documents/projects/gymlog/test/delivery_diagnostics_test.dart: Tapping Version AppActionRow 5 times throws controlled StateError
00:34 +221 -7: C:/Users/Atharva Patil/Documents/projects/gymlog/test/delivery_diagnostics_test.dart: Tapping Version AppActionRow 5 times throws controlled StateError
00:34 +222 -7: C:/Users/Atharva Patil/Documents/projects/gymlog/test/delivery_diagnostics_test.dart: Tapping Version AppActionRow 5 times throws controlled StateError
00:34 +223 -7: C:/Users/Atharva Patil/Documents/projects/gymlog/test/delivery_diagnostics_test.dart: Tapping Version AppActionRow 5 times throws controlled StateError
00:35 +224 -7: C:/Users/Atharva Patil/Documents/projects/gymlog/test/delivery_diagnostics_test.dart: Tapping Version AppActionRow 5 times throws controlled StateError
00:35 +225 -7: C:/Users/Atharva Patil/Documents/projects/gymlog/test/delivery_diagnostics_test.dart: Tapping Version AppActionRow 5 times throws controlled StateError
00:36 +226 -7: C:/Users/Atharva Patil/Documents/projects/gymlog/test/exercises_hydration_test.dart: ATOMIC-RC3-04 Exercises Hydration Engine v9 1. Runs hydration and converts raw types when v9 key is missing
[ExercisesDao] Hydration v9 complete: 822 exercises.
00:36 +227 -7: C:/Users/Atharva Patil/Documents/projects/gymlog/test/exercise_detail_polish_test.dart: worked-muscle chips distinguish primary and secondary targets
00:37 +228 -7: C:/Users/Atharva Patil/Documents/projects/gymlog/test/exercise_detail_polish_test.dart: worked-muscle chips distinguish primary and secondary targets
00:37 +229 -7: C:/Users/Atharva Patil/Documents/projects/gymlog/test/exercise_detail_polish_test.dart: worked-muscle chips distinguish primary and secondary targets
00:38 +230 -7: C:/Users/Atharva Patil/Documents/projects/gymlog/test/exercise_hero_transition_test.dart: Library(browse:true) row renders a Hero with tag exercise-hero-<id>
00:38 +231 -7: C:/Users/Atharva Patil/Documents/projects/gymlog/test/exercise_hero_transition_test.dart: Library(browse:true) row renders a Hero with tag exercise-hero-<id>
00:39 +232 -7: C:/Users/Atharva Patil/Documents/projects/gymlog/test/exercise_hero_transition_test.dart: Library(browse:true) row renders a Hero with tag exercise-hero-<id>
00:39 +233 -7: C:/Users/Atharva Patil/Documents/projects/gymlog/test/exercise_hero_transition_test.dart: Library(browse:true) row renders a Hero with tag exercise-hero-<id>
00:39 +234 -7: C:/Users/Atharva Patil/Documents/projects/gymlog/test/exercise_selection_polish_test.dart: ExerciseSelectionScreen filters catalog and handles caching correctly
00:39 +235 -7: C:/Users/Atharva Patil/Documents/projects/gymlog/test/exercise_selection_polish_test.dart: ExerciseSelectionScreen filters catalog and handles caching correctly
00:39 +236 -7: C:/Users/Atharva Patil/Documents/projects/gymlog/test/exercise_selection_polish_test.dart: ExerciseSelectionScreen filters catalog and handles caching correctly
00:39 +237 -7: C:/Users/Atharva Patil/Documents/projects/gymlog/test/exercise_selection_polish_test.dart: ExerciseSelectionScreen filters catalog and handles caching correctly
00:40 +238 -7: C:/Users/Atharva Patil/Documents/projects/gymlog/test/expiry_symptom_test.dart: timer expiry does not trigger Set removed snackbar
00:40 +239 -7: C:/Users/Atharva Patil/Documents/projects/gymlog/test/expiry_symptom_test.dart: timer expiry does not trigger Set removed snackbar
00:40 +240 -7: C:/Users/Atharva Patil/Documents/projects/gymlog/test/expiry_symptom_test.dart: timer expiry does not trigger Set removed snackbar
00:40 +241 -7: C:/Users/Atharva Patil/Documents/projects/gymlog/test/expiry_symptom_test.dart: timer expiry does not trigger Set removed snackbar
00:40 +242 -7: C:/Users/Atharva Patil/Documents/projects/gymlog/test/expiry_symptom_test.dart: timer expiry does not trigger Set removed snackbar
00:41 +243 -7: C:/Users/Atharva Patil/Documents/projects/gymlog/test/explore_contrast_guard_test.dart: dark surface text tokens meet WCAG AA (4.5:1) on their surfaces
00:41 +244 -7: C:/Users/Atharva Patil/Documents/projects/gymlog/test/explore_contrast_guard_test.dart: intermediate levelColor is never the brand accent hue
00:43 +245 -7: C:/Users/Atharva Patil/Documents/projects/gymlog/test/export_share_previews_test.dart: (setUpAll)
00:43 +245 -7: C:/Users/Atharva Patil/Documents/projects/gymlog/test/export_share_previews_test.dart: Export 1080x1920 preview PNGs for visual inspection
00:44 +246 -7: C:/Users/Atharva Patil/Documents/projects/gymlog/test/export_share_previews_test.dart: Export 1080x1920 preview PNGs for visual inspection
00:45 +247 -7: C:/Users/Atharva Patil/Documents/projects/gymlog/test/export_share_previews_test.dart: Export 1080x1920 preview PNGs for visual inspection
00:45 +248 -7: C:/Users/Atharva Patil/Documents/projects/gymlog/test/export_share_previews_test.dart: Export 1080x1920 preview PNGs for visual inspection
00:45 +249 -7: C:/Users/Atharva Patil/Documents/projects/gymlog/test/export_share_previews_test.dart: Export 1080x1920 preview PNGs for visual inspection
00:45 +250 -7: C:/Users/Atharva Patil/Documents/projects/gymlog/test/export_share_previews_test.dart: Export 1080x1920 preview PNGs for visual inspection
00:45 +251 -7: C:/Users/Atharva Patil/Documents/projects/gymlog/test/export_share_previews_test.dart: Export 1080x1920 preview PNGs for visual inspection
00:45 +252 -7: C:/Users/Atharva Patil/Documents/projects/gymlog/test/export_share_previews_test.dart: Export 1080x1920 preview PNGs for visual inspection
00:46 +253 -7: C:/Users/Atharva Patil/Documents/projects/gymlog/test/features/auth/onboarding_weekly_goal_step_test.dart: StepWeeklyGoal preview consistency goal 1 previews 1 of 1 workout completed at 100%
00:46 +254 -7: C:/Users/Atharva Patil/Documents/projects/gymlog/test/features/auth/onboarding_weekly_goal_step_test.dart: StepWeeklyGoal preview consistency goal 2 previews 2 of 2 workouts completed
00:46 +255 -7: C:/Users/Atharva Patil/Documents/projects/gymlog/test/features/auth/onboarding_weekly_goal_step_test.dart: StepWeeklyGoal preview consistency goal 3 previews 2 of 3 workouts completed
00:46 +256 -7: C:/Users/Atharva Patil/Documents/projects/gymlog/test/features/auth/onboarding_weekly_goal_step_test.dart: StepWeeklyGoal preview consistency goal 7 previews 2 of 7 workouts completed
00:46 +257 -7: C:/Users/Atharva Patil/Documents/projects/gymlog/test/features/auth/onboarding_weekly_goal_step_test.dart: StepWeeklyGoal preview consistency tapping goal 1 updates caption and ring together
00:47 +258 -7: C:/Users/Atharva Patil/Documents/projects/gymlog/test/features/routines/dao/ai_routine_save_atomicity_test.dart: saveReconciledRoutine atomically saves routine and creates custom exercises
00:47 +259 -7: C:/Users/Atharva Patil/Documents/projects/gymlog/test/features/routines/dao/ai_routine_save_atomicity_test.dart: saveReconciledRoutine handles multi-day routines preserving day order
00:47 +260 -7: C:/Users/Atharva Patil/Documents/projects/gymlog/test/features/routines/domain/ai_exercise_reconciler_test.dart: AiExerciseReconciler - Exercise Matching resolves exact match to verified status
00:47 +261 -7: C:/Users/Atharva Patil/Documents/projects/gymlog/test/features/routines/domain/ai_exercise_reconciler_test.dart: AiExerciseReconciler - Exercise Matching resolves common gym acronyms and aliases via Tier 1 dictionary
00:47 +262 -7: C:/Users/Atharva Patil/Documents/projects/gymlog/test/features/routines/domain/ai_exercise_reconciler_test.dart: AiExerciseReconciler - Exercise Matching strictly preserves equipment isolation (DB vs Barbell)
00:47 +263 -7: C:/Users/Atharva Patil/Documents/projects/gymlog/test/features/routines/domain/ai_exercise_reconciler_test.dart: AiExerciseReconciler - Exercise Matching marks novel or non-existent exercises as unmatched without dropping them
00:47 +264 -7: C:/Users/Atharva Patil/Documents/projects/gymlog/test/features/routines/domain/ai_exercise_reconciler_test.dart: AiExerciseReconciler - Exercise Matching strips coach styles and fuses compound words to match catalog (N1-Style Cross-Body Triceps Extension)
00:47 +265 -7: C:/Users/Atharva Patil/Documents/projects/gymlog/test/features/routines/domain/ai_exercise_reconciler_test.dart: AiExerciseReconciler - Exercise Matching strips muscle annotations and maps cable y-raise to catalog lateral raise
00:47 +266 -7: C:/Users/Atharva Patil/Documents/projects/gymlog/test/features/routines/domain/ai_exercise_reconciler_test.dart: AiExerciseReconciler - Exercise Matching strips superset tags and duration from raw exercise names
00:47 +267 -7: C:/Users/Atharva Patil/Documents/projects/gymlog/test/features/routines/domain/ai_exercise_reconciler_test.dart: AiExerciseReconciler - Exercise Matching provides intelligent catalog suggestions for near-miss lifts like Larsen Press
00:47 +268 -7: C:/Users/Atharva Patil/Documents/projects/gymlog/test/features/routines/domain/ai_exercise_reconciler_test.dart: AiExerciseReconciler - Numeric Sets & Reps & Weight Conversion parses rep ranges by picking representative midpoint
00:47 +269 -7: C:/Users/Atharva Patil/Documents/projects/gymlog/test/features/routines/domain/ai_exercise_reconciler_test.dart: AiExerciseReconciler - Numeric Sets & Reps & Weight Conversion converts weight from lbs to kg when preferred unit is kg
00:47 +270 -7: C:/Users/Atharva Patil/Documents/projects/gymlog/test/features/routines/domain/ai_exercise_reconciler_test.dart: AiExerciseReconciler - Numeric Sets & Reps & Weight Conversion preserves kg weight when target unit is kg
00:47 +271 -7: C:/Users/Atharva Patil/Documents/projects/gymlog/test/features/routines/domain/ai_exercise_reconciler_test.dart: AiExerciseReconciler - Numeric Sets & Reps & Weight Conversion flags isDefaultedSets as true when sets is omitted in raw input
00:47 +272 -7: C:/Users/Atharva Patil/Documents/projects/gymlog/test/features/routines/domain/ai_exercise_reconciler_test.dart: AiExerciseReconciler - Multi-Day Routine Structure reconciles multi-day routine preserving day groupings
00:49 +273 -7: C:/Users/Atharva Patil/Documents/projects/gymlog/test/features/routines/domain/exercise_resolver_test.dart: normalisation lowercases and strips punctuation
00:49 +274 -7: C:/Users/Atharva Patil/Documents/projects/gymlog/test/features/routines/domain/exercise_resolver_test.dart: normalisation base form drops the equipment parenthetical
00:49 +275 -7: C:/Users/Atharva Patil/Documents/projects/gymlog/test/features/routines/domain/exercise_resolver_test.dart: resolve matches an exact name
00:49 +276 -7: C:/Users/Atharva Patil/Documents/projects/gymlog/test/features/routines/domain/exercise_resolver_test.dart: resolve matches regardless of case and punctuation
00:49 +277 -7: C:/Users/Atharva Patil/Documents/projects/gymlog/test/features/routines/domain/exercise_resolver_test.dart: resolve matches across an equipment parenthetical
00:49 +278 -7: C:/Users/Atharva Patil/Documents/projects/gymlog/test/features/routines/domain/exercise_resolver_test.dart: resolve prefers the shortest qualifying candidate
00:49 +279 -7: C:/Users/Atharva Patil/Documents/projects/gymlog/test/features/routines/domain/exercise_resolver_test.dart: resolve returns null rather than guessing wrong
00:49 +280 -7: C:/Users/Atharva Patil/Documents/projects/gymlog/test/features/routines/domain/exercise_resolver_test.dart: resolve a single shared word is not enough to match
00:49 +281 -7: C:/Users/Atharva Patil/Documents/projects/gymlog/test/features/routines/domain/exercise_resolver_test.dart: resolve known aliases collapse onto one exercise
00:49 +282 -7: C:/Users/Atharva Patil/Documents/projects/gymlog/test/features/routines/domain/exercise_resolver_test.dart: resolve an alias pointing at nothing is ignored, not fatal
00:49 +283 -7: C:/Users/Atharva Patil/Documents/projects/gymlog/test/features/routines/domain/exercise_resolver_test.dart: resolve repeat lookups are memoised to the same instance
00:49 +284 -7: C:/Users/Atharva Patil/Documents/projects/gymlog/test/features/routines/domain/exercise_resolver_test.dart: resolve an empty catalog resolves nothing without throwing
00:49 +285 -7: C:/Users/Atharva Patil/Documents/projects/gymlog/test/features/routines/domain/exercise_resolver_test.dart: unresolvedNames reports only the gaps
00:49 +286 -7: C:/Users/Atharva Patil/Documents/projects/gymlog/test/features/routines/domain/exercise_resolver_test.dart: muscleProfileFor a push day does not report leg muscles
00:49 +287 -7: C:/Users/Atharva Patil/Documents/projects/gymlog/test/features/routines/domain/exercise_resolver_test.dart: muscleProfileFor secondary never duplicates a primary group
00:49 +288 -7: C:/Users/Atharva Patil/Documents/projects/gymlog/test/features/routines/domain/exercise_resolver_test.dart: muscleProfileFor unresolvable slots are skipped, not fatal
00:49 +289 -7: C:/Users/Atharva Patil/Documents/projects/gymlog/test/features/routines/domain/exercise_resolver_test.dart: muscleProfileFor an all-unresolvable day yields an empty profile
00:49 +290 -7: C:/Users/Atharva Patil/Documents/projects/gymlog/test/features/routines/domain/exercise_resolver_test.dart: muscleProfileFor two different days produce different profiles
00:49 +291 -7: C:/Users/Atharva Patil/Documents/projects/gymlog/test/features/routines/domain/exercise_resolver_test.dart: exerciseIdsFor returns ids in slot order and skips gaps
00:49 +292 -7: C:/Users/Atharva Patil/Documents/projects/gymlog/test/features/routines/presentation/ai_routine_import_screen_test.dart: AiRoutineImportScreen renders segmented control and photo mode initially
00:50 +293 -7: C:/Users/Atharva Patil/Documents/projects/gymlog/test/features/routines/presentation/ai_routine_import_screen_test.dart: AiRoutineImportScreen switches to Paste Text mode and shows text field
00:50 +294 -7: C:/Users/Atharva Patil/Documents/projects/gymlog/test/features/routines/presentation/ai_routine_import_screen_test.dart: AiRoutineImportScreen shows error banner when errorMessage is populated
00:51 +295 -7: C:/Users/Atharva Patil/Documents/projects/gymlog/test/features/routines/presentation/ai_routine_review_screen_test.dart: AiRoutineReviewScreen renders reconciled exercises and badges
00:51 +296 -7: C:/Users/Atharva Patil/Documents/projects/gymlog/test/features/routines/presentation/ai_routine_review_screen_test.dart: AiRoutineReviewScreen renders reconciled exercises and badges
00:51 +297 -7: C:/Users/Atharva Patil/Documents/projects/gymlog/test/features/routines/presentation/ai_routine_review_screen_test.dart: AiRoutineReviewScreen renders reconciled exercises and badges
00:51 +298 -7: C:/Users/Atharva Patil/Documents/projects/gymlog/test/features/routines/presentation/ai_routine_review_screen_test.dart: AiRoutineReviewScreen renders reconciled exercises and badges
00:51 +299 -7: C:/Users/Atharva Patil/Documents/projects/gymlog/test/features/routines/presentation/ai_routine_review_screen_test.dart: AiRoutineReviewScreen renders reconciled exercises and badges
00:51 +300 -7: C:/Users/Atharva Patil/Documents/projects/gymlog/test/features/routines/presentation/ai_routine_review_screen_test.dart: AiRoutineReviewScreen renders reconciled exercises and badges
00:51 +301 -7: C:/Users/Atharva Patil/Documents/projects/gymlog/test/features/routines/presentation/ai_routine_review_screen_test.dart: AiRoutineReviewScreen renders reconciled exercises and badges
00:51 +302 -7: C:/Users/Atharva Patil/Documents/projects/gymlog/test/features/routines/presentation/ai_routine_review_screen_test.dart: AiRoutineReviewScreen renders reconciled exercises and badges
00:51 +303 -7: C:/Users/Atharva Patil/Documents/projects/gymlog/test/features/routines/presentation/ai_routine_review_screen_test.dart: AiRoutineReviewScreen renders reconciled exercises and badges
00:51 +304 -7: C:/Users/Atharva Patil/Documents/projects/gymlog/test/features/routines/presentation/ai_routine_review_screen_test.dart: AiRoutineReviewScreen renders reconciled exercises and badges
00:51 +305 -7: C:/Users/Atharva Patil/Documents/projects/gymlog/test/features/routines/presentation/ai_routine_review_screen_test.dart: AiRoutineReviewScreen renders reconciled exercises and badges
00:51 +306 -7: C:/Users/Atharva Patil/Documents/projects/gymlog/test/features/routines/presentation/ai_routine_review_screen_test.dart: AiRoutineReviewScreen renders reconciled exercises and badges
00:52 +307 -7: C:/Users/Atharva Patil/Documents/projects/gymlog/test/features/routines/presentation/ai_routine_review_screen_test.dart: AiRoutineReviewScreen stepper increments set count
00:52 +308 -7: C:/Users/Atharva Patil/Documents/projects/gymlog/test/features/routines/presentation/data/routine_index_test.dart: index shape projects every program day into exactly one routine
00:52 +309 -7: C:/Users/Atharva Patil/Documents/projects/gymlog/test/features/routines/presentation/data/routine_index_test.dart: index shape every program keeps all of its days, in order
00:52 +310 -7: C:/Users/Atharva Patil/Documents/projects/gymlog/test/features/routines/presentation/data/routine_index_test.dart: index shape slugs are unique, lowercase and addressable
00:52 +311 -7: C:/Users/Atharva Patil/Documents/projects/gymlog/test/features/routines/presentation/data/routine_index_test.dart: naming no routine keeps generated day scaffolding
00:52 +312 -7: C:/Users/Atharva Patil/Documents/projects/gymlog/test/features/routines/presentation/data/routine_index_test.dart: naming fixes the reported Upper & Lower Body naming wall
00:52 +313 -7: C:/Users/Atharva Patil/Documents/projects/gymlog/test/features/routines/presentation/data/routine_index_test.dart: naming program labels are unique across the whole catalog
00:52 +314 -7: C:/Users/Atharva Patil/Documents/projects/gymlog/test/features/routines/presentation/data/routine_index_test.dart: naming routine names are unique within a program
00:52 +315 -7: C:/Users/Atharva Patil/Documents/projects/gymlog/test/features/routines/presentation/data/routine_index_test.dart: duration matches the program formula when every day is equal
00:52 +316 -7: C:/Users/Atharva Patil/Documents/projects/gymlog/test/features/routines/presentation/data/routine_index_test.dart: duration exposes the per-session spread the program average hid
00:52 +317 -7: C:/Users/Atharva Patil/Documents/projects/gymlog/test/features/routines/presentation/data/routine_index_test.dart: duration bands are contiguous and ordered
00:52 +318 -7: C:/Users/Atharva Patil/Documents/projects/gymlog/test/features/routines/presentation/data/routine_index_test.dart: slots conditioning notes are excluded from the exercise count
00:52 +319 -7: C:/Users/Atharva Patil/Documents/projects/gymlog/test/features/routines/presentation/data/routine_index_test.dart: slots every routine has at least one importable exercise
00:52 +320 -7: C:/Users/Atharva Patil/Documents/projects/gymlog/test/features/routines/presentation/data/routine_index_test.dart: filtering returns the whole catalog with no constraints
00:52 +321 -7: C:/Users/Atharva Patil/Documents/projects/gymlog/test/features/routines/presentation/data/routine_index_test.dart: filtering filters by equipment
00:52 +322 -7: C:/Users/Atharva Patil/Documents/projects/gymlog/test/features/routines/presentation/data/routine_index_test.dart: filtering filters by level, matching any tagged tier
00:52 +323 -7: C:/Users/Atharva Patil/Documents/projects/gymlog/test/features/routines/presentation/data/routine_index_test.dart: filtering combines axes
00:52 +324 -7: C:/Users/Atharva Patil/Documents/projects/gymlog/test/features/routines/presentation/data/routine_index_test.dart: search finds a routine by an exercise buried inside it
00:52 +325 -7: C:/Users/Atharva Patil/Documents/projects/gymlog/test/features/routines/presentation/data/routine_index_test.dart: search matches on prefixes across multiple tokens
00:52 +326 -7: C:/Users/Atharva Patil/Documents/projects/gymlog/test/features/routines/presentation/data/routine_index_test.dart: search an empty query constrains nothing
00:52 +327 -7: C:/Users/Atharva Patil/Documents/projects/gymlog/test/features/routines/presentation/data/routine_index_test.dart: catalog integrity GZCLP is the only cadence mismatch in the catalog
00:53 +328 -7: C:/Users/Atharva Patil/Documents/projects/gymlog/test/features/routines/presentation/providers/explore_filters_test.dart: equipment capability a full gym can perform everything
00:53 +329 -7: C:/Users/Atharva Patil/Documents/projects/gymlog/test/features/routines/presentation/providers/explore_filters_test.dart: equipment capability dumbbells can also perform bodyweight
00:53 +330 -7: C:/Users/Atharva Patil/Documents/projects/gymlog/test/features/routines/presentation/providers/explore_filters_test.dart: equipment capability bodyweight is the floor
00:53 +331 -7: C:/Users/Atharva Patil/Documents/projects/gymlog/test/features/routines/presentation/providers/explore_filters_test.dart: equipment capability owning more equipment never shows less
00:53 +332 -7: C:/Users/Atharva Patil/Documents/projects/gymlog/test/features/routines/presentation/providers/explore_filters_test.dart: applyExploreFilters no filters returns everything
00:53 +333 -7: C:/Users/Atharva Patil/Documents/projects/gymlog/test/features/routines/presentation/providers/explore_filters_test.dart: applyExploreFilters an empty filter set is reported as empty
00:53 +334 -7: C:/Users/Atharva Patil/Documents/projects/gymlog/test/features/routines/presentation/providers/explore_filters_test.dart: applyExploreFilters search finds routines by exercise name
00:53 +335 -7: C:/Users/Atharva Patil/Documents/projects/gymlog/test/features/routines/presentation/providers/explore_filters_test.dart: applyExploreFilters a nonsense query returns nothing rather than everything
00:53 +336 -7: C:/Users/Atharva Patil/Documents/projects/gymlog/test/features/routines/presentation/providers/explore_filters_test.dart: applyExploreFilters level filter keeps only matching routines
00:53 +337 -7: C:/Users/Atharva Patil/Documents/projects/gymlog/test/features/routines/presentation/providers/explore_filters_test.dart: applyExploreFilters duration filter keeps only matching bands
00:53 +338 -7: C:/Users/Atharva Patil/Documents/projects/gymlog/test/features/routines/presentation/providers/explore_filters_test.dart: applyExploreFilters filters compose
00:53 +339 -7: C:/Users/Atharva Patil/Documents/projects/gymlog/test/features/routines/presentation/providers/explore_filters_test.dart: applyExploreFilters activeCount tracks how many constraints are on
00:53 +340 -7: C:/Users/Atharva Patil/Documents/projects/gymlog/test/features/routines/presentation/providers/explore_filters_test.dart: applyExploreFilters clearing equipment removes the constraint
00:54 +341 -7: C:/Users/Atharva Patil/Documents/projects/gymlog/test/features/routines/presentation/widgets/explore_preview_sheet_test.dart: RoutinePreviewSheet renders routine details, exercises, and muscle map
00:54 +342 -7: C:/Users/Atharva Patil/Documents/projects/gymlog/test/features/routines/presentation/widgets/explore_preview_sheet_test.dart: RoutinePreviewSheet renders routine details, exercises, and muscle map
00:54 +343 -7: C:/Users/Atharva Patil/Documents/projects/gymlog/test/features/routines/presentation/widgets/explore_preview_sheet_test.dart: RoutinePreviewSheet renders routine details, exercises, and muscle map
00:54 +344 -7: C:/Users/Atharva Patil/Documents/projects/gymlog/test/features/routines/presentation/widgets/explore_preview_sheet_test.dart: RoutinePreviewSheet renders routine details, exercises, and muscle map
00:54 +345 -7: C:/Users/Atharva Patil/Documents/projects/gymlog/test/features/routines/presentation/widgets/explore_preview_sheet_test.dart: RoutinePreviewSheet renders routine details, exercises, and muscle map
00:54 +346 -7: C:/Users/Atharva Patil/Documents/projects/gymlog/test/features/routines/presentation/widgets/explore_preview_sheet_test.dart: RoutinePreviewSheet renders routine details, exercises, and muscle map
00:54 +347 -7: C:/Users/Atharva Patil/Documents/projects/gymlog/test/features/routines/presentation/widgets/explore_preview_sheet_test.dart: RoutinePreviewSheet renders routine details, exercises, and muscle map
00:54 +348 -7: C:/Users/Atharva Patil/Documents/projects/gymlog/test/features/routines/presentation/widgets/explore_preview_sheet_test.dart: RoutinePreviewSheet renders routine details, exercises, and muscle map
00:54 +349 -7: C:/Users/Atharva Patil/Documents/projects/gymlog/test/features/routines/presentation/widgets/explore_preview_sheet_test.dart: RoutinePreviewSheet renders routine details, exercises, and muscle map
00:54 +350 -7: C:/Users/Atharva Patil/Documents/projects/gymlog/test/features/routines/presentation/widgets/explore_preview_sheet_test.dart: RoutinePreviewSheet renders routine details, exercises, and muscle map
00:54 +351 -7: C:/Users/Atharva Patil/Documents/projects/gymlog/test/features/routines/presentation/widgets/explore_preview_sheet_test.dart: RoutinePreviewSheet renders routine details, exercises, and muscle map
00:54 +352 -7: C:/Users/Atharva Patil/Documents/projects/gymlog/test/features/routines/presentation/widgets/explore_preview_sheet_test.dart: RoutinePreviewSheet renders routine details, exercises, and muscle map
00:54 +353 -7: C:/Users/Atharva Patil/Documents/projects/gymlog/test/features/routines/presentation/widgets/explore_preview_sheet_test.dart: RoutinePreviewSheet renders routine details, exercises, and muscle map
00:54 +354 -7: C:/Users/Atharva Patil/Documents/projects/gymlog/test/features/routines/presentation/widgets/explore_preview_sheet_test.dart: RoutinePreviewSheet renders routine details, exercises, and muscle map
00:54 +355 -7: C:/Users/Atharva Patil/Documents/projects/gymlog/test/features/routines/presentation/widgets/explore_preview_sheet_test.dart: RoutinePreviewSheet renders routine details, exercises, and muscle map
00:54 +356 -7: C:/Users/Atharva Patil/Documents/projects/gymlog/test/features/routines/presentation/widgets/explore_preview_sheet_test.dart: RoutinePreviewSheet renders routine details, exercises, and muscle map
00:54 +357 -7: C:/Users/Atharva Patil/Documents/projects/gymlog/test/features/routines/presentation/widgets/explore_preview_sheet_test.dart: RoutinePreviewSheet renders routine details, exercises, and muscle map
00:54 +358 -7: C:/Users/Atharva Patil/Documents/projects/gymlog/test/features/routines/presentation/widgets/explore_preview_sheet_test.dart: RoutinePreviewSheet renders routine details, exercises, and muscle map
00:54 +359 -7: C:/Users/Atharva Patil/Documents/projects/gymlog/test/features/routines/presentation/widgets/explore_preview_sheet_test.dart: RoutinePreviewSheet renders routine details, exercises, and muscle map
00:54 +360 -7: C:/Users/Atharva Patil/Documents/projects/gymlog/test/features/routines/presentation/widgets/explore_preview_sheet_test.dart: RoutinePreviewSheet renders routine details, exercises, and muscle map
00:54 +361 -7: C:/Users/Atharva Patil/Documents/projects/gymlog/test/features/routines/presentation/widgets/explore_preview_sheet_test.dart: RoutinePreviewSheet renders routine details, exercises, and muscle map
00:54 +362 -7: C:/Users/Atharva Patil/Documents/projects/gymlog/test/features/routines/presentation/widgets/explore_preview_sheet_test.dart: RoutinePreviewSheet renders routine details, exercises, and muscle map
00:54 +363 -7: C:/Users/Atharva Patil/Documents/projects/gymlog/test/features/routines/presentation/widgets/explore_preview_sheet_test.dart: RoutinePreviewSheet renders routine details, exercises, and muscle map
00:54 +364 -7: C:/Users/Atharva Patil/Documents/projects/gymlog/test/features/routines/presentation/widgets/explore_preview_sheet_test.dart: RoutinePreviewSheet renders routine details, exercises, and muscle map
00:54 +365 -7: C:/Users/Atharva Patil/Documents/projects/gymlog/test/features/routines/presentation/widgets/explore_preview_sheet_test.dart: RoutinePreviewSheet renders routine details, exercises, and muscle map
00:54 +366 -7: C:/Users/Atharva Patil/Documents/projects/gymlog/test/features/routines/presentation/widgets/explore_preview_sheet_test.dart: RoutinePreviewSheet renders routine details, exercises, and muscle map
00:54 +367 -7: C:/Users/Atharva Patil/Documents/projects/gymlog/test/features/routines/presentation/widgets/explore_preview_sheet_test.dart: RoutinePreviewSheet renders routine details, exercises, and muscle map
00:54 +368 -7: C:/Users/Atharva Patil/Documents/projects/gymlog/test/features/routines/presentation/widgets/explore_preview_sheet_test.dart: RoutinePreviewSheet renders routine details, exercises, and muscle map
00:54 +369 -7: C:/Users/Atharva Patil/Documents/projects/gymlog/test/features/routines/presentation/widgets/explore_preview_sheet_test.dart: RoutinePreviewSheet renders routine details, exercises, and muscle map
00:54 +370 -7: C:/Users/Atharva Patil/Documents/projects/gymlog/test/features/routines/presentation/widgets/explore_preview_sheet_test.dart: RoutinePreviewSheet renders routine details, exercises, and muscle map
00:55 +371 -7: C:/Users/Atharva Patil/Documents/projects/gymlog/test/features/routines/presentation/widgets/explore_preview_sheet_test.dart: RoutinePreviewSheet renders routine details, exercises, and muscle map
00:55 +372 -7: C:/Users/Atharva Patil/Documents/projects/gymlog/test/features/routines/presentation/widgets/explore_preview_sheet_test.dart: RoutinePreviewSheet renders routine details, exercises, and muscle map
00:55 +373 -7: C:/Users/Atharva Patil/Documents/projects/gymlog/test/features/routines/presentation/widgets/explore_preview_sheet_test.dart: RoutinePreviewSheet renders routine details, exercises, and muscle map
00:55 +374 -7: C:/Users/Atharva Patil/Documents/projects/gymlog/test/features/routines/presentation/widgets/explore_preview_sheet_test.dart: RoutinePreviewSheet renders routine details, exercises, and muscle map
00:55 +375 -7: C:/Users/Atharva Patil/Documents/projects/gymlog/test/features/routines/presentation/widgets/explore_preview_sheet_test.dart: RoutinePreviewSheet renders routine details, exercises, and muscle map
00:55 +376 -7: C:/Users/Atharva Patil/Documents/projects/gymlog/test/features/routines/presentation/widgets/explore_preview_sheet_test.dart: RoutinePreviewSheet renders routine details, exercises, and muscle map
unhandled element <style/>; Picture key: Svg loader
00:56 +377 -7: C:/Users/Atharva Patil/Documents/projects/gymlog/test/features/workout/active_workout_header_inset_test.dart: nav row starts within handle-strip height of the top
══╡ EXCEPTION CAUGHT BY FLUTTER TEST FRAMEWORK ╞════════════════════════════════════════════════════
The following TestFailure was thrown running a test:
Expected: a value less than or equal to <72.0>
  Actual: <74.5>
   Which: is not a value less than or equal to <72.0>
Close button starts 74.5 dp from top at inset 30; it should sit well below the pre-fix ~78 dp
baseline.

When the exception was thrown, this was the stack:
#4      main.<anonymous closure> (file:///C:/Users/Atharva%20Patil/Documents/projects/gymlog/test/features/workout/active_workout_header_inset_test.dart:54:5)
<asynchronous suspension>
#5      testWidgets.<anonymous closure>.<anonymous closure> (package:flutter_test/src/widget_tester.dart:192:15)
<asynchronous suspension>
#6      TestWidgetsFlutterBinding._runTestBody (package:flutter_test/src/binding.dart:1952:5)
<asynchronous suspension>
<asynchronous suspension>
(elided one frame from package:stack_trace)

This was caught by the test expectation on the following line:
  file:///C:/Users/Atharva%20Patil/Documents/projects/gymlog/test/features/workout/active_workout_header_inset_test.dart line 54
The test description was:
  nav row starts within handle-strip height of the top
════════════════════════════════════════════════════════════════════════════════════════════════════
00:56 +377 -8: C:/Users/Atharva Patil/Documents/projects/gymlog/test/features/routines/presentation/widgets/explore_preview_sheet_test.dart: RoutinePreviewSheet shows View in My Routines when isOwned is true
00:56 +377 -8: C:/Users/Atharva Patil/Documents/projects/gymlog/test/features/workout/active_workout_header_inset_test.dart: nav row starts within handle-strip height of the top [E]
  Test failed. See exception logs above.
  The test description was: nav row starts within handle-strip height of the top
  
00:56 +378 -8: C:/Users/Atharva Patil/Documents/projects/gymlog/test/features/routines/presentation/widgets/explore_preview_sheet_test.dart: RoutinePreviewSheet shows View in My Routines when isOwned is true
00:56 +379 -8: C:/Users/Atharva Patil/Documents/projects/gymlog/test/features/routines/presentation/widgets/explore_preview_sheet_test.dart: RoutinePreviewSheet shows View in My Routines when isOwned is true
00:56 +380 -8: C:/Users/Atharva Patil/Documents/projects/gymlog/test/features/workout/presentation/screens/active_workout_hold_timer_integration_test.dart: ExerciseBlock renders TIMER column and triggers HoldTimer
00:56 +381 -8: C:/Users/Atharva Patil/Documents/projects/gymlog/test/features/workout/presentation/screens/active_workout_hold_timer_integration_test.dart: ExerciseBlock renders TIMER column and triggers HoldTimer
00:58 +382 -8: C:/Users/Atharva Patil/Documents/projects/gymlog/test/features/workout/presentation/screens/active_workout_hold_timer_integration_test.dart: ExerciseBlock renders TIMER column and triggers HoldTimer
00:58 +383 -8: C:/Users/Atharva Patil/Documents/projects/gymlog/test/features/workout/presentation/screens/active_workout_hold_timer_integration_test.dart: ExerciseBlock renders TIMER column and triggers HoldTimer
00:58 +384 -8: C:/Users/Atharva Patil/Documents/projects/gymlog/test/features/workout/presentation/screens/active_workout_hold_timer_integration_test.dart: ExerciseBlock renders TIMER column and triggers HoldTimer
00:58 +385 -8: C:/Users/Atharva Patil/Documents/projects/gymlog/test/features/workout/presentation/widgets/set_row_hold_timer_test.dart: SetRow Hold Timer Integration Tests renders play icon trigger and TextField for duration measurementType
00:59 +386 -8: C:/Users/Atharva Patil/Documents/projects/gymlog/test/features/workout/pr_celebration_overlay_test.dart: PR celebration overlay Keep Going stays fully on-screen on a short viewport with large text and many PRs
00:59 +387 -8: C:/Users/Atharva Patil/Documents/projects/gymlog/test/features/workout/pr_celebration_overlay_test.dart: PR celebration overlay Keep Going stays fully on-screen on a short viewport with large text and many PRs
00:59 +388 -8: C:/Users/Atharva Patil/Documents/projects/gymlog/test/features/workout/pr_celebration_overlay_test.dart: PR celebration overlay Keep Going stays fully on-screen on a short viewport with large text and many PRs
00:59 +389 -8: C:/Users/Atharva Patil/Documents/projects/gymlog/test/features/workout/pr_celebration_overlay_test.dart: PR celebration overlay Keep Going stays fully on-screen on a short viewport with large text and many PRs
00:59 +390 -8: C:/Users/Atharva Patil/Documents/projects/gymlog/test/features/workout/pr_celebration_overlay_test.dart: PR celebration overlay Keep Going stays fully on-screen on a short viewport with large text and many PRs
00:59 +391 -8: C:/Users/Atharva Patil/Documents/projects/gymlog/test/features/workout/pr_celebration_overlay_test.dart: PR celebration overlay Keep Going stays fully on-screen on a short viewport with large text and many PRs
00:59 +392 -8: C:/Users/Atharva Patil/Documents/projects/gymlog/test/features/workout/pr_celebration_overlay_test.dart: PR celebration overlay Keep Going stays fully on-screen on a short viewport with large text and many PRs
00:59 +393 -8: C:/Users/Atharva Patil/Documents/projects/gymlog/test/features/workout/presentation/widgets/set_row_hold_timer_test.dart: SetRow Hold Timer Integration Tests running timer pill does not overflow on 320px narrow viewport
00:59 +394 -8: C:/Users/Atharva Patil/Documents/projects/gymlog/test/features/workout/pr_celebration_overlay_test.dart: PR celebration overlay Keep Going respects the bottom system inset (3-button nav edge-to-edge)
00:59 +395 -8: C:/Users/Atharva Patil/Documents/projects/gymlog/test/features/workout/pr_celebration_overlay_test.dart: PR celebration overlay normal viewport unchanged: CTA visible
00:59 +396 -8: C:/Users/Atharva Patil/Documents/projects/gymlog/test/features/workout/pr_celebration_overlay_test.dart: PR celebration overlay tapping Keep Going dismisses the celebration
01:00 +397 -8: C:/Users/Atharva Patil/Documents/projects/gymlog/test/features/workout/pr_celebration_overlay_test.dart: PR celebration overlay Keep Going button expands height with large text scale
01:01 +398 -8: loading C:/Users/Atharva Patil/Documents/projects/gymlog/test/golden/active_workout_header_golden_test.dart
Warning: A tag was used that wasn't specified in dart_test.yaml.
  golden was used in the suite itself

01:01 +398 -8: C:/Users/Atharva Patil/Documents/projects/gymlog/test/golden/active_workout_header_golden_test.dart: ActiveWorkoutHeader renders correctly per theme (normal layout) (variant: Windows)
══╡ EXCEPTION CAUGHT BY FLUTTER TEST FRAMEWORK ╞════════════════════════════════════════════════════
The following assertion was thrown while running async test code:
Golden "goldens/windows/active_workout_header_normal.png": Pixel test failed, image sizes do not
match.
Master Image: 1170 X 421
Test Image: 1170 X 459
Failure feedback can be found at
/C:/Users/Atharva%20Patil/Documents/projects/gymlog/test/golden/failures

When the exception was thrown, this was the stack:
#0      LocalFileComparator.compare (package:flutter_test/src/_goldens_io.dart:108:5)
<asynchronous suspension>
#1      MatchesGoldenFile.matchAsync.<anonymous closure> (package:flutter_test/src/_matchers_io.dart:124:32)
<asynchronous suspension>
<asynchronous suspension>
#3      _expect.<anonymous closure> (package:matcher/src/expect/expect.dart:153:17)
<asynchronous suspension>
<asynchronous suspension>
#5      expectLater.<anonymous closure> (package:flutter_test/src/widget_tester.dart:508:19)
<asynchronous suspension>
#6      FlutterGoldenTestAdapter.withForceUpdateGoldenFiles (package:alchemist/src/golden_test_adapter.dart:198:14)
<asynchronous suspension>
#7      FlutterGoldenTestRunner.run (package:alchemist/src/golden_test_runner.dart:116:9)
<asynchronous suspension>
#8      goldenTest.<anonymous closure> (package:alchemist/src/golden_test.dart:169:7)
<asynchronous suspension>
#9      testWidgets.<anonymous closure>.<anonymous closure> (package:flutter_test/src/widget_tester.dart:192:15)
<asynchronous suspension>
#10     TestWidgetsFlutterBinding._runTestBody (package:flutter_test/src/binding.dart:1952:5)
<asynchronous suspension>
<asynchronous suspension>
(elided 3 frames from dart:async and package:stack_trace)

The exception was caught asynchronously.
════════════════════════════════════════════════════════════════════════════════════════════════════
01:02 +398 -9: C:/Users/Atharva Patil/Documents/projects/gymlog/test/golden/auth_screen_golden_test.dart: AuthScreen Golden Tests 1. Dark Purple Palette 390x844
01:02 +398 -9: C:/Users/Atharva Patil/Documents/projects/gymlog/test/golden/active_workout_header_golden_test.dart: ActiveWorkoutHeader renders correctly per theme (normal layout) (variant: Windows) [E]
  Test failed. See exception logs above.
  The test description was: ActiveWorkoutHeader renders correctly per theme (normal layout) (variant: Windows)
  
01:02 +398 -9: C:/Users/Atharva Patil/Documents/projects/gymlog/test/golden/auth_screen_golden_test.dart: AuthScreen Golden Tests 1. Dark Purple Palette 390x844
══╡ EXCEPTION CAUGHT BY FLUTTER TEST FRAMEWORK ╞════════════════════════════════════════════════════
The following assertion was thrown while running async test code:
Golden "goldens/auth_screen_purple.png": Pixel test failed, 14.49%, 47679px diff detected.
Failure feedback can be found at
/C:/Users/Atharva%20Patil/Documents/projects/gymlog/test/golden/failures

When the exception was thrown, this was the stack:
#0      LocalFileComparator.compare (package:flutter_test/src/_goldens_io.dart:108:5)
<asynchronous suspension>
#1      MatchesGoldenFile.matchAsync.<anonymous closure> (package:flutter_test/src/_matchers_io.dart:124:32)
<asynchronous suspension>
<asynchronous suspension>
#3      _expect.<anonymous closure> (package:matcher/src/expect/expect.dart:153:17)
<asynchronous suspension>
<asynchronous suspension>
#5      expectLater.<anonymous closure> (package:flutter_test/src/widget_tester.dart:508:19)
<asynchronous suspension>
#6      main.<anonymous closure>.<anonymous closure> (file:///C:/Users/Atharva%20Patil/Documents/projects/gymlog/test/golden/auth_screen_golden_test.dart:98:7)
<asynchronous suspension>
#7      testWidgets.<anonymous closure>.<anonymous closure> (package:flutter_test/src/widget_tester.dart:192:15)
<asynchronous suspension>
#8      TestWidgetsFlutterBinding._runTestBody (package:flutter_test/src/binding.dart:1952:5)
<asynchronous suspension>
<asynchronous suspension>
(elided 3 frames from dart:async and package:stack_trace)

The exception was caught asynchronously.
════════════════════════════════════════════════════════════════════════════════════════════════════
01:02 +398 -10: C:/Users/Atharva Patil/Documents/projects/gymlog/test/golden/active_workout_header_golden_test.dart: ActiveWorkoutHeader renders correctly per theme (normal layout) (variant: CI)
01:02 +398 -10: C:/Users/Atharva Patil/Documents/projects/gymlog/test/golden/auth_screen_golden_test.dart: AuthScreen Golden Tests 1. Dark Purple Palette 390x844 [E]
  Test failed. See exception logs above.
  The test description was: 1. Dark Purple Palette 390x844
  
01:03 +399 -10: C:/Users/Atharva Patil/Documents/projects/gymlog/test/golden/active_workout_header_golden_test.dart: ActiveWorkoutHeader renders correctly per theme (normal layout) (variant: CI)
01:03 +399 -10: loading C:/Users/Atharva Patil/Documents/projects/gymlog/test/golden/muscle_load_bar_golden_test.dart
Warning: A tag was used that wasn't specified in dart_test.yaml.
  golden was used in the suite itself

01:03 +400 -10: C:/Users/Atharva Patil/Documents/projects/gymlog/test/golden/active_workout_header_golden_test.dart: ActiveWorkoutHeader renders correctly per theme (normal layout) (variant: CI)
══╡ EXCEPTION CAUGHT BY FLUTTER TEST FRAMEWORK ╞════════════════════════════════════════════════════
The following assertion was thrown while running async test code:
Golden "goldens/ci/active_workout_header_normal.png": Pixel test failed, image sizes do not match.
Master Image: 1170 X 417
Test Image: 1170 X 455
Failure feedback can be found at
/C:/Users/Atharva%20Patil/Documents/projects/gymlog/test/golden/failures

When the exception was thrown, this was the stack:
#0      LocalFileComparator.compare (package:flutter_test/src/_goldens_io.dart:108:5)
<asynchronous suspension>
#1      MatchesGoldenFile.matchAsync.<anonymous closure> (package:flutter_test/src/_matchers_io.dart:124:32)
<asynchronous suspension>
<asynchronous suspension>
#3      _expect.<anonymous closure> (package:matcher/src/expect/expect.dart:153:17)
<asynchronous suspension>
<asynchronous suspension>
#5      expectLater.<anonymous closure> (package:flutter_test/src/widget_tester.dart:508:19)
<asynchronous suspension>
#6      FlutterGoldenTestAdapter.withForceUpdateGoldenFiles (package:alchemist/src/golden_test_adapter.dart:198:14)
<asynchronous suspension>
#7      FlutterGoldenTestRunner.run (package:alchemist/src/golden_test_runner.dart:116:9)
<asynchronous suspension>
#8      goldenTest.<anonymous closure> (package:alchemist/src/golden_test.dart:169:7)
<asynchronous suspension>
#9      testWidgets.<anonymous closure>.<anonymous closure> (package:flutter_test/src/widget_tester.dart:192:15)
<asynchronous suspension>
#10     TestWidgetsFlutterBinding._runTestBody (package:flutter_test/src/binding.dart:1952:5)
<asynchronous suspension>
<asynchronous suspension>
(elided 3 frames from dart:async and package:stack_trace)

The exception was caught asynchronously.
════════════════════════════════════════════════════════════════════════════════════════════════════
01:03 +400 -11: C:/Users/Atharva Patil/Documents/projects/gymlog/test/golden/muscle_load_bar_golden_test.dart: MuscleLoadBar renders in all six accent palettes (variant: Windows)
01:03 +400 -11: C:/Users/Atharva Patil/Documents/projects/gymlog/test/golden/active_workout_header_golden_test.dart: ActiveWorkoutHeader renders correctly per theme (normal layout) (variant: CI) [E]
  Test failed. See exception logs above.
  The test description was: ActiveWorkoutHeader renders correctly per theme (normal layout) (variant: CI)
  
01:03 +401 -11: C:/Users/Atharva Patil/Documents/projects/gymlog/test/golden/muscle_load_bar_golden_test.dart: MuscleLoadBar renders in all six accent palettes (variant: Windows)
01:03 +402 -11: C:/Users/Atharva Patil/Documents/projects/gymlog/test/golden/muscle_load_bar_golden_test.dart: MuscleLoadBar renders in all six accent palettes (variant: Windows)
01:03 +402 -11: loading C:/Users/Atharva Patil/Documents/projects/gymlog/test/golden/muscle_map_golden_test.dart
Warning: A tag was used that wasn't specified in dart_test.yaml.
  golden was used in the suite itself

01:03 +403 -11: C:/Users/Atharva Patil/Documents/projects/gymlog/test/golden/muscle_load_bar_golden_test.dart: MuscleLoadBar renders in all six accent palettes (variant: Windows)
01:03 +403 -11: C:/Users/Atharva Patil/Documents/projects/gymlog/test/golden/auth_screen_golden_test.dart: AuthScreen Golden Tests 7. Small Viewport 320x568
══╡ EXCEPTION CAUGHT BY FLUTTER TEST FRAMEWORK ╞════════════════════════════════════════════════════
The following assertion was thrown while running async test code:
Golden "goldens/auth_screen_small.png": Pixel test failed, 23.35%, 42447px diff detected.
Failure feedback can be found at
/C:/Users/Atharva%20Patil/Documents/projects/gymlog/test/golden/failures

When the exception was thrown, this was the stack:
#0      LocalFileComparator.compare (package:flutter_test/src/_goldens_io.dart:108:5)
<asynchronous suspension>
#1      MatchesGoldenFile.matchAsync.<anonymous closure> (package:flutter_test/src/_matchers_io.dart:124:32)
<asynchronous suspension>
<asynchronous suspension>
#3      _expect.<anonymous closure> (package:matcher/src/expect/expect.dart:153:17)
<asynchronous suspension>
<asynchronous suspension>
#5      expectLater.<anonymous closure> (package:flutter_test/src/widget_tester.dart:508:19)
<asynchronous suspension>
#6      main.<anonymous closure>.<anonymous closure> (file:///C:/Users/Atharva%20Patil/Documents/projects/gymlog/test/golden/auth_screen_golden_test.dart:158:7)
<asynchronous suspension>
#7      testWidgets.<anonymous closure>.<anonymous closure> (package:flutter_test/src/widget_tester.dart:192:15)
<asynchronous suspension>
#8      TestWidgetsFlutterBinding._runTestBody (package:flutter_test/src/binding.dart:1952:5)
<asynchronous suspension>
<asynchronous suspension>
(elided 3 frames from dart:async and package:stack_trace)

The exception was caught asynchronously.
════════════════════════════════════════════════════════════════════════════════════════════════════
01:03 +403 -12: C:/Users/Atharva Patil/Documents/projects/gymlog/test/golden/muscle_load_bar_golden_test.dart: MuscleLoadBar renders in all six accent palettes (variant: Windows)
01:03 +403 -12: C:/Users/Atharva Patil/Documents/projects/gymlog/test/golden/auth_screen_golden_test.dart: AuthScreen Golden Tests 7. Small Viewport 320x568 [E]
  Test failed. See exception logs above.
  The test description was: 7. Small Viewport 320x568
  
01:03 +403 -12: C:/Users/Atharva Patil/Documents/projects/gymlog/test/golden/active_workout_header_golden_test.dart: ActiveWorkoutHeader renders correctly per theme (large-text compact) (variant: Windows)
══╡ EXCEPTION CAUGHT BY FLUTTER TEST FRAMEWORK ╞════════════════════════════════════════════════════
The following assertion was thrown while running async test code:
Golden "goldens/windows/active_workout_header_large_text.png": Pixel test failed, image sizes do not
match.
Master Image: 960 X 1865
Test Image: 960 X 1939
Failure feedback can be found at
/C:/Users/Atharva%20Patil/Documents/projects/gymlog/test/golden/failures

When the exception was thrown, this was the stack:
#0      LocalFileComparator.compare (package:flutter_test/src/_goldens_io.dart:108:5)
<asynchronous suspension>
#1      MatchesGoldenFile.matchAsync.<anonymous closure> (package:flutter_test/src/_matchers_io.dart:124:32)
<asynchronous suspension>
<asynchronous suspension>
#3      _expect.<anonymous closure> (package:matcher/src/expect/expect.dart:153:17)
<asynchronous suspension>
<asynchronous suspension>
#5      expectLater.<anonymous closure> (package:flutter_test/src/widget_tester.dart:508:19)
<asynchronous suspension>
#6      FlutterGoldenTestAdapter.withForceUpdateGoldenFiles (package:alchemist/src/golden_test_adapter.dart:198:14)
<asynchronous suspension>
#7      FlutterGoldenTestRunner.run (package:alchemist/src/golden_test_runner.dart:116:9)
<asynchronous suspension>
#8      goldenTest.<anonymous closure> (package:alchemist/src/golden_test.dart:169:7)
<asynchronous suspension>
#9      testWidgets.<anonymous closure>.<anonymous closure> (package:flutter_test/src/widget_tester.dart:192:15)
<asynchronous suspension>
#10     TestWidgetsFlutterBinding._runTestBody (package:flutter_test/src/binding.dart:1952:5)
<asynchronous suspension>
<asynchronous suspension>
(elided 3 frames from dart:async and package:stack_trace)

The exception was caught asynchronously.
════════════════════════════════════════════════════════════════════════════════════════════════════
01:03 +403 -13: C:/Users/Atharva Patil/Documents/projects/gymlog/test/golden/muscle_load_bar_golden_test.dart: MuscleLoadBar renders in all six accent palettes (variant: Windows)
01:03 +403 -13: C:/Users/Atharva Patil/Documents/projects/gymlog/test/golden/active_workout_header_golden_test.dart: ActiveWorkoutHeader renders correctly per theme (large-text compact) (variant: Windows) [E]
  Test failed. See exception logs above.
  The test description was: ActiveWorkoutHeader renders correctly per theme (large-text compact) (variant: Windows)
  
01:04 +403 -13: C:/Users/Atharva Patil/Documents/projects/gymlog/test/golden/auth_screen_golden_test.dart: AuthScreen Golden Tests 8. Landscape 844x390
══╡ EXCEPTION CAUGHT BY FLUTTER TEST FRAMEWORK ╞════════════════════════════════════════════════════
The following assertion was thrown while running async test code:
Golden "goldens/auth_screen_landscape.png": Pixel test failed, 12.02%, 39565px diff detected.
Failure feedback can be found at
/C:/Users/Atharva%20Patil/Documents/projects/gymlog/test/golden/failures

When the exception was thrown, this was the stack:
#0      LocalFileComparator.compare (package:flutter_test/src/_goldens_io.dart:108:5)
<asynchronous suspension>
#1      MatchesGoldenFile.matchAsync.<anonymous closure> (package:flutter_test/src/_matchers_io.dart:124:32)
<asynchronous suspension>
<asynchronous suspension>
#3      _expect.<anonymous closure> (package:matcher/src/expect/expect.dart:153:17)
<asynchronous suspension>
<asynchronous suspension>
#5      expectLater.<anonymous closure> (package:flutter_test/src/widget_tester.dart:508:19)
<asynchronous suspension>
#6      main.<anonymous closure>.<anonymous closure> (file:///C:/Users/Atharva%20Patil/Documents/projects/gymlog/test/golden/auth_screen_golden_test.dart:168:7)
<asynchronous suspension>
#7      testWidgets.<anonymous closure>.<anonymous closure> (package:flutter_test/src/widget_tester.dart:192:15)
<asynchronous suspension>
#8      TestWidgetsFlutterBinding._runTestBody (package:flutter_test/src/binding.dart:1952:5)
<asynchronous suspension>
<asynchronous suspension>
(elided 3 frames from dart:async and package:stack_trace)

The exception was caught asynchronously.
════════════════════════════════════════════════════════════════════════════════════════════════════
01:04 +403 -14: C:/Users/Atharva Patil/Documents/projects/gymlog/test/golden/muscle_load_bar_golden_test.dart: MuscleLoadBar renders in all six accent palettes (variant: Windows)
01:04 +403 -14: C:/Users/Atharva Patil/Documents/projects/gymlog/test/golden/auth_screen_golden_test.dart: AuthScreen Golden Tests 8. Landscape 844x390 [E]
  Test failed. See exception logs above.
  The test description was: 8. Landscape 844x390
  
01:04 +403 -14: C:/Users/Atharva Patil/Documents/projects/gymlog/test/golden/muscle_load_bar_golden_test.dart: MuscleLoadBar renders in all six accent palettes (variant: Windows)
══╡ EXCEPTION CAUGHT BY FLUTTER TEST FRAMEWORK ╞════════════════════════════════════════════════════
The following assertion was thrown while running async test code:
Golden "goldens/windows/muscle_load_bar_all_themes.png": Pixel test failed, 1.01%, 1910px diff
detected.
Failure feedback can be found at
/C:/Users/Atharva%20Patil/Documents/projects/gymlog/test/golden/failures

When the exception was thrown, this was the stack:
#0      LocalFileComparator.compare (package:flutter_test/src/_goldens_io.dart:108:5)
<asynchronous suspension>
#1      MatchesGoldenFile.matchAsync.<anonymous closure> (package:flutter_test/src/_matchers_io.dart:124:32)
<asynchronous suspension>
<asynchronous suspension>
#3      _expect.<anonymous closure> (package:matcher/src/expect/expect.dart:153:17)
<asynchronous suspension>
<asynchronous suspension>
#5      expectLater.<anonymous closure> (package:flutter_test/src/widget_tester.dart:508:19)
<asynchronous suspension>
#6      FlutterGoldenTestAdapter.withForceUpdateGoldenFiles (package:alchemist/src/golden_test_adapter.dart:198:14)
<asynchronous suspension>
#7      FlutterGoldenTestRunner.run (package:alchemist/src/golden_test_runner.dart:116:9)
<asynchronous suspension>
#8      goldenTest.<anonymous closure> (package:alchemist/src/golden_test.dart:169:7)
<asynchronous suspension>
#9      testWidgets.<anonymous closure>.<anonymous closure> (package:flutter_test/src/widget_tester.dart:192:15)
<asynchronous suspension>
#10     TestWidgetsFlutterBinding._runTestBody (package:flutter_test/src/binding.dart:1952:5)
<asynchronous suspension>
<asynchronous suspension>
(elided 3 frames from dart:async and package:stack_trace)

The exception was caught asynchronously.
════════════════════════════════════════════════════════════════════════════════════════════════════
01:04 +403 -15: C:/Users/Atharva Patil/Documents/projects/gymlog/test/golden/muscle_map_golden_test.dart: MuscleMap front-only male highlights Chest and Triceps (variant: Windows)
01:04 +403 -15: C:/Users/Atharva Patil/Documents/projects/gymlog/test/golden/muscle_load_bar_golden_test.dart: MuscleLoadBar renders in all six accent palettes (variant: Windows) [E]
  Test failed. See exception logs above.
  The test description was: MuscleLoadBar renders in all six accent palettes (variant: Windows)
  
01:04 +403 -15: C:/Users/Atharva Patil/Documents/projects/gymlog/test/golden/auth_screen_golden_test.dart: AuthScreen Golden Tests 9. Text Scale 1.3
══╡ EXCEPTION CAUGHT BY FLUTTER TEST FRAMEWORK ╞════════════════════════════════════════════════════
The following assertion was thrown while running async test code:
Golden "goldens/auth_screen_text_scale_1_3.png": Pixel test failed, 14.02%, 46142px diff detected.
Failure feedback can be found at
/C:/Users/Atharva%20Patil/Documents/projects/gymlog/test/golden/failures

When the exception was thrown, this was the stack:
#0      LocalFileComparator.compare (package:flutter_test/src/_goldens_io.dart:108:5)
<asynchronous suspension>
#1      MatchesGoldenFile.matchAsync.<anonymous closure> (package:flutter_test/src/_matchers_io.dart:124:32)
<asynchronous suspension>
<asynchronous suspension>
#3      _expect.<anonymous closure> (package:matcher/src/expect/expect.dart:153:17)
<asynchronous suspension>
<asynchronous suspension>
#5      expectLater.<anonymous closure> (package:flutter_test/src/widget_tester.dart:508:19)
<asynchronous suspension>
#6      main.<anonymous closure>.<anonymous closure> (file:///C:/Users/Atharva%20Patil/Documents/projects/gymlog/test/golden/auth_screen_golden_test.dart:179:7)
<asynchronous suspension>
#7      testWidgets.<anonymous closure>.<anonymous closure> (package:flutter_test/src/widget_tester.dart:192:15)
<asynchronous suspension>
#8      TestWidgetsFlutterBinding._runTestBody (package:flutter_test/src/binding.dart:1952:5)
<asynchronous suspension>
<asynchronous suspension>
(elided 3 frames from dart:async and package:stack_trace)

The exception was caught asynchronously.
════════════════════════════════════════════════════════════════════════════════════════════════════
01:04 +403 -16: C:/Users/Atharva Patil/Documents/projects/gymlog/test/golden/muscle_map_golden_test.dart: MuscleMap front-only male highlights Chest and Triceps (variant: Windows)
01:04 +403 -16: C:/Users/Atharva Patil/Documents/projects/gymlog/test/golden/auth_screen_golden_test.dart: AuthScreen Golden Tests 9. Text Scale 1.3 [E]
  Test failed. See exception logs above.
  The test description was: 9. Text Scale 1.3
  
01:04 +403 -16: C:/Users/Atharva Patil/Documents/projects/gymlog/test/golden/active_workout_header_golden_test.dart: ActiveWorkoutHeader renders correctly per theme (large-text compact) (variant: CI)
══╡ EXCEPTION CAUGHT BY FLUTTER TEST FRAMEWORK ╞════════════════════════════════════════════════════
The following assertion was thrown while running async test code:
Golden "goldens/ci/active_workout_header_large_text.png": Pixel test failed, image sizes do not
match.
Master Image: 960 X 1861
Test Image: 960 X 1935
Failure feedback can be found at
/C:/Users/Atharva%20Patil/Documents/projects/gymlog/test/golden/failures

When the exception was thrown, this was the stack:
#0      LocalFileComparator.compare (package:flutter_test/src/_goldens_io.dart:108:5)
<asynchronous suspension>
#1      MatchesGoldenFile.matchAsync.<anonymous closure> (package:flutter_test/src/_matchers_io.dart:124:32)
<asynchronous suspension>
<asynchronous suspension>
#3      _expect.<anonymous closure> (package:matcher/src/expect/expect.dart:153:17)
<asynchronous suspension>
<asynchronous suspension>
#5      expectLater.<anonymous closure> (package:flutter_test/src/widget_tester.dart:508:19)
<asynchronous suspension>
#6      FlutterGoldenTestAdapter.withForceUpdateGoldenFiles (package:alchemist/src/golden_test_adapter.dart:198:14)
<asynchronous suspension>
#7      FlutterGoldenTestRunner.run (package:alchemist/src/golden_test_runner.dart:116:9)
<asynchronous suspension>
#8      goldenTest.<anonymous closure> (package:alchemist/src/golden_test.dart:169:7)
<asynchronous suspension>
#9      testWidgets.<anonymous closure>.<anonymous closure> (package:flutter_test/src/widget_tester.dart:192:15)
<asynchronous suspension>
#10     TestWidgetsFlutterBinding._runTestBody (package:flutter_test/src/binding.dart:1952:5)
<asynchronous suspension>
<asynchronous suspension>
(elided 3 frames from dart:async and package:stack_trace)

The exception was caught asynchronously.
════════════════════════════════════════════════════════════════════════════════════════════════════
01:04 +403 -17: C:/Users/Atharva Patil/Documents/projects/gymlog/test/golden/muscle_map_golden_test.dart: MuscleMap front-only male highlights Chest and Triceps (variant: Windows)
01:04 +403 -17: C:/Users/Atharva Patil/Documents/projects/gymlog/test/golden/active_workout_header_golden_test.dart: ActiveWorkoutHeader renders correctly per theme (large-text compact) (variant: CI) [E]
  Test failed. See exception logs above.
  The test description was: ActiveWorkoutHeader renders correctly per theme (large-text compact) (variant: CI)
  
01:05 +403 -17: C:/Users/Atharva Patil/Documents/projects/gymlog/test/golden/auth_screen_golden_test.dart: AuthScreen Golden Tests 10. Text Scale 2.0
══╡ EXCEPTION CAUGHT BY FLUTTER TEST FRAMEWORK ╞════════════════════════════════════════════════════
The following assertion was thrown while running async test code:
Golden "goldens/auth_screen_text_scale_2_0.png": Pixel test failed, 13.30%, 43766px diff detected.
Failure feedback can be found at
/C:/Users/Atharva%20Patil/Documents/projects/gymlog/test/golden/failures

When the exception was thrown, this was the stack:
#0      LocalFileComparator.compare (package:flutter_test/src/_goldens_io.dart:108:5)
<asynchronous suspension>
#1      MatchesGoldenFile.matchAsync.<anonymous closure> (package:flutter_test/src/_matchers_io.dart:124:32)
<asynchronous suspension>
<asynchronous suspension>
#3      _expect.<anonymous closure> (package:matcher/src/expect/expect.dart:153:17)
<asynchronous suspension>
<asynchronous suspension>
#5      expectLater.<anonymous closure> (package:flutter_test/src/widget_tester.dart:508:19)
<asynchronous suspension>
#6      main.<anonymous closure>.<anonymous closure> (file:///C:/Users/Atharva%20Patil/Documents/projects/gymlog/test/golden/auth_screen_golden_test.dart:190:7)
<asynchronous suspension>
#7      testWidgets.<anonymous closure>.<anonymous closure> (package:flutter_test/src/widget_tester.dart:192:15)
<asynchronous suspension>
#8      TestWidgetsFlutterBinding._runTestBody (package:flutter_test/src/binding.dart:1952:5)
<asynchronous suspension>
<asynchronous suspension>
(elided 3 frames from dart:async and package:stack_trace)

The exception was caught asynchronously.
════════════════════════════════════════════════════════════════════════════════════════════════════
01:05 +403 -17: C:/Users/Atharva Patil/Documents/projects/gymlog/test/golden/muscle_load_bar_golden_test.dart: MuscleLoadBar renders in all six accent palettes (variant: CI)
══╡ EXCEPTION CAUGHT BY FLUTTER TEST FRAMEWORK ╞════════════════════════════════════════════════════
The following assertion was thrown while running async test code:
Golden "goldens/ci/muscle_load_bar_all_themes.png": Pixel test failed, 2.04%, 3776px diff detected.
Failure feedback can be found at
/C:/Users/Atharva%20Patil/Documents/projects/gymlog/test/golden/failures

When the exception was thrown, this was the stack:
#0      LocalFileComparator.compare (package:flutter_test/src/_goldens_io.dart:108:5)
<asynchronous suspension>
#1      MatchesGoldenFile.matchAsync.<anonymous closure> (package:flutter_test/src/_matchers_io.dart:124:32)
<asynchronous suspension>
<asynchronous suspension>
#3      _expect.<anonymous closure> (package:matcher/src/expect/expect.dart:153:17)
<asynchronous suspension>
<asynchronous suspension>
#5      expectLater.<anonymous closure> (package:flutter_test/src/widget_tester.dart:508:19)
<asynchronous suspension>
#6      FlutterGoldenTestAdapter.withForceUpdateGoldenFiles (package:alchemist/src/golden_test_adapter.dart:198:14)
<asynchronous suspension>
#7      FlutterGoldenTestRunner.run (package:alchemist/src/golden_test_runner.dart:116:9)
<asynchronous suspension>
#8      goldenTest.<anonymous closure> (package:alchemist/src/golden_test.dart:169:7)
<asynchronous suspension>
#9      testWidgets.<anonymous closure>.<anonymous closure> (package:flutter_test/src/widget_tester.dart:192:15)
<asynchronous suspension>
#10     TestWidgetsFlutterBinding._runTestBody (package:flutter_test/src/binding.dart:1952:5)
<asynchronous suspension>
<asynchronous suspension>
(elided 3 frames from dart:async and package:stack_trace)

The exception was caught asynchronously.
════════════════════════════════════════════════════════════════════════════════════════════════════
01:05 +403 -18: C:/Users/Atharva Patil/Documents/projects/gymlog/test/golden/muscle_map_golden_test.dart: MuscleMap front-only male highlights Chest and Triceps (variant: Windows)
01:05 +403 -18: C:/Users/Atharva Patil/Documents/projects/gymlog/test/golden/muscle_load_bar_golden_test.dart: MuscleLoadBar renders in all six accent palettes (variant: CI) [E]
  Test failed. See exception logs above.
  The test description was: MuscleLoadBar renders in all six accent palettes (variant: CI)
  
01:05 +403 -19: C:/Users/Atharva Patil/Documents/projects/gymlog/test/golden/muscle_map_golden_test.dart: MuscleMap front-only male highlights Chest and Triceps (variant: Windows)
01:05 +403 -19: C:/Users/Atharva Patil/Documents/projects/gymlog/test/golden/auth_screen_golden_test.dart: AuthScreen Golden Tests 10. Text Scale 2.0 [E]
  Test failed. See exception logs above.
  The test description was: 10. Text Scale 2.0
  
01:05 +403 -19: C:/Users/Atharva Patil/Documents/projects/gymlog/test/golden/muscle_map_golden_test.dart: MuscleMap front-only male highlights Chest and Triceps (variant: Windows)
unhandled element <style/>; Picture key: Svg loader
01:05 +403 -19: C:/Users/Atharva Patil/Documents/projects/gymlog/test/golden/active_workout_header_golden_test.dart: ActiveWorkoutHeader renders correctly per theme (status-bar inset) (variant: Windows)
══╡ EXCEPTION CAUGHT BY FLUTTER TEST FRAMEWORK ╞════════════════════════════════════════════════════
The following assertion was thrown while running async test code:
Golden "goldens/windows/active_workout_header_inset.png": Pixel test failed, 4.17%, 20432px diff
detected.
Failure feedback can be found at
/C:/Users/Atharva%20Patil/Documents/projects/gymlog/test/golden/failures

When the exception was thrown, this was the stack:
#0      LocalFileComparator.compare (package:flutter_test/src/_goldens_io.dart:108:5)
<asynchronous suspension>
#1      MatchesGoldenFile.matchAsync.<anonymous closure> (package:flutter_test/src/_matchers_io.dart:124:32)
<asynchronous suspension>
<asynchronous suspension>
#3      _expect.<anonymous closure> (package:matcher/src/expect/expect.dart:153:17)
<asynchronous suspension>
<asynchronous suspension>
#5      expectLater.<anonymous closure> (package:flutter_test/src/widget_tester.dart:508:19)
<asynchronous suspension>
#6      FlutterGoldenTestAdapter.withForceUpdateGoldenFiles (package:alchemist/src/golden_test_adapter.dart:198:14)
<asynchronous suspension>
#7      FlutterGoldenTestRunner.run (package:alchemist/src/golden_test_runner.dart:116:9)
<asynchronous suspension>
#8      goldenTest.<anonymous closure> (package:alchemist/src/golden_test.dart:169:7)
<asynchronous suspension>
#9      testWidgets.<anonymous closure>.<anonymous closure> (package:flutter_test/src/widget_tester.dart:192:15)
<asynchronous suspension>
#10     TestWidgetsFlutterBinding._runTestBody (package:flutter_test/src/binding.dart:1952:5)
<asynchronous suspension>
<asynchronous suspension>
(elided 3 frames from dart:async and package:stack_trace)

The exception was caught asynchronously.
════════════════════════════════════════════════════════════════════════════════════════════════════
01:05 +403 -20: C:/Users/Atharva Patil/Documents/projects/gymlog/test/golden/muscle_map_golden_test.dart: MuscleMap front-only male highlights Chest and Triceps (variant: Windows)
01:05 +403 -20: C:/Users/Atharva Patil/Documents/projects/gymlog/test/golden/active_workout_header_golden_test.dart: ActiveWorkoutHeader renders correctly per theme (status-bar inset) (variant: Windows) [E]
  Test failed. See exception logs above.
  The test description was: ActiveWorkoutHeader renders correctly per theme (status-bar inset) (variant: Windows)
  
01:05 +403 -20: C:/Users/Atharva Patil/Documents/projects/gymlog/test/golden/muscle_map_golden_test.dart: MuscleMap front-only male highlights Chest and Triceps (variant: Windows)
══╡ EXCEPTION CAUGHT BY FLUTTER TEST FRAMEWORK ╞════════════════════════════════════════════════════
The following assertion was thrown while running async test code:
Golden "goldens/windows/muscle_map_front_male.png": Pixel test failed, 0.45%, 2517px diff detected.
Failure feedback can be found at
/C:/Users/Atharva%20Patil/Documents/projects/gymlog/test/golden/failures

When the exception was thrown, this was the stack:
#0      LocalFileComparator.compare (package:flutter_test/src/_goldens_io.dart:108:5)
<asynchronous suspension>
#1      MatchesGoldenFile.matchAsync.<anonymous closure> (package:flutter_test/src/_matchers_io.dart:124:32)
<asynchronous suspension>
<asynchronous suspension>
#3      _expect.<anonymous closure> (package:matcher/src/expect/expect.dart:153:17)
<asynchronous suspension>
<asynchronous suspension>
#5      expectLater.<anonymous closure> (package:flutter_test/src/widget_tester.dart:508:19)
<asynchronous suspension>
#6      FlutterGoldenTestAdapter.withForceUpdateGoldenFiles (package:alchemist/src/golden_test_adapter.dart:198:14)
<asynchronous suspension>
#7      FlutterGoldenTestRunner.run (package:alchemist/src/golden_test_runner.dart:116:9)
<asynchronous suspension>
#8      goldenTest.<anonymous closure> (package:alchemist/src/golden_test.dart:169:7)
<asynchronous suspension>
#9      testWidgets.<anonymous closure>.<anonymous closure> (package:flutter_test/src/widget_tester.dart:192:15)
<asynchronous suspension>
#10     TestWidgetsFlutterBinding._runTestBody (package:flutter_test/src/binding.dart:1952:5)
<asynchronous suspension>
<asynchronous suspension>
(elided 3 frames from dart:async and package:stack_trace)

The exception was caught asynchronously.
════════════════════════════════════════════════════════════════════════════════════════════════════
01:05 +403 -21: C:/Users/Atharva Patil/Documents/projects/gymlog/test/golden/auth_screen_golden_test.dart: AuthScreen Golden Tests 11. Loading State
01:05 +403 -21: C:/Users/Atharva Patil/Documents/projects/gymlog/test/golden/muscle_map_golden_test.dart: MuscleMap front-only male highlights Chest and Triceps (variant: Windows) [E]
  Test failed. See exception logs above.
  The test description was: MuscleMap front-only male highlights Chest and Triceps (variant: Windows)
  
01:06 +403 -21: C:/Users/Atharva Patil/Documents/projects/gymlog/test/golden/auth_screen_golden_test.dart: AuthScreen Golden Tests 11. Loading State
══╡ EXCEPTION CAUGHT BY FLUTTER TEST FRAMEWORK ╞════════════════════════════════════════════════════
The following assertion was thrown while running async test code:
Golden "goldens/auth_screen_loading.png": Pixel test failed, 14.16%, 46606px diff detected.
Failure feedback can be found at
/C:/Users/Atharva%20Patil/Documents/projects/gymlog/test/golden/failures

When the exception was thrown, this was the stack:
#0      LocalFileComparator.compare (package:flutter_test/src/_goldens_io.dart:108:5)
<asynchronous suspension>
#1      MatchesGoldenFile.matchAsync.<anonymous closure> (package:flutter_test/src/_matchers_io.dart:124:32)
<asynchronous suspension>
<asynchronous suspension>
#3      _expect.<anonymous closure> (package:matcher/src/expect/expect.dart:153:17)
<asynchronous suspension>
<asynchronous suspension>
#5      expectLater.<anonymous closure> (package:flutter_test/src/widget_tester.dart:508:19)
<asynchronous suspension>
#6      main.<anonymous closure>.<anonymous closure> (file:///C:/Users/Atharva%20Patil/Documents/projects/gymlog/test/golden/auth_screen_golden_test.dart:207:7)
<asynchronous suspension>
#7      testWidgets.<anonymous closure>.<anonymous closure> (package:flutter_test/src/widget_tester.dart:192:15)
<asynchronous suspension>
#8      TestWidgetsFlutterBinding._runTestBody (package:flutter_test/src/binding.dart:1952:5)
<asynchronous suspension>
<asynchronous suspension>
(elided 3 frames from dart:async and package:stack_trace)

The exception was caught asynchronously.
════════════════════════════════════════════════════════════════════════════════════════════════════
01:06 +403 -22: C:/Users/Atharva Patil/Documents/projects/gymlog/test/golden/active_workout_header_golden_test.dart: ActiveWorkoutHeader renders correctly per theme (status-bar inset) (variant: CI)
01:06 +403 -22: C:/Users/Atharva Patil/Documents/projects/gymlog/test/golden/auth_screen_golden_test.dart: AuthScreen Golden Tests 11. Loading State [E]
  Test failed. See exception logs above.
  The test description was: 11. Loading State
  
01:06 +403 -22: C:/Users/Atharva Patil/Documents/projects/gymlog/test/golden/auth_screen_golden_test.dart: AuthScreen Golden Tests 12. Reduced Motion Final Frame
══╡ EXCEPTION CAUGHT BY FLUTTER TEST FRAMEWORK ╞════════════════════════════════════════════════════
The following assertion was thrown while running async test code:
Golden "goldens/auth_screen_reduced_motion.png": Pixel test failed, 14.74%, 48512px diff detected.
Failure feedback can be found at
/C:/Users/Atharva%20Patil/Documents/projects/gymlog/test/golden/failures

When the exception was thrown, this was the stack:
#0      LocalFileComparator.compare (package:flutter_test/src/_goldens_io.dart:108:5)
<asynchronous suspension>
#1      MatchesGoldenFile.matchAsync.<anonymous closure> (package:flutter_test/src/_matchers_io.dart:124:32)
<asynchronous suspension>
<asynchronous suspension>
#3      _expect.<anonymous closure> (package:matcher/src/expect/expect.dart:153:17)
<asynchronous suspension>
<asynchronous suspension>
#5      expectLater.<anonymous closure> (package:flutter_test/src/widget_tester.dart:508:19)
<asynchronous suspension>
#6      main.<anonymous closure>.<anonymous closure> (file:///C:/Users/Atharva%20Patil/Documents/projects/gymlog/test/golden/auth_screen_golden_test.dart:221:7)
<asynchronous suspension>
#7      testWidgets.<anonymous closure>.<anonymous closure> (package:flutter_test/src/widget_tester.dart:192:15)
<asynchronous suspension>
#8      TestWidgetsFlutterBinding._runTestBody (package:flutter_test/src/binding.dart:1952:5)
<asynchronous suspension>
<asynchronous suspension>
(elided 3 frames from dart:async and package:stack_trace)

The exception was caught asynchronously.
════════════════════════════════════════════════════════════════════════════════════════════════════
01:06 +403 -23: C:/Users/Atharva Patil/Documents/projects/gymlog/test/golden/active_workout_header_golden_test.dart: ActiveWorkoutHeader renders correctly per theme (status-bar inset) (variant: CI)
01:06 +403 -23: C:/Users/Atharva Patil/Documents/projects/gymlog/test/golden/auth_screen_golden_test.dart: AuthScreen Golden Tests 12. Reduced Motion Final Frame [E]
  Test failed. See exception logs above.
  The test description was: 12. Reduced Motion Final Frame
  
01:06 +403 -23: C:/Users/Atharva Patil/Documents/projects/gymlog/test/golden/active_workout_header_golden_test.dart: ActiveWorkoutHeader renders correctly per theme (status-bar inset) (variant: CI)
══╡ EXCEPTION CAUGHT BY FLUTTER TEST FRAMEWORK ╞════════════════════════════════════════════════════
The following assertion was thrown while running async test code:
Golden "goldens/ci/active_workout_header_inset.png": Pixel test failed, 3.08%, 14954px diff
detected.
Failure feedback can be found at
/C:/Users/Atharva%20Patil/Documents/projects/gymlog/test/golden/failures

When the exception was thrown, this was the stack:
#0      LocalFileComparator.compare (package:flutter_test/src/_goldens_io.dart:108:5)
<asynchronous suspension>
#1      MatchesGoldenFile.matchAsync.<anonymous closure> (package:flutter_test/src/_matchers_io.dart:124:32)
<asynchronous suspension>
<asynchronous suspension>
#3      _expect.<anonymous closure> (package:matcher/src/expect/expect.dart:153:17)
<asynchronous suspension>
<asynchronous suspension>
#5      expectLater.<anonymous closure> (package:flutter_test/src/widget_tester.dart:508:19)
<asynchronous suspension>
#6      FlutterGoldenTestAdapter.withForceUpdateGoldenFiles (package:alchemist/src/golden_test_adapter.dart:198:14)
<asynchronous suspension>
#7      FlutterGoldenTestRunner.run (package:alchemist/src/golden_test_runner.dart:116:9)
<asynchronous suspension>
#8      goldenTest.<anonymous closure> (package:alchemist/src/golden_test.dart:169:7)
<asynchronous suspension>
#9      testWidgets.<anonymous closure>.<anonymous closure> (package:flutter_test/src/widget_tester.dart:192:15)
<asynchronous suspension>
#10     TestWidgetsFlutterBinding._runTestBody (package:flutter_test/src/binding.dart:1952:5)
<asynchronous suspension>
<asynchronous suspension>
(elided 3 frames from dart:async and package:stack_trace)

The exception was caught asynchronously.
════════════════════════════════════════════════════════════════════════════════════════════════════
01:06 +403 -24: C:/Users/Atharva Patil/Documents/projects/gymlog/test/golden/muscle_map_golden_test.dart: MuscleMap front-only male highlights Chest and Triceps (variant: CI)
01:06 +403 -24: C:/Users/Atharva Patil/Documents/projects/gymlog/test/golden/active_workout_header_golden_test.dart: ActiveWorkoutHeader renders correctly per theme (status-bar inset) (variant: CI) [E]
  Test failed. See exception logs above.
  The test description was: ActiveWorkoutHeader renders correctly per theme (status-bar inset) (variant: CI)
  
01:07 +403 -24: C:/Users/Atharva Patil/Documents/projects/gymlog/test/golden/auth_screen_golden_test.dart: AuthScreen Golden Tests 13. Offline Snackbar
[Auth] failure=network
01:07 +403 -24: C:/Users/Atharva Patil/Documents/projects/gymlog/test/golden/muscle_map_golden_test.dart: MuscleMap front-only male highlights Chest and Triceps (variant: CI)
══╡ EXCEPTION CAUGHT BY FLUTTER TEST FRAMEWORK ╞════════════════════════════════════════════════════
The following assertion was thrown while running async test code:
Golden "goldens/ci/muscle_map_front_male.png": Pixel test failed, 0.46%, 2517px diff detected.
Failure feedback can be found at
/C:/Users/Atharva%20Patil/Documents/projects/gymlog/test/golden/failures

When the exception was thrown, this was the stack:
#0      LocalFileComparator.compare (package:flutter_test/src/_goldens_io.dart:108:5)
<asynchronous suspension>
#1      MatchesGoldenFile.matchAsync.<anonymous closure> (package:flutter_test/src/_matchers_io.dart:124:32)
<asynchronous suspension>
<asynchronous suspension>
#3      _expect.<anonymous closure> (package:matcher/src/expect/expect.dart:153:17)
<asynchronous suspension>
<asynchronous suspension>
#5      expectLater.<anonymous closure> (package:flutter_test/src/widget_tester.dart:508:19)
<asynchronous suspension>
#6      FlutterGoldenTestAdapter.withForceUpdateGoldenFiles (package:alchemist/src/golden_test_adapter.dart:198:14)
<asynchronous suspension>
#7      FlutterGoldenTestRunner.run (package:alchemist/src/golden_test_runner.dart:116:9)
<asynchronous suspension>
#8      goldenTest.<anonymous closure> (package:alchemist/src/golden_test.dart:169:7)
<asynchronous suspension>
#9      testWidgets.<anonymous closure>.<anonymous closure> (package:flutter_test/src/widget_tester.dart:192:15)
<asynchronous suspension>
#10     TestWidgetsFlutterBinding._runTestBody (package:flutter_test/src/binding.dart:1952:5)
<asynchronous suspension>
<asynchronous suspension>
(elided 3 frames from dart:async and package:stack_trace)

The exception was caught asynchronously.
════════════════════════════════════════════════════════════════════════════════════════════════════
01:07 +403 -25: C:/Users/Atharva Patil/Documents/projects/gymlog/test/golden/auth_screen_golden_test.dart: AuthScreen Golden Tests 13. Offline Snackbar
01:07 +403 -25: C:/Users/Atharva Patil/Documents/projects/gymlog/test/golden/muscle_map_golden_test.dart: MuscleMap front-only male highlights Chest and Triceps (variant: CI) [E]
  Test failed. See exception logs above.
  The test description was: MuscleMap front-only male highlights Chest and Triceps (variant: CI)
  
01:07 +403 -25: C:/Users/Atharva Patil/Documents/projects/gymlog/test/golden/auth_screen_golden_test.dart: AuthScreen Golden Tests 13. Offline Snackbar
══╡ EXCEPTION CAUGHT BY FLUTTER TEST FRAMEWORK ╞════════════════════════════════════════════════════
The following assertion was thrown while running async test code:
Golden "goldens/auth_screen_offline_snackbar.png": Pixel test failed, 12.88%, 42403px diff detected.
Failure feedback can be found at
/C:/Users/Atharva%20Patil/Documents/projects/gymlog/test/golden/failures

When the exception was thrown, this was the stack:
#0      LocalFileComparator.compare (package:flutter_test/src/_goldens_io.dart:108:5)
<asynchronous suspension>
#1      MatchesGoldenFile.matchAsync.<anonymous closure> (package:flutter_test/src/_matchers_io.dart:124:32)
<asynchronous suspension>
<asynchronous suspension>
#3      _expect.<anonymous closure> (package:matcher/src/expect/expect.dart:153:17)
<asynchronous suspension>
<asynchronous suspension>
#5      expectLater.<anonymous closure> (package:flutter_test/src/widget_tester.dart:508:19)
<asynchronous suspension>
#6      main.<anonymous closure>.<anonymous closure> (file:///C:/Users/Atharva%20Patil/Documents/projects/gymlog/test/golden/auth_screen_golden_test.dart:237:7)
<asynchronous suspension>
#7      testWidgets.<anonymous closure>.<anonymous closure> (package:flutter_test/src/widget_tester.dart:192:15)
<asynchronous suspension>
#8      TestWidgetsFlutterBinding._runTestBody (package:flutter_test/src/binding.dart:1952:5)
<asynchronous suspension>
<asynchronous suspension>
(elided 3 frames from dart:async and package:stack_trace)

The exception was caught asynchronously.
════════════════════════════════════════════════════════════════════════════════════════════════════
01:07 +403 -26: C:/Users/Atharva Patil/Documents/projects/gymlog/test/golden/muscle_map_golden_test.dart: MuscleMap front+back female highlights Back and Biceps (variant: Windows)
01:07 +403 -26: C:/Users/Atharva Patil/Documents/projects/gymlog/test/golden/auth_screen_golden_test.dart: AuthScreen Golden Tests 13. Offline Snackbar [E]
  Test failed. See exception logs above.
  The test description was: 13. Offline Snackbar
  
01:07 +403 -26: C:/Users/Atharva Patil/Documents/projects/gymlog/test/golden/auth_screen_golden_test.dart: AuthScreen Golden Tests 14. Configuration-error Snackbar
[Auth] failure=configuration code=google_android_configuration
01:07 +403 -26: loading C:/Users/Atharva Patil/Documents/projects/gymlog/test/golden/nav_bar_golden_test.dart
Warning: A tag was used that wasn't specified in dart_test.yaml.
  golden was used in the suite itself

01:07 +403 -26: C:/Users/Atharva Patil/Documents/projects/gymlog/test/golden/auth_screen_golden_test.dart: AuthScreen Golden Tests 14. Configuration-error Snackbar
══╡ EXCEPTION CAUGHT BY FLUTTER TEST FRAMEWORK ╞════════════════════════════════════════════════════
The following assertion was thrown while running async test code:
Golden "goldens/auth_screen_config_error_snackbar.png": Pixel test failed, 12.88%, 42403px diff
detected.
Failure feedback can be found at
/C:/Users/Atharva%20Patil/Documents/projects/gymlog/test/golden/failures

When the exception was thrown, this was the stack:
#0      LocalFileComparator.compare (package:flutter_test/src/_goldens_io.dart:108:5)
<asynchronous suspension>
#1      MatchesGoldenFile.matchAsync.<anonymous closure> (package:flutter_test/src/_matchers_io.dart:124:32)
<asynchronous suspension>
<asynchronous suspension>
#3      _expect.<anonymous closure> (package:matcher/src/expect/expect.dart:153:17)
<asynchronous suspension>
<asynchronous suspension>
#5      expectLater.<anonymous closure> (package:flutter_test/src/widget_tester.dart:508:19)
<asynchronous suspension>
#6      main.<anonymous closure>.<anonymous closure> (file:///C:/Users/Atharva%20Patil/Documents/projects/gymlog/test/golden/auth_screen_golden_test.dart:255:7)
<asynchronous suspension>
#7      testWidgets.<anonymous closure>.<anonymous closure> (package:flutter_test/src/widget_tester.dart:192:15)
<asynchronous suspension>
#8      TestWidgetsFlutterBinding._runTestBody (package:flutter_test/src/binding.dart:1952:5)
<asynchronous suspension>
<asynchronous suspension>
(elided 3 frames from dart:async and package:stack_trace)

The exception was caught asynchronously.
════════════════════════════════════════════════════════════════════════════════════════════════════
01:07 +403 -27: C:/Users/Atharva Patil/Documents/projects/gymlog/test/golden/muscle_map_golden_test.dart: MuscleMap front+back female highlights Back and Biceps (variant: Windows)
01:07 +403 -27: C:/Users/Atharva Patil/Documents/projects/gymlog/test/golden/auth_screen_golden_test.dart: AuthScreen Golden Tests 14. Configuration-error Snackbar [E]
  Test failed. See exception logs above.
  The test description was: 14. Configuration-error Snackbar
  
01:08 +403 -27: C:/Users/Atharva Patil/Documents/projects/gymlog/test/golden/muscle_map_golden_test.dart: MuscleMap front+back female highlights Back and Biceps (variant: Windows)
══╡ EXCEPTION CAUGHT BY FLUTTER TEST FRAMEWORK ╞════════════════════════════════════════════════════
The following assertion was thrown while running async test code:
Golden "goldens/windows/muscle_map_full_female.png": Pixel test failed, 0.52%, 3757px diff detected.
Failure feedback can be found at
/C:/Users/Atharva%20Patil/Documents/projects/gymlog/test/golden/failures

When the exception was thrown, this was the stack:
#0      LocalFileComparator.compare (package:flutter_test/src/_goldens_io.dart:108:5)
<asynchronous suspension>
#1      MatchesGoldenFile.matchAsync.<anonymous closure> (package:flutter_test/src/_matchers_io.dart:124:32)
<asynchronous suspension>
<asynchronous suspension>
#3      _expect.<anonymous closure> (package:matcher/src/expect/expect.dart:153:17)
<asynchronous suspension>
<asynchronous suspension>
#5      expectLater.<anonymous closure> (package:flutter_test/src/widget_tester.dart:508:19)
<asynchronous suspension>
#6      FlutterGoldenTestAdapter.withForceUpdateGoldenFiles (package:alchemist/src/golden_test_adapter.dart:198:14)
<asynchronous suspension>
#7      FlutterGoldenTestRunner.run (package:alchemist/src/golden_test_runner.dart:116:9)
<asynchronous suspension>
#8      goldenTest.<anonymous closure> (package:alchemist/src/golden_test.dart:169:7)
<asynchronous suspension>
#9      testWidgets.<anonymous closure>.<anonymous closure> (package:flutter_test/src/widget_tester.dart:192:15)
<asynchronous suspension>
#10     TestWidgetsFlutterBinding._runTestBody (package:flutter_test/src/binding.dart:1952:5)
<asynchronous suspension>
<asynchronous suspension>
(elided 3 frames from dart:async and package:stack_trace)

The exception was caught asynchronously.
════════════════════════════════════════════════════════════════════════════════════════════════════
01:08 +403 -28: C:/Users/Atharva Patil/Documents/projects/gymlog/test/golden/nav_bar_golden_test.dart: BottomNavBar — all palettes, tab 0 selected, standard sizes (variant: Windows)
01:08 +403 -28: C:/Users/Atharva Patil/Documents/projects/gymlog/test/golden/muscle_map_golden_test.dart: MuscleMap front+back female highlights Back and Biceps (variant: Windows) [E]
  Test failed. See exception logs above.
  The test description was: MuscleMap front+back female highlights Back and Biceps (variant: Windows)
  
01:09 +403 -28: loading C:/Users/Atharva Patil/Documents/projects/gymlog/test/golden/onboarding_steps_golden_test.dart
Warning: A tag was used that wasn't specified in dart_test.yaml.
  golden was used in the suite itself

01:09 +403 -28: C:/Users/Atharva Patil/Documents/projects/gymlog/test/golden/muscle_map_golden_test.dart: MuscleMap front+back female highlights Back and Biceps (variant: CI)
══╡ EXCEPTION CAUGHT BY FLUTTER TEST FRAMEWORK ╞════════════════════════════════════════════════════
The following assertion was thrown while running async test code:
Golden "goldens/ci/muscle_map_full_female.png": Pixel test failed, 0.52%, 3758px diff detected.
Failure feedback can be found at
/C:/Users/Atharva%20Patil/Documents/projects/gymlog/test/golden/failures

When the exception was thrown, this was the stack:
#0      LocalFileComparator.compare (package:flutter_test/src/_goldens_io.dart:108:5)
<asynchronous suspension>
#1      MatchesGoldenFile.matchAsync.<anonymous closure> (package:flutter_test/src/_matchers_io.dart:124:32)
<asynchronous suspension>
<asynchronous suspension>
#3      _expect.<anonymous closure> (package:matcher/src/expect/expect.dart:153:17)
<asynchronous suspension>
<asynchronous suspension>
#5      expectLater.<anonymous closure> (package:flutter_test/src/widget_tester.dart:508:19)
<asynchronous suspension>
#6      FlutterGoldenTestAdapter.withForceUpdateGoldenFiles (package:alchemist/src/golden_test_adapter.dart:198:14)
<asynchronous suspension>
#7      FlutterGoldenTestRunner.run (package:alchemist/src/golden_test_runner.dart:116:9)
<asynchronous suspension>
#8      goldenTest.<anonymous closure> (package:alchemist/src/golden_test.dart:169:7)
<asynchronous suspension>
#9      testWidgets.<anonymous closure>.<anonymous closure> (package:flutter_test/src/widget_tester.dart:192:15)
<asynchronous suspension>
#10     TestWidgetsFlutterBinding._runTestBody (package:flutter_test/src/binding.dart:1952:5)
<asynchronous suspension>
<asynchronous suspension>
(elided 3 frames from dart:async and package:stack_trace)

The exception was caught asynchronously.
════════════════════════════════════════════════════════════════════════════════════════════════════
01:09 +403 -29: C:/Users/Atharva Patil/Documents/projects/gymlog/test/golden/nav_bar_golden_test.dart: BottomNavBar — all palettes, tab 0 selected, standard sizes (variant: Windows)
01:09 +403 -29: C:/Users/Atharva Patil/Documents/projects/gymlog/test/golden/muscle_map_golden_test.dart: MuscleMap front+back female highlights Back and Biceps (variant: CI) [E]
  Test failed. See exception logs above.
  The test description was: MuscleMap front+back female highlights Back and Biceps (variant: CI)
  
01:09 +404 -29: C:/Users/Atharva Patil/Documents/projects/gymlog/test/golden/onboarding_steps_golden_test.dart: StepAge renders per theme (variant: Windows)
01:10 +404 -29: C:/Users/Atharva Patil/Documents/projects/gymlog/test/golden/muscle_map_golden_test.dart: MuscleMap recolors with the active accent (Volt vs Purple) (variant: Windows)
══╡ EXCEPTION CAUGHT BY FLUTTER TEST FRAMEWORK ╞════════════════════════════════════════════════════
The following assertion was thrown while running async test code:
Golden "goldens/windows/muscle_map_accent_compare.png": Pixel test failed, 2.22%, 2498px diff
detected.
Failure feedback can be found at
/C:/Users/Atharva%20Patil/Documents/projects/gymlog/test/golden/failures

When the exception was thrown, this was the stack:
#0      LocalFileComparator.compare (package:flutter_test/src/_goldens_io.dart:108:5)
<asynchronous suspension>
#1      MatchesGoldenFile.matchAsync.<anonymous closure> (package:flutter_test/src/_matchers_io.dart:124:32)
<asynchronous suspension>
<asynchronous suspension>
#3      _expect.<anonymous closure> (package:matcher/src/expect/expect.dart:153:17)
<asynchronous suspension>
<asynchronous suspension>
#5      expectLater.<anonymous closure> (package:flutter_test/src/widget_tester.dart:508:19)
<asynchronous suspension>
#6      FlutterGoldenTestAdapter.withForceUpdateGoldenFiles (package:alchemist/src/golden_test_adapter.dart:198:14)
<asynchronous suspension>
#7      FlutterGoldenTestRunner.run (package:alchemist/src/golden_test_runner.dart:116:9)
<asynchronous suspension>
#8      goldenTest.<anonymous closure> (package:alchemist/src/golden_test.dart:169:7)
<asynchronous suspension>
#9      testWidgets.<anonymous closure>.<anonymous closure> (package:flutter_test/src/widget_tester.dart:192:15)
<asynchronous suspension>
#10     TestWidgetsFlutterBinding._runTestBody (package:flutter_test/src/binding.dart:1952:5)
<asynchronous suspension>
<asynchronous suspension>
(elided 3 frames from dart:async and package:stack_trace)

The exception was caught asynchronously.
════════════════════════════════════════════════════════════════════════════════════════════════════
01:10 +404 -30: C:/Users/Atharva Patil/Documents/projects/gymlog/test/golden/onboarding_steps_golden_test.dart: StepAge renders per theme (variant: Windows)
01:10 +404 -30: C:/Users/Atharva Patil/Documents/projects/gymlog/test/golden/muscle_map_golden_test.dart: MuscleMap recolors with the active accent (Volt vs Purple) (variant: Windows) [E]
  Test failed. See exception logs above.
  The test description was: MuscleMap recolors with the active accent (Volt vs Purple) (variant: Windows)
  
01:10 +404 -30: loading C:/Users/Atharva Patil/Documents/projects/gymlog/test/golden/pr_celebration_golden_test.dart
Warning: A tag was used that wasn't specified in dart_test.yaml.
  golden was used in the suite itself

01:10 +404 -30: C:/Users/Atharva Patil/Documents/projects/gymlog/test/golden/muscle_map_golden_test.dart: MuscleMap recolors with the active accent (Volt vs Purple) (variant: CI)
══╡ EXCEPTION CAUGHT BY FLUTTER TEST FRAMEWORK ╞════════════════════════════════════════════════════
The following assertion was thrown while running async test code:
Golden "goldens/ci/muscle_map_accent_compare.png": Pixel test failed, 2.23%, 2498px diff detected.
Failure feedback can be found at
/C:/Users/Atharva%20Patil/Documents/projects/gymlog/test/golden/failures

When the exception was thrown, this was the stack:
#0      LocalFileComparator.compare (package:flutter_test/src/_goldens_io.dart:108:5)
<asynchronous suspension>
#1      MatchesGoldenFile.matchAsync.<anonymous closure> (package:flutter_test/src/_matchers_io.dart:124:32)
<asynchronous suspension>
<asynchronous suspension>
#3      _expect.<anonymous closure> (package:matcher/src/expect/expect.dart:153:17)
<asynchronous suspension>
<asynchronous suspension>
#5      expectLater.<anonymous closure> (package:flutter_test/src/widget_tester.dart:508:19)
<asynchronous suspension>
#6      FlutterGoldenTestAdapter.withForceUpdateGoldenFiles (package:alchemist/src/golden_test_adapter.dart:198:14)
<asynchronous suspension>
#7      FlutterGoldenTestRunner.run (package:alchemist/src/golden_test_runner.dart:116:9)
<asynchronous suspension>
#8      goldenTest.<anonymous closure> (package:alchemist/src/golden_test.dart:169:7)
<asynchronous suspension>
#9      testWidgets.<anonymous closure>.<anonymous closure> (package:flutter_test/src/widget_tester.dart:192:15)
<asynchronous suspension>
#10     TestWidgetsFlutterBinding._runTestBody (package:flutter_test/src/binding.dart:1952:5)
<asynchronous suspension>
<asynchronous suspension>
(elided 3 frames from dart:async and package:stack_trace)

The exception was caught asynchronously.
════════════════════════════════════════════════════════════════════════════════════════════════════
01:10 +404 -31: C:/Users/Atharva Patil/Documents/projects/gymlog/test/golden/onboarding_steps_golden_test.dart: StepAge renders per theme (variant: Windows)
01:10 +404 -31: C:/Users/Atharva Patil/Documents/projects/gymlog/test/golden/muscle_map_golden_test.dart: MuscleMap recolors with the active accent (Volt vs Purple) (variant: CI) [E]
  Test failed. See exception logs above.
  The test description was: MuscleMap recolors with the active accent (Volt vs Purple) (variant: CI)
  
01:10 +405 -31: C:/Users/Atharva Patil/Documents/projects/gymlog/test/golden/onboarding_steps_golden_test.dart: StepAge renders per theme (variant: Windows)
01:11 +406 -31: C:/Users/Atharva Patil/Documents/projects/gymlog/test/golden/onboarding_steps_golden_test.dart: StepAge renders per theme (variant: Windows)
01:11 +407 -31: C:/Users/Atharva Patil/Documents/projects/gymlog/test/golden/onboarding_steps_golden_test.dart: StepAge renders per theme (variant: Windows)
01:11 +408 -31: C:/Users/Atharva Patil/Documents/projects/gymlog/test/golden/onboarding_steps_golden_test.dart: StepAge renders per theme (variant: Windows)
01:12 +409 -31: C:/Users/Atharva Patil/Documents/projects/gymlog/test/golden/onboarding_steps_golden_test.dart: StepAge renders per theme (variant: Windows)
01:12 +409 -31: loading C:/Users/Atharva Patil/Documents/projects/gymlog/test/golden/segmented_control_golden_test.dart
Warning: A tag was used that wasn't specified in dart_test.yaml.
  golden was used in the suite itself

01:12 +409 -31: C:/Users/Atharva Patil/Documents/projects/gymlog/test/golden/onboarding_steps_golden_test.dart: StepAge renders per theme (variant: Windows)
══╡ EXCEPTION CAUGHT BY FLUTTER TEST FRAMEWORK ╞════════════════════════════════════════════════════
The following assertion was thrown while running async test code:
Golden "goldens/windows/onboarding_step_age.png": Pixel test failed, 1.02%, 17471px diff detected.
Failure feedback can be found at
/C:/Users/Atharva%20Patil/Documents/projects/gymlog/test/golden/failures

When the exception was thrown, this was the stack:
#0      LocalFileComparator.compare (package:flutter_test/src/_goldens_io.dart:108:5)
<asynchronous suspension>
#1      MatchesGoldenFile.matchAsync.<anonymous closure> (package:flutter_test/src/_matchers_io.dart:124:32)
<asynchronous suspension>
<asynchronous suspension>
#3      _expect.<anonymous closure> (package:matcher/src/expect/expect.dart:153:17)
<asynchronous suspension>
<asynchronous suspension>
#5      expectLater.<anonymous closure> (package:flutter_test/src/widget_tester.dart:508:19)
<asynchronous suspension>
#6      FlutterGoldenTestAdapter.withForceUpdateGoldenFiles (package:alchemist/src/golden_test_adapter.dart:198:14)
<asynchronous suspension>
#7      FlutterGoldenTestRunner.run (package:alchemist/src/golden_test_runner.dart:116:9)
<asynchronous suspension>
#8      goldenTest.<anonymous closure> (package:alchemist/src/golden_test.dart:169:7)
<asynchronous suspension>
#9      testWidgets.<anonymous closure>.<anonymous closure> (package:flutter_test/src/widget_tester.dart:192:15)
<asynchronous suspension>
#10     TestWidgetsFlutterBinding._runTestBody (package:flutter_test/src/binding.dart:1952:5)
<asynchronous suspension>
<asynchronous suspension>
(elided 3 frames from dart:async and package:stack_trace)

The exception was caught asynchronously.
════════════════════════════════════════════════════════════════════════════════════════════════════
01:12 +409 -32: C:/Users/Atharva Patil/Documents/projects/gymlog/test/golden/pr_celebration_golden_test.dart: PrCelebrationCard renders per theme (variant: Windows)
01:12 +409 -32: C:/Users/Atharva Patil/Documents/projects/gymlog/test/golden/onboarding_steps_golden_test.dart: StepAge renders per theme (variant: Windows) [E]
  Test failed. See exception logs above.
  The test description was: StepAge renders per theme (variant: Windows)
  
01:12 +410 -32: C:/Users/Atharva Patil/Documents/projects/gymlog/test/golden/pr_celebration_golden_test.dart: PrCelebrationCard renders per theme (variant: Windows)
══╡ EXCEPTION CAUGHT BY FLUTTER TEST FRAMEWORK ╞════════════════════════════════════════════════════
The following assertion was thrown while running async test code:
Golden "goldens/windows/pr_celebration_card.png": Pixel test failed, image sizes do not match.
Master Image: 1068 X 1148
Test Image: 1080 X 1148
Failure feedback can be found at
/C:/Users/Atharva%20Patil/Documents/projects/gymlog/test/golden/failures

When the exception was thrown, this was the stack:
#0      LocalFileComparator.compare (package:flutter_test/src/_goldens_io.dart:108:5)
<asynchronous suspension>
#1      MatchesGoldenFile.matchAsync.<anonymous closure> (package:flutter_test/src/_matchers_io.dart:124:32)
<asynchronous suspension>
<asynchronous suspension>
#3      _expect.<anonymous closure> (package:matcher/src/expect/expect.dart:153:17)
<asynchronous suspension>
<asynchronous suspension>
#5      expectLater.<anonymous closure> (package:flutter_test/src/widget_tester.dart:508:19)
<asynchronous suspension>
#6      FlutterGoldenTestAdapter.withForceUpdateGoldenFiles (package:alchemist/src/golden_test_adapter.dart:198:14)
<asynchronous suspension>
#7      FlutterGoldenTestRunner.run (package:alchemist/src/golden_test_runner.dart:116:9)
<asynchronous suspension>
#8      goldenTest.<anonymous closure> (package:alchemist/src/golden_test.dart:169:7)
<asynchronous suspension>
#9      testWidgets.<anonymous closure>.<anonymous closure> (package:flutter_test/src/widget_tester.dart:192:15)
<asynchronous suspension>
#10     TestWidgetsFlutterBinding._runTestBody (package:flutter_test/src/binding.dart:1952:5)
<asynchronous suspension>
<asynchronous suspension>
(elided 3 frames from dart:async and package:stack_trace)

The exception was caught asynchronously.
════════════════════════════════════════════════════════════════════════════════════════════════════
01:13 +410 -33: C:/Users/Atharva Patil/Documents/projects/gymlog/test/golden/segmented_control_golden_test.dart: SegmentedControl renders correctly per theme (variant: Windows)
01:13 +410 -33: C:/Users/Atharva Patil/Documents/projects/gymlog/test/golden/pr_celebration_golden_test.dart: PrCelebrationCard renders per theme (variant: Windows) [E]
  Test failed. See exception logs above.
  The test description was: PrCelebrationCard renders per theme (variant: Windows)
  
01:13 +411 -33: C:/Users/Atharva Patil/Documents/projects/gymlog/test/golden/segmented_control_golden_test.dart: SegmentedControl renders correctly per theme (variant: Windows)
01:13 +412 -33: C:/Users/Atharva Patil/Documents/projects/gymlog/test/golden/segmented_control_golden_test.dart: SegmentedControl renders correctly per theme (variant: Windows)
01:13 +413 -33: C:/Users/Atharva Patil/Documents/projects/gymlog/test/golden/segmented_control_golden_test.dart: SegmentedControl renders correctly per theme (variant: Windows)
01:14 +413 -33: C:/Users/Atharva Patil/Documents/projects/gymlog/test/golden/pr_celebration_golden_test.dart: PrCelebrationCard renders per theme (variant: CI)
══╡ EXCEPTION CAUGHT BY FLUTTER TEST FRAMEWORK ╞════════════════════════════════════════════════════
The following assertion was thrown while running async test code:
Golden "goldens/ci/pr_celebration_card.png": Pixel test failed, image sizes do not match.
Master Image: 1068 X 1144
Test Image: 1080 X 1144
Failure feedback can be found at
/C:/Users/Atharva%20Patil/Documents/projects/gymlog/test/golden/failures

When the exception was thrown, this was the stack:
#0      LocalFileComparator.compare (package:flutter_test/src/_goldens_io.dart:108:5)
<asynchronous suspension>
#1      MatchesGoldenFile.matchAsync.<anonymous closure> (package:flutter_test/src/_matchers_io.dart:124:32)
<asynchronous suspension>
<asynchronous suspension>
#3      _expect.<anonymous closure> (package:matcher/src/expect/expect.dart:153:17)
<asynchronous suspension>
<asynchronous suspension>
#5      expectLater.<anonymous closure> (package:flutter_test/src/widget_tester.dart:508:19)
<asynchronous suspension>
#6      FlutterGoldenTestAdapter.withForceUpdateGoldenFiles (package:alchemist/src/golden_test_adapter.dart:198:14)
<asynchronous suspension>
#7      FlutterGoldenTestRunner.run (package:alchemist/src/golden_test_runner.dart:116:9)
<asynchronous suspension>
#8      goldenTest.<anonymous closure> (package:alchemist/src/golden_test.dart:169:7)
<asynchronous suspension>
#9      testWidgets.<anonymous closure>.<anonymous closure> (package:flutter_test/src/widget_tester.dart:192:15)
<asynchronous suspension>
#10     TestWidgetsFlutterBinding._runTestBody (package:flutter_test/src/binding.dart:1952:5)
<asynchronous suspension>
<asynchronous suspension>
(elided 3 frames from dart:async and package:stack_trace)

The exception was caught asynchronously.
════════════════════════════════════════════════════════════════════════════════════════════════════
01:14 +413 -34: C:/Users/Atharva Patil/Documents/projects/gymlog/test/golden/segmented_control_golden_test.dart: SegmentedControl renders correctly per theme (variant: Windows)
01:14 +413 -34: C:/Users/Atharva Patil/Documents/projects/gymlog/test/golden/pr_celebration_golden_test.dart: PrCelebrationCard renders per theme (variant: CI) [E]
  Test failed. See exception logs above.
  The test description was: PrCelebrationCard renders per theme (variant: CI)
  
01:14 +414 -34: C:/Users/Atharva Patil/Documents/projects/gymlog/test/golden/onboarding_steps_golden_test.dart: StepAge renders per theme (variant: CI)
01:14 +415 -34: C:/Users/Atharva Patil/Documents/projects/gymlog/test/golden/onboarding_steps_golden_test.dart: StepAge renders per theme (variant: CI)
══╡ EXCEPTION CAUGHT BY FLUTTER TEST FRAMEWORK ╞════════════════════════════════════════════════════
The following assertion was thrown while running async test code:
Golden "goldens/ci/onboarding_step_age.png": Pixel test failed, 0.94%, 16010px diff detected.
Failure feedback can be found at
/C:/Users/Atharva%20Patil/Documents/projects/gymlog/test/golden/failures

When the exception was thrown, this was the stack:
#0      LocalFileComparator.compare (package:flutter_test/src/_goldens_io.dart:108:5)
<asynchronous suspension>
#1      MatchesGoldenFile.matchAsync.<anonymous closure> (package:flutter_test/src/_matchers_io.dart:124:32)
<asynchronous suspension>
<asynchronous suspension>
#3      _expect.<anonymous closure> (package:matcher/src/expect/expect.dart:153:17)
<asynchronous suspension>
<asynchronous suspension>
#5      expectLater.<anonymous closure> (package:flutter_test/src/widget_tester.dart:508:19)
<asynchronous suspension>
#6      FlutterGoldenTestAdapter.withForceUpdateGoldenFiles (package:alchemist/src/golden_test_adapter.dart:198:14)
<asynchronous suspension>
#7      FlutterGoldenTestRunner.run (package:alchemist/src/golden_test_runner.dart:116:9)
<asynchronous suspension>
#8      goldenTest.<anonymous closure> (package:alchemist/src/golden_test.dart:169:7)
<asynchronous suspension>
#9      testWidgets.<anonymous closure>.<anonymous closure> (package:flutter_test/src/widget_tester.dart:192:15)
<asynchronous suspension>
#10     TestWidgetsFlutterBinding._runTestBody (package:flutter_test/src/binding.dart:1952:5)
<asynchronous suspension>
<asynchronous suspension>
(elided 3 frames from dart:async and package:stack_trace)

The exception was caught asynchronously.
════════════════════════════════════════════════════════════════════════════════════════════════════
01:14 +415 -35: C:/Users/Atharva Patil/Documents/projects/gymlog/test/golden/pr_celebration_golden_test.dart: PrCelebrationCard fits a short viewport with a bottom inset (3-button nav edge-to-edge) — Keep Going must stay on-screen (variant: Windows)
01:14 +415 -35: C:/Users/Atharva Patil/Documents/projects/gymlog/test/golden/onboarding_steps_golden_test.dart: StepAge renders per theme (variant: CI) [E]
  Test failed. See exception logs above.
  The test description was: StepAge renders per theme (variant: CI)
  
01:14 +416 -35: C:/Users/Atharva Patil/Documents/projects/gymlog/test/golden/pr_celebration_golden_test.dart: PrCelebrationCard fits a short viewport with a bottom inset (3-button nav edge-to-edge) — Keep Going must stay on-screen (variant: Windows)
01:14 +417 -35: C:/Users/Atharva Patil/Documents/projects/gymlog/test/golden/pr_celebration_golden_test.dart: PrCelebrationCard fits a short viewport with a bottom inset (3-button nav edge-to-edge) — Keep Going must stay on-screen (variant: Windows)
01:14 +418 -35: C:/Users/Atharva Patil/Documents/projects/gymlog/test/golden/pr_celebration_golden_test.dart: PrCelebrationCard fits a short viewport with a bottom inset (3-button nav edge-to-edge) — Keep Going must stay on-screen (variant: Windows)
01:15 +419 -35: C:/Users/Atharva Patil/Documents/projects/gymlog/test/golden/pr_celebration_golden_test.dart: PrCelebrationCard fits a short viewport with a bottom inset (3-button nav edge-to-edge) — Keep Going must stay on-screen (variant: Windows)
01:15 +420 -35: C:/Users/Atharva Patil/Documents/projects/gymlog/test/golden/pr_celebration_golden_test.dart: PrCelebrationCard fits a short viewport with a bottom inset (3-button nav edge-to-edge) — Keep Going must stay on-screen (variant: Windows)
══╡ EXCEPTION CAUGHT BY FLUTTER TEST FRAMEWORK ╞════════════════════════════════════════════════════
The following assertion was thrown while running async test code:
Golden "goldens/windows/pr_celebration_card_small_viewport.png": Pixel test failed, image sizes do
not match.
Master Image: 1068 X 1148
Test Image: 1080 X 1148
Failure feedback can be found at
/C:/Users/Atharva%20Patil/Documents/projects/gymlog/test/golden/failures

When the exception was thrown, this was the stack:
#0      LocalFileComparator.compare (package:flutter_test/src/_goldens_io.dart:108:5)
<asynchronous suspension>
#1      MatchesGoldenFile.matchAsync.<anonymous closure> (package:flutter_test/src/_matchers_io.dart:124:32)
<asynchronous suspension>
<asynchronous suspension>
#3      _expect.<anonymous closure> (package:matcher/src/expect/expect.dart:153:17)
<asynchronous suspension>
<asynchronous suspension>
#5      expectLater.<anonymous closure> (package:flutter_test/src/widget_tester.dart:508:19)
<asynchronous suspension>
#6      FlutterGoldenTestAdapter.withForceUpdateGoldenFiles (package:alchemist/src/golden_test_adapter.dart:198:14)
<asynchronous suspension>
#7      FlutterGoldenTestRunner.run (package:alchemist/src/golden_test_runner.dart:116:9)
<asynchronous suspension>
#8      goldenTest.<anonymous closure> (package:alchemist/src/golden_test.dart:169:7)
<asynchronous suspension>
#9      testWidgets.<anonymous closure>.<anonymous closure> (package:flutter_test/src/widget_tester.dart:192:15)
<asynchronous suspension>
#10     TestWidgetsFlutterBinding._runTestBody (package:flutter_test/src/binding.dart:1952:5)
<asynchronous suspension>
<asynchronous suspension>
(elided 3 frames from dart:async and package:stack_trace)

The exception was caught asynchronously.
════════════════════════════════════════════════════════════════════════════════════════════════════
01:15 +420 -36: C:/Users/Atharva Patil/Documents/projects/gymlog/test/golden/onboarding_steps_golden_test.dart: StepAge at 100 renders per theme (regression: 3 digits must not wrap) (variant: Windows)
01:15 +420 -36: C:/Users/Atharva Patil/Documents/projects/gymlog/test/golden/pr_celebration_golden_test.dart: PrCelebrationCard fits a short viewport with a bottom inset (3-button nav edge-to-edge) — Keep Going must stay on-screen (variant: Windows) [E]
  Test failed. See exception logs above.
  The test description was: PrCelebrationCard fits a short viewport with a bottom inset (3-button nav edge-to-edge) — Keep Going must stay on-screen (variant: Windows)
  
01:15 +421 -36: C:/Users/Atharva Patil/Documents/projects/gymlog/test/golden/onboarding_steps_golden_test.dart: StepAge at 100 renders per theme (regression: 3 digits must not wrap) (variant: Windows)
══╡ EXCEPTION CAUGHT BY FLUTTER TEST FRAMEWORK ╞════════════════════════════════════════════════════
The following assertion was thrown while running async test code:
Golden "goldens/windows/onboarding_step_age_100.png": Pixel test failed, 1.02%, 17471px diff
detected.
Failure feedback can be found at
/C:/Users/Atharva%20Patil/Documents/projects/gymlog/test/golden/failures

When the exception was thrown, this was the stack:
#0      LocalFileComparator.compare (package:flutter_test/src/_goldens_io.dart:108:5)
<asynchronous suspension>
#1      MatchesGoldenFile.matchAsync.<anonymous closure> (package:flutter_test/src/_matchers_io.dart:124:32)
<asynchronous suspension>
<asynchronous suspension>
#3      _expect.<anonymous closure> (package:matcher/src/expect/expect.dart:153:17)
<asynchronous suspension>
<asynchronous suspension>
#5      expectLater.<anonymous closure> (package:flutter_test/src/widget_tester.dart:508:19)
<asynchronous suspension>
#6      FlutterGoldenTestAdapter.withForceUpdateGoldenFiles (package:alchemist/src/golden_test_adapter.dart:198:14)
<asynchronous suspension>
#7      FlutterGoldenTestRunner.run (package:alchemist/src/golden_test_runner.dart:116:9)
<asynchronous suspension>
#8      goldenTest.<anonymous closure> (package:alchemist/src/golden_test.dart:169:7)
<asynchronous suspension>
#9      testWidgets.<anonymous closure>.<anonymous closure> (package:flutter_test/src/widget_tester.dart:192:15)
<asynchronous suspension>
#10     TestWidgetsFlutterBinding._runTestBody (package:flutter_test/src/binding.dart:1952:5)
<asynchronous suspension>
<asynchronous suspension>
(elided 3 frames from dart:async and package:stack_trace)

The exception was caught asynchronously.
════════════════════════════════════════════════════════════════════════════════════════════════════
01:15 +421 -37: C:/Users/Atharva Patil/Documents/projects/gymlog/test/golden/pr_celebration_golden_test.dart: PrCelebrationCard fits a short viewport with a bottom inset (3-button nav edge-to-edge) — Keep Going must stay on-screen (variant: CI)
01:15 +421 -37: C:/Users/Atharva Patil/Documents/projects/gymlog/test/golden/onboarding_steps_golden_test.dart: StepAge at 100 renders per theme (regression: 3 digits must not wrap) (variant: Windows) [E]
  Test failed. See exception logs above.
  The test description was: StepAge at 100 renders per theme (regression: 3 digits must not wrap) (variant: Windows)
  
01:16 +421 -37: C:/Users/Atharva Patil/Documents/projects/gymlog/test/golden/pr_celebration_golden_test.dart: PrCelebrationCard fits a short viewport with a bottom inset (3-button nav edge-to-edge) — Keep Going must stay on-screen (variant: CI)
══╡ EXCEPTION CAUGHT BY FLUTTER TEST FRAMEWORK ╞════════════════════════════════════════════════════
The following assertion was thrown while running async test code:
Golden "goldens/ci/pr_celebration_card_small_viewport.png": Pixel test failed, image sizes do not
match.
Master Image: 1068 X 1144
Test Image: 1080 X 1144
Failure feedback can be found at
/C:/Users/Atharva%20Patil/Documents/projects/gymlog/test/golden/failures

When the exception was thrown, this was the stack:
#0      LocalFileComparator.compare (package:flutter_test/src/_goldens_io.dart:108:5)
<asynchronous suspension>
#1      MatchesGoldenFile.matchAsync.<anonymous closure> (package:flutter_test/src/_matchers_io.dart:124:32)
<asynchronous suspension>
<asynchronous suspension>
#3      _expect.<anonymous closure> (package:matcher/src/expect/expect.dart:153:17)
<asynchronous suspension>
<asynchronous suspension>
#5      expectLater.<anonymous closure> (package:flutter_test/src/widget_tester.dart:508:19)
<asynchronous suspension>
#6      FlutterGoldenTestAdapter.withForceUpdateGoldenFiles (package:alchemist/src/golden_test_adapter.dart:198:14)
<asynchronous suspension>
#7      FlutterGoldenTestRunner.run (package:alchemist/src/golden_test_runner.dart:116:9)
<asynchronous suspension>
#8      goldenTest.<anonymous closure> (package:alchemist/src/golden_test.dart:169:7)
<asynchronous suspension>
#9      testWidgets.<anonymous closure>.<anonymous closure> (package:flutter_test/src/widget_tester.dart:192:15)
<asynchronous suspension>
#10     TestWidgetsFlutterBinding._runTestBody (package:flutter_test/src/binding.dart:1952:5)
<asynchronous suspension>
<asynchronous suspension>
(elided 3 frames from dart:async and package:stack_trace)

The exception was caught asynchronously.
════════════════════════════════════════════════════════════════════════════════════════════════════
01:16 +421 -38: C:/Users/Atharva Patil/Documents/projects/gymlog/test/golden/onboarding_steps_golden_test.dart: StepAge at 100 renders per theme (regression: 3 digits must not wrap) (variant: CI)
01:16 +421 -38: C:/Users/Atharva Patil/Documents/projects/gymlog/test/golden/pr_celebration_golden_test.dart: PrCelebrationCard fits a short viewport with a bottom inset (3-button nav edge-to-edge) — Keep Going must stay on-screen (variant: CI) [E]
  Test failed. See exception logs above.
  The test description was: PrCelebrationCard fits a short viewport with a bottom inset (3-button nav edge-to-edge) — Keep Going must stay on-screen (variant: CI)
  
01:16 +421 -38: loading C:/Users/Atharva Patil/Documents/projects/gymlog/test/golden/share_cards_golden_test.dart
Warning: A tag was used that wasn't specified in dart_test.yaml.
  golden was used in the suite itself

01:17 +421 -38: C:/Users/Atharva Patil/Documents/projects/gymlog/test/golden/onboarding_steps_golden_test.dart: StepAge at 100 renders per theme (regression: 3 digits must not wrap) (variant: CI)
01:17 +422 -38: C:/Users/Atharva Patil/Documents/projects/gymlog/test/golden/onboarding_steps_golden_test.dart: StepAge at 100 renders per theme (regression: 3 digits must not wrap) (variant: CI)
01:17 +423 -38: C:/Users/Atharva Patil/Documents/projects/gymlog/test/golden/onboarding_steps_golden_test.dart: StepAge at 100 renders per theme (regression: 3 digits must not wrap) (variant: CI)
01:17 +424 -38: C:/Users/Atharva Patil/Documents/projects/gymlog/test/golden/onboarding_steps_golden_test.dart: StepAge at 100 renders per theme (regression: 3 digits must not wrap) (variant: CI)
01:17 +425 -38: C:/Users/Atharva Patil/Documents/projects/gymlog/test/golden/onboarding_steps_golden_test.dart: StepAge at 100 renders per theme (regression: 3 digits must not wrap) (variant: CI)
01:17 +426 -38: C:/Users/Atharva Patil/Documents/projects/gymlog/test/golden/onboarding_steps_golden_test.dart: StepAge at 100 renders per theme (regression: 3 digits must not wrap) (variant: CI)
01:17 +427 -38: C:/Users/Atharva Patil/Documents/projects/gymlog/test/golden/onboarding_steps_golden_test.dart: StepAge at 100 renders per theme (regression: 3 digits must not wrap) (variant: CI)
01:17 +428 -38: C:/Users/Atharva Patil/Documents/projects/gymlog/test/golden/onboarding_steps_golden_test.dart: StepAge at 100 renders per theme (regression: 3 digits must not wrap) (variant: CI)
01:17 +429 -38: C:/Users/Atharva Patil/Documents/projects/gymlog/test/golden/onboarding_steps_golden_test.dart: StepAge at 100 renders per theme (regression: 3 digits must not wrap) (variant: CI)
01:17 +430 -38: C:/Users/Atharva Patil/Documents/projects/gymlog/test/golden/onboarding_steps_golden_test.dart: StepAge at 100 renders per theme (regression: 3 digits must not wrap) (variant: CI)
01:17 +431 -38: C:/Users/Atharva Patil/Documents/projects/gymlog/test/golden/onboarding_steps_golden_test.dart: StepAge at 100 renders per theme (regression: 3 digits must not wrap) (variant: CI)
01:17 +432 -38: C:/Users/Atharva Patil/Documents/projects/gymlog/test/golden/onboarding_steps_golden_test.dart: StepAge at 100 renders per theme (regression: 3 digits must not wrap) (variant: CI)
══╡ EXCEPTION CAUGHT BY FLUTTER TEST FRAMEWORK ╞════════════════════════════════════════════════════
The following assertion was thrown while running async test code:
Golden "goldens/ci/onboarding_step_age_100.png": Pixel test failed, 0.94%, 16010px diff detected.
Failure feedback can be found at
/C:/Users/Atharva%20Patil/Documents/projects/gymlog/test/golden/failures

When the exception was thrown, this was the stack:
#0      LocalFileComparator.compare (package:flutter_test/src/_goldens_io.dart:108:5)
<asynchronous suspension>
#1      MatchesGoldenFile.matchAsync.<anonymous closure> (package:flutter_test/src/_matchers_io.dart:124:32)
<asynchronous suspension>
<asynchronous suspension>
#3      _expect.<anonymous closure> (package:matcher/src/expect/expect.dart:153:17)
<asynchronous suspension>
<asynchronous suspension>
#5      expectLater.<anonymous closure> (package:flutter_test/src/widget_tester.dart:508:19)
<asynchronous suspension>
#6      FlutterGoldenTestAdapter.withForceUpdateGoldenFiles (package:alchemist/src/golden_test_adapter.dart:198:14)
<asynchronous suspension>
#7      FlutterGoldenTestRunner.run (package:alchemist/src/golden_test_runner.dart:116:9)
<asynchronous suspension>
#8      goldenTest.<anonymous closure> (package:alchemist/src/golden_test.dart:169:7)
<asynchronous suspension>
#9      testWidgets.<anonymous closure>.<anonymous closure> (package:flutter_test/src/widget_tester.dart:192:15)
<asynchronous suspension>
#10     TestWidgetsFlutterBinding._runTestBody (package:flutter_test/src/binding.dart:1952:5)
<asynchronous suspension>
<asynchronous suspension>
(elided 3 frames from dart:async and package:stack_trace)

The exception was caught asynchronously.
════════════════════════════════════════════════════════════════════════════════════════════════════
01:17 +432 -39: C:/Users/Atharva Patil/Documents/projects/gymlog/test/golden/share_cards_golden_test.dart: DELT Share Card - Monument Variant across all themes (variant: Windows)
01:17 +432 -39: C:/Users/Atharva Patil/Documents/projects/gymlog/test/golden/onboarding_steps_golden_test.dart: StepAge at 100 renders per theme (regression: 3 digits must not wrap) (variant: CI) [E]
  Test failed. See exception logs above.
  The test description was: StepAge at 100 renders per theme (regression: 3 digits must not wrap) (variant: CI)
  
01:17 +433 -39: C:/Users/Atharva Patil/Documents/projects/gymlog/test/golden/share_cards_golden_test.dart: DELT Share Card - Monument Variant across all themes (variant: Windows)
01:17 +434 -39: C:/Users/Atharva Patil/Documents/projects/gymlog/test/golden/share_cards_golden_test.dart: DELT Share Card - Monument Variant across all themes (variant: Windows)
01:17 +435 -39: C:/Users/Atharva Patil/Documents/projects/gymlog/test/golden/share_cards_golden_test.dart: DELT Share Card - Monument Variant across all themes (variant: Windows)
01:18 +436 -39: C:/Users/Atharva Patil/Documents/projects/gymlog/test/golden/share_cards_golden_test.dart: DELT Share Card - Monument Variant across all themes (variant: Windows)
01:18 +437 -39: C:/Users/Atharva Patil/Documents/projects/gymlog/test/golden/share_cards_golden_test.dart: DELT Share Card - Monument Variant across all themes (variant: Windows)
01:18 +438 -39: C:/Users/Atharva Patil/Documents/projects/gymlog/test/golden/share_cards_golden_test.dart: DELT Share Card - Monument Variant across all themes (variant: Windows)
01:18 +439 -39: C:/Users/Atharva Patil/Documents/projects/gymlog/test/golden/share_cards_golden_test.dart: DELT Share Card - Monument Variant across all themes (variant: Windows)
01:18 +440 -39: C:/Users/Atharva Patil/Documents/projects/gymlog/test/golden/share_cards_golden_test.dart: DELT Share Card - Monument Variant across all themes (variant: Windows)
══╡ EXCEPTION CAUGHT BY FLUTTER TEST FRAMEWORK ╞════════════════════════════════════════════════════
The following assertion was thrown while running async test code:
Golden "goldens/windows/delt_share_card_monument.png": Pixel test failed, 6.99%, 67596px diff
detected.
Failure feedback can be found at
/C:/Users/Atharva%20Patil/Documents/projects/gymlog/test/golden/failures

When the exception was thrown, this was the stack:
#0      LocalFileComparator.compare (package:flutter_test/src/_goldens_io.dart:108:5)
<asynchronous suspension>
#1      MatchesGoldenFile.matchAsync.<anonymous closure> (package:flutter_test/src/_matchers_io.dart:124:32)
<asynchronous suspension>
<asynchronous suspension>
#3      _expect.<anonymous closure> (package:matcher/src/expect/expect.dart:153:17)
<asynchronous suspension>
<asynchronous suspension>
#5      expectLater.<anonymous closure> (package:flutter_test/src/widget_tester.dart:508:19)
<asynchronous suspension>
#6      FlutterGoldenTestAdapter.withForceUpdateGoldenFiles (package:alchemist/src/golden_test_adapter.dart:198:14)
<asynchronous suspension>
#7      FlutterGoldenTestRunner.run (package:alchemist/src/golden_test_runner.dart:116:9)
<asynchronous suspension>
#8      goldenTest.<anonymous closure> (package:alchemist/src/golden_test.dart:169:7)
<asynchronous suspension>
#9      testWidgets.<anonymous closure>.<anonymous closure> (package:flutter_test/src/widget_tester.dart:192:15)
<asynchronous suspension>
#10     TestWidgetsFlutterBinding._runTestBody (package:flutter_test/src/binding.dart:1952:5)
<asynchronous suspension>
<asynchronous suspension>
(elided 3 frames from dart:async and package:stack_trace)

The exception was caught asynchronously.
════════════════════════════════════════════════════════════════════════════════════════════════════
01:19 +440 -40: C:/Users/Atharva Patil/Documents/projects/gymlog/test/golden/onboarding_steps_golden_test.dart: StepWeeklyGoal renders per theme (variant: Windows)
01:19 +440 -40: C:/Users/Atharva Patil/Documents/projects/gymlog/test/golden/share_cards_golden_test.dart: DELT Share Card - Monument Variant across all themes (variant: Windows) [E]
  Test failed. See exception logs above.
  The test description was: DELT Share Card - Monument Variant across all themes (variant: Windows)
  
01:19 +440 -40: C:/Users/Atharva Patil/Documents/projects/gymlog/test/golden/onboarding_steps_golden_test.dart: StepWeeklyGoal renders per theme (variant: Windows)
══╡ EXCEPTION CAUGHT BY FLUTTER TEST FRAMEWORK ╞════════════════════════════════════════════════════
The following assertion was thrown while running async test code:
Golden "goldens/windows/onboarding_step_weekly_goal.png": Pixel test failed, 1.17%, 20046px diff
detected.
Failure feedback can be found at
/C:/Users/Atharva%20Patil/Documents/projects/gymlog/test/golden/failures

When the exception was thrown, this was the stack:
#0      LocalFileComparator.compare (package:flutter_test/src/_goldens_io.dart:108:5)
<asynchronous suspension>
#1      MatchesGoldenFile.matchAsync.<anonymous closure> (package:flutter_test/src/_matchers_io.dart:124:32)
<asynchronous suspension>
<asynchronous suspension>
#3      _expect.<anonymous closure> (package:matcher/src/expect/expect.dart:153:17)
<asynchronous suspension>
<asynchronous suspension>
#5      expectLater.<anonymous closure> (package:flutter_test/src/widget_tester.dart:508:19)
<asynchronous suspension>
#6      FlutterGoldenTestAdapter.withForceUpdateGoldenFiles (package:alchemist/src/golden_test_adapter.dart:198:14)
<asynchronous suspension>
#7      FlutterGoldenTestRunner.run (package:alchemist/src/golden_test_runner.dart:116:9)
<asynchronous suspension>
#8      goldenTest.<anonymous closure> (package:alchemist/src/golden_test.dart:169:7)
<asynchronous suspension>
#9      testWidgets.<anonymous closure>.<anonymous closure> (package:flutter_test/src/widget_tester.dart:192:15)
<asynchronous suspension>
#10     TestWidgetsFlutterBinding._runTestBody (package:flutter_test/src/binding.dart:1952:5)
<asynchronous suspension>
<asynchronous suspension>
(elided 3 frames from dart:async and package:stack_trace)

The exception was caught asynchronously.
════════════════════════════════════════════════════════════════════════════════════════════════════
01:19 +440 -41: C:/Users/Atharva Patil/Documents/projects/gymlog/test/golden/share_cards_golden_test.dart: DELT Share Card - Monument Variant across all themes (variant: CI)
01:19 +440 -41: C:/Users/Atharva Patil/Documents/projects/gymlog/test/golden/onboarding_steps_golden_test.dart: StepWeeklyGoal renders per theme (variant: Windows) [E]
  Test failed. See exception logs above.
  The test description was: StepWeeklyGoal renders per theme (variant: Windows)
  
01:20 +441 -41: C:/Users/Atharva Patil/Documents/projects/gymlog/test/golden/share_cards_golden_test.dart: DELT Share Card - Monument Variant across all themes (variant: CI)
01:20 +442 -41: C:/Users/Atharva Patil/Documents/projects/gymlog/test/golden/share_cards_golden_test.dart: DELT Share Card - Monument Variant across all themes (variant: CI)
01:20 +443 -41: C:/Users/Atharva Patil/Documents/projects/gymlog/test/golden/share_cards_golden_test.dart: DELT Share Card - Monument Variant across all themes (variant: CI)
01:20 +444 -41: C:/Users/Atharva Patil/Documents/projects/gymlog/test/golden/share_cards_golden_test.dart: DELT Share Card - Monument Variant across all themes (variant: CI)
01:20 +445 -41: C:/Users/Atharva Patil/Documents/projects/gymlog/test/golden/share_cards_golden_test.dart: DELT Share Card - Monument Variant across all themes (variant: CI)
01:20 +446 -41: C:/Users/Atharva Patil/Documents/projects/gymlog/test/golden/share_cards_golden_test.dart: DELT Share Card - Monument Variant across all themes (variant: CI)
01:20 +447 -41: C:/Users/Atharva Patil/Documents/projects/gymlog/test/golden/share_cards_golden_test.dart: DELT Share Card - Monument Variant across all themes (variant: CI)
01:20 +448 -41: C:/Users/Atharva Patil/Documents/projects/gymlog/test/golden/share_cards_golden_test.dart: DELT Share Card - Monument Variant across all themes (variant: CI)
01:20 +449 -41: C:/Users/Atharva Patil/Documents/projects/gymlog/test/golden/share_cards_golden_test.dart: DELT Share Card - Monument Variant across all themes (variant: CI)
01:20 +450 -41: C:/Users/Atharva Patil/Documents/projects/gymlog/test/golden/share_cards_golden_test.dart: DELT Share Card - Monument Variant across all themes (variant: CI)
══╡ EXCEPTION CAUGHT BY FLUTTER TEST FRAMEWORK ╞════════════════════════════════════════════════════
The following assertion was thrown while running async test code:
Golden "goldens/ci/delt_share_card_monument.png": Pixel test failed, 8.95%, 86362px diff detected.
Failure feedback can be found at
/C:/Users/Atharva%20Patil/Documents/projects/gymlog/test/golden/failures

When the exception was thrown, this was the stack:
#0      LocalFileComparator.compare (package:flutter_test/src/_goldens_io.dart:108:5)
<asynchronous suspension>
#1      MatchesGoldenFile.matchAsync.<anonymous closure> (package:flutter_test/src/_matchers_io.dart:124:32)
<asynchronous suspension>
<asynchronous suspension>
#3      _expect.<anonymous closure> (package:matcher/src/expect/expect.dart:153:17)
<asynchronous suspension>
<asynchronous suspension>
#5      expectLater.<anonymous closure> (package:flutter_test/src/widget_tester.dart:508:19)
<asynchronous suspension>
#6      FlutterGoldenTestAdapter.withForceUpdateGoldenFiles (package:alchemist/src/golden_test_adapter.dart:198:14)
<asynchronous suspension>
#7      FlutterGoldenTestRunner.run (package:alchemist/src/golden_test_runner.dart:116:9)
<asynchronous suspension>
#8      goldenTest.<anonymous closure> (package:alchemist/src/golden_test.dart:169:7)
<asynchronous suspension>
#9      testWidgets.<anonymous closure>.<anonymous closure> (package:flutter_test/src/widget_tester.dart:192:15)
<asynchronous suspension>
#10     TestWidgetsFlutterBinding._runTestBody (package:flutter_test/src/binding.dart:1952:5)
<asynchronous suspension>
<asynchronous suspension>
(elided 3 frames from dart:async and package:stack_trace)

The exception was caught asynchronously.
════════════════════════════════════════════════════════════════════════════════════════════════════
01:20 +450 -42: C:/Users/Atharva Patil/Documents/projects/gymlog/test/golden/onboarding_steps_golden_test.dart: StepWeeklyGoal renders per theme (variant: CI)
01:20 +450 -42: C:/Users/Atharva Patil/Documents/projects/gymlog/test/golden/share_cards_golden_test.dart: DELT Share Card - Monument Variant across all themes (variant: CI) [E]
  Test failed. See exception logs above.
  The test description was: DELT Share Card - Monument Variant across all themes (variant: CI)
  
01:20 +451 -42: C:/Users/Atharva Patil/Documents/projects/gymlog/test/golden/onboarding_steps_golden_test.dart: StepWeeklyGoal renders per theme (variant: CI)
01:20 +452 -42: C:/Users/Atharva Patil/Documents/projects/gymlog/test/golden/onboarding_steps_golden_test.dart: StepWeeklyGoal renders per theme (variant: CI)
01:20 +453 -42: C:/Users/Atharva Patil/Documents/projects/gymlog/test/golden/onboarding_steps_golden_test.dart: StepWeeklyGoal renders per theme (variant: CI)
01:20 +454 -42: C:/Users/Atharva Patil/Documents/projects/gymlog/test/golden/onboarding_steps_golden_test.dart: StepWeeklyGoal renders per theme (variant: CI)
01:20 +455 -42: C:/Users/Atharva Patil/Documents/projects/gymlog/test/golden/onboarding_steps_golden_test.dart: StepWeeklyGoal renders per theme (variant: CI)
01:20 +456 -42: C:/Users/Atharva Patil/Documents/projects/gymlog/test/golden/onboarding_steps_golden_test.dart: StepWeeklyGoal renders per theme (variant: CI)
01:20 +457 -42: C:/Users/Atharva Patil/Documents/projects/gymlog/test/golden/onboarding_steps_golden_test.dart: StepWeeklyGoal renders per theme (variant: CI)
01:20 +457 -42: C:/Users/Atharva Patil/Documents/projects/gymlog/test/golden/share_cards_golden_test.dart: DELT Share Card - Technical Variant (variant: Windows)
══╡ EXCEPTION CAUGHT BY FLUTTER TEST FRAMEWORK ╞════════════════════════════════════════════════════
The following assertion was thrown while running async test code:
Golden "goldens/windows/delt_share_card_technical.png": Pixel test failed, 4.60%, 11126px diff
detected.
Failure feedback can be found at
/C:/Users/Atharva%20Patil/Documents/projects/gymlog/test/golden/failures

When the exception was thrown, this was the stack:
#0      LocalFileComparator.compare (package:flutter_test/src/_goldens_io.dart:108:5)
<asynchronous suspension>
#1      MatchesGoldenFile.matchAsync.<anonymous closure> (package:flutter_test/src/_matchers_io.dart:124:32)
<asynchronous suspension>
<asynchronous suspension>
#3      _expect.<anonymous closure> (package:matcher/src/expect/expect.dart:153:17)
<asynchronous suspension>
<asynchronous suspension>
#5      expectLater.<anonymous closure> (package:flutter_test/src/widget_tester.dart:508:19)
<asynchronous suspension>
#6      FlutterGoldenTestAdapter.withForceUpdateGoldenFiles (package:alchemist/src/golden_test_adapter.dart:198:14)
<asynchronous suspension>
#7      FlutterGoldenTestRunner.run (package:alchemist/src/golden_test_runner.dart:116:9)
<asynchronous suspension>
#8      goldenTest.<anonymous closure> (package:alchemist/src/golden_test.dart:169:7)
<asynchronous suspension>
#9      testWidgets.<anonymous closure>.<anonymous closure> (package:flutter_test/src/widget_tester.dart:192:15)
<asynchronous suspension>
#10     TestWidgetsFlutterBinding._runTestBody (package:flutter_test/src/binding.dart:1952:5)
<asynchronous suspension>
<asynchronous suspension>
(elided 3 frames from dart:async and package:stack_trace)

The exception was caught asynchronously.
════════════════════════════════════════════════════════════════════════════════════════════════════
01:20 +457 -43: C:/Users/Atharva Patil/Documents/projects/gymlog/test/golden/onboarding_steps_golden_test.dart: StepWeeklyGoal renders per theme (variant: CI)
01:20 +457 -43: C:/Users/Atharva Patil/Documents/projects/gymlog/test/golden/share_cards_golden_test.dart: DELT Share Card - Technical Variant (variant: Windows) [E]
  Test failed. See exception logs above.
  The test description was: DELT Share Card - Technical Variant (variant: Windows)
  
01:21 +457 -43: C:/Users/Atharva Patil/Documents/projects/gymlog/test/golden/onboarding_steps_golden_test.dart: StepWeeklyGoal renders per theme (variant: CI)
══╡ EXCEPTION CAUGHT BY FLUTTER TEST FRAMEWORK ╞════════════════════════════════════════════════════
The following assertion was thrown while running async test code:
Golden "goldens/ci/onboarding_step_weekly_goal.png": Pixel test failed, 1.08%, 18391px diff
detected.
Failure feedback can be found at
/C:/Users/Atharva%20Patil/Documents/projects/gymlog/test/golden/failures

When the exception was thrown, this was the stack:
#0      LocalFileComparator.compare (package:flutter_test/src/_goldens_io.dart:108:5)
<asynchronous suspension>
#1      MatchesGoldenFile.matchAsync.<anonymous closure> (package:flutter_test/src/_matchers_io.dart:124:32)
<asynchronous suspension>
<asynchronous suspension>
#3      _expect.<anonymous closure> (package:matcher/src/expect/expect.dart:153:17)
<asynchronous suspension>
<asynchronous suspension>
#5      expectLater.<anonymous closure> (package:flutter_test/src/widget_tester.dart:508:19)
<asynchronous suspension>
#6      FlutterGoldenTestAdapter.withForceUpdateGoldenFiles (package:alchemist/src/golden_test_adapter.dart:198:14)
<asynchronous suspension>
#7      FlutterGoldenTestRunner.run (package:alchemist/src/golden_test_runner.dart:116:9)
<asynchronous suspension>
#8      goldenTest.<anonymous closure> (package:alchemist/src/golden_test.dart:169:7)
<asynchronous suspension>
#9      testWidgets.<anonymous closure>.<anonymous closure> (package:flutter_test/src/widget_tester.dart:192:15)
<asynchronous suspension>
#10     TestWidgetsFlutterBinding._runTestBody (package:flutter_test/src/binding.dart:1952:5)
<asynchronous suspension>
<asynchronous suspension>
(elided 3 frames from dart:async and package:stack_trace)

The exception was caught asynchronously.
════════════════════════════════════════════════════════════════════════════════════════════════════
01:21 +457 -44: C:/Users/Atharva Patil/Documents/projects/gymlog/test/golden/share_cards_golden_test.dart: DELT Share Card - Technical Variant (variant: CI)
01:21 +457 -44: C:/Users/Atharva Patil/Documents/projects/gymlog/test/golden/onboarding_steps_golden_test.dart: StepWeeklyGoal renders per theme (variant: CI) [E]
  Test failed. See exception logs above.
  The test description was: StepWeeklyGoal renders per theme (variant: CI)
  
01:21 +457 -44: C:/Users/Atharva Patil/Documents/projects/gymlog/test/golden/share_cards_golden_test.dart: DELT Share Card - Technical Variant (variant: CI)
══╡ EXCEPTION CAUGHT BY FLUTTER TEST FRAMEWORK ╞════════════════════════════════════════════════════
The following assertion was thrown while running async test code:
Golden "goldens/ci/delt_share_card_technical.png": Pixel test failed, 8.01%, 19319px diff detected.
Failure feedback can be found at
/C:/Users/Atharva%20Patil/Documents/projects/gymlog/test/golden/failures

When the exception was thrown, this was the stack:
#0      LocalFileComparator.compare (package:flutter_test/src/_goldens_io.dart:108:5)
<asynchronous suspension>
#1      MatchesGoldenFile.matchAsync.<anonymous closure> (package:flutter_test/src/_matchers_io.dart:124:32)
<asynchronous suspension>
<asynchronous suspension>
#3      _expect.<anonymous closure> (package:matcher/src/expect/expect.dart:153:17)
<asynchronous suspension>
<asynchronous suspension>
#5      expectLater.<anonymous closure> (package:flutter_test/src/widget_tester.dart:508:19)
<asynchronous suspension>
#6      FlutterGoldenTestAdapter.withForceUpdateGoldenFiles (package:alchemist/src/golden_test_adapter.dart:198:14)
<asynchronous suspension>
#7      FlutterGoldenTestRunner.run (package:alchemist/src/golden_test_runner.dart:116:9)
<asynchronous suspension>
#8      goldenTest.<anonymous closure> (package:alchemist/src/golden_test.dart:169:7)
<asynchronous suspension>
#9      testWidgets.<anonymous closure>.<anonymous closure> (package:flutter_test/src/widget_tester.dart:192:15)
<asynchronous suspension>
#10     TestWidgetsFlutterBinding._runTestBody (package:flutter_test/src/binding.dart:1952:5)
<asynchronous suspension>
<asynchronous suspension>
(elided 3 frames from dart:async and package:stack_trace)

The exception was caught asynchronously.
════════════════════════════════════════════════════════════════════════════════════════════════════
01:21 +457 -45: C:/Users/Atharva Patil/Documents/projects/gymlog/test/golden/share_cards_golden_test.dart: DELT Share Card - Technical Variant (variant: CI) [E]
  Test failed. See exception logs above.
  The test description was: DELT Share Card - Technical Variant (variant: CI)
  
01:21 +457 -45: C:/Users/Atharva Patil/Documents/projects/gymlog/test/golden/share_cards_golden_test.dart: DELT Share Card - Sticker Variant (Alpha Background) (variant: Windows)
══╡ EXCEPTION CAUGHT BY FLUTTER TEST FRAMEWORK ╞════════════════════════════════════════════════════
The following assertion was thrown while running async test code:
Golden "goldens/windows/delt_share_card_sticker.png": Pixel test failed, 12.56%, 30376px diff
detected.
Failure feedback can be found at
/C:/Users/Atharva%20Patil/Documents/projects/gymlog/test/golden/failures

When the exception was thrown, this was the stack:
#0      LocalFileComparator.compare (package:flutter_test/src/_goldens_io.dart:108:5)
<asynchronous suspension>
#1      MatchesGoldenFile.matchAsync.<anonymous closure> (package:flutter_test/src/_matchers_io.dart:124:32)
<asynchronous suspension>
<asynchronous suspension>
#3      _expect.<anonymous closure> (package:matcher/src/expect/expect.dart:153:17)
<asynchronous suspension>
<asynchronous suspension>
#5      expectLater.<anonymous closure> (package:flutter_test/src/widget_tester.dart:508:19)
<asynchronous suspension>
#6      FlutterGoldenTestAdapter.withForceUpdateGoldenFiles (package:alchemist/src/golden_test_adapter.dart:198:14)
<asynchronous suspension>
#7      FlutterGoldenTestRunner.run (package:alchemist/src/golden_test_runner.dart:116:9)
<asynchronous suspension>
#8      goldenTest.<anonymous closure> (package:alchemist/src/golden_test.dart:169:7)
<asynchronous suspension>
#9      testWidgets.<anonymous closure>.<anonymous closure> (package:flutter_test/src/widget_tester.dart:192:15)
<asynchronous suspension>
#10     TestWidgetsFlutterBinding._runTestBody (package:flutter_test/src/binding.dart:1952:5)
<asynchronous suspension>
<asynchronous suspension>
(elided 3 frames from dart:async and package:stack_trace)

The exception was caught asynchronously.
════════════════════════════════════════════════════════════════════════════════════════════════════
01:21 +457 -46: C:/Users/Atharva Patil/Documents/projects/gymlog/test/golden/share_cards_golden_test.dart: DELT Share Card - Sticker Variant (Alpha Background) (variant: Windows) [E]
  Test failed. See exception logs above.
  The test description was: DELT Share Card - Sticker Variant (Alpha Background) (variant: Windows)
  
01:21 +457 -46: C:/Users/Atharva Patil/Documents/projects/gymlog/test/golden/share_cards_golden_test.dart: DELT Share Card - Sticker Variant (Alpha Background) (variant: CI)
══╡ EXCEPTION CAUGHT BY FLUTTER TEST FRAMEWORK ╞════════════════════════════════════════════════════
The following assertion was thrown while running async test code:
Golden "goldens/ci/delt_share_card_sticker.png": Pixel test failed, 16.78%, 40480px diff detected.
Failure feedback can be found at
/C:/Users/Atharva%20Patil/Documents/projects/gymlog/test/golden/failures

When the exception was thrown, this was the stack:
#0      LocalFileComparator.compare (package:flutter_test/src/_goldens_io.dart:108:5)
<asynchronous suspension>
#1      MatchesGoldenFile.matchAsync.<anonymous closure> (package:flutter_test/src/_matchers_io.dart:124:32)
<asynchronous suspension>
<asynchronous suspension>
#3      _expect.<anonymous closure> (package:matcher/src/expect/expect.dart:153:17)
<asynchronous suspension>
<asynchronous suspension>
#5      expectLater.<anonymous closure> (package:flutter_test/src/widget_tester.dart:508:19)
<asynchronous suspension>
#6      FlutterGoldenTestAdapter.withForceUpdateGoldenFiles (package:alchemist/src/golden_test_adapter.dart:198:14)
<asynchronous suspension>
#7      FlutterGoldenTestRunner.run (package:alchemist/src/golden_test_runner.dart:116:9)
<asynchronous suspension>
#8      goldenTest.<anonymous closure> (package:alchemist/src/golden_test.dart:169:7)
<asynchronous suspension>
#9      testWidgets.<anonymous closure>.<anonymous closure> (package:flutter_test/src/widget_tester.dart:192:15)
<asynchronous suspension>
#10     TestWidgetsFlutterBinding._runTestBody (package:flutter_test/src/binding.dart:1952:5)
<asynchronous suspension>
<asynchronous suspension>
(elided 3 frames from dart:async and package:stack_trace)

The exception was caught asynchronously.
════════════════════════════════════════════════════════════════════════════════════════════════════
01:21 +457 -47: C:/Users/Atharva Patil/Documents/projects/gymlog/test/import/export_roundtrip_test.dart: ATOMIC-06: Lossless GymLog v2 Import/Export Round-Trip Round-trip invariant: decode(encode(workout)) preserves full history
01:21 +457 -47: C:/Users/Atharva Patil/Documents/projects/gymlog/test/golden/share_cards_golden_test.dart: DELT Share Card - Sticker Variant (Alpha Background) (variant: CI) [E]
  Test failed. See exception logs above.
  The test description was: DELT Share Card - Sticker Variant (Alpha Background) (variant: CI)
  
01:22 +457 -47: C:/Users/Atharva Patil/Documents/projects/gymlog/test/import/export_roundtrip_test.dart: ATOMIC-06: Lossless GymLog v2 Import/Export Round-Trip Round-trip invariant: decode(encode(workout)) preserves full history
WARNING (drift): It looks like you've created the database class AppDatabase multiple times. When these two databases use the same QueryExecutor, race conditions will occur and might corrupt the database. 
Try to follow the advice at https://drift.simonbinder.eu/faq/#using-the-database or, if you know what you're doing, set driftRuntimeOptions.dontWarnAboutMultipleDatabases = true
Here is the stacktrace from when the database was opened a second time:
#0      GeneratedDatabase._handleInstantiated (package:drift/src/runtime/api/db_base.dart:96:30)
#1      GeneratedDatabase._whenConstructed (package:drift/src/runtime/api/db_base.dart:73:12)
#2      new GeneratedDatabase (package:drift/src/runtime/api/db_base.dart:64:5)
#3      new _$AppDatabase (package:gymlog/core/database/database.g.dart:4170:36)
#4      new AppDatabase.forTesting (package:gymlog/core/database/database.dart)
#5      main.<anonymous closure>.<anonymous closure> (file:///C:/Users/Atharva%20Patil/Documents/projects/gymlog/test/import/export_roundtrip_test.dart:199:31)
<asynchronous suspension>
#6      Declarer.test.<anonymous closure>.<anonymous closure> (package:test_api/src/backend/declarer.dart:253:15)
<asynchronous suspension>
#7      Declarer.test.<anonymous closure> (package:test_api/src/backend/declarer.dart:250:11)
<asynchronous suspension>
#8      Invoker._waitForOutstandingCallbacks.<anonymous closure> (package:test_api/src/backend/invoker.dart:318:9)
<asynchronous suspension>
This warning will only appear on debug builds.
01:22 +458 -47: C:/Users/Atharva Patil/Documents/projects/gymlog/test/import/export_roundtrip_test.dart: ATOMIC-06: Lossless GymLog v2 Import/Export Round-Trip v1 GymLog CSV remains readable
01:22 +459 -47: C:/Users/Atharva Patil/Documents/projects/gymlog/test/import/export_roundtrip_test.dart: ATOMIC-06: Lossless GymLog v2 Import/Export Round-Trip unsupported future version throws explicit ImportException
01:22 +460 -47: C:/Users/Atharva Patil/Documents/projects/gymlog/test/import/export_roundtrip_test.dart: ATOMIC-06: Lossless GymLog v2 Import/Export Round-Trip missing required v2 columns throws explicit ImportException
01:22 +461 -47: C:/Users/Atharva Patil/Documents/projects/gymlog/test/import/export_roundtrip_test.dart: (tearDownAll)
01:22 +461 -47: C:/Users/Atharva Patil/Documents/projects/gymlog/test/import/import_cluster_regression_test.dart: (setUpAll)
01:22 +461 -47: C:/Users/Atharva Patil/Documents/projects/gymlog/test/import/import_cluster_regression_test.dart: CP-A: GymLog v2 rows are metric-validated (no silent garbage) a weight_and_reps row missing weight warns and skips
01:22 +462 -47: C:/Users/Atharva Patil/Documents/projects/gymlog/test/import/import_cluster_regression_test.dart: CP-A: GymLog v2 rows are metric-validated (no silent garbage) a reps_only row missing reps warns and skips
01:22 +463 -47: C:/Users/Atharva Patil/Documents/projects/gymlog/test/import/import_cluster_regression_test.dart: CP-B: UTC export dates come back as local wall-clock UTC-suffixed startedAt is converted to local on parse
01:22 +464 -47: C:/Users/Atharva Patil/Documents/projects/gymlog/test/import/import_cluster_regression_test.dart: CP-C: case-insensitive session grouping same workout name in different case collapses to one session
01:22 +465 -47: C:/Users/Atharva Patil/Documents/projects/gymlog/test/import/import_cluster_regression_test.dart: IM-A: kg is the default assumed unit parser defaults a unitless Strong file to kg
01:22 +466 -47: C:/Users/Atharva Patil/Documents/projects/gymlog/test/import/import_cluster_regression_test.dart: IM-B: progress counts only importable sessions a duplicate does not move the progress counter
01:23 +467 -47: C:/Users/Atharva Patil/Documents/projects/gymlog/test/import/import_cluster_regression_test.dart: IM-B: progress counts only importable sessions two fresh sessions report 2 of 2
01:23 +468 -47: C:/Users/Atharva Patil/Documents/projects/gymlog/test/import/import_cluster_regression_test.dart: IM-C: cancel mid-import returns partial result isCancelled after the first session stops the rest
01:23 +469 -47: C:/Users/Atharva Patil/Documents/projects/gymlog/test/import/import_cluster_regression_test.dart: IM-H: custom exercises roll back with a failing session a failed session transaction leaves no orphan custom exercise
01:23 +470 -47: C:/Users/Atharva Patil/Documents/projects/gymlog/test/import/import_cluster_regression_test.dart: IM-I: honest partial-import reporting first session commits, second fails, partial result kept
01:23 +471 -47: C:/Users/Atharva Patil/Documents/projects/gymlog/test/import/import_cluster_regression_test.dart: IM-2: template CSV round-trips template parses as GymLog v2 with one weight_and_reps set
01:23 +472 -47: C:/Users/Atharva Patil/Documents/projects/gymlog/test/import/import_cluster_regression_test.dart: (tearDownAll)
01:23 +472 -47: C:/Users/Atharva Patil/Documents/projects/gymlog/test/import/import_screen_polish_test.dart: _Banner renders with AppRadius.cardAll and semantic label
01:24 +473 -47: C:/Users/Atharva Patil/Documents/projects/gymlog/test/import/import_screen_polish_test.dart: _Banner renders with AppRadius.cardAll and semantic label
01:24 +474 -47: C:/Users/Atharva Patil/Documents/projects/gymlog/test/import/import_service_test.dart: stores weights in kilograms when importing a Strong (lbs) export
01:24 +475 -47: C:/Users/Atharva Patil/Documents/projects/gymlog/test/import/import_screen_polish_test.dart: _StatRow renders with semantic label
01:24 +476 -47: C:/Users/Atharva Patil/Documents/projects/gymlog/test/import/import_service_test.dart: re-importing the same file is idempotent
01:24 +477 -47: C:/Users/Atharva Patil/Documents/projects/gymlog/test/import/import_screen_polish_test.dart: _UnitChooser renders with custom height, color tokens, and semantics
01:24 +478 -47: C:/Users/Atharva Patil/Documents/projects/gymlog/test/import/import_screen_polish_test.dart: _UnitChooser renders with custom height, color tokens, and semantics
01:24 +479 -47: C:/Users/Atharva Patil/Documents/projects/gymlog/test/import/import_screen_polish_test.dart: _UnitChooser renders with custom height, color tokens, and semantics
01:24 +480 -47: C:/Users/Atharva Patil/Documents/projects/gymlog/test/import/import_screen_polish_test.dart: _UnitChooser renders with custom height, color tokens, and semantics
01:24 +481 -47: C:/Users/Atharva Patil/Documents/projects/gymlog/test/import/import_screen_polish_test.dart: _UnitChooser renders with custom height, color tokens, and semantics
01:24 +482 -47: C:/Users/Atharva Patil/Documents/projects/gymlog/test/import/import_screen_polish_test.dart: _UnitChooser renders with custom height, color tokens, and semantics
01:24 +483 -47: C:/Users/Atharva Patil/Documents/projects/gymlog/test/import/import_screen_polish_test.dart: _UnitChooser renders with custom height, color tokens, and semantics
01:24 +484 -47: C:/Users/Atharva Patil/Documents/projects/gymlog/test/import/import_service_test.dart: (tearDownAll)
01:25 +484 -47: C:/Users/Atharva Patil/Documents/projects/gymlog/test/import/workout_csv_parser_test.dart: Hevy parses sessions, sets, and kg volume from a real export
01:25 +485 -47: C:/Users/Atharva Patil/Documents/projects/gymlog/test/import/workout_csv_parser_test.dart: Hevy respects the explicit set_type column (no warmups here)
01:25 +486 -47: C:/Users/Atharva Patil/Documents/projects/gymlog/test/import/workout_csv_parser_test.dart: Hevy orders sets 0-based and contiguous within each exercise
01:25 +487 -47: C:/Users/Atharva Patil/Documents/projects/gymlog/test/import/workout_csv_parser_test.dart: Hevy reads weight_lbs header variant and converts to kg
01:25 +488 -47: C:/Users/Atharva Patil/Documents/projects/gymlog/test/import/workout_csv_parser_test.dart: Strong parses semicolon export and converts lbs → kg
01:25 +489 -47: C:/Users/Atharva Patil/Documents/projects/gymlog/test/import/workout_csv_parser_test.dart: Strong infers warmups from the Notes column
01:25 +490 -47: C:/Users/Atharva Patil/Documents/projects/gymlog/test/import/workout_csv_parser_test.dart: Strong derives session end time from Workout Duration
01:25 +491 -47: C:/Users/Atharva Patil/Documents/projects/gymlog/test/import/workout_csv_parser_test.dart: Strong flags an assumed unit when Weight Unit column is missing
01:25 +492 -47: C:/Users/Atharva Patil/Documents/projects/gymlog/test/import/workout_csv_parser_test.dart: cross-check Hevy and Strong files describe the same training volume
01:25 +493 -47: C:/Users/Atharva Patil/Documents/projects/gymlog/test/import/workout_csv_parser_test.dart: errors throws on an unrecognised header
01:25 +494 -47: C:/Users/Atharva Patil/Documents/projects/gymlog/test/import/workout_csv_parser_test.dart: errors throws on an empty file
01:26 +495 -47: C:/Users/Atharva Patil/Documents/projects/gymlog/test/legal_consistency_test.dart: Legal URLs are valid and secure HTTPS links
01:26 +496 -47: C:/Users/Atharva Patil/Documents/projects/gymlog/test/muscle_load_bar_accent_test.dart: legend dots equal the higgsfield (Volt, app default) ramp
01:27 +497 -47: C:/Users/Atharva Patil/Documents/projects/gymlog/test/muscle_load_bar_accent_test.dart: legend dots equal the higgsfield (Volt, app default) ramp
01:28 +498 -47: C:/Users/Atharva Patil/Documents/projects/gymlog/test/muscle_load_bar_accent_test.dart: legend dots equal the neonPurple ramp
01:28 +499 -47: C:/Users/Atharva Patil/Documents/projects/gymlog/test/muscle_load_bar_accent_test.dart: no legend dot uses the legacy static purple literal
01:28 +500 -47: C:/Users/Atharva Patil/Documents/projects/gymlog/test/muscle_load_bar_accent_test.dart: legend caps at 3 items and shows +N overflow text
01:28 +501 -47: C:/Users/Atharva Patil/Documents/projects/gymlog/test/muscle_load_bar_accent_test.dart: empty entries render nothing
01:28 +502 -47: C:/Users/Atharva Patil/Documents/projects/gymlog/test/no_equipment_logging_certification_test.dart: ATOMIC-RC3-06 No-Equipment Logging End-to-End Certification Logs push-up and pull-up exercises without weight and exports cleanly
01:28 +503 -47: C:/Users/Atharva Patil/Documents/projects/gymlog/test/performance/bounded_cache_and_startup_test.dart: (setUpAll)
01:29 +503 -47: C:/Users/Atharva Patil/Documents/projects/gymlog/test/performance/bounded_cache_and_startup_test.dart: ATOMIC-11: Bounded Exercise Media Cache & Nonblocking Startup 1. Cache object limit is configured to 160 objects
01:29 +504 -47: C:/Users/Atharva Patil/Documents/projects/gymlog/test/performance/bounded_cache_and_startup_test.dart: ATOMIC-11: Bounded Exercise Media Cache & Nonblocking Startup 2. Maintenance policy runs safely
[ExerciseMediaCacheManager] cache dir resolve error: MissingPluginException(No implementation found for method getTemporaryDirectory on channel plugins.flutter.io/path_provider)
01:29 +505 -47: C:/Users/Atharva Patil/Documents/projects/gymlog/test/performance/bounded_cache_and_startup_test.dart: ATOMIC-11: Bounded Exercise Media Cache & Nonblocking Startup 3. Reduced-motion GIF behavior renders static poster/frame
01:29 +506 -47: C:/Users/Atharva Patil/Documents/projects/gymlog/test/performance/bounded_cache_and_startup_test.dart: ATOMIC-11: Bounded Exercise Media Cache & Nonblocking Startup 3. Reduced-motion GIF behavior renders static poster/frame
01:29 +507 -47: C:/Users/Atharva Patil/Documents/projects/gymlog/test/performance/bounded_cache_and_startup_test.dart: ATOMIC-11: Bounded Exercise Media Cache & Nonblocking Startup 3. Reduced-motion GIF behavior renders static poster/frame
01:29 +508 -47: C:/Users/Atharva Patil/Documents/projects/gymlog/test/performance/bounded_cache_and_startup_test.dart: ATOMIC-11: Bounded Exercise Media Cache & Nonblocking Startup 3. Reduced-motion GIF behavior renders static poster/frame
01:30 +509 -47: C:/Users/Atharva Patil/Documents/projects/gymlog/test/performance/bounded_cache_and_startup_test.dart: ATOMIC-11: Bounded Exercise Media Cache & Nonblocking Startup 3. Reduced-motion GIF behavior renders static poster/frame
01:30 +510 -47: C:/Users/Atharva Patil/Documents/projects/gymlog/test/performance/bounded_cache_and_startup_test.dart: ATOMIC-11: Bounded Exercise Media Cache & Nonblocking Startup 3. Reduced-motion GIF behavior renders static poster/frame
01:30 +511 -47: C:/Users/Atharva Patil/Documents/projects/gymlog/test/performance/bounded_cache_and_startup_test.dart: ATOMIC-11: Bounded Exercise Media Cache & Nonblocking Startup 3. Reduced-motion GIF behavior renders static poster/frame
01:30 +512 -47: C:/Users/Atharva Patil/Documents/projects/gymlog/test/premium/strict_entitlement_verification_test.dart: ATOMIC-08: Strict Premium Entitlement Verification 7. Stale local cache with null expiry but isPremium=false is rejected
01:30 +513 -47: C:/Users/Atharva Patil/Documents/projects/gymlog/test/performance/bounded_cache_and_startup_test.dart: ATOMIC-11: Bounded Exercise Media Cache & Nonblocking Startup 4. Cancellation on widget unmount leaves no memory leak
01:30 +514 -47: C:/Users/Atharva Patil/Documents/projects/gymlog/test/pressable_scale_test.dart: forwards taps to the child (does not steal the gesture)
01:30 +515 -47: C:/Users/Atharva Patil/Documents/projects/gymlog/test/pressable_scale_test.dart: forwards taps to the child (does not steal the gesture)
01:30 +516 -47: C:/Users/Atharva Patil/Documents/projects/gymlog/test/pressable_scale_test.dart: forwards taps to the child (does not steal the gesture)
01:30 +517 -47: C:/Users/Atharva Patil/Documents/projects/gymlog/test/pressable_scale_test.dart: forwards taps to the child (does not steal the gesture)
01:30 +518 -47: C:/Users/Atharva Patil/Documents/projects/gymlog/test/pressable_scale_test.dart: forwards taps to the child (does not steal the gesture)
01:30 +519 -47: C:/Users/Atharva Patil/Documents/projects/gymlog/test/pressable_scale_test.dart: forwards taps to the child (does not steal the gesture)
01:30 +520 -47: C:/Users/Atharva Patil/Documents/projects/gymlog/test/pressable_scale_test.dart: forwards taps to the child (does not steal the gesture)
01:31 +521 -47: C:/Users/Atharva Patil/Documents/projects/gymlog/test/profile/help_report_form_test.dart: UX-95-03 — Adaptive Help report form renders fields at default text scale
01:31 +522 -47: C:/Users/Atharva Patil/Documents/projects/gymlog/test/profile/help_report_form_test.dart: UX-95-03 — Adaptive Help report form renders fields at default text scale
01:31 +523 -47: C:/Users/Atharva Patil/Documents/projects/gymlog/test/profile/help_report_form_test.dart: UX-95-03 — Adaptive Help report form renders fields at default text scale
01:32 +524 -47: C:/Users/Atharva Patil/Documents/projects/gymlog/test/profile_cluster_polish_test.dart: ProfileAvatar fallback displays display name letter
01:32 +525 -47: C:/Users/Atharva Patil/Documents/projects/gymlog/test/profile_cluster_polish_test.dart: ProfileAvatar fallback displays display name letter
01:32 +526 -47: C:/Users/Atharva Patil/Documents/projects/gymlog/test/profile_cluster_polish_test.dart: ProfileAvatar fallback displays display name letter
01:32 +527 -47: C:/Users/Atharva Patil/Documents/projects/gymlog/test/profile_cluster_polish_test.dart: ProfileAvatar fallback displays display name letter
01:32 +527 -47: C:/Users/Atharva Patil/Documents/projects/gymlog/test/profile_sync_service_test.dart: submitDisplayName keeps local + queues when remote is offline, retry delivers later
[ProfileSyncService] Remote sync failed: Exception: offline
#0      FakeRemote.upsert (file:///C:/Users/Atharva%20Patil/Documents/projects/gymlog/test/profile_sync_service_test.dart:38:19)
#1      ProfileSyncService._flushPendingOrThrow (package:gymlog/core/services/profile_sync_service.dart:195:10)
<asynchronous suspension>
#2      ProfileSyncService.submitDisplayName (package:gymlog/core/services/profile_sync_service.dart:80:7)
<asynchronous suspension>
#3      main.<anonymous closure>.<anonymous closure> (file:///C:/Users/Atharva%20Patil/Documents/projects/gymlog/test/profile_sync_service_test.dart:101:7)
<asynchronous suspension>
#4      Declarer.test.<anonymous closure>.<anonymous closure> (package:test_api/src/backend/declarer.dart:253:15)
<asynchronous suspension>
#5      Declarer.test.<anonymous closure> (package:test_api/src/backend/declarer.dart:250:11)
<asynchronous suspension>
#6      Invoker._waitForOutstandingCallbacks.<anonymous closure> (package:test_api/src/backend/invoker.dart:318:9)
<asynchronous suspension>

01:32 +528 -47: C:/Users/Atharva Patil/Documents/projects/gymlog/test/profile_cluster_polish_test.dart: ProfileAvatar fallback displays display name letter
01:32 +529 -47: C:/Users/Atharva Patil/Documents/projects/gymlog/test/profile_cluster_polish_test.dart: ProfileAvatar fallback displays display name letter
01:32 +530 -47: C:/Users/Atharva Patil/Documents/projects/gymlog/test/profile_cluster_polish_test.dart: ProfileAvatar fallback displays display name letter
01:32 +531 -47: C:/Users/Atharva Patil/Documents/projects/gymlog/test/profile_cluster_polish_test.dart: ProfileAvatar fallback displays display name letter
01:32 +532 -47: C:/Users/Atharva Patil/Documents/projects/gymlog/test/profile_cluster_polish_test.dart: ProfileAvatar fallback displays display name letter
01:32 +533 -47: C:/Users/Atharva Patil/Documents/projects/gymlog/test/profile_cluster_polish_test.dart: ProfileAvatar fallback displays display name letter
01:32 +534 -47: C:/Users/Atharva Patil/Documents/projects/gymlog/test/profile_cluster_polish_test.dart: ProfileAvatar fallback displays display name letter
01:32 +535 -47: C:/Users/Atharva Patil/Documents/projects/gymlog/test/profile_cluster_polish_test.dart: ProfileAvatar fallback displays display name letter
01:32 +536 -47: C:/Users/Atharva Patil/Documents/projects/gymlog/test/profile_cluster_polish_test.dart: ProfileAvatar fallback displays display name letter
01:33 +537 -47: C:/Users/Atharva Patil/Documents/projects/gymlog/test/profile_cluster_polish_test.dart: WeeklyBarChart low-data comparison view dynamic colors
01:33 +538 -47: C:/Users/Atharva Patil/Documents/projects/gymlog/test/profile_cluster_polish_test.dart: PremiumPaywall UI headline resolves and sheet themes dynamically
01:33 +539 -47: C:/Users/Atharva Patil/Documents/projects/gymlog/test/profile_weekly_bar_chart_test.dart: ProfileGraphEmptyState renders title, subtitle and CTA
01:34 +540 -47: C:/Users/Atharva Patil/Documents/projects/gymlog/test/profile_weekly_bar_chart_test.dart: ProfileGraphEmptyState renders title, subtitle and CTA
01:34 +541 -47: C:/Users/Atharva Patil/Documents/projects/gymlog/test/profile_weekly_bar_chart_test.dart: ProfileGraphEmptyState renders title, subtitle and CTA
01:34 +542 -47: C:/Users/Atharva Patil/Documents/projects/gymlog/test/profile_weekly_bar_chart_test.dart: ProfileGraphEmptyState renders title, subtitle and CTA
01:34 +543 -47: C:/Users/Atharva Patil/Documents/projects/gymlog/test/profile_weekly_bar_chart_test.dart: ProfileGraphEmptyState renders title, subtitle and CTA
01:34 +544 -47: C:/Users/Atharva Patil/Documents/projects/gymlog/test/profile_weekly_bar_chart_test.dart: ProfileGraphEmptyState renders title, subtitle and CTA
01:34 +545 -47: C:/Users/Atharva Patil/Documents/projects/gymlog/test/profile_weekly_bar_chart_test.dart: GraphKpiHeader shows latest value and "This week" caption always when data exists
01:34 +546 -47: C:/Users/Atharva Patil/Documents/projects/gymlog/test/profile_weekly_bar_chart_test.dart: GraphKpiHeader hides delta pill when fewer than 4 filled weeks have data
01:34 +547 -47: C:/Users/Atharva Patil/Documents/projects/gymlog/test/profile_weekly_bar_chart_test.dart: GraphKpiHeader shows delta pill once 4+ filled weeks have data
01:34 +548 -47: C:/Users/Atharva Patil/Documents/projects/gymlog/test/profile_weekly_bar_chart_test.dart: GraphKpiHeader shows neutral dash in delta pill when previous week value is zero
01:34 +549 -47: C:/Users/Atharva Patil/Documents/projects/gymlog/test/profile_weekly_bar_chart_test.dart: WeeklyBarChart renders 8 weekly x-axis labels
01:34 +550 -47: C:/Users/Atharva Patil/Documents/projects/gymlog/test/radius_token_test.dart: DeleteAccountScreen danger chip and _SectionCard use correct AppRadius tokens
01:34 +551 -47: C:/Users/Atharva Patil/Documents/projects/gymlog/test/radius_token_test.dart: DeleteAccountScreen danger chip and _SectionCard use correct AppRadius tokens
01:34 +552 -47: C:/Users/Atharva Patil/Documents/projects/gymlog/test/radius_token_test.dart: DeleteAccountScreen danger chip and _SectionCard use correct AppRadius tokens
01:34 +553 -47: C:/Users/Atharva Patil/Documents/projects/gymlog/test/radius_token_test.dart: DeleteAccountScreen danger chip and _SectionCard use correct AppRadius tokens
01:34 +554 -47: C:/Users/Atharva Patil/Documents/projects/gymlog/test/radius_token_test.dart: DeleteAccountScreen danger chip and _SectionCard use correct AppRadius tokens
01:35 +554 -47: C:/Users/Atharva Patil/Documents/projects/gymlog/test/reorder_exercise_test.dart: move first item down (A→index 2): B, C, A, D
[WorkoutDraftStore] save failed: Binding has not yet been initialized.
The "instance" getter on the ServicesBinding binding mixin is only available once that binding has been initialized.
Typically, this is done by calling "WidgetsFlutterBinding.ensureInitialized()" or "runApp()" (the latter calls the former). Typically this call is done in the "void main()" method. The "ensureInitialized" method is idempotent; calling it multiple times is not harmful. After calling that method, the "instance" getter will return the binding.
In a test, one can call "TestWidgetsFlutterBinding.ensureInitialized()" as the first line in the test's "main()" method to initialize the binding.
If ServicesBinding is a custom binding mixin, there must also be a custom binding class, like WidgetsFlutterBinding, but that mixes in the selected binding, and that is the class that must be constructed before using the "instance" getter.
[WorkoutDraftStore] save failed: Binding has not yet been initialized.
The "instance" getter on the ServicesBinding binding mixin is only available once that binding has been initialized.
Typically, this is done by calling "WidgetsFlutterBinding.ensureInitialized()" or "runApp()" (the latter calls the former). Typically this call is done in the "void main()" method. The "ensureInitialized" method is idempotent; calling it multiple times is not harmful. After calling that method, the "instance" getter will return the binding.
In a test, one can call "TestWidgetsFlutterBinding.ensureInitialized()" as the first line in the test's "main()" method to initialize the binding.
If ServicesBinding is a custom binding mixin, there must also be a custom binding class, like WidgetsFlutterBinding, but that mixes in the selected binding, and that is the class that must be constructed before using the "instance" getter.
01:35 +555 -47: C:/Users/Atharva Patil/Documents/projects/gymlog/test/radius_token_test.dart: DeleteAccountScreen danger chip and _SectionCard use correct AppRadius tokens
01:36 +555 -47: C:/Users/Atharva Patil/Documents/projects/gymlog/test/reorder_exercise_test.dart: move last item to front (D→index 0): D, A, B, C
[WorkoutDraftStore] save failed: Binding has not yet been initialized.
The "instance" getter on the ServicesBinding binding mixin is only available once that binding has been initialized.
Typically, this is done by calling "WidgetsFlutterBinding.ensureInitialized()" or "runApp()" (the latter calls the former). Typically this call is done in the "void main()" method. The "ensureInitialized" method is idempotent; calling it multiple times is not harmful. After calling that method, the "instance" getter will return the binding.
In a test, one can call "TestWidgetsFlutterBinding.ensureInitialized()" as the first line in the test's "main()" method to initialize the binding.
If ServicesBinding is a custom binding mixin, there must also be a custom binding class, like WidgetsFlutterBinding, but that mixes in the selected binding, and that is the class that must be constructed before using the "instance" getter.
[WorkoutDraftStore] save failed: Binding has not yet been initialized.
The "instance" getter on the ServicesBinding binding mixin is only available once that binding has been initialized.
Typically, this is done by calling "WidgetsFlutterBinding.ensureInitialized()" or "runApp()" (the latter calls the former). Typically this call is done in the "void main()" method. The "ensureInitialized" method is idempotent; calling it multiple times is not harmful. After calling that method, the "instance" getter will return the binding.
In a test, one can call "TestWidgetsFlutterBinding.ensureInitialized()" as the first line in the test's "main()" method to initialize the binding.
If ServicesBinding is a custom binding mixin, there must also be a custom binding class, like WidgetsFlutterBinding, but that mixes in the selected binding, and that is the class that must be constructed before using the "instance" getter.
01:36 +556 -47: C:/Users/Atharva Patil/Documents/projects/gymlog/test/radius_token_test.dart: DeleteAccountScreen danger chip and _SectionCard use correct AppRadius tokens
01:36 +557 -47: C:/Users/Atharva Patil/Documents/projects/gymlog/test/reorder_exercise_test.dart: move middle up (C→index 1): A, C, B, D
[WorkoutDraftStore] save failed: Binding has not yet been initialized.
The "instance" getter on the ServicesBinding binding mixin is only available once that binding has been initialized.
Typically, this is done by calling "WidgetsFlutterBinding.ensureInitialized()" or "runApp()" (the latter calls the former). Typically this call is done in the "void main()" method. The "ensureInitialized" method is idempotent; calling it multiple times is not harmful. After calling that method, the "instance" getter will return the binding.
In a test, one can call "TestWidgetsFlutterBinding.ensureInitialized()" as the first line in the test's "main()" method to initialize the binding.
If ServicesBinding is a custom binding mixin, there must also be a custom binding class, like WidgetsFlutterBinding, but that mixes in the selected binding, and that is the class that must be constructed before using the "instance" getter.
[WorkoutDraftStore] save failed: Binding has not yet been initialized.
The "instance" getter on the ServicesBinding binding mixin is only available once that binding has been initialized.
Typically, this is done by calling "WidgetsFlutterBinding.ensureInitialized()" or "runApp()" (the latter calls the former). Typically this call is done in the "void main()" method. The "ensureInitialized" method is idempotent; calling it multiple times is not harmful. After calling that method, the "instance" getter will return the binding.
In a test, one can call "TestWidgetsFlutterBinding.ensureInitialized()" as the first line in the test's "main()" method to initialize the binding.
If ServicesBinding is a custom binding mixin, there must also be a custom binding class, like WidgetsFlutterBinding, but that mixes in the selected binding, and that is the class that must be constructed before using the "instance" getter.
01:36 +558 -47: C:/Users/Atharva Patil/Documents/projects/gymlog/test/radius_token_test.dart: ExerciseSelectionScreen filter chip uses AppRadius.buttonSecondaryAll
01:36 +558 -47: C:/Users/Atharva Patil/Documents/projects/gymlog/test/reorder_exercise_test.dart: out-of-range oldIndex is ignored (no throw, order intact)
[WorkoutDraftStore] save failed: Binding has not yet been initialized.
The "instance" getter on the ServicesBinding binding mixin is only available once that binding has been initialized.
Typically, this is done by calling "WidgetsFlutterBinding.ensureInitialized()" or "runApp()" (the latter calls the former). Typically this call is done in the "void main()" method. The "ensureInitialized" method is idempotent; calling it multiple times is not harmful. After calling that method, the "instance" getter will return the binding.
In a test, one can call "TestWidgetsFlutterBinding.ensureInitialized()" as the first line in the test's "main()" method to initialize the binding.
If ServicesBinding is a custom binding mixin, there must also be a custom binding class, like WidgetsFlutterBinding, but that mixes in the selected binding, and that is the class that must be constructed before using the "instance" getter.
01:36 +559 -47: C:/Users/Atharva Patil/Documents/projects/gymlog/test/radius_token_test.dart: ExerciseSelectionScreen filter chip uses AppRadius.buttonSecondaryAll
01:36 +560 -47: C:/Users/Atharva Patil/Documents/projects/gymlog/test/radius_token_test.dart: ExerciseSelectionScreen filter chip uses AppRadius.buttonSecondaryAll
01:36 +561 -47: C:/Users/Atharva Patil/Documents/projects/gymlog/test/radius_token_test.dart: ExerciseSelectionScreen filter chip uses AppRadius.buttonSecondaryAll
01:36 +562 -47: C:/Users/Atharva Patil/Documents/projects/gymlog/test/radius_token_test.dart: ExerciseSelectionScreen filter chip uses AppRadius.buttonSecondaryAll
01:36 +563 -47: C:/Users/Atharva Patil/Documents/projects/gymlog/test/radius_token_test.dart: ExerciseSelectionScreen filter chip uses AppRadius.buttonSecondaryAll
01:36 +564 -47: C:/Users/Atharva Patil/Documents/projects/gymlog/test/radius_token_test.dart: ExerciseSelectionScreen filter chip uses AppRadius.buttonSecondaryAll
01:36 +565 -47: C:/Users/Atharva Patil/Documents/projects/gymlog/test/radius_token_test.dart: ExerciseSelectionScreen filter chip uses AppRadius.buttonSecondaryAll
01:36 +565 -47: C:/Users/Atharva Patil/Documents/projects/gymlog/test/reps_only_exercise_test.dart: ActiveWorkoutNotifier Reps-Only & Switching Logic adding reps-only exercise initializes weightKg to null
[WorkoutDraftStore] save failed: Binding has not yet been initialized.
The "instance" getter on the ServicesBinding binding mixin is only available once that binding has been initialized.
Typically, this is done by calling "WidgetsFlutterBinding.ensureInitialized()" or "runApp()" (the latter calls the former). Typically this call is done in the "void main()" method. The "ensureInitialized" method is idempotent; calling it multiple times is not harmful. After calling that method, the "instance" getter will return the binding.
In a test, one can call "TestWidgetsFlutterBinding.ensureInitialized()" as the first line in the test's "main()" method to initialize the binding.
If ServicesBinding is a custom binding mixin, there must also be a custom binding class, like WidgetsFlutterBinding, but that mixes in the selected binding, and that is the class that must be constructed before using the "instance" getter.
[WorkoutDraftStore] save failed: Binding has not yet been initialized.
The "instance" getter on the ServicesBinding binding mixin is only available once that binding has been initialized.
Typically, this is done by calling "WidgetsFlutterBinding.ensureInitialized()" or "runApp()" (the latter calls the former). Typically this call is done in the "void main()" method. The "ensureInitialized" method is idempotent; calling it multiple times is not harmful. After calling that method, the "instance" getter will return the binding.
In a test, one can call "TestWidgetsFlutterBinding.ensureInitialized()" as the first line in the test's "main()" method to initialize the binding.
If ServicesBinding is a custom binding mixin, there must also be a custom binding class, like WidgetsFlutterBinding, but that mixes in the selected binding, and that is the class that must be constructed before using the "instance" getter.
01:36 +566 -47: C:/Users/Atharva Patil/Documents/projects/gymlog/test/radius_token_test.dart: ExerciseSelectionScreen filter chip uses AppRadius.buttonSecondaryAll
01:36 +566 -47: C:/Users/Atharva Patil/Documents/projects/gymlog/test/reps_only_exercise_test.dart: ActiveWorkoutNotifier Reps-Only & Switching Logic adding weighted exercise initializes weightKg to 0.0
[WorkoutDraftStore] save failed: Binding has not yet been initialized.
The "instance" getter on the ServicesBinding binding mixin is only available once that binding has been initialized.
Typically, this is done by calling "WidgetsFlutterBinding.ensureInitialized()" or "runApp()" (the latter calls the former). Typically this call is done in the "void main()" method. The "ensureInitialized" method is idempotent; calling it multiple times is not harmful. After calling that method, the "instance" getter will return the binding.
In a test, one can call "TestWidgetsFlutterBinding.ensureInitialized()" as the first line in the test's "main()" method to initialize the binding.
If ServicesBinding is a custom binding mixin, there must also be a custom binding class, like WidgetsFlutterBinding, but that mixes in the selected binding, and that is the class that must be constructed before using the "instance" getter.
[WorkoutDraftStore] save failed: Binding has not yet been initialized.
The "instance" getter on the ServicesBinding binding mixin is only available once that binding has been initialized.
Typically, this is done by calling "WidgetsFlutterBinding.ensureInitialized()" or "runApp()" (the latter calls the former). Typically this call is done in the "void main()" method. The "ensureInitialized" method is idempotent; calling it multiple times is not harmful. After calling that method, the "instance" getter will return the binding.
In a test, one can call "TestWidgetsFlutterBinding.ensureInitialized()" as the first line in the test's "main()" method to initialize the binding.
If ServicesBinding is a custom binding mixin, there must also be a custom binding class, like WidgetsFlutterBinding, but that mixes in the selected binding, and that is the class that must be constructed before using the "instance" getter.
01:36 +567 -47: C:/Users/Atharva Patil/Documents/projects/gymlog/test/radius_token_test.dart: ExerciseSelectionScreen filter chip uses AppRadius.buttonSecondaryAll
01:36 +568 -47: C:/Users/Atharva Patil/Documents/projects/gymlog/test/reps_only_exercise_test.dart: ActiveWorkoutNotifier Reps-Only & Switching Logic switching between weighted and reps-only respects target measurementType
[WorkoutDraftStore] save failed: Binding has not yet been initialized.
The "instance" getter on the ServicesBinding binding mixin is only available once that binding has been initialized.
Typically, this is done by calling "WidgetsFlutterBinding.ensureInitialized()" or "runApp()" (the latter calls the former). Typically this call is done in the "void main()" method. The "ensureInitialized" method is idempotent; calling it multiple times is not harmful. After calling that method, the "instance" getter will return the binding.
In a test, one can call "TestWidgetsFlutterBinding.ensureInitialized()" as the first line in the test's "main()" method to initialize the binding.
If ServicesBinding is a custom binding mixin, there must also be a custom binding class, like WidgetsFlutterBinding, but that mixes in the selected binding, and that is the class that must be constructed before using the "instance" getter.
[WorkoutDraftStore] save failed: Binding has not yet been initialized.
The "instance" getter on the ServicesBinding binding mixin is only available once that binding has been initialized.
Typically, this is done by calling "WidgetsFlutterBinding.ensureInitialized()" or "runApp()" (the latter calls the former). Typically this call is done in the "void main()" method. The "ensureInitialized" method is idempotent; calling it multiple times is not harmful. After calling that method, the "instance" getter will return the binding.
In a test, one can call "TestWidgetsFlutterBinding.ensureInitialized()" as the first line in the test's "main()" method to initialize the binding.
If ServicesBinding is a custom binding mixin, there must also be a custom binding class, like WidgetsFlutterBinding, but that mixes in the selected binding, and that is the class that must be constructed before using the "instance" getter.
[WorkoutDraftStore] save failed: Binding has not yet been initialized.
The "instance" getter on the ServicesBinding binding mixin is only available once that binding has been initialized.
Typically, this is done by calling "WidgetsFlutterBinding.ensureInitialized()" or "runApp()" (the latter calls the former). Typically this call is done in the "void main()" method. The "ensureInitialized" method is idempotent; calling it multiple times is not harmful. After calling that method, the "instance" getter will return the binding.
In a test, one can call "TestWidgetsFlutterBinding.ensureInitialized()" as the first line in the test's "main()" method to initialize the binding.
If ServicesBinding is a custom binding mixin, there must also be a custom binding class, like WidgetsFlutterBinding, but that mixes in the selected binding, and that is the class that must be constructed before using the "instance" getter.
[WorkoutDraftStore] save failed: Binding has not yet been initialized.
The "instance" getter on the ServicesBinding binding mixin is only available once that binding has been initialized.
Typically, this is done by calling "WidgetsFlutterBinding.ensureInitialized()" or "runApp()" (the latter calls the former). Typically this call is done in the "void main()" method. The "ensureInitialized" method is idempotent; calling it multiple times is not harmful. After calling that method, the "instance" getter will return the binding.
In a test, one can call "TestWidgetsFlutterBinding.ensureInitialized()" as the first line in the test's "main()" method to initialize the binding.
If ServicesBinding is a custom binding mixin, there must also be a custom binding class, like WidgetsFlutterBinding, but that mixes in the selected binding, and that is the class that must be constructed before using the "instance" getter.
01:36 +569 -47: C:/Users/Atharva Patil/Documents/projects/gymlog/test/radius_token_test.dart: HomeScreen initial skeleton uses AppRadius.card
01:36 +569 -47: C:/Users/Atharva Patil/Documents/projects/gymlog/test/reps_only_exercise_test.dart: ActiveWorkoutNotifier Reps-Only & Switching Logic sessionTotals volume calculation ignores null weights
[WorkoutDraftStore] save failed: Binding has not yet been initialized.
The "instance" getter on the ServicesBinding binding mixin is only available once that binding has been initialized.
Typically, this is done by calling "WidgetsFlutterBinding.ensureInitialized()" or "runApp()" (the latter calls the former). Typically this call is done in the "void main()" method. The "ensureInitialized" method is idempotent; calling it multiple times is not harmful. After calling that method, the "instance" getter will return the binding.
In a test, one can call "TestWidgetsFlutterBinding.ensureInitialized()" as the first line in the test's "main()" method to initialize the binding.
If ServicesBinding is a custom binding mixin, there must also be a custom binding class, like WidgetsFlutterBinding, but that mixes in the selected binding, and that is the class that must be constructed before using the "instance" getter.
[WorkoutDraftStore] save failed: Binding has not yet been initialized.
The "instance" getter on the ServicesBinding binding mixin is only available once that binding has been initialized.
Typically, this is done by calling "WidgetsFlutterBinding.ensureInitialized()" or "runApp()" (the latter calls the former). Typically this call is done in the "void main()" method. The "ensureInitialized" method is idempotent; calling it multiple times is not harmful. After calling that method, the "instance" getter will return the binding.
In a test, one can call "TestWidgetsFlutterBinding.ensureInitialized()" as the first line in the test's "main()" method to initialize the binding.
If ServicesBinding is a custom binding mixin, there must also be a custom binding class, like WidgetsFlutterBinding, but that mixes in the selected binding, and that is the class that must be constructed before using the "instance" getter.
[WorkoutDraftStore] save failed: Binding has not yet been initialized.
The "instance" getter on the ServicesBinding binding mixin is only available once that binding has been initialized.
Typically, this is done by calling "WidgetsFlutterBinding.ensureInitialized()" or "runApp()" (the latter calls the former). Typically this call is done in the "void main()" method. The "ensureInitialized" method is idempotent; calling it multiple times is not harmful. After calling that method, the "instance" getter will return the binding.
In a test, one can call "TestWidgetsFlutterBinding.ensureInitialized()" as the first line in the test's "main()" method to initialize the binding.
If ServicesBinding is a custom binding mixin, there must also be a custom binding class, like WidgetsFlutterBinding, but that mixes in the selected binding, and that is the class that must be constructed before using the "instance" getter.
[WorkoutDraftStore] save failed: Binding has not yet been initialized.
The "instance" getter on the ServicesBinding binding mixin is only available once that binding has been initialized.
Typically, this is done by calling "WidgetsFlutterBinding.ensureInitialized()" or "runApp()" (the latter calls the former). Typically this call is done in the "void main()" method. The "ensureInitialized" method is idempotent; calling it multiple times is not harmful. After calling that method, the "instance" getter will return the binding.
In a test, one can call "TestWidgetsFlutterBinding.ensureInitialized()" as the first line in the test's "main()" method to initialize the binding.
If ServicesBinding is a custom binding mixin, there must also be a custom binding class, like WidgetsFlutterBinding, but that mixes in the selected binding, and that is the class that must be constructed before using the "instance" getter.
[WorkoutDraftStore] save failed: Binding has not yet been initialized.
The "instance" getter on the ServicesBinding binding mixin is only available once that binding has been initialized.
Typically, this is done by calling "WidgetsFlutterBinding.ensureInitialized()" or "runApp()" (the latter calls the former). Typically this call is done in the "void main()" method. The "ensureInitialized" method is idempotent; calling it multiple times is not harmful. After calling that method, the "instance" getter will return the binding.
In a test, one can call "TestWidgetsFlutterBinding.ensureInitialized()" as the first line in the test's "main()" method to initialize the binding.
If ServicesBinding is a custom binding mixin, there must also be a custom binding class, like WidgetsFlutterBinding, but that mixes in the selected binding, and that is the class that must be constructed before using the "instance" getter.
[WorkoutDraftStore] save failed: Binding has not yet been initialized.
The "instance" getter on the ServicesBinding binding mixin is only available once that binding has been initialized.
Typically, this is done by calling "WidgetsFlutterBinding.ensureInitialized()" or "runApp()" (the latter calls the former). Typically this call is done in the "void main()" method. The "ensureInitialized" method is idempotent; calling it multiple times is not harmful. After calling that method, the "instance" getter will return the binding.
01:36 +570 -47: C:/Users/Atharva Patil/Documents/projects/gymlog/test/radius_token_test.dart: HomeScreen initial skeleton uses AppRadius.card
01:36 +571 -47: C:/Users/Atharva Patil/Documents/projects/gymlog/test/rest_preference_atomic_test.dart: ATOMIC-01 RestPreference & Normalization Suite 1. Default maps to null
01:36 +572 -47: C:/Users/Atharva Patil/Documents/projects/gymlog/test/rest_preference_atomic_test.dart: ATOMIC-01 RestPreference & Normalization Suite 2. Disabled maps to zero
01:36 +573 -47: C:/Users/Atharva Patil/Documents/projects/gymlog/test/rest_preference_atomic_test.dart: ATOMIC-01 RestPreference & Normalization Suite 3. Custom maps to positive seconds
01:36 +574 -47: C:/Users/Atharva Patil/Documents/projects/gymlog/test/rest_preference_atomic_test.dart: ATOMIC-01 RestPreference & Normalization Suite 4. Null restores Default
01:37 +575 -47: C:/Users/Atharva Patil/Documents/projects/gymlog/test/rest_preference_atomic_test.dart: ATOMIC-01 RestPreference & Normalization Suite 5. Zero restores Disabled
01:37 +576 -47: C:/Users/Atharva Patil/Documents/projects/gymlog/test/rest_preference_atomic_test.dart: ATOMIC-01 RestPreference & Normalization Suite 6. Custom equal to global normalizes to Default
01:37 +577 -47: C:/Users/Atharva Patil/Documents/projects/gymlog/test/rest_preference_atomic_test.dart: ATOMIC-01 RestPreference & Normalization Suite 7. Exactly one selection predicate is true
01:37 +578 -47: C:/Users/Atharva Patil/Documents/projects/gymlog/test/rest_preference_atomic_test.dart: ATOMIC-01 RestPreference & Normalization Suite 8. No production widget contains visible text None
01:38 +579 -47: C:/Users/Atharva Patil/Documents/projects/gymlog/test/rest_preference_atomic_test.dart: ATOMIC-01 RestPreference & Normalization Suite 8. No production widget contains visible text None
01:38 +580 -47: C:/Users/Atharva Patil/Documents/projects/gymlog/test/rest_preference_atomic_test.dart: ATOMIC-01 RestPreference & Normalization Suite 8. No production widget contains visible text None
01:38 +581 -47: C:/Users/Atharva Patil/Documents/projects/gymlog/test/rest_preference_atomic_test.dart: ATOMIC-01 RestPreference & Normalization Suite 8. No production widget contains visible text None
01:39 +582 -47: C:/Users/Atharva Patil/Documents/projects/gymlog/test/rest_preference_atomic_test.dart: ATOMIC-01 RestPreference & Normalization Suite 8. No production widget contains visible text None
01:39 +583 -47: C:/Users/Atharva Patil/Documents/projects/gymlog/test/rest_timer_override_test.dart: GymLog P0-04 Rest Timer Override & Precedence Suite new-workout starts without copying previous workout overrides
01:39 +584 -47: C:/Users/Atharva Patil/Documents/projects/gymlog/test/rest_preference_atomic_test.dart: ATOMIC-01 RestPreference & Normalization Suite 9. Draft round trip preserves all three states
01:39 +585 -47: C:/Users/Atharva Patil/Documents/projects/gymlog/test/rest_timer_override_test.dart: GymLog P0-04 Rest Timer Override & Precedence Suite background/resume: timer expired while backgrounded triggers finish on sync
01:39 +586 -47: C:/Users/Atharva Patil/Documents/projects/gymlog/test/rest_timer_override_test.dart: GymLog P0-04 Rest Timer Override & Precedence Suite background/resume: timer expired while backgrounded triggers finish on sync
01:39 +587 -47: C:/Users/Atharva Patil/Documents/projects/gymlog/test/rest_timer_override_test.dart: GymLog P0-04 Rest Timer Override & Precedence Suite active timer change rule: mutating override does not alter already-running timer deadline
01:39 +588 -47: C:/Users/Atharva Patil/Documents/projects/gymlog/test/rest_timer_override_test.dart: GymLog P0-04 Rest Timer Override & Precedence Suite process-death: restores override and running timer context successfully
01:39 +589 -47: C:/Users/Atharva Patil/Documents/projects/gymlog/test/rest_timer_override_test.dart: GymLog P0-04 Rest Timer Override & Precedence Suite idempotency: multiple start, cancel, and skip calls behave predictably
01:39 +590 -47: C:/Users/Atharva Patil/Documents/projects/gymlog/test/rest_timer_override_test.dart: GymLog P0-04 Rest Timer Override & Precedence Suite boundaries: custom overrides are clamped inside user UI picker sheets
01:40 +591 -47: C:/Users/Atharva Patil/Documents/projects/gymlog/test/rest_time_sheet_atomic_test.dart: ATOMIC-02 RestTimeSheet Suite 1. no None or Matches default in sheet
01:40 +592 -47: C:/Users/Atharva Patil/Documents/projects/gymlog/test/rest_time_sheet_atomic_test.dart: ATOMIC-02 RestTimeSheet Suite 1. no None or Matches default in sheet
01:40 +593 -47: C:/Users/Atharva Patil/Documents/projects/gymlog/test/rest_time_sheet_atomic_test.dart: ATOMIC-02 RestTimeSheet Suite 1. no None or Matches default in sheet
01:41 +594 -47: C:/Users/Atharva Patil/Documents/projects/gymlog/test/routine_detail_scroll_and_loading_test.dart: RoutineDetailScreen loaded view uses AlwaysScrollableScrollPhysics
01:41 +595 -47: C:/Users/Atharva Patil/Documents/projects/gymlog/test/routine_detail_scroll_and_loading_test.dart: RoutineDetailScreen loaded view uses AlwaysScrollableScrollPhysics
01:41 +596 -47: C:/Users/Atharva Patil/Documents/projects/gymlog/test/routine_detail_scroll_and_loading_test.dart: RoutineDetailScreen loaded view uses AlwaysScrollableScrollPhysics
01:41 +597 -47: C:/Users/Atharva Patil/Documents/projects/gymlog/test/routine_detail_scroll_and_loading_test.dart: RoutineDetailScreen loaded view uses AlwaysScrollableScrollPhysics
01:41 +598 -47: C:/Users/Atharva Patil/Documents/projects/gymlog/test/routine_detail_scroll_and_loading_test.dart: RoutineDetailScreen loaded view uses AlwaysScrollableScrollPhysics
01:42 +599 -47: C:/Users/Atharva Patil/Documents/projects/gymlog/test/routine_detail_scroll_and_loading_test.dart: RoutineDetailScreen loaded view uses AlwaysScrollableScrollPhysics
01:42 +600 -47: C:/Users/Atharva Patil/Documents/projects/gymlog/test/routine_detail_scroll_and_loading_test.dart: RoutineDetailScreen loaded view uses AlwaysScrollableScrollPhysics
01:42 +601 -47: C:/Users/Atharva Patil/Documents/projects/gymlog/test/routine_editor_reorder_test.dart: full list renders through a drag and reorders correctly
01:43 +602 -47: C:/Users/Atharva Patil/Documents/projects/gymlog/test/routine_volume_error_state_test.dart: failed volume stream renders error+retry, never a zeroed volume graph
01:43 +603 -47: C:/Users/Atharva Patil/Documents/projects/gymlog/test/routine_volume_error_state_test.dart: failed volume stream renders error+retry, never a zeroed volume graph
01:44 +604 -47: C:/Users/Atharva Patil/Documents/projects/gymlog/test/routine_editor_reorder_test.dart: RoutineEditorScreen reorders exercises and respects bounds
01:44 +605 -47: C:/Users/Atharva Patil/Documents/projects/gymlog/test/screens_theme_test.dart: Screens Theme Verification Tests HomeScreen renders under multiple accents
01:45 +606 -47: C:/Users/Atharva Patil/Documents/projects/gymlog/test/screens_typography_test.dart: AuthScreen renders without exceptions and key text is present
01:46 +607 -47: C:/Users/Atharva Patil/Documents/projects/gymlog/test/screens_typography_test.dart: AuthScreen renders without exceptions and key text is present
01:46 +608 -47: C:/Users/Atharva Patil/Documents/projects/gymlog/test/screens_typography_test.dart: AuthScreen renders without exceptions and key text is present
01:46 +609 -47: C:/Users/Atharva Patil/Documents/projects/gymlog/test/set_row_debounce_persistence_test.dart: dispose mid-debounce flushes the in-flight weight (navigate-away gate)
01:46 +610 -47: C:/Users/Atharva Patil/Documents/projects/gymlog/test/set_row_debounce_persistence_test.dart: dispose mid-debounce flushes the in-flight weight (navigate-away gate)
01:46 +611 -47: C:/Users/Atharva Patil/Documents/projects/gymlog/test/set_row_debounce_persistence_test.dart: dispose mid-debounce flushes the in-flight weight (navigate-away gate)
01:47 +612 -47: C:/Users/Atharva Patil/Documents/projects/gymlog/test/set_row_debounce_persistence_test.dart: dispose mid-debounce flushes the in-flight weight (navigate-away gate)
01:47 +613 -47: C:/Users/Atharva Patil/Documents/projects/gymlog/test/set_row_debounce_persistence_test.dart: dispose mid-debounce flushes the in-flight weight (navigate-away gate)
01:47 +614 -47: C:/Users/Atharva Patil/Documents/projects/gymlog/test/set_row_debounce_persistence_test.dart: dispose mid-debounce flushes the in-flight weight (navigate-away gate)
01:47 +615 -47: C:/Users/Atharva Patil/Documents/projects/gymlog/test/set_row_focus_test.dart: SetRow keeps focus + value across an ancestor rebuild
01:47 +616 -47: C:/Users/Atharva Patil/Documents/projects/gymlog/test/set_row_focus_test.dart: SetRow keeps focus + value across an ancestor rebuild
01:47 +617 -47: C:/Users/Atharva Patil/Documents/projects/gymlog/test/set_row_focus_test.dart: SetRow keeps focus + value across an ancestor rebuild
01:47 +618 -47: C:/Users/Atharva Patil/Documents/projects/gymlog/test/set_row_focus_test.dart: SetRow keeps focus + value across an ancestor rebuild
01:48 +619 -47: C:/Users/Atharva Patil/Documents/projects/gymlog/test/set_row_focus_test.dart: SetRow keeps focus + value across an ancestor rebuild
01:49 +620 -47: C:/Users/Atharva Patil/Documents/projects/gymlog/test/set_row_measurement_types_test.dart: R1 — Field visibility weightAndReps: both weight and reps fields visible
01:50 +621 -47: C:/Users/Atharva Patil/Documents/projects/gymlog/test/set_row_measurement_types_test.dart: R1 — Field visibility weightAndReps: both weight and reps fields visible
01:50 +622 -47: C:/Users/Atharva Patil/Documents/projects/gymlog/test/shared/adaptive_layout_test.dart: AdaptiveContext compact screen (<360) returns compact class
01:50 +623 -47: C:/Users/Atharva Patil/Documents/projects/gymlog/test/shared/adaptive_layout_test.dart: AdaptiveContext compact screen (<360) returns compact class
01:50 +624 -47: C:/Users/Atharva Patil/Documents/projects/gymlog/test/shared/chrome_tokens_test.dart: ChromeContextX context.chrome returns ChromeTokens in dark theme
01:50 +625 -47: C:/Users/Atharva Patil/Documents/projects/gymlog/test/shared/chrome_tokens_test.dart: ChromeContextX context.chrome returns ChromeTokens in dark theme
01:50 +626 -47: C:/Users/Atharva Patil/Documents/projects/gymlog/test/shared/chrome_tokens_test.dart: ChromeContextX context.chrome returns ChromeTokens in dark theme
01:50 +627 -47: C:/Users/Atharva Patil/Documents/projects/gymlog/test/shared/chrome_tokens_test.dart: ChromeContextX context.chrome returns ChromeTokens in dark theme
01:50 +628 -47: C:/Users/Atharva Patil/Documents/projects/gymlog/test/shared/chrome_tokens_test.dart: ChromeContextX context.chrome returns ChromeTokens in dark theme
01:50 +629 -47: C:/Users/Atharva Patil/Documents/projects/gymlog/test/shared/chrome_tokens_test.dart: ChromeContextX context.chrome returns ChromeTokens in dark theme
01:50 +630 -47: C:/Users/Atharva Patil/Documents/projects/gymlog/test/shared/chrome_tokens_test.dart: ChromeContextX context.chrome returns ChromeTokens in dark theme
01:50 +631 -47: C:/Users/Atharva Patil/Documents/projects/gymlog/test/shared/chrome_tokens_test.dart: ChromeContextX context.chrome returns ChromeTokens in dark theme
01:50 +632 -47: C:/Users/Atharva Patil/Documents/projects/gymlog/test/shared/chrome_tokens_test.dart: ChromeContextX context.chrome returns ChromeTokens in dark theme
01:50 +633 -47: C:/Users/Atharva Patil/Documents/projects/gymlog/test/shared/chrome_tokens_test.dart: ChromeContextX context.chrome returns ChromeTokens in dark theme
01:50 +634 -47: C:/Users/Atharva Patil/Documents/projects/gymlog/test/shared/chrome_tokens_test.dart: ChromeContextX context.chrome returns ChromeTokens in dark theme
01:50 +634 -47: C:/Users/Atharva Patil/Documents/projects/gymlog/test/shared/draft_recovery_test.dart: UX-95-02 — Safe Draft Recovery store.loadSnapshot handles corrupted payload internally
[WorkoutDraftStore] Corrupted or invalid draft payload: FormatException: Unterminated string (at character 30)
{"corrupted: no closing brace
                             ^
. Clearing draft.
01:50 +635 -47: C:/Users/Atharva Patil/Documents/projects/gymlog/test/shared/chrome_tokens_test.dart: ChromeContextX context.chrome returns ChromeTokens in dark theme
01:50 +636 -47: C:/Users/Atharva Patil/Documents/projects/gymlog/test/shared/chrome_tokens_test.dart: ChromeContextX context.chrome returns ChromeTokens in dark theme
01:50 +637 -47: C:/Users/Atharva Patil/Documents/projects/gymlog/test/shared/chrome_tokens_test.dart: ChromeContextX context.chrome returns ChromeTokens in dark theme
01:50 +638 -47: C:/Users/Atharva Patil/Documents/projects/gymlog/test/shared/chrome_tokens_test.dart: ChromeContextX context.chrome returns ChromeTokens in dark theme
01:50 +639 -47: C:/Users/Atharva Patil/Documents/projects/gymlog/test/set_row_measurement_types_test.dart: R2 — Stable completion action tapping check never throws — even with empty required fields
01:51 +640 -47: C:/Users/Atharva Patil/Documents/projects/gymlog/test/set_row_measurement_types_test.dart: R2 — Stable completion action tapping check never throws — even with empty required fields
01:51 +641 -47: C:/Users/Atharva Patil/Documents/projects/gymlog/test/set_row_measurement_types_test.dart: R3 — Reps-only / duration / distance complete without weight kg repsOnly completes with reps only
01:51 +642 -47: C:/Users/Atharva Patil/Documents/projects/gymlog/test/set_row_measurement_types_test.dart: R3 — Reps-only / duration / distance complete without weight kg duration completes with reps (seconds) only
01:51 +643 -47: C:/Users/Atharva Patil/Documents/projects/gymlog/test/set_row_measurement_types_test.dart: R3 — Reps-only / duration / distance complete without weight kg distance completes with distance (weightKg) only
01:51 +644 -47: C:/Users/Atharva Patil/Documents/projects/gymlog/test/set_row_measurement_types_test.dart: R3 — Reps-only / duration / distance complete without weight kg repsOnly completes when only previousReps is available
01:51 +645 -47: C:/Users/Atharva Patil/Documents/projects/gymlog/test/set_row_measurement_types_test.dart: R4 — weightAndReps requires weight AND reps cannot complete with reps only (no weight, no previous)
01:51 +646 -47: C:/Users/Atharva Patil/Documents/projects/gymlog/test/set_row_measurement_types_test.dart: R4 — weightAndReps requires weight AND reps cannot complete with weight only (no reps, no previous)
01:51 +647 -47: C:/Users/Atharva Patil/Documents/projects/gymlog/test/set_row_measurement_types_test.dart: R4 — weightAndReps requires weight AND reps completes with both weight and reps present
01:51 +648 -47: C:/Users/Atharva Patil/Documents/projects/gymlog/test/set_row_measurement_types_test.dart: R4 — weightAndReps requires weight AND reps completes when previousWeight satisfies the weight requirement
01:52 +649 -47: C:/Users/Atharva Patil/Documents/projects/gymlog/test/set_row_measurement_types_test.dart: R5 — Exercise type switch switching from weightAndReps to repsOnly hides the weight field
01:52 +650 -47: C:/Users/Atharva Patil/Documents/projects/gymlog/test/set_row_measurement_types_test.dart: R5 — Exercise type switch switching from repsOnly to distance hides reps field
01:52 +651 -47: C:/Users/Atharva Patil/Documents/projects/gymlog/test/set_row_measurement_types_test.dart: R6 — Inline validation tapping check with empty required fields does NOT call onToggleComplete
01:52 +652 -47: C:/Users/Atharva Patil/Documents/projects/gymlog/test/set_row_measurement_types_test.dart: R6 — Inline validation tapping check with empty required fields does NOT call onToggleComplete
01:52 +653 -47: C:/Users/Atharva Patil/Documents/projects/gymlog/test/set_row_measurement_types_test.dart: R6 — Inline validation tapping check with empty required fields does NOT call onToggleComplete
01:52 +654 -47: C:/Users/Atharva Patil/Documents/projects/gymlog/test/set_row_measurement_types_test.dart: R6 — Inline validation tapping check with empty required fields does NOT call onToggleComplete
01:52 +655 -47: C:/Users/Atharva Patil/Documents/projects/gymlog/test/set_row_measurement_types_test.dart: R6 — Inline validation tapping check with empty required fields does NOT call onToggleComplete
01:52 +656 -47: C:/Users/Atharva Patil/Documents/projects/gymlog/test/set_row_measurement_types_test.dart: R6 — Inline validation tapping check with empty required fields does NOT call onToggleComplete
01:52 +657 -47: C:/Users/Atharva Patil/Documents/projects/gymlog/test/set_row_measurement_types_test.dart: R6 — Inline validation tapping check with empty required fields does NOT call onToggleComplete
01:52 +658 -47: C:/Users/Atharva Patil/Documents/projects/gymlog/test/set_row_measurement_types_test.dart: R6 — Inline validation tapping check with empty required fields does NOT call onToggleComplete
01:52 +659 -47: C:/Users/Atharva Patil/Documents/projects/gymlog/test/set_row_measurement_types_test.dart: R6 — Inline validation tapping check with empty required fields does NOT call onToggleComplete
01:52 +660 -47: C:/Users/Atharva Patil/Documents/projects/gymlog/test/set_row_measurement_types_test.dart: R6 — Inline validation tapping check with empty required fields does NOT call onToggleComplete
01:52 +661 -47: C:/Users/Atharva Patil/Documents/projects/gymlog/test/set_row_measurement_types_test.dart: R6 — Inline validation widget survives validation tap without throwing
01:52 +662 -47: C:/Users/Atharva Patil/Documents/projects/gymlog/test/set_row_measurement_types_test.dart: R7 — Double-tap prevention double-tap on completable set fires onToggleComplete once
01:52 +663 -47: C:/Users/Atharva Patil/Documents/projects/gymlog/test/set_row_measurement_types_test.dart: R8 — Focus order and keyboard actions weightAndReps: weight has TextInputAction.next, reps has .next
01:52 +664 -47: C:/Users/Atharva Patil/Documents/projects/gymlog/test/set_row_measurement_types_test.dart: R8 — Focus order and keyboard actions repsOnly: the single field has TextInputAction.next
01:52 +665 -47: C:/Users/Atharva Patil/Documents/projects/gymlog/test/set_row_measurement_types_test.dart: R8 — Focus order and keyboard actions duration: the single field has TextInputAction.next
01:52 +666 -47: C:/Users/Atharva Patil/Documents/projects/gymlog/test/set_row_measurement_types_test.dart: R8 — Focus order and keyboard actions distance: the single (weight-slot) field has TextInputAction.next
01:52 +667 -47: C:/Users/Atharva Patil/Documents/projects/gymlog/test/set_row_measurement_types_test.dart: Previous label formatting weightAndReps shows "15kg x 12"
01:52 +668 -47: C:/Users/Atharva Patil/Documents/projects/gymlog/test/sign_out_outcome_test.dart: SignOutCoordinator.execute outcome reports cloudSignOutFailed when the Supabase sign-out throws
01:53 +669 -47: C:/Users/Atharva Patil/Documents/projects/gymlog/test/sign_out_outcome_test.dart: SignOutCoordinator.execute outcome reports cloudSignOutFailed when the Supabase sign-out throws
01:53 +670 -47: C:/Users/Atharva Patil/Documents/projects/gymlog/test/set_row_measurement_types_test.dart: Previous label formatting duration shows "60s"
01:53 +671 -47: C:/Users/Atharva Patil/Documents/projects/gymlog/test/sign_out_outcome_test.dart: SignOutCoordinator.execute outcome reports complete when both cloud sign-outs succeed
01:53 +672 -47: C:/Users/Atharva Patil/Documents/projects/gymlog/test/set_row_measurement_types_test.dart: Previous label formatting distance shows "400m"
01:53 +673 -47: C:/Users/Atharva Patil/Documents/projects/gymlog/test/set_row_measurement_types_test.dart: Previous label formatting distance shows "400m"
01:53 +674 -47: C:/Users/Atharva Patil/Documents/projects/gymlog/test/set_row_measurement_types_test.dart: Previous label formatting no previous data renders empty string in PREVIOUS column
01:53 +675 -47: C:/Users/Atharva Patil/Documents/projects/gymlog/test/set_row_measurement_types_test.dart: Previous-session backfill on complete repsOnly: backfills previousReps into state
01:53 +676 -47: C:/Users/Atharva Patil/Documents/projects/gymlog/test/set_row_measurement_types_test.dart: Previous-session backfill on complete weightAndReps: backfills both weight and reps
01:53 +677 -47: C:/Users/Atharva Patil/Documents/projects/gymlog/test/skeleton_radii_test.dart: WorkoutHistoryCardSkeleton thumbnail uses AppRadius.thumbnail
01:54 +678 -47: C:/Users/Atharva Patil/Documents/projects/gymlog/test/skeleton_radii_test.dart: WorkoutHistoryCardSkeleton thumbnail uses AppRadius.thumbnail
01:54 +679 -47: C:/Users/Atharva Patil/Documents/projects/gymlog/test/skeleton_radii_test.dart: WorkoutHistoryCardSkeleton thumbnail uses AppRadius.thumbnail
01:54 +680 -47: C:/Users/Atharva Patil/Documents/projects/gymlog/test/skeleton_radii_test.dart: WorkoutHistoryCardSkeleton thumbnail uses AppRadius.thumbnail
01:54 +681 -47: C:/Users/Atharva Patil/Documents/projects/gymlog/test/skeleton_radii_test.dart: RoutineDetailScreen skeleton uses correct tokenized radii
01:55 +682 -47: C:/Users/Atharva Patil/Documents/projects/gymlog/test/sync/sync_quarantine_and_monotonic_test.dart: corrupt payload is quarantined and does not abort pull of good objects
[SyncEngine] Quarantined object session:corrupt (reason: decodeFailure)
01:55 +683 -47: C:/Users/Atharva Patil/Documents/projects/gymlog/test/skeleton_radii_test.dart: WorkoutScreen routines skeleton uses correct tokenized radii
01:55 +683 -47: C:/Users/Atharva Patil/Documents/projects/gymlog/test/sync/sync_quarantine_and_monotonic_test.dart: unsupported schema version is quarantined
[SyncEngine] Quarantined object session:s_future (reason: unsupportedVersion)
[SyncEngine] Quarantined object session:s_future (reason: unsupportedVersion)
01:55 +684 -47: C:/Users/Atharva Patil/Documents/projects/gymlog/test/skeleton_radii_test.dart: WorkoutScreen routines skeleton uses correct tokenized radii
01:55 +684 -47: C:/Users/Atharva Patil/Documents/projects/gymlog/test/sync/sync_quarantine_and_monotonic_test.dart: quarantined object is removed from outbox and does not retry on every sync
[SyncEngine] Quarantined object session:bad_obj (reason: decodeFailure)
01:55 +685 -47: C:/Users/Atharva Patil/Documents/projects/gymlog/test/skeleton_radii_test.dart: WorkoutScreen routines skeleton uses correct tokenized radii
01:55 +686 -47: C:/Users/Atharva Patil/Documents/projects/gymlog/test/skeleton_radii_test.dart: WorkoutScreen routines skeleton uses correct tokenized radii
01:55 +687 -47: C:/Users/Atharva Patil/Documents/projects/gymlog/test/sync/sync_quarantine_and_monotonic_test.dart: duplicate operation is idempotent
[SyncEngine] Quarantined object session:s1 (reason: localConstraintFailure)
01:55 +688 -47: C:/Users/Atharva Patil/Documents/projects/gymlog/test/sync/sync_quarantine_and_monotonic_test.dart: stale revision reports conflict and clock skew does not decide winner
[SyncEngine] Quarantined object session:s1 (reason: localConstraintFailure)
01:55 +689 -47: C:/Users/Atharva Patil/Documents/projects/gymlog/test/sync/sync_quarantine_and_monotonic_test.dart: account ownership mismatch is quarantined
[SyncEngine] Quarantined object session:s1 (reason: ownershipMismatch)
[SyncEngine] Quarantined object session:s1 (reason: ownershipMismatch)
01:55 +690 -47: C:/Users/Atharva Patil/Documents/projects/gymlog/test/sync_engine_test.dart: (setUpAll)
01:55 +690 -47: C:/Users/Atharva Patil/Documents/projects/gymlog/test/sync/sync_quarantine_and_monotonic_test.dart: delete tombstone is preserved in outbox and remote
01:55 +691 -47: C:/Users/Atharva Patil/Documents/projects/gymlog/test/sync_engine_test.dart: codec round-trips and actually compresses repetitive JSON
01:55 +692 -47: C:/Users/Atharva Patil/Documents/projects/gymlog/test/sync_engine_test.dart: codec round-trips and actually compresses repetitive JSON
01:55 +693 -47: C:/Users/Atharva Patil/Documents/projects/gymlog/test/sync_engine_test.dart: enqueueSession queues one row; syncNow uploads and clears it
01:55 +694 -47: C:/Users/Atharva Patil/Documents/projects/gymlog/test/sync_engine_test.dart: offline keeps the queue; a later retry delivers it
[SyncEngine] push failed: Exception: offline
01:55 +695 -47: C:/Users/Atharva Patil/Documents/projects/gymlog/test/sync_engine_test.dart: re-enqueuing the same session coalesces to one queued row
01:55 +696 -47: C:/Users/Atharva Patil/Documents/projects/gymlog/test/sync_engine_test.dart: session round-trip: push, wipe local, pull, rehydrate
01:56 +697 -47: C:/Users/Atharva Patil/Documents/projects/gymlog/test/tour_orchestration_test.dart: TourNavigationOrchestrator step route map covers 0, 1, 3, 4 and leaves 2 dynamic
01:56 +698 -47: C:/Users/Atharva Patil/Documents/projects/gymlog/test/sync_engine_test.dart: batches large queues across multiple push calls
01:56 +699 -47: C:/Users/Atharva Patil/Documents/projects/gymlog/test/sync_engine_test.dart: batches large queues across multiple push calls
01:56 +700 -47: C:/Users/Atharva Patil/Documents/projects/gymlog/test/sync_engine_test.dart: batches large queues across multiple push calls
01:56 +701 -47: C:/Users/Atharva Patil/Documents/projects/gymlog/test/sync_engine_test.dart: batches large queues across multiple push calls
01:56 +702 -47: C:/Users/Atharva Patil/Documents/projects/gymlog/test/sync_engine_test.dart: batches large queues across multiple push calls
01:56 +703 -47: C:/Users/Atharva Patil/Documents/projects/gymlog/test/sync_engine_test.dart: batches large queues across multiple push calls
01:56 +704 -47: C:/Users/Atharva Patil/Documents/projects/gymlog/test/sync_engine_test.dart: batches large queues across multiple push calls
01:56 +705 -47: C:/Users/Atharva Patil/Documents/projects/gymlog/test/sync_engine_test.dart: batches large queues across multiple push calls
01:57 +706 -47: C:/Users/Atharva Patil/Documents/projects/gymlog/test/sync_engine_test.dart: batches large queues across multiple push calls
01:57 +707 -47: C:/Users/Atharva Patil/Documents/projects/gymlog/test/sync_engine_test.dart: batches large queues across multiple push calls
01:57 +708 -47: C:/Users/Atharva Patil/Documents/projects/gymlog/test/sync_engine_test.dart: batches large queues across multiple push calls
01:57 +709 -47: C:/Users/Atharva Patil/Documents/projects/gymlog/test/sync_engine_test.dart: batches large queues across multiple push calls
01:57 +710 -47: C:/Users/Atharva Patil/Documents/projects/gymlog/test/sync_engine_test.dart: batches large queues across multiple push calls
01:57 +711 -47: C:/Users/Atharva Patil/Documents/projects/gymlog/test/sync_engine_test.dart: batches large queues across multiple push calls
01:57 +712 -47: C:/Users/Atharva Patil/Documents/projects/gymlog/test/sync_engine_test.dart: batches large queues across multiple push calls
01:57 +713 -47: C:/Users/Atharva Patil/Documents/projects/gymlog/test/sync_engine_test.dart: batches large queues across multiple push calls
01:57 +714 -47: C:/Users/Atharva Patil/Documents/projects/gymlog/test/sync_engine_test.dart: batches large queues across multiple push calls
01:57 +715 -47: C:/Users/Atharva Patil/Documents/projects/gymlog/test/sync_engine_test.dart: batches large queues across multiple push calls
01:57 +716 -47: C:/Users/Atharva Patil/Documents/projects/gymlog/test/sync_engine_test.dart: batches large queues across multiple push calls
01:57 +717 -47: C:/Users/Atharva Patil/Documents/projects/gymlog/test/sync_engine_test.dart: batches large queues across multiple push calls
01:57 +718 -47: C:/Users/Atharva Patil/Documents/projects/gymlog/test/sync_engine_test.dart: batches large queues across multiple push calls
01:57 +719 -47: C:/Users/Atharva Patil/Documents/projects/gymlog/test/sync_engine_test.dart: batches large queues across multiple push calls
01:57 +720 -47: C:/Users/Atharva Patil/Documents/projects/gymlog/test/sync_engine_test.dart: routines creating a routine auto-enqueues it (DAO-level coverage)
01:57 +721 -47: C:/Users/Atharva Patil/Documents/projects/gymlog/test/sync_engine_test.dart: routines routine round-trip: push, wipe local, pull, rehydrate
01:57 +722 -47: C:/Users/Atharva Patil/Documents/projects/gymlog/test/sync_engine_test.dart: routines deleting a routine queues a tombstone
01:57 +723 -47: C:/Users/Atharva Patil/Documents/projects/gymlog/test/sync_engine_test.dart: routines pulling a deleted routine deletes it locally without re-enqueuing tombstone
01:57 +724 -47: C:/Users/Atharva Patil/Documents/projects/gymlog/test/sync_engine_test.dart: preferences round-trip restores weight unit + rest seconds
01:57 +725 -47: C:/Users/Atharva Patil/Documents/projects/gymlog/test/sync_engine_test.dart: (tearDownAll)
01:58 +725 -47: C:/Users/Atharva Patil/Documents/projects/gymlog/test/ui_p0_01_device_acceptance_test.dart: UI-P0-01 Complete Device Acceptance & Geometry Test Suite DEV-01 & DEV-03: No-equipment vs Assisted Machine layout
01:58 +726 -47: C:/Users/Atharva Patil/Documents/projects/gymlog/test/ui_p0_01_device_acceptance_test.dart: UI-P0-01 Complete Device Acceptance & Geometry Test Suite Finish button is disabled until first set completion
01:58 +727 -47: C:/Users/Atharva Patil/Documents/projects/gymlog/test/ui_p0_01_device_acceptance_test.dart: UI-P0-01 Complete Device Acceptance & Geometry Test Suite RestPreference model converts raw seconds cleanly
01:58 +728 -47: C:/Users/Atharva Patil/Documents/projects/gymlog/test/ui_p0_01_device_acceptance_test.dart: UI-P0-01 Complete Device Acceptance & Geometry Test Suite Nullable-weight updates clear weight when switching to reps_only
01:58 +729 -47: C:/Users/Atharva Patil/Documents/projects/gymlog/test/undoable_delete_test.dart: showUndoableDelete shows snackbar, handles Undo, and commits on expire/hide
01:59 +730 -47: C:/Users/Atharva Patil/Documents/projects/gymlog/test/undoable_delete_test.dart: showUndoableDelete shows snackbar, handles Undo, and commits on expire/hide
01:59 +731 -47: C:/Users/Atharva Patil/Documents/projects/gymlog/test/undoable_delete_test.dart: showUndoableDelete shows snackbar, handles Undo, and commits on expire/hide
01:59 +732 -47: C:/Users/Atharva Patil/Documents/projects/gymlog/test/undoable_delete_test.dart: showUndoableDelete shows snackbar, handles Undo, and commits on expire/hide
01:59 +733 -47: C:/Users/Atharva Patil/Documents/projects/gymlog/test/undoable_delete_test.dart: showUndoableDelete shows snackbar, handles Undo, and commits on expire/hide
01:59 +734 -47: C:/Users/Atharva Patil/Documents/projects/gymlog/test/undoable_delete_test.dart: showUndoableDelete shows snackbar, handles Undo, and commits on expire/hide
01:59 +735 -47: C:/Users/Atharva Patil/Documents/projects/gymlog/test/undoable_delete_test.dart: showUndoableDelete shows snackbar, handles Undo, and commits on expire/hide
01:59 +736 -47: C:/Users/Atharva Patil/Documents/projects/gymlog/test/undoable_delete_test.dart: showUndoableDelete shows snackbar, handles Undo, and commits on expire/hide
01:59 +737 -47: C:/Users/Atharva Patil/Documents/projects/gymlog/test/undoable_delete_test.dart: showUndoableDelete shows snackbar, handles Undo, and commits on expire/hide
01:59 +738 -47: C:/Users/Atharva Patil/Documents/projects/gymlog/test/undoable_delete_test.dart: showUndoableDelete shows snackbar, handles Undo, and commits on expire/hide
01:59 +739 -47: C:/Users/Atharva Patil/Documents/projects/gymlog/test/undoable_delete_test.dart: showUndoableDelete shows snackbar, handles Undo, and commits on expire/hide
01:59 +740 -47: C:/Users/Atharva Patil/Documents/projects/gymlog/test/undoable_delete_test.dart: showUndoableDelete shows snackbar, handles Undo, and commits on expire/hide
01:59 +741 -47: C:/Users/Atharva Patil/Documents/projects/gymlog/test/undoable_delete_test.dart: showUndoableDelete shows snackbar, handles Undo, and commits on expire/hide
01:59 +742 -47: C:/Users/Atharva Patil/Documents/projects/gymlog/test/undoable_delete_test.dart: showUndoableDelete shows snackbar, handles Undo, and commits on expire/hide
01:59 +743 -47: C:/Users/Atharva Patil/Documents/projects/gymlog/test/undoable_delete_test.dart: showUndoableDelete shows snackbar, handles Undo, and commits on expire/hide
01:59 +744 -47: C:/Users/Atharva Patil/Documents/projects/gymlog/test/undoable_delete_test.dart: showUndoableDelete shows snackbar, handles Undo, and commits on expire/hide
01:59 +745 -47: C:/Users/Atharva Patil/Documents/projects/gymlog/test/undoable_delete_test.dart: showUndoableDelete shows snackbar, handles Undo, and commits on expire/hide
01:59 +746 -47: C:/Users/Atharva Patil/Documents/projects/gymlog/test/undoable_delete_test.dart: showUndoableDelete shows snackbar, handles Undo, and commits on expire/hide
01:59 +747 -47: C:/Users/Atharva Patil/Documents/projects/gymlog/test/undoable_delete_test.dart: showUndoableDelete shows snackbar, handles Undo, and commits on expire/hide
02:00 +748 -47: C:/Users/Atharva Patil/Documents/projects/gymlog/test/upgrade/session_1_correctness_test.dart: workout detail volume converts once to pounds
02:00 +749 -47: C:/Users/Atharva Patil/Documents/projects/gymlog/test/upgrade/session_1_correctness_test.dart: workout detail volume converts once to pounds
02:00 +750 -47: C:/Users/Atharva Patil/Documents/projects/gymlog/test/upgrade/session_1_correctness_test.dart: workout detail volume converts once to pounds
02:00 +751 -47: C:/Users/Atharva Patil/Documents/projects/gymlog/test/upgrade/session_1_correctness_test.dart: workout detail volume converts once to pounds
02:01 +752 -47: C:/Users/Atharva Patil/Documents/projects/gymlog/test/upgrade/session_1_render_test.dart: header-weighted-higgsfield-1.0x-synthetic
02:01 +753 -47: C:/Users/Atharva Patil/Documents/projects/gymlog/test/upgrade/session_1_correctness_test.dart: missing 1RM estimate never borrows the logged weight
02:01 +754 -47: C:/Users/Atharva Patil/Documents/projects/gymlog/test/upgrade/session_1_correctness_test.dart: missing 1RM estimate never borrows the logged weight
02:01 +755 -47: C:/Users/Atharva Patil/Documents/projects/gymlog/test/upgrade/session_1_render_test.dart: header-timed-higgsfield-1.0x-synthetic
02:01 +756 -47: C:/Users/Atharva Patil/Documents/projects/gymlog/test/upgrade/session_1_correctness_test.dart: editing distance workout does not persist metres times seconds as kg volume
02:01 +757 -47: C:/Users/Atharva Patil/Documents/projects/gymlog/test/upgrade/session_1_render_test.dart: header-distance-higgsfield-1.0x-synthetic
02:01 +758 -47: C:/Users/Atharva Patil/Documents/projects/gymlog/test/upgrade/session_1_correctness_test.dart: PR visibly labels the estimate and does not invent zero-rep logged set
02:01 +759 -47: C:/Users/Atharva Patil/Documents/projects/gymlog/test/upgrade/session_1_render_test.dart: header-empty-higgsfield-1.0x-synthetic
02:01 +760 -47: C:/Users/Atharva Patil/Documents/projects/gymlog/test/upgrade/session_1_correctness_test.dart: finish review does not announce completion before save
02:02 +761 -47: C:/Users/Atharva Patil/Documents/projects/gymlog/test/upgrade/session_1_render_test.dart: finish-weighted-higgsfield-1.0x-synthetic
02:02 +762 -47: C:/Users/Atharva Patil/Documents/projects/gymlog/test/upgrade/session_1_render_test.dart: finish-weighted-higgsfield-1.0x-synthetic
══╡ EXCEPTION CAUGHT BY FLUTTER TEST FRAMEWORK ╞════════════════════════════════════════════════════
The following assertion was thrown while running async test code:
Golden "../golden/goldens/session-1/finish-weighted-higgsfield-1.0x-synthetic.png": Pixel test
failed, 1.11%, 3669px diff detected.
Failure feedback can be found at
/C:/Users/Atharva%20Patil/Documents/projects/gymlog/test/upgrade/failures

When the exception was thrown, this was the stack:
#0      LocalFileComparator.compare (package:flutter_test/src/_goldens_io.dart:108:5)
<asynchronous suspension>
#1      MatchesGoldenFile.matchAsync.<anonymous closure> (package:flutter_test/src/_matchers_io.dart:124:32)
<asynchronous suspension>
<asynchronous suspension>
#3      _expect.<anonymous closure> (package:matcher/src/expect/expect.dart:153:17)
<asynchronous suspension>
<asynchronous suspension>
#5      expectLater.<anonymous closure> (package:flutter_test/src/widget_tester.dart:508:19)
<asynchronous suspension>
#6      main.<anonymous closure> (file:///C:/Users/Atharva%20Patil/Documents/projects/gymlog/test/upgrade/session_1_render_test.dart:105:13)
<asynchronous suspension>
#7      testWidgets.<anonymous closure>.<anonymous closure> (package:flutter_test/src/widget_tester.dart:192:15)
<asynchronous suspension>
#8      TestWidgetsFlutterBinding._runTestBody (package:flutter_test/src/binding.dart:1952:5)
<asynchronous suspension>
<asynchronous suspension>
(elided 3 frames from dart:async and package:stack_trace)

The exception was caught asynchronously.
════════════════════════════════════════════════════════════════════════════════════════════════════
02:02 +762 -48: C:/Users/Atharva Patil/Documents/projects/gymlog/test/weekly_goal_sheet_test.dart: showWeeklyGoalSheet selecting a day updates weeklyGoalProvider and closes sheet
02:02 +762 -48: C:/Users/Atharva Patil/Documents/projects/gymlog/test/upgrade/session_1_render_test.dart: finish-weighted-higgsfield-1.0x-synthetic [E]
  Test failed. See exception logs above.
  The test description was: finish-weighted-higgsfield-1.0x-synthetic
  
02:03 +763 -48: C:/Users/Atharva Patil/Documents/projects/gymlog/test/weekly_goal_sheet_test.dart: showWeeklyGoalSheet selecting a day updates weeklyGoalProvider and closes sheet
02:03 +764 -48: C:/Users/Atharva Patil/Documents/projects/gymlog/test/weekly_goal_sheet_test.dart: showWeeklyGoalSheet selecting a day updates weeklyGoalProvider and closes sheet
02:03 +765 -48: C:/Users/Atharva Patil/Documents/projects/gymlog/test/weekly_goal_sheet_test.dart: showWeeklyGoalSheet selecting a day updates weeklyGoalProvider and closes sheet
02:03 +766 -48: C:/Users/Atharva Patil/Documents/projects/gymlog/test/weekly_goal_sheet_test.dart: showWeeklyGoalSheet selecting a day updates weeklyGoalProvider and closes sheet
02:03 +767 -48: C:/Users/Atharva Patil/Documents/projects/gymlog/test/weekly_goal_sheet_test.dart: showWeeklyGoalSheet selecting a day updates weeklyGoalProvider and closes sheet
02:03 +768 -48: C:/Users/Atharva Patil/Documents/projects/gymlog/test/weekly_goal_sheet_test.dart: showWeeklyGoalSheet selecting a day updates weeklyGoalProvider and closes sheet
02:03 +769 -48: C:/Users/Atharva Patil/Documents/projects/gymlog/test/weekly_goal_sheet_test.dart: showWeeklyGoalSheet selecting a day updates weeklyGoalProvider and closes sheet
02:03 +770 -48: C:/Users/Atharva Patil/Documents/projects/gymlog/test/weekly_goal_sheet_test.dart: showWeeklyGoalSheet selecting a day updates weeklyGoalProvider and closes sheet
02:03 +770 -48: C:/Users/Atharva Patil/Documents/projects/gymlog/test/upgrade/session_1_render_test.dart: finish-reps-higgsfield-1.0x-synthetic
══╡ EXCEPTION CAUGHT BY FLUTTER TEST FRAMEWORK ╞════════════════════════════════════════════════════
The following assertion was thrown while running async test code:
Golden "../golden/goldens/session-1/finish-reps-higgsfield-1.0x-synthetic.png": Pixel test failed,
0.98%, 3232px diff detected.
Failure feedback can be found at
/C:/Users/Atharva%20Patil/Documents/projects/gymlog/test/upgrade/failures

When the exception was thrown, this was the stack:
#0      LocalFileComparator.compare (package:flutter_test/src/_goldens_io.dart:108:5)
<asynchronous suspension>
#1      MatchesGoldenFile.matchAsync.<anonymous closure> (package:flutter_test/src/_matchers_io.dart:124:32)
<asynchronous suspension>
<asynchronous suspension>
#3      _expect.<anonymous closure> (package:matcher/src/expect/expect.dart:153:17)
<asynchronous suspension>
<asynchronous suspension>
#5      expectLater.<anonymous closure> (package:flutter_test/src/widget_tester.dart:508:19)
<asynchronous suspension>
#6      main.<anonymous closure> (file:///C:/Users/Atharva%20Patil/Documents/projects/gymlog/test/upgrade/session_1_render_test.dart:105:13)
<asynchronous suspension>
#7      testWidgets.<anonymous closure>.<anonymous closure> (package:flutter_test/src/widget_tester.dart:192:15)
<asynchronous suspension>
#8      TestWidgetsFlutterBinding._runTestBody (package:flutter_test/src/binding.dart:1952:5)
<asynchronous suspension>
<asynchronous suspension>
(elided 3 frames from dart:async and package:stack_trace)

The exception was caught asynchronously.
════════════════════════════════════════════════════════════════════════════════════════════════════
02:03 +770 -49: C:/Users/Atharva Patil/Documents/projects/gymlog/test/weekly_goal_sheet_test.dart: showWeeklyGoalSheet selecting a day updates weeklyGoalProvider and closes sheet
02:03 +770 -49: C:/Users/Atharva Patil/Documents/projects/gymlog/test/upgrade/session_1_render_test.dart: finish-reps-higgsfield-1.0x-synthetic [E]
  Test failed. See exception logs above.
  The test description was: finish-reps-higgsfield-1.0x-synthetic
  
02:03 +770 -49: C:/Users/Atharva Patil/Documents/projects/gymlog/test/upgrade/session_1_render_test.dart: finish-timed-higgsfield-1.0x-synthetic
══╡ EXCEPTION CAUGHT BY FLUTTER TEST FRAMEWORK ╞════════════════════════════════════════════════════
The following assertion was thrown while running async test code:
Golden "../golden/goldens/session-1/finish-timed-higgsfield-1.0x-synthetic.png": Pixel test failed,
1.06%, 3483px diff detected.
Failure feedback can be found at
/C:/Users/Atharva%20Patil/Documents/projects/gymlog/test/upgrade/failures

When the exception was thrown, this was the stack:
#0      LocalFileComparator.compare (package:flutter_test/src/_goldens_io.dart:108:5)
<asynchronous suspension>
#1      MatchesGoldenFile.matchAsync.<anonymous closure> (package:flutter_test/src/_matchers_io.dart:124:32)
<asynchronous suspension>
<asynchronous suspension>
#3      _expect.<anonymous closure> (package:matcher/src/expect/expect.dart:153:17)
<asynchronous suspension>
<asynchronous suspension>
#5      expectLater.<anonymous closure> (package:flutter_test/src/widget_tester.dart:508:19)
<asynchronous suspension>
#6      main.<anonymous closure> (file:///C:/Users/Atharva%20Patil/Documents/projects/gymlog/test/upgrade/session_1_render_test.dart:105:13)
<asynchronous suspension>
#7      testWidgets.<anonymous closure>.<anonymous closure> (package:flutter_test/src/widget_tester.dart:192:15)
<asynchronous suspension>
#8      TestWidgetsFlutterBinding._runTestBody (package:flutter_test/src/binding.dart:1952:5)
<asynchronous suspension>
<asynchronous suspension>
(elided 3 frames from dart:async and package:stack_trace)

The exception was caught asynchronously.
════════════════════════════════════════════════════════════════════════════════════════════════════
02:03 +770 -50: C:/Users/Atharva Patil/Documents/projects/gymlog/test/weekly_goal_sheet_test.dart: showWeeklyGoalSheet selecting a day updates weeklyGoalProvider and closes sheet
02:03 +770 -50: C:/Users/Atharva Patil/Documents/projects/gymlog/test/upgrade/session_1_render_test.dart: finish-timed-higgsfield-1.0x-synthetic [E]
  Test failed. See exception logs above.
  The test description was: finish-timed-higgsfield-1.0x-synthetic
  
02:03 +770 -50: C:/Users/Atharva Patil/Documents/projects/gymlog/test/upgrade/session_1_render_test.dart: finish-distance-higgsfield-1.0x-synthetic
══╡ EXCEPTION CAUGHT BY FLUTTER TEST FRAMEWORK ╞════════════════════════════════════════════════════
The following assertion was thrown while running async test code:
Golden "../golden/goldens/session-1/finish-distance-higgsfield-1.0x-synthetic.png": Pixel test
failed, 1.03%, 3396px diff detected.
Failure feedback can be found at
/C:/Users/Atharva%20Patil/Documents/projects/gymlog/test/upgrade/failures

When the exception was thrown, this was the stack:
#0      LocalFileComparator.compare (package:flutter_test/src/_goldens_io.dart:108:5)
<asynchronous suspension>
#1      MatchesGoldenFile.matchAsync.<anonymous closure> (package:flutter_test/src/_matchers_io.dart:124:32)
<asynchronous suspension>
<asynchronous suspension>
#3      _expect.<anonymous closure> (package:matcher/src/expect/expect.dart:153:17)
<asynchronous suspension>
<asynchronous suspension>
#5      expectLater.<anonymous closure> (package:flutter_test/src/widget_tester.dart:508:19)
<asynchronous suspension>
#6      main.<anonymous closure> (file:///C:/Users/Atharva%20Patil/Documents/projects/gymlog/test/upgrade/session_1_render_test.dart:105:13)
<asynchronous suspension>
#7      testWidgets.<anonymous closure>.<anonymous closure> (package:flutter_test/src/widget_tester.dart:192:15)
<asynchronous suspension>
#8      TestWidgetsFlutterBinding._runTestBody (package:flutter_test/src/binding.dart:1952:5)
<asynchronous suspension>
<asynchronous suspension>
(elided 3 frames from dart:async and package:stack_trace)

The exception was caught asynchronously.
════════════════════════════════════════════════════════════════════════════════════════════════════
02:03 +770 -51: C:/Users/Atharva Patil/Documents/projects/gymlog/test/weekly_goal_sheet_test.dart: showWeeklyGoalSheet selecting a day updates weeklyGoalProvider and closes sheet
02:03 +770 -51: C:/Users/Atharva Patil/Documents/projects/gymlog/test/upgrade/session_1_render_test.dart: finish-distance-higgsfield-1.0x-synthetic [E]
  Test failed. See exception logs above.
  The test description was: finish-distance-higgsfield-1.0x-synthetic
  
02:04 +771 -51: C:/Users/Atharva Patil/Documents/projects/gymlog/test/widget_test.dart: UI kit PrimaryButton renders label and fires onPressed
02:04 +772 -51: C:/Users/Atharva Patil/Documents/projects/gymlog/test/widget_test.dart: UI kit PrimaryButton renders label and fires onPressed
02:04 +773 -51: C:/Users/Atharva Patil/Documents/projects/gymlog/test/widget_test.dart: UI kit PrimaryButton renders label and fires onPressed
02:04 +774 -51: C:/Users/Atharva Patil/Documents/projects/gymlog/test/widget_test.dart: UI kit PrimaryButton renders label and fires onPressed
02:04 +775 -51: C:/Users/Atharva Patil/Documents/projects/gymlog/test/widget_test.dart: UI kit PrimaryButton renders label and fires onPressed
02:04 +776 -51: C:/Users/Atharva Patil/Documents/projects/gymlog/test/widget_test.dart: UI kit PrimaryButton renders label and fires onPressed
02:04 +777 -51: C:/Users/Atharva Patil/Documents/projects/gymlog/test/widget_test.dart: UI kit PrimaryButton renders label and fires onPressed
02:04 +778 -51: C:/Users/Atharva Patil/Documents/projects/gymlog/test/widget_test.dart: UI kit PrimaryButton renders label and fires onPressed
02:04 +779 -51: C:/Users/Atharva Patil/Documents/projects/gymlog/test/upgrade/session_1_render_test.dart: share-sticker-higgsfield-1.0x-synthetic
02:04 +780 -51: C:/Users/Atharva Patil/Documents/projects/gymlog/test/upgrade/session_1_render_test.dart: share-sticker-higgsfield-1.0x-synthetic
02:04 +781 -51: C:/Users/Atharva Patil/Documents/projects/gymlog/test/upgrade/session_1_render_test.dart: share-sticker-higgsfield-1.0x-synthetic
02:04 +781 -51: C:/Users/Atharva Patil/Documents/projects/gymlog/test/workout_draft_store_test.dart: WorkoutDraftStore P0-03 Resilience & Persistence Suite corrupt JSON payload fails safely, clears storage, and returns null
[WorkoutDraftStore] Corrupted or invalid draft payload: FormatException: Unexpected character (at character 2)
{invalid_json_payload: [incomplete
 ^
. Clearing draft.
02:04 +782 -51: C:/Users/Atharva Patil/Documents/projects/gymlog/test/upgrade/session_1_render_test.dart: share-sticker-higgsfield-1.0x-synthetic
02:04 +783 -51: C:/Users/Atharva Patil/Documents/projects/gymlog/test/upgrade/session_1_render_test.dart: share-sticker-higgsfield-1.0x-synthetic
02:04 +783 -51: C:/Users/Atharva Patil/Documents/projects/gymlog/test/workout_draft_store_test.dart: WorkoutDraftStore P0-03 Resilience & Persistence Suite draft belonging to user_A cannot be loaded by user_B
[WorkoutDraftStore] Ignoring draft from different user (user-A vs user-B)
02:04 +784 -51: C:/Users/Atharva Patil/Documents/projects/gymlog/test/upgrade/session_1_render_test.dart: share-sticker-higgsfield-1.0x-synthetic
02:04 +784 -51: C:/Users/Atharva Patil/Documents/projects/gymlog/test/workout_draft_store_test.dart: WorkoutDraftStore P0-03 Resilience & Persistence Suite draft older than 24 hours is treated as stale and auto-cleared
[WorkoutDraftStore] Draft expired (>24h), clearing.
02:04 +785 -51: C:/Users/Atharva Patil/Documents/projects/gymlog/test/upgrade/session_1_render_test.dart: share-sticker-higgsfield-1.0x-synthetic
02:04 +786 -51: C:/Users/Atharva Patil/Documents/projects/gymlog/test/widget_test.dart: UI kit TogglePill reflects active state
02:04 +787 -51: C:/Users/Atharva Patil/Documents/projects/gymlog/test/upgrade/session_1_render_test.dart: detail-higgsfield-1.0x-synthetic
02:04 +788 -51: C:/Users/Atharva Patil/Documents/projects/gymlog/test/upgrade/session_1_render_test.dart: detail-error-higgsfield-1.0x-synthetic
02:05 +789 -51: C:/Users/Atharva Patil/Documents/projects/gymlog/test/upgrade/session_1_render_test.dart: detail-empty-higgsfield-1.0x-synthetic
02:05 +790 -51: C:/Users/Atharva Patil/Documents/projects/gymlog/test/upgrade/session_1_render_test.dart: exercise-higgsfield-1.0x-synthetic
02:05 +791 -51: C:/Users/Atharva Patil/Documents/projects/gymlog/test/upgrade/session_1_render_test.dart: exercise-no-estimate-higgsfield-1.0x-synthetic
02:05 +792 -51: C:/Users/Atharva Patil/Documents/projects/gymlog/test/upgrade/session_1_render_test.dart: progress-higgsfield-1.0x-synthetic
02:05 +793 -51: C:/Users/Atharva Patil/Documents/projects/gymlog/test/workout_export_test.dart: exports v2 schema with 20 columns for completed sessions only
02:05 +794 -51: C:/Users/Atharva Patil/Documents/projects/gymlog/test/workout_export_test.dart: exports v2 schema with 20 columns for completed sessions only
02:06 +795 -51: C:/Users/Atharva Patil/Documents/projects/gymlog/test/workout_export_test.dart: exports v2 schema with 20 columns for completed sessions only
02:06 +796 -51: C:/Users/Atharva Patil/Documents/projects/gymlog/test/upgrade/session_1_render_test.dart: roles-higgsfield-1.0x-synthetic
02:06 +797 -51: C:/Users/Atharva Patil/Documents/projects/gymlog/test/upgrade/session_1_render_test.dart: roles-higgsfield-1.0x-synthetic
02:06 +798 -51: C:/Users/Atharva Patil/Documents/projects/gymlog/test/upgrade/session_1_render_test.dart: roles-higgsfield-1.0x-synthetic
02:06 +799 -51: C:/Users/Atharva Patil/Documents/projects/gymlog/test/upgrade/session_1_render_test.dart: roles-higgsfield-1.0x-synthetic
02:06 +800 -51: C:/Users/Atharva Patil/Documents/projects/gymlog/test/upgrade/session_1_render_test.dart: header-weighted-higgsfield-1.6x-synthetic
02:06 +801 -51: C:/Users/Atharva Patil/Documents/projects/gymlog/test/upgrade/session_1_render_test.dart: header-reps-higgsfield-1.6x-synthetic
02:06 +802 -51: C:/Users/Atharva Patil/Documents/projects/gymlog/test/upgrade/session_1_render_test.dart: header-timed-higgsfield-1.6x-synthetic
02:06 +803 -51: C:/Users/Atharva Patil/Documents/projects/gymlog/test/upgrade/session_1_render_test.dart: header-distance-higgsfield-1.6x-synthetic
02:06 +804 -51: C:/Users/Atharva Patil/Documents/projects/gymlog/test/upgrade/session_1_render_test.dart: header-empty-higgsfield-1.6x-synthetic
02:06 +805 -51: C:/Users/Atharva Patil/Documents/projects/gymlog/test/workout_hero_transition_test.dart: WorkoutHistoryCard renders Hero when enableHero is true and animations enabled
02:06 +805 -51: C:/Users/Atharva Patil/Documents/projects/gymlog/test/upgrade/session_1_render_test.dart: finish-weighted-higgsfield-1.6x-synthetic
══╡ EXCEPTION CAUGHT BY FLUTTER TEST FRAMEWORK ╞════════════════════════════════════════════════════
The following assertion was thrown while running async test code:
Golden "../golden/goldens/session-1/finish-weighted-higgsfield-1.6x-synthetic.png": Pixel test
failed, 3.04%, 10016px diff detected.
Failure feedback can be found at
/C:/Users/Atharva%20Patil/Documents/projects/gymlog/test/upgrade/failures

When the exception was thrown, this was the stack:
#0      LocalFileComparator.compare (package:flutter_test/src/_goldens_io.dart:108:5)
<asynchronous suspension>
#1      MatchesGoldenFile.matchAsync.<anonymous closure> (package:flutter_test/src/_matchers_io.dart:124:32)
<asynchronous suspension>
<asynchronous suspension>
#3      _expect.<anonymous closure> (package:matcher/src/expect/expect.dart:153:17)
<asynchronous suspension>
<asynchronous suspension>
#5      expectLater.<anonymous closure> (package:flutter_test/src/widget_tester.dart:508:19)
<asynchronous suspension>
#6      main.<anonymous closure> (file:///C:/Users/Atharva%20Patil/Documents/projects/gymlog/test/upgrade/session_1_render_test.dart:105:13)
<asynchronous suspension>
#7      testWidgets.<anonymous closure>.<anonymous closure> (package:flutter_test/src/widget_tester.dart:192:15)
<asynchronous suspension>
#8      TestWidgetsFlutterBinding._runTestBody (package:flutter_test/src/binding.dart:1952:5)
<asynchronous suspension>
<asynchronous suspension>
(elided 3 frames from dart:async and package:stack_trace)

The exception was caught asynchronously.
════════════════════════════════════════════════════════════════════════════════════════════════════
02:06 +805 -52: C:/Users/Atharva Patil/Documents/projects/gymlog/test/workout_hero_transition_test.dart: WorkoutHistoryCard renders Hero when enableHero is true and animations enabled
02:06 +805 -52: C:/Users/Atharva Patil/Documents/projects/gymlog/test/upgrade/session_1_render_test.dart: finish-weighted-higgsfield-1.6x-synthetic [E]
  Test failed. See exception logs above.
  The test description was: finish-weighted-higgsfield-1.6x-synthetic
  
02:07 +806 -52: C:/Users/Atharva Patil/Documents/projects/gymlog/test/workout_hero_transition_test.dart: WorkoutHistoryCard renders Hero when enableHero is true and animations enabled
02:07 +807 -52: C:/Users/Atharva Patil/Documents/projects/gymlog/test/workout_hero_transition_test.dart: WorkoutHistoryCard renders Hero when enableHero is true and animations enabled
02:07 +808 -52: C:/Users/Atharva Patil/Documents/projects/gymlog/test/workout_hero_transition_test.dart: WorkoutHistoryCard renders Hero when enableHero is true and animations enabled
02:07 +809 -52: C:/Users/Atharva Patil/Documents/projects/gymlog/test/workout_hero_transition_test.dart: WorkoutHistoryCard renders Hero when enableHero is true and animations enabled
02:07 +809 -52: C:/Users/Atharva Patil/Documents/projects/gymlog/test/upgrade/session_1_render_test.dart: finish-reps-higgsfield-1.6x-synthetic
══╡ EXCEPTION CAUGHT BY FLUTTER TEST FRAMEWORK ╞════════════════════════════════════════════════════
The following assertion was thrown while running async test code:
Golden "../golden/goldens/session-1/finish-reps-higgsfield-1.6x-synthetic.png": Pixel test failed,
2.91%, 9586px diff detected.
Failure feedback can be found at
/C:/Users/Atharva%20Patil/Documents/projects/gymlog/test/upgrade/failures

When the exception was thrown, this was the stack:
#0      LocalFileComparator.compare (package:flutter_test/src/_goldens_io.dart:108:5)
<asynchronous suspension>
#1      MatchesGoldenFile.matchAsync.<anonymous closure> (package:flutter_test/src/_matchers_io.dart:124:32)
<asynchronous suspension>
<asynchronous suspension>
#3      _expect.<anonymous closure> (package:matcher/src/expect/expect.dart:153:17)
<asynchronous suspension>
<asynchronous suspension>
#5      expectLater.<anonymous closure> (package:flutter_test/src/widget_tester.dart:508:19)
<asynchronous suspension>
#6      main.<anonymous closure> (file:///C:/Users/Atharva%20Patil/Documents/projects/gymlog/test/upgrade/session_1_render_test.dart:105:13)
<asynchronous suspension>
#7      testWidgets.<anonymous closure>.<anonymous closure> (package:flutter_test/src/widget_tester.dart:192:15)
<asynchronous suspension>
#8      TestWidgetsFlutterBinding._runTestBody (package:flutter_test/src/binding.dart:1952:5)
<asynchronous suspension>
<asynchronous suspension>
(elided 3 frames from dart:async and package:stack_trace)

The exception was caught asynchronously.
════════════════════════════════════════════════════════════════════════════════════════════════════
02:07 +809 -53: C:/Users/Atharva Patil/Documents/projects/gymlog/test/workout_hero_transition_test.dart: WorkoutHistoryCard renders Hero when enableHero is true and animations enabled
02:07 +809 -53: C:/Users/Atharva Patil/Documents/projects/gymlog/test/upgrade/session_1_render_test.dart: finish-reps-higgsfield-1.6x-synthetic [E]
  Test failed. See exception logs above.
  The test description was: finish-reps-higgsfield-1.6x-synthetic
  
02:07 +810 -53: C:/Users/Atharva Patil/Documents/projects/gymlog/test/upgrade/session_1_render_test.dart: finish-timed-higgsfield-1.6x-synthetic
02:07 +811 -53: C:/Users/Atharva Patil/Documents/projects/gymlog/test/upgrade/session_1_render_test.dart: finish-timed-higgsfield-1.6x-synthetic
══╡ EXCEPTION CAUGHT BY FLUTTER TEST FRAMEWORK ╞════════════════════════════════════════════════════
The following assertion was thrown while running async test code:
Golden "../golden/goldens/session-1/finish-timed-higgsfield-1.6x-synthetic.png": Pixel test failed,
7.39%, 24336px diff detected.
Failure feedback can be found at
/C:/Users/Atharva%20Patil/Documents/projects/gymlog/test/upgrade/failures

When the exception was thrown, this was the stack:
#0      LocalFileComparator.compare (package:flutter_test/src/_goldens_io.dart:108:5)
<asynchronous suspension>
#1      MatchesGoldenFile.matchAsync.<anonymous closure> (package:flutter_test/src/_matchers_io.dart:124:32)
<asynchronous suspension>
<asynchronous suspension>
#3      _expect.<anonymous closure> (package:matcher/src/expect/expect.dart:153:17)
<asynchronous suspension>
<asynchronous suspension>
#5      expectLater.<anonymous closure> (package:flutter_test/src/widget_tester.dart:508:19)
<asynchronous suspension>
#6      main.<anonymous closure> (file:///C:/Users/Atharva%20Patil/Documents/projects/gymlog/test/upgrade/session_1_render_test.dart:105:13)
<asynchronous suspension>
#7      testWidgets.<anonymous closure>.<anonymous closure> (package:flutter_test/src/widget_tester.dart:192:15)
<asynchronous suspension>
#8      TestWidgetsFlutterBinding._runTestBody (package:flutter_test/src/binding.dart:1952:5)
<asynchronous suspension>
<asynchronous suspension>
(elided 3 frames from dart:async and package:stack_trace)

The exception was caught asynchronously.
════════════════════════════════════════════════════════════════════════════════════════════════════
02:07 +811 -54: C:/Users/Atharva Patil/Documents/projects/gymlog/test/workout_hero_transition_test.dart: WorkoutHeroSliver renders Hero when workoutId is present and animations enabled
02:07 +811 -54: C:/Users/Atharva Patil/Documents/projects/gymlog/test/upgrade/session_1_render_test.dart: finish-timed-higgsfield-1.6x-synthetic [E]
  Test failed. See exception logs above.
  The test description was: finish-timed-higgsfield-1.6x-synthetic
  
02:07 +812 -54: C:/Users/Atharva Patil/Documents/projects/gymlog/test/upgrade/session_1_render_test.dart: finish-distance-higgsfield-1.6x-synthetic
══╡ EXCEPTION CAUGHT BY FLUTTER TEST FRAMEWORK ╞════════════════════════════════════════════════════
The following assertion was thrown while running async test code:
Golden "../golden/goldens/session-1/finish-distance-higgsfield-1.6x-synthetic.png": Pixel test
failed, 2.94%, 9683px diff detected.
Failure feedback can be found at
/C:/Users/Atharva%20Patil/Documents/projects/gymlog/test/upgrade/failures

When the exception was thrown, this was the stack:
#0      LocalFileComparator.compare (package:flutter_test/src/_goldens_io.dart:108:5)
<asynchronous suspension>
#1      MatchesGoldenFile.matchAsync.<anonymous closure> (package:flutter_test/src/_matchers_io.dart:124:32)
<asynchronous suspension>
<asynchronous suspension>
#3      _expect.<anonymous closure> (package:matcher/src/expect/expect.dart:153:17)
<asynchronous suspension>
<asynchronous suspension>
#5      expectLater.<anonymous closure> (package:flutter_test/src/widget_tester.dart:508:19)
<asynchronous suspension>
#6      main.<anonymous closure> (file:///C:/Users/Atharva%20Patil/Documents/projects/gymlog/test/upgrade/session_1_render_test.dart:105:13)
<asynchronous suspension>
#7      testWidgets.<anonymous closure>.<anonymous closure> (package:flutter_test/src/widget_tester.dart:192:15)
<asynchronous suspension>
#8      TestWidgetsFlutterBinding._runTestBody (package:flutter_test/src/binding.dart:1952:5)
<asynchronous suspension>
<asynchronous suspension>
(elided 3 frames from dart:async and package:stack_trace)

The exception was caught asynchronously.
════════════════════════════════════════════════════════════════════════════════════════════════════
02:07 +812 -55: C:/Users/Atharva Patil/Documents/projects/gymlog/test/workout_hero_transition_test.dart: WorkoutHeroSliver does NOT render Hero when workoutId is null
02:07 +812 -55: C:/Users/Atharva Patil/Documents/projects/gymlog/test/upgrade/session_1_render_test.dart: finish-distance-higgsfield-1.6x-synthetic [E]
  Test failed. See exception logs above.
  The test description was: finish-distance-higgsfield-1.6x-synthetic
  
02:07 +813 -55: C:/Users/Atharva Patil/Documents/projects/gymlog/test/upgrade/session_1_render_test.dart: pr-higgsfield-1.6x-synthetic
══╡ EXCEPTION CAUGHT BY FLUTTER TEST FRAMEWORK ╞════════════════════════════════════════════════════
The following assertion was thrown while running async test code:
Golden "../golden/goldens/session-1/pr-higgsfield-1.6x-synthetic.png": Pixel test failed, 19.66%,
64709px diff detected.
Failure feedback can be found at
/C:/Users/Atharva%20Patil/Documents/projects/gymlog/test/upgrade/failures

When the exception was thrown, this was the stack:
#0      LocalFileComparator.compare (package:flutter_test/src/_goldens_io.dart:108:5)
<asynchronous suspension>
#1      MatchesGoldenFile.matchAsync.<anonymous closure> (package:flutter_test/src/_matchers_io.dart:124:32)
<asynchronous suspension>
<asynchronous suspension>
#3      _expect.<anonymous closure> (package:matcher/src/expect/expect.dart:153:17)
<asynchronous suspension>
<asynchronous suspension>
#5      expectLater.<anonymous closure> (package:flutter_test/src/widget_tester.dart:508:19)
<asynchronous suspension>
#6      main.<anonymous closure> (file:///C:/Users/Atharva%20Patil/Documents/projects/gymlog/test/upgrade/session_1_render_test.dart:105:13)
<asynchronous suspension>
#7      testWidgets.<anonymous closure>.<anonymous closure> (package:flutter_test/src/widget_tester.dart:192:15)
<asynchronous suspension>
#8      TestWidgetsFlutterBinding._runTestBody (package:flutter_test/src/binding.dart:1952:5)
<asynchronous suspension>
<asynchronous suspension>
(elided 3 frames from dart:async and package:stack_trace)

The exception was caught asynchronously.
════════════════════════════════════════════════════════════════════════════════════════════════════
02:08 +813 -56: C:/Users/Atharva Patil/Documents/projects/gymlog/test/upgrade/session_1_render_test.dart: pr-higgsfield-1.6x-synthetic [E]
  Test failed. See exception logs above.
  The test description was: pr-higgsfield-1.6x-synthetic
  
02:08 +813 -56: C:/Users/Atharva Patil/Documents/projects/gymlog/test/upgrade/session_1_render_test.dart: share-monument-higgsfield-1.6x-synthetic
02:08 +814 -56: C:/Users/Atharva Patil/Documents/projects/gymlog/test/upgrade/session_1_render_test.dart: share-technical-higgsfield-1.6x-synthetic
02:08 +815 -56: C:/Users/Atharva Patil/Documents/projects/gymlog/test/upgrade/session_1_render_test.dart: share-sticker-higgsfield-1.6x-synthetic
02:08 +816 -56: C:/Users/Atharva Patil/Documents/projects/gymlog/test/upgrade/session_1_render_test.dart: detail-higgsfield-1.6x-synthetic
02:08 +817 -56: C:/Users/Atharva Patil/Documents/projects/gymlog/test/upgrade/session_1_render_test.dart: detail-error-higgsfield-1.6x-synthetic
02:08 +818 -56: C:/Users/Atharva Patil/Documents/projects/gymlog/test/upgrade/session_1_render_test.dart: detail-empty-higgsfield-1.6x-synthetic
02:08 +819 -56: C:/Users/Atharva Patil/Documents/projects/gymlog/test/upgrade/session_1_render_test.dart: exercise-higgsfield-1.6x-synthetic
02:08 +820 -56: C:/Users/Atharva Patil/Documents/projects/gymlog/test/upgrade/session_1_render_test.dart: exercise-no-estimate-higgsfield-1.6x-synthetic
02:08 +821 -56: C:/Users/Atharva Patil/Documents/projects/gymlog/test/upgrade/session_1_render_test.dart: progress-higgsfield-1.6x-synthetic
02:08 +822 -56: C:/Users/Atharva Patil/Documents/projects/gymlog/test/upgrade/session_1_render_test.dart: progress-low-higgsfield-1.6x-synthetic
02:08 +823 -56: C:/Users/Atharva Patil/Documents/projects/gymlog/test/upgrade/session_1_render_test.dart: progress-empty-higgsfield-1.6x-synthetic
02:08 +824 -56: C:/Users/Atharva Patil/Documents/projects/gymlog/test/upgrade/session_1_render_test.dart: roles-higgsfield-1.6x-synthetic
02:08 +825 -56: C:/Users/Atharva Patil/Documents/projects/gymlog/test/upgrade/session_1_render_test.dart: header-weighted-neonPurple-1.0x-synthetic
02:08 +826 -56: C:/Users/Atharva Patil/Documents/projects/gymlog/test/upgrade/session_1_render_test.dart: header-reps-neonPurple-1.0x-synthetic
02:08 +827 -56: C:/Users/Atharva Patil/Documents/projects/gymlog/test/upgrade/session_1_render_test.dart: header-timed-neonPurple-1.0x-synthetic
02:08 +828 -56: C:/Users/Atharva Patil/Documents/projects/gymlog/test/upgrade/session_1_render_test.dart: header-distance-neonPurple-1.0x-synthetic
02:08 +829 -56: C:/Users/Atharva Patil/Documents/projects/gymlog/test/upgrade/session_1_render_test.dart: header-empty-neonPurple-1.0x-synthetic
02:09 +830 -56: C:/Users/Atharva Patil/Documents/projects/gymlog/test/upgrade/session_1_render_test.dart: finish-weighted-neonPurple-1.0x-synthetic
══╡ EXCEPTION CAUGHT BY FLUTTER TEST FRAMEWORK ╞════════════════════════════════════════════════════
The following assertion was thrown while running async test code:
Golden "../golden/goldens/session-1/finish-weighted-neonPurple-1.0x-synthetic.png": Pixel test
failed, 1.11%, 3669px diff detected.
Failure feedback can be found at
/C:/Users/Atharva%20Patil/Documents/projects/gymlog/test/upgrade/failures

When the exception was thrown, this was the stack:
#0      LocalFileComparator.compare (package:flutter_test/src/_goldens_io.dart:108:5)
<asynchronous suspension>
#1      MatchesGoldenFile.matchAsync.<anonymous closure> (package:flutter_test/src/_matchers_io.dart:124:32)
<asynchronous suspension>
<asynchronous suspension>
#3      _expect.<anonymous closure> (package:matcher/src/expect/expect.dart:153:17)
<asynchronous suspension>
<asynchronous suspension>
#5      expectLater.<anonymous closure> (package:flutter_test/src/widget_tester.dart:508:19)
<asynchronous suspension>
#6      main.<anonymous closure> (file:///C:/Users/Atharva%20Patil/Documents/projects/gymlog/test/upgrade/session_1_render_test.dart:105:13)
<asynchronous suspension>
#7      testWidgets.<anonymous closure>.<anonymous closure> (package:flutter_test/src/widget_tester.dart:192:15)
<asynchronous suspension>
#8      TestWidgetsFlutterBinding._runTestBody (package:flutter_test/src/binding.dart:1952:5)
<asynchronous suspension>
<asynchronous suspension>
(elided 3 frames from dart:async and package:stack_trace)

The exception was caught asynchronously.
════════════════════════════════════════════════════════════════════════════════════════════════════
02:09 +830 -57: C:/Users/Atharva Patil/Documents/projects/gymlog/test/upgrade/session_1_render_test.dart: finish-weighted-neonPurple-1.0x-synthetic [E]
  Test failed. See exception logs above.
  The test description was: finish-weighted-neonPurple-1.0x-synthetic
  
02:09 +830 -57: C:/Users/Atharva Patil/Documents/projects/gymlog/test/upgrade/session_1_render_test.dart: finish-reps-neonPurple-1.0x-synthetic
══╡ EXCEPTION CAUGHT BY FLUTTER TEST FRAMEWORK ╞════════════════════════════════════════════════════
The following assertion was thrown while running async test code:
Golden "../golden/goldens/session-1/finish-reps-neonPurple-1.0x-synthetic.png": Pixel test failed,
0.98%, 3232px diff detected.
Failure feedback can be found at
/C:/Users/Atharva%20Patil/Documents/projects/gymlog/test/upgrade/failures

When the exception was thrown, this was the stack:
#0      LocalFileComparator.compare (package:flutter_test/src/_goldens_io.dart:108:5)
<asynchronous suspension>
#1      MatchesGoldenFile.matchAsync.<anonymous closure> (package:flutter_test/src/_matchers_io.dart:124:32)
<asynchronous suspension>
<asynchronous suspension>
#3      _expect.<anonymous closure> (package:matcher/src/expect/expect.dart:153:17)
<asynchronous suspension>
<asynchronous suspension>
#5      expectLater.<anonymous closure> (package:flutter_test/src/widget_tester.dart:508:19)
<asynchronous suspension>
#6      main.<anonymous closure> (file:///C:/Users/Atharva%20Patil/Documents/projects/gymlog/test/upgrade/session_1_render_test.dart:105:13)
<asynchronous suspension>
#7      testWidgets.<anonymous closure>.<anonymous closure> (package:flutter_test/src/widget_tester.dart:192:15)
<asynchronous suspension>
#8      TestWidgetsFlutterBinding._runTestBody (package:flutter_test/src/binding.dart:1952:5)
<asynchronous suspension>
<asynchronous suspension>
(elided 3 frames from dart:async and package:stack_trace)

The exception was caught asynchronously.
════════════════════════════════════════════════════════════════════════════════════════════════════
02:09 +830 -58: C:/Users/Atharva Patil/Documents/projects/gymlog/test/upgrade/session_1_render_test.dart: finish-reps-neonPurple-1.0x-synthetic [E]
  Test failed. See exception logs above.
  The test description was: finish-reps-neonPurple-1.0x-synthetic
  
02:09 +830 -58: C:/Users/Atharva Patil/Documents/projects/gymlog/test/upgrade/session_1_render_test.dart: finish-timed-neonPurple-1.0x-synthetic
══╡ EXCEPTION CAUGHT BY FLUTTER TEST FRAMEWORK ╞════════════════════════════════════════════════════
The following assertion was thrown while running async test code:
Golden "../golden/goldens/session-1/finish-timed-neonPurple-1.0x-synthetic.png": Pixel test failed,
1.06%, 3483px diff detected.
Failure feedback can be found at
/C:/Users/Atharva%20Patil/Documents/projects/gymlog/test/upgrade/failures

When the exception was thrown, this was the stack:
#0      LocalFileComparator.compare (package:flutter_test/src/_goldens_io.dart:108:5)
<asynchronous suspension>
#1      MatchesGoldenFile.matchAsync.<anonymous closure> (package:flutter_test/src/_matchers_io.dart:124:32)
<asynchronous suspension>
<asynchronous suspension>
#3      _expect.<anonymous closure> (package:matcher/src/expect/expect.dart:153:17)
<asynchronous suspension>
<asynchronous suspension>
#5      expectLater.<anonymous closure> (package:flutter_test/src/widget_tester.dart:508:19)
<asynchronous suspension>
#6      main.<anonymous closure> (file:///C:/Users/Atharva%20Patil/Documents/projects/gymlog/test/upgrade/session_1_render_test.dart:105:13)
<asynchronous suspension>
#7      testWidgets.<anonymous closure>.<anonymous closure> (package:flutter_test/src/widget_tester.dart:192:15)
<asynchronous suspension>
#8      TestWidgetsFlutterBinding._runTestBody (package:flutter_test/src/binding.dart:1952:5)
<asynchronous suspension>
<asynchronous suspension>
(elided 3 frames from dart:async and package:stack_trace)

The exception was caught asynchronously.
════════════════════════════════════════════════════════════════════════════════════════════════════
02:09 +830 -59: C:/Users/Atharva Patil/Documents/projects/gymlog/test/upgrade/session_1_render_test.dart: finish-timed-neonPurple-1.0x-synthetic [E]
  Test failed. See exception logs above.
  The test description was: finish-timed-neonPurple-1.0x-synthetic
  
02:09 +830 -59: C:/Users/Atharva Patil/Documents/projects/gymlog/test/upgrade/session_1_render_test.dart: finish-distance-neonPurple-1.0x-synthetic
══╡ EXCEPTION CAUGHT BY FLUTTER TEST FRAMEWORK ╞════════════════════════════════════════════════════
The following assertion was thrown while running async test code:
Golden "../golden/goldens/session-1/finish-distance-neonPurple-1.0x-synthetic.png": Pixel test
failed, 1.03%, 3396px diff detected.
Failure feedback can be found at
/C:/Users/Atharva%20Patil/Documents/projects/gymlog/test/upgrade/failures

When the exception was thrown, this was the stack:
#0      LocalFileComparator.compare (package:flutter_test/src/_goldens_io.dart:108:5)
<asynchronous suspension>
#1      MatchesGoldenFile.matchAsync.<anonymous closure> (package:flutter_test/src/_matchers_io.dart:124:32)
<asynchronous suspension>
<asynchronous suspension>
#3      _expect.<anonymous closure> (package:matcher/src/expect/expect.dart:153:17)
<asynchronous suspension>
<asynchronous suspension>
#5      expectLater.<anonymous closure> (package:flutter_test/src/widget_tester.dart:508:19)
<asynchronous suspension>
#6      main.<anonymous closure> (file:///C:/Users/Atharva%20Patil/Documents/projects/gymlog/test/upgrade/session_1_render_test.dart:105:13)
<asynchronous suspension>
#7      testWidgets.<anonymous closure>.<anonymous closure> (package:flutter_test/src/widget_tester.dart:192:15)
<asynchronous suspension>
#8      TestWidgetsFlutterBinding._runTestBody (package:flutter_test/src/binding.dart:1952:5)
<asynchronous suspension>
<asynchronous suspension>
(elided 3 frames from dart:async and package:stack_trace)

The exception was caught asynchronously.
════════════════════════════════════════════════════════════════════════════════════════════════════
02:09 +830 -60: C:/Users/Atharva Patil/Documents/projects/gymlog/test/upgrade/session_1_render_test.dart: finish-distance-neonPurple-1.0x-synthetic [E]
  Test failed. See exception logs above.
  The test description was: finish-distance-neonPurple-1.0x-synthetic
  
02:09 +830 -60: C:/Users/Atharva Patil/Documents/projects/gymlog/test/upgrade/session_1_render_test.dart: pr-neonPurple-1.0x-synthetic
02:09 +831 -60: C:/Users/Atharva Patil/Documents/projects/gymlog/test/upgrade/session_1_render_test.dart: share-monument-neonPurple-1.0x-synthetic
02:09 +832 -60: C:/Users/Atharva Patil/Documents/projects/gymlog/test/upgrade/session_1_render_test.dart: share-technical-neonPurple-1.0x-synthetic
02:10 +833 -60: C:/Users/Atharva Patil/Documents/projects/gymlog/test/upgrade/session_1_render_test.dart: share-sticker-neonPurple-1.0x-synthetic
02:10 +834 -60: C:/Users/Atharva Patil/Documents/projects/gymlog/test/upgrade/session_1_render_test.dart: detail-neonPurple-1.0x-synthetic
02:10 +835 -60: C:/Users/Atharva Patil/Documents/projects/gymlog/test/upgrade/session_1_render_test.dart: detail-error-neonPurple-1.0x-synthetic
02:10 +836 -60: C:/Users/Atharva Patil/Documents/projects/gymlog/test/upgrade/session_1_render_test.dart: detail-empty-neonPurple-1.0x-synthetic
02:10 +837 -60: C:/Users/Atharva Patil/Documents/projects/gymlog/test/upgrade/session_1_render_test.dart: exercise-neonPurple-1.0x-synthetic
02:10 +838 -60: C:/Users/Atharva Patil/Documents/projects/gymlog/test/upgrade/session_1_render_test.dart: exercise-no-estimate-neonPurple-1.0x-synthetic
02:10 +839 -60: C:/Users/Atharva Patil/Documents/projects/gymlog/test/upgrade/session_1_render_test.dart: progress-neonPurple-1.0x-synthetic
02:10 +840 -60: C:/Users/Atharva Patil/Documents/projects/gymlog/test/upgrade/session_1_render_test.dart: progress-low-neonPurple-1.0x-synthetic
02:10 +841 -60: C:/Users/Atharva Patil/Documents/projects/gymlog/test/upgrade/session_1_render_test.dart: progress-empty-neonPurple-1.0x-synthetic
02:10 +842 -60: C:/Users/Atharva Patil/Documents/projects/gymlog/test/upgrade/session_1_render_test.dart: roles-neonPurple-1.0x-synthetic
02:10 +843 -60: C:/Users/Atharva Patil/Documents/projects/gymlog/test/upgrade/session_1_render_test.dart: header-weighted-neonPurple-1.6x-synthetic
02:10 +844 -60: C:/Users/Atharva Patil/Documents/projects/gymlog/test/upgrade/session_1_render_test.dart: header-reps-neonPurple-1.6x-synthetic
02:10 +845 -60: C:/Users/Atharva Patil/Documents/projects/gymlog/test/upgrade/session_1_render_test.dart: header-timed-neonPurple-1.6x-synthetic
02:11 +846 -60: C:/Users/Atharva Patil/Documents/projects/gymlog/test/upgrade/session_1_render_test.dart: header-distance-neonPurple-1.6x-synthetic
02:11 +847 -60: C:/Users/Atharva Patil/Documents/projects/gymlog/test/upgrade/session_1_render_test.dart: header-empty-neonPurple-1.6x-synthetic
02:11 +848 -60: C:/Users/Atharva Patil/Documents/projects/gymlog/test/upgrade/session_1_render_test.dart: finish-weighted-neonPurple-1.6x-synthetic
══╡ EXCEPTION CAUGHT BY FLUTTER TEST FRAMEWORK ╞════════════════════════════════════════════════════
The following assertion was thrown while running async test code:
Golden "../golden/goldens/session-1/finish-weighted-neonPurple-1.6x-synthetic.png": Pixel test
failed, 3.04%, 10016px diff detected.
Failure feedback can be found at
/C:/Users/Atharva%20Patil/Documents/projects/gymlog/test/upgrade/failures

When the exception was thrown, this was the stack:
#0      LocalFileComparator.compare (package:flutter_test/src/_goldens_io.dart:108:5)
<asynchronous suspension>
#1      MatchesGoldenFile.matchAsync.<anonymous closure> (package:flutter_test/src/_matchers_io.dart:124:32)
<asynchronous suspension>
<asynchronous suspension>
#3      _expect.<anonymous closure> (package:matcher/src/expect/expect.dart:153:17)
<asynchronous suspension>
<asynchronous suspension>
#5      expectLater.<anonymous closure> (package:flutter_test/src/widget_tester.dart:508:19)
<asynchronous suspension>
#6      main.<anonymous closure> (file:///C:/Users/Atharva%20Patil/Documents/projects/gymlog/test/upgrade/session_1_render_test.dart:105:13)
<asynchronous suspension>
#7      testWidgets.<anonymous closure>.<anonymous closure> (package:flutter_test/src/widget_tester.dart:192:15)
<asynchronous suspension>
#8      TestWidgetsFlutterBinding._runTestBody (package:flutter_test/src/binding.dart:1952:5)
<asynchronous suspension>
<asynchronous suspension>
(elided 3 frames from dart:async and package:stack_trace)

The exception was caught asynchronously.
════════════════════════════════════════════════════════════════════════════════════════════════════
02:11 +848 -61: C:/Users/Atharva Patil/Documents/projects/gymlog/test/upgrade/session_1_render_test.dart: finish-weighted-neonPurple-1.6x-synthetic [E]
  Test failed. See exception logs above.
  The test description was: finish-weighted-neonPurple-1.6x-synthetic
  
02:11 +848 -61: C:/Users/Atharva Patil/Documents/projects/gymlog/test/upgrade/session_1_render_test.dart: finish-reps-neonPurple-1.6x-synthetic
══╡ EXCEPTION CAUGHT BY FLUTTER TEST FRAMEWORK ╞════════════════════════════════════════════════════
The following assertion was thrown while running async test code:
Golden "../golden/goldens/session-1/finish-reps-neonPurple-1.6x-synthetic.png": Pixel test failed,
2.91%, 9586px diff detected.
Failure feedback can be found at
/C:/Users/Atharva%20Patil/Documents/projects/gymlog/test/upgrade/failures

When the exception was thrown, this was the stack:
#0      LocalFileComparator.compare (package:flutter_test/src/_goldens_io.dart:108:5)
<asynchronous suspension>
#1      MatchesGoldenFile.matchAsync.<anonymous closure> (package:flutter_test/src/_matchers_io.dart:124:32)
<asynchronous suspension>
<asynchronous suspension>
#3      _expect.<anonymous closure> (package:matcher/src/expect/expect.dart:153:17)
<asynchronous suspension>
<asynchronous suspension>
#5      expectLater.<anonymous closure> (package:flutter_test/src/widget_tester.dart:508:19)
<asynchronous suspension>
#6      main.<anonymous closure> (file:///C:/Users/Atharva%20Patil/Documents/projects/gymlog/test/upgrade/session_1_render_test.dart:105:13)
<asynchronous suspension>
#7      testWidgets.<anonymous closure>.<anonymous closure> (package:flutter_test/src/widget_tester.dart:192:15)
<asynchronous suspension>
#8      TestWidgetsFlutterBinding._runTestBody (package:flutter_test/src/binding.dart:1952:5)
<asynchronous suspension>
<asynchronous suspension>
(elided 3 frames from dart:async and package:stack_trace)

The exception was caught asynchronously.
════════════════════════════════════════════════════════════════════════════════════════════════════
02:11 +848 -62: C:/Users/Atharva Patil/Documents/projects/gymlog/test/upgrade/session_1_render_test.dart: finish-reps-neonPurple-1.6x-synthetic [E]
  Test failed. See exception logs above.
  The test description was: finish-reps-neonPurple-1.6x-synthetic
  
02:11 +848 -62: C:/Users/Atharva Patil/Documents/projects/gymlog/test/upgrade/session_1_render_test.dart: finish-timed-neonPurple-1.6x-synthetic
══╡ EXCEPTION CAUGHT BY FLUTTER TEST FRAMEWORK ╞════════════════════════════════════════════════════
The following assertion was thrown while running async test code:
Golden "../golden/goldens/session-1/finish-timed-neonPurple-1.6x-synthetic.png": Pixel test failed,
7.39%, 24335px diff detected.
Failure feedback can be found at
/C:/Users/Atharva%20Patil/Documents/projects/gymlog/test/upgrade/failures

When the exception was thrown, this was the stack:
#0      LocalFileComparator.compare (package:flutter_test/src/_goldens_io.dart:108:5)
<asynchronous suspension>
#1      MatchesGoldenFile.matchAsync.<anonymous closure> (package:flutter_test/src/_matchers_io.dart:124:32)
<asynchronous suspension>
<asynchronous suspension>
#3      _expect.<anonymous closure> (package:matcher/src/expect/expect.dart:153:17)
<asynchronous suspension>
<asynchronous suspension>
#5      expectLater.<anonymous closure> (package:flutter_test/src/widget_tester.dart:508:19)
<asynchronous suspension>
#6      main.<anonymous closure> (file:///C:/Users/Atharva%20Patil/Documents/projects/gymlog/test/upgrade/session_1_render_test.dart:105:13)
<asynchronous suspension>
#7      testWidgets.<anonymous closure>.<anonymous closure> (package:flutter_test/src/widget_tester.dart:192:15)
<asynchronous suspension>
#8      TestWidgetsFlutterBinding._runTestBody (package:flutter_test/src/binding.dart:1952:5)
<asynchronous suspension>
<asynchronous suspension>
(elided 3 frames from dart:async and package:stack_trace)

The exception was caught asynchronously.
════════════════════════════════════════════════════════════════════════════════════════════════════
02:11 +848 -63: C:/Users/Atharva Patil/Documents/projects/gymlog/test/upgrade/session_1_render_test.dart: finish-timed-neonPurple-1.6x-synthetic [E]
  Test failed. See exception logs above.
  The test description was: finish-timed-neonPurple-1.6x-synthetic
  
02:11 +848 -63: C:/Users/Atharva Patil/Documents/projects/gymlog/test/upgrade/session_1_render_test.dart: finish-distance-neonPurple-1.6x-synthetic
══╡ EXCEPTION CAUGHT BY FLUTTER TEST FRAMEWORK ╞════════════════════════════════════════════════════
The following assertion was thrown while running async test code:
Golden "../golden/goldens/session-1/finish-distance-neonPurple-1.6x-synthetic.png": Pixel test
failed, 2.94%, 9683px diff detected.
Failure feedback can be found at
/C:/Users/Atharva%20Patil/Documents/projects/gymlog/test/upgrade/failures

When the exception was thrown, this was the stack:
#0      LocalFileComparator.compare (package:flutter_test/src/_goldens_io.dart:108:5)
<asynchronous suspension>
#1      MatchesGoldenFile.matchAsync.<anonymous closure> (package:flutter_test/src/_matchers_io.dart:124:32)
<asynchronous suspension>
<asynchronous suspension>
#3      _expect.<anonymous closure> (package:matcher/src/expect/expect.dart:153:17)
<asynchronous suspension>
<asynchronous suspension>
#5      expectLater.<anonymous closure> (package:flutter_test/src/widget_tester.dart:508:19)
<asynchronous suspension>
#6      main.<anonymous closure> (file:///C:/Users/Atharva%20Patil/Documents/projects/gymlog/test/upgrade/session_1_render_test.dart:105:13)
<asynchronous suspension>
#7      testWidgets.<anonymous closure>.<anonymous closure> (package:flutter_test/src/widget_tester.dart:192:15)
<asynchronous suspension>
#8      TestWidgetsFlutterBinding._runTestBody (package:flutter_test/src/binding.dart:1952:5)
<asynchronous suspension>
<asynchronous suspension>
(elided 3 frames from dart:async and package:stack_trace)

The exception was caught asynchronously.
════════════════════════════════════════════════════════════════════════════════════════════════════
02:12 +848 -64: C:/Users/Atharva Patil/Documents/projects/gymlog/test/upgrade/session_1_render_test.dart: finish-distance-neonPurple-1.6x-synthetic [E]
  Test failed. See exception logs above.
  The test description was: finish-distance-neonPurple-1.6x-synthetic
  
02:12 +848 -64: C:/Users/Atharva Patil/Documents/projects/gymlog/test/upgrade/session_1_render_test.dart: pr-neonPurple-1.6x-synthetic
══╡ EXCEPTION CAUGHT BY FLUTTER TEST FRAMEWORK ╞════════════════════════════════════════════════════
The following assertion was thrown while running async test code:
Golden "../golden/goldens/session-1/pr-neonPurple-1.6x-synthetic.png": Pixel test failed, 19.71%,
64871px diff detected.
Failure feedback can be found at
/C:/Users/Atharva%20Patil/Documents/projects/gymlog/test/upgrade/failures

When the exception was thrown, this was the stack:
#0      LocalFileComparator.compare (package:flutter_test/src/_goldens_io.dart:108:5)
<asynchronous suspension>
#1      MatchesGoldenFile.matchAsync.<anonymous closure> (package:flutter_test/src/_matchers_io.dart:124:32)
<asynchronous suspension>
<asynchronous suspension>
#3      _expect.<anonymous closure> (package:matcher/src/expect/expect.dart:153:17)
<asynchronous suspension>
<asynchronous suspension>
#5      expectLater.<anonymous closure> (package:flutter_test/src/widget_tester.dart:508:19)
<asynchronous suspension>
#6      main.<anonymous closure> (file:///C:/Users/Atharva%20Patil/Documents/projects/gymlog/test/upgrade/session_1_render_test.dart:105:13)
<asynchronous suspension>
#7      testWidgets.<anonymous closure>.<anonymous closure> (package:flutter_test/src/widget_tester.dart:192:15)
<asynchronous suspension>
#8      TestWidgetsFlutterBinding._runTestBody (package:flutter_test/src/binding.dart:1952:5)
<asynchronous suspension>
<asynchronous suspension>
(elided 3 frames from dart:async and package:stack_trace)

The exception was caught asynchronously.
════════════════════════════════════════════════════════════════════════════════════════════════════
02:12 +848 -65: C:/Users/Atharva Patil/Documents/projects/gymlog/test/upgrade/session_1_render_test.dart: pr-neonPurple-1.6x-synthetic [E]
  Test failed. See exception logs above.
  The test description was: pr-neonPurple-1.6x-synthetic
  
02:12 +848 -65: C:/Users/Atharva Patil/Documents/projects/gymlog/test/upgrade/session_1_render_test.dart: share-monument-neonPurple-1.6x-synthetic
02:12 +849 -65: C:/Users/Atharva Patil/Documents/projects/gymlog/test/upgrade/session_1_render_test.dart: share-technical-neonPurple-1.6x-synthetic
02:12 +850 -65: C:/Users/Atharva Patil/Documents/projects/gymlog/test/upgrade/session_1_render_test.dart: share-sticker-neonPurple-1.6x-synthetic
02:12 +851 -65: C:/Users/Atharva Patil/Documents/projects/gymlog/test/upgrade/session_1_render_test.dart: detail-neonPurple-1.6x-synthetic
02:12 +852 -65: C:/Users/Atharva Patil/Documents/projects/gymlog/test/upgrade/session_1_render_test.dart: detail-error-neonPurple-1.6x-synthetic
02:12 +853 -65: C:/Users/Atharva Patil/Documents/projects/gymlog/test/upgrade/session_1_render_test.dart: detail-empty-neonPurple-1.6x-synthetic
02:12 +854 -65: C:/Users/Atharva Patil/Documents/projects/gymlog/test/upgrade/session_1_render_test.dart: exercise-neonPurple-1.6x-synthetic
02:12 +855 -65: C:/Users/Atharva Patil/Documents/projects/gymlog/test/upgrade/session_1_render_test.dart: exercise-no-estimate-neonPurple-1.6x-synthetic
02:12 +856 -65: C:/Users/Atharva Patil/Documents/projects/gymlog/test/upgrade/session_1_render_test.dart: progress-neonPurple-1.6x-synthetic
02:12 +857 -65: C:/Users/Atharva Patil/Documents/projects/gymlog/test/upgrade/session_1_render_test.dart: progress-low-neonPurple-1.6x-synthetic
02:12 +858 -65: C:/Users/Atharva Patil/Documents/projects/gymlog/test/upgrade/session_1_render_test.dart: progress-empty-neonPurple-1.6x-synthetic
02:13 +859 -65: C:/Users/Atharva Patil/Documents/projects/gymlog/test/upgrade/session_1_render_test.dart: roles-neonPurple-1.6x-synthetic
02:13 +860 -65: C:/Users/Atharva Patil/Documents/projects/gymlog/test/upgrade/session_1_render_test.dart: header-weighted-white-1.0x-synthetic
02:13 +861 -65: C:/Users/Atharva Patil/Documents/projects/gymlog/test/upgrade/session_1_render_test.dart: header-reps-white-1.0x-synthetic
02:13 +862 -65: C:/Users/Atharva Patil/Documents/projects/gymlog/test/upgrade/session_1_render_test.dart: header-timed-white-1.0x-synthetic
02:13 +863 -65: C:/Users/Atharva Patil/Documents/projects/gymlog/test/upgrade/session_1_render_test.dart: header-distance-white-1.0x-synthetic
02:13 +864 -65: C:/Users/Atharva Patil/Documents/projects/gymlog/test/upgrade/session_1_render_test.dart: header-empty-white-1.0x-synthetic
02:13 +865 -65: C:/Users/Atharva Patil/Documents/projects/gymlog/test/upgrade/session_1_render_test.dart: finish-weighted-white-1.0x-synthetic
══╡ EXCEPTION CAUGHT BY FLUTTER TEST FRAMEWORK ╞════════════════════════════════════════════════════
The following assertion was thrown while running async test code:
Golden "../golden/goldens/session-1/finish-weighted-white-1.0x-synthetic.png": Pixel test failed,
1.11%, 3669px diff detected.
Failure feedback can be found at
/C:/Users/Atharva%20Patil/Documents/projects/gymlog/test/upgrade/failures

When the exception was thrown, this was the stack:
#0      LocalFileComparator.compare (package:flutter_test/src/_goldens_io.dart:108:5)
<asynchronous suspension>
#1      MatchesGoldenFile.matchAsync.<anonymous closure> (package:flutter_test/src/_matchers_io.dart:124:32)
<asynchronous suspension>
<asynchronous suspension>
#3      _expect.<anonymous closure> (package:matcher/src/expect/expect.dart:153:17)
<asynchronous suspension>
<asynchronous suspension>
#5      expectLater.<anonymous closure> (package:flutter_test/src/widget_tester.dart:508:19)
<asynchronous suspension>
#6      main.<anonymous closure> (file:///C:/Users/Atharva%20Patil/Documents/projects/gymlog/test/upgrade/session_1_render_test.dart:105:13)
<asynchronous suspension>
#7      testWidgets.<anonymous closure>.<anonymous closure> (package:flutter_test/src/widget_tester.dart:192:15)
<asynchronous suspension>
#8      TestWidgetsFlutterBinding._runTestBody (package:flutter_test/src/binding.dart:1952:5)
<asynchronous suspension>
<asynchronous suspension>
(elided 3 frames from dart:async and package:stack_trace)

The exception was caught asynchronously.
════════════════════════════════════════════════════════════════════════════════════════════════════
02:13 +865 -66: C:/Users/Atharva Patil/Documents/projects/gymlog/test/upgrade/session_1_render_test.dart: finish-weighted-white-1.0x-synthetic [E]
  Test failed. See exception logs above.
  The test description was: finish-weighted-white-1.0x-synthetic
  
02:13 +865 -66: C:/Users/Atharva Patil/Documents/projects/gymlog/test/upgrade/session_1_render_test.dart: finish-reps-white-1.0x-synthetic
══╡ EXCEPTION CAUGHT BY FLUTTER TEST FRAMEWORK ╞════════════════════════════════════════════════════
The following assertion was thrown while running async test code:
Golden "../golden/goldens/session-1/finish-reps-white-1.0x-synthetic.png": Pixel test failed, 0.98%,
3232px diff detected.
Failure feedback can be found at
/C:/Users/Atharva%20Patil/Documents/projects/gymlog/test/upgrade/failures

When the exception was thrown, this was the stack:
#0      LocalFileComparator.compare (package:flutter_test/src/_goldens_io.dart:108:5)
<asynchronous suspension>
#1      MatchesGoldenFile.matchAsync.<anonymous closure> (package:flutter_test/src/_matchers_io.dart:124:32)
<asynchronous suspension>
<asynchronous suspension>
#3      _expect.<anonymous closure> (package:matcher/src/expect/expect.dart:153:17)
<asynchronous suspension>
<asynchronous suspension>
#5      expectLater.<anonymous closure> (package:flutter_test/src/widget_tester.dart:508:19)
<asynchronous suspension>
#6      main.<anonymous closure> (file:///C:/Users/Atharva%20Patil/Documents/projects/gymlog/test/upgrade/session_1_render_test.dart:105:13)
<asynchronous suspension>
#7      testWidgets.<anonymous closure>.<anonymous closure> (package:flutter_test/src/widget_tester.dart:192:15)
<asynchronous suspension>
#8      TestWidgetsFlutterBinding._runTestBody (package:flutter_test/src/binding.dart:1952:5)
<asynchronous suspension>
<asynchronous suspension>
(elided 3 frames from dart:async and package:stack_trace)

The exception was caught asynchronously.
════════════════════════════════════════════════════════════════════════════════════════════════════
02:13 +865 -67: C:/Users/Atharva Patil/Documents/projects/gymlog/test/upgrade/session_1_render_test.dart: finish-reps-white-1.0x-synthetic [E]
  Test failed. See exception logs above.
  The test description was: finish-reps-white-1.0x-synthetic
  
02:13 +865 -67: C:/Users/Atharva Patil/Documents/projects/gymlog/test/upgrade/session_1_render_test.dart: finish-timed-white-1.0x-synthetic
══╡ EXCEPTION CAUGHT BY FLUTTER TEST FRAMEWORK ╞════════════════════════════════════════════════════
The following assertion was thrown while running async test code:
Golden "../golden/goldens/session-1/finish-timed-white-1.0x-synthetic.png": Pixel test failed,
1.06%, 3483px diff detected.
Failure feedback can be found at
/C:/Users/Atharva%20Patil/Documents/projects/gymlog/test/upgrade/failures

When the exception was thrown, this was the stack:
#0      LocalFileComparator.compare (package:flutter_test/src/_goldens_io.dart:108:5)
<asynchronous suspension>
#1      MatchesGoldenFile.matchAsync.<anonymous closure> (package:flutter_test/src/_matchers_io.dart:124:32)
<asynchronous suspension>
<asynchronous suspension>
#3      _expect.<anonymous closure> (package:matcher/src/expect/expect.dart:153:17)
<asynchronous suspension>
<asynchronous suspension>
#5      expectLater.<anonymous closure> (package:flutter_test/src/widget_tester.dart:508:19)
<asynchronous suspension>
#6      main.<anonymous closure> (file:///C:/Users/Atharva%20Patil/Documents/projects/gymlog/test/upgrade/session_1_render_test.dart:105:13)
<asynchronous suspension>
#7      testWidgets.<anonymous closure>.<anonymous closure> (package:flutter_test/src/widget_tester.dart:192:15)
<asynchronous suspension>
#8      TestWidgetsFlutterBinding._runTestBody (package:flutter_test/src/binding.dart:1952:5)
<asynchronous suspension>
<asynchronous suspension>
(elided 3 frames from dart:async and package:stack_trace)

The exception was caught asynchronously.
════════════════════════════════════════════════════════════════════════════════════════════════════
02:14 +865 -68: C:/Users/Atharva Patil/Documents/projects/gymlog/test/upgrade/session_1_render_test.dart: finish-timed-white-1.0x-synthetic [E]
  Test failed. See exception logs above.
  The test description was: finish-timed-white-1.0x-synthetic
  
02:14 +865 -68: C:/Users/Atharva Patil/Documents/projects/gymlog/test/upgrade/session_1_render_test.dart: finish-distance-white-1.0x-synthetic
══╡ EXCEPTION CAUGHT BY FLUTTER TEST FRAMEWORK ╞════════════════════════════════════════════════════
The following assertion was thrown while running async test code:
Golden "../golden/goldens/session-1/finish-distance-white-1.0x-synthetic.png": Pixel test failed,
1.03%, 3396px diff detected.
Failure feedback can be found at
/C:/Users/Atharva%20Patil/Documents/projects/gymlog/test/upgrade/failures

When the exception was thrown, this was the stack:
#0      LocalFileComparator.compare (package:flutter_test/src/_goldens_io.dart:108:5)
<asynchronous suspension>
#1      MatchesGoldenFile.matchAsync.<anonymous closure> (package:flutter_test/src/_matchers_io.dart:124:32)
<asynchronous suspension>
<asynchronous suspension>
#3      _expect.<anonymous closure> (package:matcher/src/expect/expect.dart:153:17)
<asynchronous suspension>
<asynchronous suspension>
#5      expectLater.<anonymous closure> (package:flutter_test/src/widget_tester.dart:508:19)
<asynchronous suspension>
#6      main.<anonymous closure> (file:///C:/Users/Atharva%20Patil/Documents/projects/gymlog/test/upgrade/session_1_render_test.dart:105:13)
<asynchronous suspension>
#7      testWidgets.<anonymous closure>.<anonymous closure> (package:flutter_test/src/widget_tester.dart:192:15)
<asynchronous suspension>
#8      TestWidgetsFlutterBinding._runTestBody (package:flutter_test/src/binding.dart:1952:5)
<asynchronous suspension>
<asynchronous suspension>
(elided 3 frames from dart:async and package:stack_trace)

The exception was caught asynchronously.
════════════════════════════════════════════════════════════════════════════════════════════════════
02:14 +865 -69: C:/Users/Atharva Patil/Documents/projects/gymlog/test/upgrade/session_1_render_test.dart: finish-distance-white-1.0x-synthetic [E]
  Test failed. See exception logs above.
  The test description was: finish-distance-white-1.0x-synthetic
  
02:14 +865 -69: C:/Users/Atharva Patil/Documents/projects/gymlog/test/upgrade/session_1_render_test.dart: pr-white-1.0x-synthetic
02:14 +866 -69: C:/Users/Atharva Patil/Documents/projects/gymlog/test/upgrade/session_1_render_test.dart: share-monument-white-1.0x-synthetic
02:14 +867 -69: C:/Users/Atharva Patil/Documents/projects/gymlog/test/upgrade/session_1_render_test.dart: share-technical-white-1.0x-synthetic
02:14 +868 -69: C:/Users/Atharva Patil/Documents/projects/gymlog/test/upgrade/session_1_render_test.dart: share-sticker-white-1.0x-synthetic
02:14 +869 -69: C:/Users/Atharva Patil/Documents/projects/gymlog/test/upgrade/session_1_render_test.dart: detail-white-1.0x-synthetic
02:14 +870 -69: C:/Users/Atharva Patil/Documents/projects/gymlog/test/upgrade/session_1_render_test.dart: detail-error-white-1.0x-synthetic
02:14 +871 -69: C:/Users/Atharva Patil/Documents/projects/gymlog/test/upgrade/session_1_render_test.dart: detail-empty-white-1.0x-synthetic
02:14 +872 -69: C:/Users/Atharva Patil/Documents/projects/gymlog/test/upgrade/session_1_render_test.dart: exercise-white-1.0x-synthetic
02:14 +873 -69: C:/Users/Atharva Patil/Documents/projects/gymlog/test/upgrade/session_1_render_test.dart: exercise-no-estimate-white-1.0x-synthetic
02:14 +874 -69: C:/Users/Atharva Patil/Documents/projects/gymlog/test/upgrade/session_1_render_test.dart: progress-white-1.0x-synthetic
02:14 +875 -69: C:/Users/Atharva Patil/Documents/projects/gymlog/test/upgrade/session_1_render_test.dart: progress-low-white-1.0x-synthetic
02:14 +876 -69: C:/Users/Atharva Patil/Documents/projects/gymlog/test/upgrade/session_1_render_test.dart: progress-empty-white-1.0x-synthetic
02:14 +877 -69: C:/Users/Atharva Patil/Documents/projects/gymlog/test/upgrade/session_1_render_test.dart: roles-white-1.0x-synthetic
02:15 +878 -69: C:/Users/Atharva Patil/Documents/projects/gymlog/test/upgrade/session_1_render_test.dart: header-weighted-white-1.6x-synthetic
02:15 +879 -69: C:/Users/Atharva Patil/Documents/projects/gymlog/test/upgrade/session_1_render_test.dart: header-reps-white-1.6x-synthetic
02:15 +880 -69: C:/Users/Atharva Patil/Documents/projects/gymlog/test/upgrade/session_1_render_test.dart: header-timed-white-1.6x-synthetic
02:15 +881 -69: C:/Users/Atharva Patil/Documents/projects/gymlog/test/upgrade/session_1_render_test.dart: header-distance-white-1.6x-synthetic
02:15 +882 -69: C:/Users/Atharva Patil/Documents/projects/gymlog/test/upgrade/session_1_render_test.dart: header-empty-white-1.6x-synthetic
02:15 +883 -69: C:/Users/Atharva Patil/Documents/projects/gymlog/test/upgrade/session_1_render_test.dart: finish-weighted-white-1.6x-synthetic
══╡ EXCEPTION CAUGHT BY FLUTTER TEST FRAMEWORK ╞════════════════════════════════════════════════════
The following assertion was thrown while running async test code:
Golden "../golden/goldens/session-1/finish-weighted-white-1.6x-synthetic.png": Pixel test failed,
3.04%, 10016px diff detected.
Failure feedback can be found at
/C:/Users/Atharva%20Patil/Documents/projects/gymlog/test/upgrade/failures

When the exception was thrown, this was the stack:
#0      LocalFileComparator.compare (package:flutter_test/src/_goldens_io.dart:108:5)
<asynchronous suspension>
#1      MatchesGoldenFile.matchAsync.<anonymous closure> (package:flutter_test/src/_matchers_io.dart:124:32)
<asynchronous suspension>
<asynchronous suspension>
#3      _expect.<anonymous closure> (package:matcher/src/expect/expect.dart:153:17)
<asynchronous suspension>
<asynchronous suspension>
#5      expectLater.<anonymous closure> (package:flutter_test/src/widget_tester.dart:508:19)
<asynchronous suspension>
#6      main.<anonymous closure> (file:///C:/Users/Atharva%20Patil/Documents/projects/gymlog/test/upgrade/session_1_render_test.dart:105:13)
<asynchronous suspension>
#7      testWidgets.<anonymous closure>.<anonymous closure> (package:flutter_test/src/widget_tester.dart:192:15)
<asynchronous suspension>
#8      TestWidgetsFlutterBinding._runTestBody (package:flutter_test/src/binding.dart:1952:5)
<asynchronous suspension>
<asynchronous suspension>
(elided 3 frames from dart:async and package:stack_trace)

The exception was caught asynchronously.
════════════════════════════════════════════════════════════════════════════════════════════════════
02:15 +883 -70: C:/Users/Atharva Patil/Documents/projects/gymlog/test/upgrade/session_1_render_test.dart: finish-weighted-white-1.6x-synthetic [E]
  Test failed. See exception logs above.
  The test description was: finish-weighted-white-1.6x-synthetic
  
02:15 +883 -70: C:/Users/Atharva Patil/Documents/projects/gymlog/test/upgrade/session_1_render_test.dart: finish-reps-white-1.6x-synthetic
══╡ EXCEPTION CAUGHT BY FLUTTER TEST FRAMEWORK ╞════════════════════════════════════════════════════
The following assertion was thrown while running async test code:
Golden "../golden/goldens/session-1/finish-reps-white-1.6x-synthetic.png": Pixel test failed, 2.91%,
9586px diff detected.
Failure feedback can be found at
/C:/Users/Atharva%20Patil/Documents/projects/gymlog/test/upgrade/failures

When the exception was thrown, this was the stack:
#0      LocalFileComparator.compare (package:flutter_test/src/_goldens_io.dart:108:5)
<asynchronous suspension>
#1      MatchesGoldenFile.matchAsync.<anonymous closure> (package:flutter_test/src/_matchers_io.dart:124:32)
<asynchronous suspension>
<asynchronous suspension>
#3      _expect.<anonymous closure> (package:matcher/src/expect/expect.dart:153:17)
<asynchronous suspension>
<asynchronous suspension>
#5      expectLater.<anonymous closure> (package:flutter_test/src/widget_tester.dart:508:19)
<asynchronous suspension>
#6      main.<anonymous closure> (file:///C:/Users/Atharva%20Patil/Documents/projects/gymlog/test/upgrade/session_1_render_test.dart:105:13)
<asynchronous suspension>
#7      testWidgets.<anonymous closure>.<anonymous closure> (package:flutter_test/src/widget_tester.dart:192:15)
<asynchronous suspension>
#8      TestWidgetsFlutterBinding._runTestBody (package:flutter_test/src/binding.dart:1952:5)
<asynchronous suspension>
<asynchronous suspension>
(elided 3 frames from dart:async and package:stack_trace)

The exception was caught asynchronously.
════════════════════════════════════════════════════════════════════════════════════════════════════
02:15 +883 -71: C:/Users/Atharva Patil/Documents/projects/gymlog/test/upgrade/session_1_render_test.dart: finish-reps-white-1.6x-synthetic [E]
  Test failed. See exception logs above.
  The test description was: finish-reps-white-1.6x-synthetic
  
02:15 +883 -71: C:/Users/Atharva Patil/Documents/projects/gymlog/test/upgrade/session_1_render_test.dart: finish-timed-white-1.6x-synthetic
══╡ EXCEPTION CAUGHT BY FLUTTER TEST FRAMEWORK ╞════════════════════════════════════════════════════
The following assertion was thrown while running async test code:
Golden "../golden/goldens/session-1/finish-timed-white-1.6x-synthetic.png": Pixel test failed,
7.39%, 24336px diff detected.
Failure feedback can be found at
/C:/Users/Atharva%20Patil/Documents/projects/gymlog/test/upgrade/failures

When the exception was thrown, this was the stack:
#0      LocalFileComparator.compare (package:flutter_test/src/_goldens_io.dart:108:5)
<asynchronous suspension>
#1      MatchesGoldenFile.matchAsync.<anonymous closure> (package:flutter_test/src/_matchers_io.dart:124:32)
<asynchronous suspension>
<asynchronous suspension>
#3      _expect.<anonymous closure> (package:matcher/src/expect/expect.dart:153:17)
<asynchronous suspension>
<asynchronous suspension>
#5      expectLater.<anonymous closure> (package:flutter_test/src/widget_tester.dart:508:19)
<asynchronous suspension>
#6      main.<anonymous closure> (file:///C:/Users/Atharva%20Patil/Documents/projects/gymlog/test/upgrade/session_1_render_test.dart:105:13)
<asynchronous suspension>
#7      testWidgets.<anonymous closure>.<anonymous closure> (package:flutter_test/src/widget_tester.dart:192:15)
<asynchronous suspension>
#8      TestWidgetsFlutterBinding._runTestBody (package:flutter_test/src/binding.dart:1952:5)
<asynchronous suspension>
<asynchronous suspension>
(elided 3 frames from dart:async and package:stack_trace)

The exception was caught asynchronously.
════════════════════════════════════════════════════════════════════════════════════════════════════
02:15 +883 -72: C:/Users/Atharva Patil/Documents/projects/gymlog/test/upgrade/session_1_render_test.dart: finish-timed-white-1.6x-synthetic [E]
  Test failed. See exception logs above.
  The test description was: finish-timed-white-1.6x-synthetic
  
02:15 +883 -72: C:/Users/Atharva Patil/Documents/projects/gymlog/test/upgrade/session_1_render_test.dart: finish-distance-white-1.6x-synthetic
══╡ EXCEPTION CAUGHT BY FLUTTER TEST FRAMEWORK ╞════════════════════════════════════════════════════
The following assertion was thrown while running async test code:
Golden "../golden/goldens/session-1/finish-distance-white-1.6x-synthetic.png": Pixel test failed,
2.94%, 9683px diff detected.
Failure feedback can be found at
/C:/Users/Atharva%20Patil/Documents/projects/gymlog/test/upgrade/failures

When the exception was thrown, this was the stack:
#0      LocalFileComparator.compare (package:flutter_test/src/_goldens_io.dart:108:5)
<asynchronous suspension>
#1      MatchesGoldenFile.matchAsync.<anonymous closure> (package:flutter_test/src/_matchers_io.dart:124:32)
<asynchronous suspension>
<asynchronous suspension>
#3      _expect.<anonymous closure> (package:matcher/src/expect/expect.dart:153:17)
<asynchronous suspension>
<asynchronous suspension>
#5      expectLater.<anonymous closure> (package:flutter_test/src/widget_tester.dart:508:19)
<asynchronous suspension>
#6      main.<anonymous closure> (file:///C:/Users/Atharva%20Patil/Documents/projects/gymlog/test/upgrade/session_1_render_test.dart:105:13)
<asynchronous suspension>
#7      testWidgets.<anonymous closure>.<anonymous closure> (package:flutter_test/src/widget_tester.dart:192:15)
<asynchronous suspension>
#8      TestWidgetsFlutterBinding._runTestBody (package:flutter_test/src/binding.dart:1952:5)
<asynchronous suspension>
<asynchronous suspension>
(elided 3 frames from dart:async and package:stack_trace)

The exception was caught asynchronously.
════════════════════════════════════════════════════════════════════════════════════════════════════
02:15 +883 -73: C:/Users/Atharva Patil/Documents/projects/gymlog/test/upgrade/session_1_render_test.dart: finish-distance-white-1.6x-synthetic [E]
  Test failed. See exception logs above.
  The test description was: finish-distance-white-1.6x-synthetic
  
02:15 +883 -73: C:/Users/Atharva Patil/Documents/projects/gymlog/test/upgrade/session_1_render_test.dart: pr-white-1.6x-synthetic
══╡ EXCEPTION CAUGHT BY FLUTTER TEST FRAMEWORK ╞════════════════════════════════════════════════════
The following assertion was thrown while running async test code:
Golden "../golden/goldens/session-1/pr-white-1.6x-synthetic.png": Pixel test failed, 19.71%, 64871px
diff detected.
Failure feedback can be found at
/C:/Users/Atharva%20Patil/Documents/projects/gymlog/test/upgrade/failures

When the exception was thrown, this was the stack:
#0      LocalFileComparator.compare (package:flutter_test/src/_goldens_io.dart:108:5)
<asynchronous suspension>
#1      MatchesGoldenFile.matchAsync.<anonymous closure> (package:flutter_test/src/_matchers_io.dart:124:32)
<asynchronous suspension>
<asynchronous suspension>
#3      _expect.<anonymous closure> (package:matcher/src/expect/expect.dart:153:17)
<asynchronous suspension>
<asynchronous suspension>
#5      expectLater.<anonymous closure> (package:flutter_test/src/widget_tester.dart:508:19)
<asynchronous suspension>
#6      main.<anonymous closure> (file:///C:/Users/Atharva%20Patil/Documents/projects/gymlog/test/upgrade/session_1_render_test.dart:105:13)
<asynchronous suspension>
#7      testWidgets.<anonymous closure>.<anonymous closure> (package:flutter_test/src/widget_tester.dart:192:15)
<asynchronous suspension>
#8      TestWidgetsFlutterBinding._runTestBody (package:flutter_test/src/binding.dart:1952:5)
<asynchronous suspension>
<asynchronous suspension>
(elided 3 frames from dart:async and package:stack_trace)

The exception was caught asynchronously.
════════════════════════════════════════════════════════════════════════════════════════════════════
02:16 +883 -74: C:/Users/Atharva Patil/Documents/projects/gymlog/test/upgrade/session_1_render_test.dart: pr-white-1.6x-synthetic [E]
  Test failed. See exception logs above.
  The test description was: pr-white-1.6x-synthetic
  
02:16 +883 -74: C:/Users/Atharva Patil/Documents/projects/gymlog/test/upgrade/session_1_render_test.dart: share-monument-white-1.6x-synthetic
02:16 +884 -74: C:/Users/Atharva Patil/Documents/projects/gymlog/test/upgrade/session_1_render_test.dart: share-technical-white-1.6x-synthetic
02:16 +885 -74: C:/Users/Atharva Patil/Documents/projects/gymlog/test/upgrade/session_1_render_test.dart: share-sticker-white-1.6x-synthetic
02:16 +886 -74: C:/Users/Atharva Patil/Documents/projects/gymlog/test/upgrade/session_1_render_test.dart: detail-white-1.6x-synthetic
02:16 +887 -74: C:/Users/Atharva Patil/Documents/projects/gymlog/test/upgrade/session_1_render_test.dart: detail-error-white-1.6x-synthetic
02:16 +888 -74: C:/Users/Atharva Patil/Documents/projects/gymlog/test/upgrade/session_1_render_test.dart: detail-empty-white-1.6x-synthetic
02:16 +889 -74: C:/Users/Atharva Patil/Documents/projects/gymlog/test/upgrade/session_1_render_test.dart: exercise-white-1.6x-synthetic
02:16 +890 -74: C:/Users/Atharva Patil/Documents/projects/gymlog/test/upgrade/session_1_render_test.dart: exercise-no-estimate-white-1.6x-synthetic
02:16 +891 -74: C:/Users/Atharva Patil/Documents/projects/gymlog/test/upgrade/session_1_render_test.dart: progress-white-1.6x-synthetic
02:16 +892 -74: C:/Users/Atharva Patil/Documents/projects/gymlog/test/upgrade/session_1_render_test.dart: progress-low-white-1.6x-synthetic
02:16 +893 -74: C:/Users/Atharva Patil/Documents/projects/gymlog/test/upgrade/session_1_render_test.dart: progress-empty-white-1.6x-synthetic
02:16 +894 -74: C:/Users/Atharva Patil/Documents/projects/gymlog/test/upgrade/session_1_render_test.dart: roles-white-1.6x-synthetic
02:16 +895 -74: C:/Users/Atharva Patil/Documents/projects/gymlog/test/upgrade/session_1_render_test.dart: header-weighted-neonCyan-1.0x-synthetic
02:16 +896 -74: C:/Users/Atharva Patil/Documents/projects/gymlog/test/upgrade/session_1_render_test.dart: header-reps-neonCyan-1.0x-synthetic
02:16 +897 -74: C:/Users/Atharva Patil/Documents/projects/gymlog/test/upgrade/session_1_render_test.dart: header-timed-neonCyan-1.0x-synthetic
02:17 +898 -74: C:/Users/Atharva Patil/Documents/projects/gymlog/test/upgrade/session_1_render_test.dart: header-distance-neonCyan-1.0x-synthetic
02:17 +899 -74: C:/Users/Atharva Patil/Documents/projects/gymlog/test/upgrade/session_1_render_test.dart: header-empty-neonCyan-1.0x-synthetic
02:17 +900 -74: C:/Users/Atharva Patil/Documents/projects/gymlog/test/upgrade/session_1_render_test.dart: finish-weighted-neonCyan-1.0x-synthetic
══╡ EXCEPTION CAUGHT BY FLUTTER TEST FRAMEWORK ╞════════════════════════════════════════════════════
The following assertion was thrown while running async test code:
Golden "../golden/goldens/session-1/finish-weighted-neonCyan-1.0x-synthetic.png": Pixel test failed,
1.11%, 3669px diff detected.
Failure feedback can be found at
/C:/Users/Atharva%20Patil/Documents/projects/gymlog/test/upgrade/failures

When the exception was thrown, this was the stack:
#0      LocalFileComparator.compare (package:flutter_test/src/_goldens_io.dart:108:5)
<asynchronous suspension>
#1      MatchesGoldenFile.matchAsync.<anonymous closure> (package:flutter_test/src/_matchers_io.dart:124:32)
<asynchronous suspension>
<asynchronous suspension>
#3      _expect.<anonymous closure> (package:matcher/src/expect/expect.dart:153:17)
<asynchronous suspension>
<asynchronous suspension>
#5      expectLater.<anonymous closure> (package:flutter_test/src/widget_tester.dart:508:19)
<asynchronous suspension>
#6      main.<anonymous closure> (file:///C:/Users/Atharva%20Patil/Documents/projects/gymlog/test/upgrade/session_1_render_test.dart:105:13)
<asynchronous suspension>
#7      testWidgets.<anonymous closure>.<anonymous closure> (package:flutter_test/src/widget_tester.dart:192:15)
<asynchronous suspension>
#8      TestWidgetsFlutterBinding._runTestBody (package:flutter_test/src/binding.dart:1952:5)
<asynchronous suspension>
<asynchronous suspension>
(elided 3 frames from dart:async and package:stack_trace)

The exception was caught asynchronously.
════════════════════════════════════════════════════════════════════════════════════════════════════
02:17 +900 -75: C:/Users/Atharva Patil/Documents/projects/gymlog/test/upgrade/session_1_render_test.dart: finish-weighted-neonCyan-1.0x-synthetic [E]
  Test failed. See exception logs above.
  The test description was: finish-weighted-neonCyan-1.0x-synthetic
  
02:17 +900 -75: C:/Users/Atharva Patil/Documents/projects/gymlog/test/upgrade/session_1_render_test.dart: finish-reps-neonCyan-1.0x-synthetic
══╡ EXCEPTION CAUGHT BY FLUTTER TEST FRAMEWORK ╞════════════════════════════════════════════════════
The following assertion was thrown while running async test code:
Golden "../golden/goldens/session-1/finish-reps-neonCyan-1.0x-synthetic.png": Pixel test failed,
0.98%, 3232px diff detected.
Failure feedback can be found at
/C:/Users/Atharva%20Patil/Documents/projects/gymlog/test/upgrade/failures

When the exception was thrown, this was the stack:
#0      LocalFileComparator.compare (package:flutter_test/src/_goldens_io.dart:108:5)
<asynchronous suspension>
#1      MatchesGoldenFile.matchAsync.<anonymous closure> (package:flutter_test/src/_matchers_io.dart:124:32)
<asynchronous suspension>
<asynchronous suspension>
#3      _expect.<anonymous closure> (package:matcher/src/expect/expect.dart:153:17)
<asynchronous suspension>
<asynchronous suspension>
#5      expectLater.<anonymous closure> (package:flutter_test/src/widget_tester.dart:508:19)
<asynchronous suspension>
#6      main.<anonymous closure> (file:///C:/Users/Atharva%20Patil/Documents/projects/gymlog/test/upgrade/session_1_render_test.dart:105:13)
<asynchronous suspension>
#7      testWidgets.<anonymous closure>.<anonymous closure> (package:flutter_test/src/widget_tester.dart:192:15)
<asynchronous suspension>
#8      TestWidgetsFlutterBinding._runTestBody (package:flutter_test/src/binding.dart:1952:5)
<asynchronous suspension>
<asynchronous suspension>
(elided 3 frames from dart:async and package:stack_trace)

The exception was caught asynchronously.
════════════════════════════════════════════════════════════════════════════════════════════════════
02:17 +900 -76: C:/Users/Atharva Patil/Documents/projects/gymlog/test/upgrade/session_1_render_test.dart: finish-reps-neonCyan-1.0x-synthetic [E]
  Test failed. See exception logs above.
  The test description was: finish-reps-neonCyan-1.0x-synthetic
  
02:17 +900 -76: C:/Users/Atharva Patil/Documents/projects/gymlog/test/upgrade/session_1_render_test.dart: finish-timed-neonCyan-1.0x-synthetic
══╡ EXCEPTION CAUGHT BY FLUTTER TEST FRAMEWORK ╞════════════════════════════════════════════════════
The following assertion was thrown while running async test code:
Golden "../golden/goldens/session-1/finish-timed-neonCyan-1.0x-synthetic.png": Pixel test failed,
1.06%, 3483px diff detected.
Failure feedback can be found at
/C:/Users/Atharva%20Patil/Documents/projects/gymlog/test/upgrade/failures

When the exception was thrown, this was the stack:
#0      LocalFileComparator.compare (package:flutter_test/src/_goldens_io.dart:108:5)
<asynchronous suspension>
#1      MatchesGoldenFile.matchAsync.<anonymous closure> (package:flutter_test/src/_matchers_io.dart:124:32)
<asynchronous suspension>
<asynchronous suspension>
#3      _expect.<anonymous closure> (package:matcher/src/expect/expect.dart:153:17)
<asynchronous suspension>
<asynchronous suspension>
#5      expectLater.<anonymous closure> (package:flutter_test/src/widget_tester.dart:508:19)
<asynchronous suspension>
#6      main.<anonymous closure> (file:///C:/Users/Atharva%20Patil/Documents/projects/gymlog/test/upgrade/session_1_render_test.dart:105:13)
<asynchronous suspension>
#7      testWidgets.<anonymous closure>.<anonymous closure> (package:flutter_test/src/widget_tester.dart:192:15)
<asynchronous suspension>
#8      TestWidgetsFlutterBinding._runTestBody (package:flutter_test/src/binding.dart:1952:5)
<asynchronous suspension>
<asynchronous suspension>
(elided 3 frames from dart:async and package:stack_trace)

The exception was caught asynchronously.
════════════════════════════════════════════════════════════════════════════════════════════════════
02:17 +900 -77: C:/Users/Atharva Patil/Documents/projects/gymlog/test/upgrade/session_1_render_test.dart: finish-timed-neonCyan-1.0x-synthetic [E]
  Test failed. See exception logs above.
  The test description was: finish-timed-neonCyan-1.0x-synthetic
  
02:17 +900 -77: C:/Users/Atharva Patil/Documents/projects/gymlog/test/upgrade/session_1_render_test.dart: finish-distance-neonCyan-1.0x-synthetic
══╡ EXCEPTION CAUGHT BY FLUTTER TEST FRAMEWORK ╞════════════════════════════════════════════════════
The following assertion was thrown while running async test code:
Golden "../golden/goldens/session-1/finish-distance-neonCyan-1.0x-synthetic.png": Pixel test failed,
1.03%, 3396px diff detected.
Failure feedback can be found at
/C:/Users/Atharva%20Patil/Documents/projects/gymlog/test/upgrade/failures

When the exception was thrown, this was the stack:
#0      LocalFileComparator.compare (package:flutter_test/src/_goldens_io.dart:108:5)
<asynchronous suspension>
#1      MatchesGoldenFile.matchAsync.<anonymous closure> (package:flutter_test/src/_matchers_io.dart:124:32)
<asynchronous suspension>
<asynchronous suspension>
#3      _expect.<anonymous closure> (package:matcher/src/expect/expect.dart:153:17)
<asynchronous suspension>
<asynchronous suspension>
#5      expectLater.<anonymous closure> (package:flutter_test/src/widget_tester.dart:508:19)
<asynchronous suspension>
#6      main.<anonymous closure> (file:///C:/Users/Atharva%20Patil/Documents/projects/gymlog/test/upgrade/session_1_render_test.dart:105:13)
<asynchronous suspension>
#7      testWidgets.<anonymous closure>.<anonymous closure> (package:flutter_test/src/widget_tester.dart:192:15)
<asynchronous suspension>
#8      TestWidgetsFlutterBinding._runTestBody (package:flutter_test/src/binding.dart:1952:5)
<asynchronous suspension>
<asynchronous suspension>
(elided 3 frames from dart:async and package:stack_trace)

The exception was caught asynchronously.
════════════════════════════════════════════════════════════════════════════════════════════════════
02:17 +900 -78: C:/Users/Atharva Patil/Documents/projects/gymlog/test/upgrade/session_1_render_test.dart: finish-distance-neonCyan-1.0x-synthetic [E]
  Test failed. See exception logs above.
  The test description was: finish-distance-neonCyan-1.0x-synthetic
  
02:17 +900 -78: C:/Users/Atharva Patil/Documents/projects/gymlog/test/upgrade/session_1_render_test.dart: pr-neonCyan-1.0x-synthetic
02:17 +901 -78: C:/Users/Atharva Patil/Documents/projects/gymlog/test/upgrade/session_1_render_test.dart: share-monument-neonCyan-1.0x-synthetic
02:17 +902 -78: C:/Users/Atharva Patil/Documents/projects/gymlog/test/upgrade/session_1_render_test.dart: share-technical-neonCyan-1.0x-synthetic
02:18 +903 -78: C:/Users/Atharva Patil/Documents/projects/gymlog/test/upgrade/session_1_render_test.dart: share-sticker-neonCyan-1.0x-synthetic
02:18 +904 -78: C:/Users/Atharva Patil/Documents/projects/gymlog/test/upgrade/session_1_render_test.dart: detail-neonCyan-1.0x-synthetic
02:18 +905 -78: C:/Users/Atharva Patil/Documents/projects/gymlog/test/upgrade/session_1_render_test.dart: detail-error-neonCyan-1.0x-synthetic
02:18 +906 -78: C:/Users/Atharva Patil/Documents/projects/gymlog/test/upgrade/session_1_render_test.dart: detail-empty-neonCyan-1.0x-synthetic
02:18 +907 -78: C:/Users/Atharva Patil/Documents/projects/gymlog/test/upgrade/session_1_render_test.dart: exercise-neonCyan-1.0x-synthetic
02:18 +908 -78: C:/Users/Atharva Patil/Documents/projects/gymlog/test/upgrade/session_1_render_test.dart: exercise-no-estimate-neonCyan-1.0x-synthetic
02:18 +909 -78: C:/Users/Atharva Patil/Documents/projects/gymlog/test/upgrade/session_1_render_test.dart: progress-neonCyan-1.0x-synthetic
02:18 +910 -78: C:/Users/Atharva Patil/Documents/projects/gymlog/test/upgrade/session_1_render_test.dart: progress-low-neonCyan-1.0x-synthetic
02:18 +911 -78: C:/Users/Atharva Patil/Documents/projects/gymlog/test/upgrade/session_1_render_test.dart: progress-empty-neonCyan-1.0x-synthetic
02:18 +912 -78: C:/Users/Atharva Patil/Documents/projects/gymlog/test/upgrade/session_1_render_test.dart: roles-neonCyan-1.0x-synthetic
02:18 +913 -78: C:/Users/Atharva Patil/Documents/projects/gymlog/test/upgrade/session_1_render_test.dart: header-weighted-neonCyan-1.6x-synthetic
02:18 +914 -78: C:/Users/Atharva Patil/Documents/projects/gymlog/test/upgrade/session_1_render_test.dart: header-reps-neonCyan-1.6x-synthetic
02:18 +915 -78: C:/Users/Atharva Patil/Documents/projects/gymlog/test/upgrade/session_1_render_test.dart: header-timed-neonCyan-1.6x-synthetic
02:18 +916 -78: C:/Users/Atharva Patil/Documents/projects/gymlog/test/upgrade/session_1_render_test.dart: header-distance-neonCyan-1.6x-synthetic
02:18 +917 -78: C:/Users/Atharva Patil/Documents/projects/gymlog/test/upgrade/session_1_render_test.dart: header-empty-neonCyan-1.6x-synthetic
02:18 +918 -78: C:/Users/Atharva Patil/Documents/projects/gymlog/test/upgrade/session_1_render_test.dart: finish-weighted-neonCyan-1.6x-synthetic
══╡ EXCEPTION CAUGHT BY FLUTTER TEST FRAMEWORK ╞════════════════════════════════════════════════════
The following assertion was thrown while running async test code:
Golden "../golden/goldens/session-1/finish-weighted-neonCyan-1.6x-synthetic.png": Pixel test failed,
3.04%, 10016px diff detected.
Failure feedback can be found at
/C:/Users/Atharva%20Patil/Documents/projects/gymlog/test/upgrade/failures

When the exception was thrown, this was the stack:
#0      LocalFileComparator.compare (package:flutter_test/src/_goldens_io.dart:108:5)
<asynchronous suspension>
#1      MatchesGoldenFile.matchAsync.<anonymous closure> (package:flutter_test/src/_matchers_io.dart:124:32)
<asynchronous suspension>
<asynchronous suspension>
#3      _expect.<anonymous closure> (package:matcher/src/expect/expect.dart:153:17)
<asynchronous suspension>
<asynchronous suspension>
#5      expectLater.<anonymous closure> (package:flutter_test/src/widget_tester.dart:508:19)
<asynchronous suspension>
#6      main.<anonymous closure> (file:///C:/Users/Atharva%20Patil/Documents/projects/gymlog/test/upgrade/session_1_render_test.dart:105:13)
<asynchronous suspension>
#7      testWidgets.<anonymous closure>.<anonymous closure> (package:flutter_test/src/widget_tester.dart:192:15)
<asynchronous suspension>
#8      TestWidgetsFlutterBinding._runTestBody (package:flutter_test/src/binding.dart:1952:5)
<asynchronous suspension>
<asynchronous suspension>
(elided 3 frames from dart:async and package:stack_trace)

The exception was caught asynchronously.
════════════════════════════════════════════════════════════════════════════════════════════════════
02:18 +918 -79: C:/Users/Atharva Patil/Documents/projects/gymlog/test/upgrade/session_1_render_test.dart: finish-weighted-neonCyan-1.6x-synthetic [E]
  Test failed. See exception logs above.
  The test description was: finish-weighted-neonCyan-1.6x-synthetic
  
02:18 +918 -79: C:/Users/Atharva Patil/Documents/projects/gymlog/test/upgrade/session_1_render_test.dart: finish-reps-neonCyan-1.6x-synthetic
══╡ EXCEPTION CAUGHT BY FLUTTER TEST FRAMEWORK ╞════════════════════════════════════════════════════
The following assertion was thrown while running async test code:
Golden "../golden/goldens/session-1/finish-reps-neonCyan-1.6x-synthetic.png": Pixel test failed,
2.91%, 9586px diff detected.
Failure feedback can be found at
/C:/Users/Atharva%20Patil/Documents/projects/gymlog/test/upgrade/failures

When the exception was thrown, this was the stack:
#0      LocalFileComparator.compare (package:flutter_test/src/_goldens_io.dart:108:5)
<asynchronous suspension>
#1      MatchesGoldenFile.matchAsync.<anonymous closure> (package:flutter_test/src/_matchers_io.dart:124:32)
<asynchronous suspension>
<asynchronous suspension>
#3      _expect.<anonymous closure> (package:matcher/src/expect/expect.dart:153:17)
<asynchronous suspension>
<asynchronous suspension>
#5      expectLater.<anonymous closure> (package:flutter_test/src/widget_tester.dart:508:19)
<asynchronous suspension>
#6      main.<anonymous closure> (file:///C:/Users/Atharva%20Patil/Documents/projects/gymlog/test/upgrade/session_1_render_test.dart:105:13)
<asynchronous suspension>
#7      testWidgets.<anonymous closure>.<anonymous closure> (package:flutter_test/src/widget_tester.dart:192:15)
<asynchronous suspension>
#8      TestWidgetsFlutterBinding._runTestBody (package:flutter_test/src/binding.dart:1952:5)
<asynchronous suspension>
<asynchronous suspension>
(elided 3 frames from dart:async and package:stack_trace)

The exception was caught asynchronously.
════════════════════════════════════════════════════════════════════════════════════════════════════
02:19 +918 -80: C:/Users/Atharva Patil/Documents/projects/gymlog/test/upgrade/session_1_render_test.dart: finish-reps-neonCyan-1.6x-synthetic [E]
  Test failed. See exception logs above.
  The test description was: finish-reps-neonCyan-1.6x-synthetic
  
02:19 +918 -80: C:/Users/Atharva Patil/Documents/projects/gymlog/test/upgrade/session_1_render_test.dart: finish-timed-neonCyan-1.6x-synthetic
══╡ EXCEPTION CAUGHT BY FLUTTER TEST FRAMEWORK ╞════════════════════════════════════════════════════
The following assertion was thrown while running async test code:
Golden "../golden/goldens/session-1/finish-timed-neonCyan-1.6x-synthetic.png": Pixel test failed,
7.39%, 24336px diff detected.
Failure feedback can be found at
/C:/Users/Atharva%20Patil/Documents/projects/gymlog/test/upgrade/failures

When the exception was thrown, this was the stack:
#0      LocalFileComparator.compare (package:flutter_test/src/_goldens_io.dart:108:5)
<asynchronous suspension>
#1      MatchesGoldenFile.matchAsync.<anonymous closure> (package:flutter_test/src/_matchers_io.dart:124:32)
<asynchronous suspension>
<asynchronous suspension>
#3      _expect.<anonymous closure> (package:matcher/src/expect/expect.dart:153:17)
<asynchronous suspension>
<asynchronous suspension>
#5      expectLater.<anonymous closure> (package:flutter_test/src/widget_tester.dart:508:19)
<asynchronous suspension>
#6      main.<anonymous closure> (file:///C:/Users/Atharva%20Patil/Documents/projects/gymlog/test/upgrade/session_1_render_test.dart:105:13)
<asynchronous suspension>
#7      testWidgets.<anonymous closure>.<anonymous closure> (package:flutter_test/src/widget_tester.dart:192:15)
<asynchronous suspension>
#8      TestWidgetsFlutterBinding._runTestBody (package:flutter_test/src/binding.dart:1952:5)
<asynchronous suspension>
<asynchronous suspension>
(elided 3 frames from dart:async and package:stack_trace)

The exception was caught asynchronously.
════════════════════════════════════════════════════════════════════════════════════════════════════
02:19 +918 -81: C:/Users/Atharva Patil/Documents/projects/gymlog/test/upgrade/session_1_render_test.dart: finish-timed-neonCyan-1.6x-synthetic [E]
  Test failed. See exception logs above.
  The test description was: finish-timed-neonCyan-1.6x-synthetic
  
02:19 +918 -81: C:/Users/Atharva Patil/Documents/projects/gymlog/test/upgrade/session_1_render_test.dart: finish-distance-neonCyan-1.6x-synthetic
══╡ EXCEPTION CAUGHT BY FLUTTER TEST FRAMEWORK ╞════════════════════════════════════════════════════
The following assertion was thrown while running async test code:
Golden "../golden/goldens/session-1/finish-distance-neonCyan-1.6x-synthetic.png": Pixel test failed,
2.94%, 9683px diff detected.
Failure feedback can be found at
/C:/Users/Atharva%20Patil/Documents/projects/gymlog/test/upgrade/failures

When the exception was thrown, this was the stack:
#0      LocalFileComparator.compare (package:flutter_test/src/_goldens_io.dart:108:5)
<asynchronous suspension>
#1      MatchesGoldenFile.matchAsync.<anonymous closure> (package:flutter_test/src/_matchers_io.dart:124:32)
<asynchronous suspension>
<asynchronous suspension>
#3      _expect.<anonymous closure> (package:matcher/src/expect/expect.dart:153:17)
<asynchronous suspension>
<asynchronous suspension>
#5      expectLater.<anonymous closure> (package:flutter_test/src/widget_tester.dart:508:19)
<asynchronous suspension>
#6      main.<anonymous closure> (file:///C:/Users/Atharva%20Patil/Documents/projects/gymlog/test/upgrade/session_1_render_test.dart:105:13)
<asynchronous suspension>
#7      testWidgets.<anonymous closure>.<anonymous closure> (package:flutter_test/src/widget_tester.dart:192:15)
<asynchronous suspension>
#8      TestWidgetsFlutterBinding._runTestBody (package:flutter_test/src/binding.dart:1952:5)
<asynchronous suspension>
<asynchronous suspension>
(elided 3 frames from dart:async and package:stack_trace)

The exception was caught asynchronously.
════════════════════════════════════════════════════════════════════════════════════════════════════
02:19 +918 -82: C:/Users/Atharva Patil/Documents/projects/gymlog/test/upgrade/session_1_render_test.dart: finish-distance-neonCyan-1.6x-synthetic [E]
  Test failed. See exception logs above.
  The test description was: finish-distance-neonCyan-1.6x-synthetic
  
02:19 +918 -82: C:/Users/Atharva Patil/Documents/projects/gymlog/test/upgrade/session_1_render_test.dart: pr-neonCyan-1.6x-synthetic
══╡ EXCEPTION CAUGHT BY FLUTTER TEST FRAMEWORK ╞════════════════════════════════════════════════════
The following assertion was thrown while running async test code:
Golden "../golden/goldens/session-1/pr-neonCyan-1.6x-synthetic.png": Pixel test failed, 19.66%,
64717px diff detected.
Failure feedback can be found at
/C:/Users/Atharva%20Patil/Documents/projects/gymlog/test/upgrade/failures

When the exception was thrown, this was the stack:
#0      LocalFileComparator.compare (package:flutter_test/src/_goldens_io.dart:108:5)
<asynchronous suspension>
#1      MatchesGoldenFile.matchAsync.<anonymous closure> (package:flutter_test/src/_matchers_io.dart:124:32)
<asynchronous suspension>
<asynchronous suspension>
#3      _expect.<anonymous closure> (package:matcher/src/expect/expect.dart:153:17)
<asynchronous suspension>
<asynchronous suspension>
#5      expectLater.<anonymous closure> (package:flutter_test/src/widget_tester.dart:508:19)
<asynchronous suspension>
#6      main.<anonymous closure> (file:///C:/Users/Atharva%20Patil/Documents/projects/gymlog/test/upgrade/session_1_render_test.dart:105:13)
<asynchronous suspension>
#7      testWidgets.<anonymous closure>.<anonymous closure> (package:flutter_test/src/widget_tester.dart:192:15)
<asynchronous suspension>
#8      TestWidgetsFlutterBinding._runTestBody (package:flutter_test/src/binding.dart:1952:5)
<asynchronous suspension>
<asynchronous suspension>
(elided 3 frames from dart:async and package:stack_trace)

The exception was caught asynchronously.
════════════════════════════════════════════════════════════════════════════════════════════════════
02:19 +918 -83: C:/Users/Atharva Patil/Documents/projects/gymlog/test/upgrade/session_1_render_test.dart: pr-neonCyan-1.6x-synthetic [E]
  Test failed. See exception logs above.
  The test description was: pr-neonCyan-1.6x-synthetic
  
02:19 +918 -83: C:/Users/Atharva Patil/Documents/projects/gymlog/test/upgrade/session_1_render_test.dart: share-monument-neonCyan-1.6x-synthetic
02:19 +919 -83: C:/Users/Atharva Patil/Documents/projects/gymlog/test/upgrade/session_1_render_test.dart: share-technical-neonCyan-1.6x-synthetic
02:19 +920 -83: C:/Users/Atharva Patil/Documents/projects/gymlog/test/upgrade/session_1_render_test.dart: share-sticker-neonCyan-1.6x-synthetic
02:19 +921 -83: C:/Users/Atharva Patil/Documents/projects/gymlog/test/upgrade/session_1_render_test.dart: detail-neonCyan-1.6x-synthetic
02:20 +922 -83: C:/Users/Atharva Patil/Documents/projects/gymlog/test/upgrade/session_1_render_test.dart: detail-error-neonCyan-1.6x-synthetic
02:20 +923 -83: C:/Users/Atharva Patil/Documents/projects/gymlog/test/upgrade/session_1_render_test.dart: detail-empty-neonCyan-1.6x-synthetic
02:20 +924 -83: C:/Users/Atharva Patil/Documents/projects/gymlog/test/upgrade/session_1_render_test.dart: exercise-neonCyan-1.6x-synthetic
02:20 +925 -83: C:/Users/Atharva Patil/Documents/projects/gymlog/test/upgrade/session_1_render_test.dart: exercise-no-estimate-neonCyan-1.6x-synthetic
02:20 +926 -83: C:/Users/Atharva Patil/Documents/projects/gymlog/test/upgrade/session_1_render_test.dart: progress-neonCyan-1.6x-synthetic
02:20 +927 -83: C:/Users/Atharva Patil/Documents/projects/gymlog/test/upgrade/session_1_render_test.dart: progress-low-neonCyan-1.6x-synthetic
02:20 +928 -83: C:/Users/Atharva Patil/Documents/projects/gymlog/test/upgrade/session_1_render_test.dart: progress-empty-neonCyan-1.6x-synthetic
02:20 +929 -83: C:/Users/Atharva Patil/Documents/projects/gymlog/test/upgrade/session_1_render_test.dart: roles-neonCyan-1.6x-synthetic
02:20 +930 -83: C:/Users/Atharva Patil/Documents/projects/gymlog/test/upgrade/session_1_render_test.dart: header-weighted-neonMagenta-1.0x-synthetic
02:20 +931 -83: C:/Users/Atharva Patil/Documents/projects/gymlog/test/upgrade/session_1_render_test.dart: header-reps-neonMagenta-1.0x-synthetic
02:20 +932 -83: C:/Users/Atharva Patil/Documents/projects/gymlog/test/upgrade/session_1_render_test.dart: header-timed-neonMagenta-1.0x-synthetic
02:20 +933 -83: C:/Users/Atharva Patil/Documents/projects/gymlog/test/upgrade/session_1_render_test.dart: header-distance-neonMagenta-1.0x-synthetic
02:20 +934 -83: C:/Users/Atharva Patil/Documents/projects/gymlog/test/upgrade/session_1_render_test.dart: header-empty-neonMagenta-1.0x-synthetic
02:20 +935 -83: C:/Users/Atharva Patil/Documents/projects/gymlog/test/upgrade/session_1_render_test.dart: finish-weighted-neonMagenta-1.0x-synthetic
══╡ EXCEPTION CAUGHT BY FLUTTER TEST FRAMEWORK ╞════════════════════════════════════════════════════
The following assertion was thrown while running async test code:
Golden "../golden/goldens/session-1/finish-weighted-neonMagenta-1.0x-synthetic.png": Pixel test
failed, 1.11%, 3669px diff detected.
Failure feedback can be found at
/C:/Users/Atharva%20Patil/Documents/projects/gymlog/test/upgrade/failures

When the exception was thrown, this was the stack:
#0      LocalFileComparator.compare (package:flutter_test/src/_goldens_io.dart:108:5)
<asynchronous suspension>
#1      MatchesGoldenFile.matchAsync.<anonymous closure> (package:flutter_test/src/_matchers_io.dart:124:32)
<asynchronous suspension>
<asynchronous suspension>
#3      _expect.<anonymous closure> (package:matcher/src/expect/expect.dart:153:17)
<asynchronous suspension>
<asynchronous suspension>
#5      expectLater.<anonymous closure> (package:flutter_test/src/widget_tester.dart:508:19)
<asynchronous suspension>
#6      main.<anonymous closure> (file:///C:/Users/Atharva%20Patil/Documents/projects/gymlog/test/upgrade/session_1_render_test.dart:105:13)
<asynchronous suspension>
#7      testWidgets.<anonymous closure>.<anonymous closure> (package:flutter_test/src/widget_tester.dart:192:15)
<asynchronous suspension>
#8      TestWidgetsFlutterBinding._runTestBody (package:flutter_test/src/binding.dart:1952:5)
<asynchronous suspension>
<asynchronous suspension>
(elided 3 frames from dart:async and package:stack_trace)

The exception was caught asynchronously.
════════════════════════════════════════════════════════════════════════════════════════════════════
02:21 +935 -84: C:/Users/Atharva Patil/Documents/projects/gymlog/test/upgrade/session_1_render_test.dart: finish-weighted-neonMagenta-1.0x-synthetic [E]
  Test failed. See exception logs above.
  The test description was: finish-weighted-neonMagenta-1.0x-synthetic
  
02:21 +935 -84: C:/Users/Atharva Patil/Documents/projects/gymlog/test/upgrade/session_1_render_test.dart: finish-reps-neonMagenta-1.0x-synthetic
══╡ EXCEPTION CAUGHT BY FLUTTER TEST FRAMEWORK ╞════════════════════════════════════════════════════
The following assertion was thrown while running async test code:
Golden "../golden/goldens/session-1/finish-reps-neonMagenta-1.0x-synthetic.png": Pixel test failed,
0.98%, 3232px diff detected.
Failure feedback can be found at
/C:/Users/Atharva%20Patil/Documents/projects/gymlog/test/upgrade/failures

When the exception was thrown, this was the stack:
#0      LocalFileComparator.compare (package:flutter_test/src/_goldens_io.dart:108:5)
<asynchronous suspension>
#1      MatchesGoldenFile.matchAsync.<anonymous closure> (package:flutter_test/src/_matchers_io.dart:124:32)
<asynchronous suspension>
<asynchronous suspension>
#3      _expect.<anonymous closure> (package:matcher/src/expect/expect.dart:153:17)
<asynchronous suspension>
<asynchronous suspension>
#5      expectLater.<anonymous closure> (package:flutter_test/src/widget_tester.dart:508:19)
<asynchronous suspension>
#6      main.<anonymous closure> (file:///C:/Users/Atharva%20Patil/Documents/projects/gymlog/test/upgrade/session_1_render_test.dart:105:13)
<asynchronous suspension>
#7      testWidgets.<anonymous closure>.<anonymous closure> (package:flutter_test/src/widget_tester.dart:192:15)
<asynchronous suspension>
#8      TestWidgetsFlutterBinding._runTestBody (package:flutter_test/src/binding.dart:1952:5)
<asynchronous suspension>
<asynchronous suspension>
(elided 3 frames from dart:async and package:stack_trace)

The exception was caught asynchronously.
════════════════════════════════════════════════════════════════════════════════════════════════════
02:21 +935 -85: C:/Users/Atharva Patil/Documents/projects/gymlog/test/upgrade/session_1_render_test.dart: finish-reps-neonMagenta-1.0x-synthetic [E]
  Test failed. See exception logs above.
  The test description was: finish-reps-neonMagenta-1.0x-synthetic
  
02:21 +935 -85: C:/Users/Atharva Patil/Documents/projects/gymlog/test/upgrade/session_1_render_test.dart: finish-timed-neonMagenta-1.0x-synthetic
══╡ EXCEPTION CAUGHT BY FLUTTER TEST FRAMEWORK ╞════════════════════════════════════════════════════
The following assertion was thrown while running async test code:
Golden "../golden/goldens/session-1/finish-timed-neonMagenta-1.0x-synthetic.png": Pixel test failed,
1.06%, 3483px diff detected.
Failure feedback can be found at
/C:/Users/Atharva%20Patil/Documents/projects/gymlog/test/upgrade/failures

When the exception was thrown, this was the stack:
#0      LocalFileComparator.compare (package:flutter_test/src/_goldens_io.dart:108:5)
<asynchronous suspension>
#1      MatchesGoldenFile.matchAsync.<anonymous closure> (package:flutter_test/src/_matchers_io.dart:124:32)
<asynchronous suspension>
<asynchronous suspension>
#3      _expect.<anonymous closure> (package:matcher/src/expect/expect.dart:153:17)
<asynchronous suspension>
<asynchronous suspension>
#5      expectLater.<anonymous closure> (package:flutter_test/src/widget_tester.dart:508:19)
<asynchronous suspension>
#6      main.<anonymous closure> (file:///C:/Users/Atharva%20Patil/Documents/projects/gymlog/test/upgrade/session_1_render_test.dart:105:13)
<asynchronous suspension>
#7      testWidgets.<anonymous closure>.<anonymous closure> (package:flutter_test/src/widget_tester.dart:192:15)
<asynchronous suspension>
#8      TestWidgetsFlutterBinding._runTestBody (package:flutter_test/src/binding.dart:1952:5)
<asynchronous suspension>
<asynchronous suspension>
(elided 3 frames from dart:async and package:stack_trace)

The exception was caught asynchronously.
════════════════════════════════════════════════════════════════════════════════════════════════════
02:21 +935 -86: C:/Users/Atharva Patil/Documents/projects/gymlog/test/upgrade/session_1_render_test.dart: finish-timed-neonMagenta-1.0x-synthetic [E]
  Test failed. See exception logs above.
  The test description was: finish-timed-neonMagenta-1.0x-synthetic
  
02:21 +935 -86: C:/Users/Atharva Patil/Documents/projects/gymlog/test/upgrade/session_1_render_test.dart: finish-distance-neonMagenta-1.0x-synthetic
══╡ EXCEPTION CAUGHT BY FLUTTER TEST FRAMEWORK ╞════════════════════════════════════════════════════
The following assertion was thrown while running async test code:
Golden "../golden/goldens/session-1/finish-distance-neonMagenta-1.0x-synthetic.png": Pixel test
failed, 1.03%, 3396px diff detected.
Failure feedback can be found at
/C:/Users/Atharva%20Patil/Documents/projects/gymlog/test/upgrade/failures

When the exception was thrown, this was the stack:
#0      LocalFileComparator.compare (package:flutter_test/src/_goldens_io.dart:108:5)
<asynchronous suspension>
#1      MatchesGoldenFile.matchAsync.<anonymous closure> (package:flutter_test/src/_matchers_io.dart:124:32)
<asynchronous suspension>
<asynchronous suspension>
#3      _expect.<anonymous closure> (package:matcher/src/expect/expect.dart:153:17)
<asynchronous suspension>
<asynchronous suspension>
#5      expectLater.<anonymous closure> (package:flutter_test/src/widget_tester.dart:508:19)
<asynchronous suspension>
#6      main.<anonymous closure> (file:///C:/Users/Atharva%20Patil/Documents/projects/gymlog/test/upgrade/session_1_render_test.dart:105:13)
<asynchronous suspension>
#7      testWidgets.<anonymous closure>.<anonymous closure> (package:flutter_test/src/widget_tester.dart:192:15)
<asynchronous suspension>
#8      TestWidgetsFlutterBinding._runTestBody (package:flutter_test/src/binding.dart:1952:5)
<asynchronous suspension>
<asynchronous suspension>
(elided 3 frames from dart:async and package:stack_trace)

The exception was caught asynchronously.
════════════════════════════════════════════════════════════════════════════════════════════════════
02:21 +935 -87: C:/Users/Atharva Patil/Documents/projects/gymlog/test/upgrade/session_1_render_test.dart: finish-distance-neonMagenta-1.0x-synthetic [E]
  Test failed. See exception logs above.
  The test description was: finish-distance-neonMagenta-1.0x-synthetic
  
02:21 +935 -87: C:/Users/Atharva Patil/Documents/projects/gymlog/test/upgrade/session_1_render_test.dart: pr-neonMagenta-1.0x-synthetic
02:21 +936 -87: C:/Users/Atharva Patil/Documents/projects/gymlog/test/upgrade/session_1_render_test.dart: share-monument-neonMagenta-1.0x-synthetic
02:21 +937 -87: C:/Users/Atharva Patil/Documents/projects/gymlog/test/upgrade/session_1_render_test.dart: share-technical-neonMagenta-1.0x-synthetic
02:21 +938 -87: C:/Users/Atharva Patil/Documents/projects/gymlog/test/upgrade/session_1_render_test.dart: share-sticker-neonMagenta-1.0x-synthetic
02:21 +939 -87: C:/Users/Atharva Patil/Documents/projects/gymlog/test/upgrade/session_1_render_test.dart: detail-neonMagenta-1.0x-synthetic
02:21 +940 -87: C:/Users/Atharva Patil/Documents/projects/gymlog/test/upgrade/session_1_render_test.dart: detail-error-neonMagenta-1.0x-synthetic
02:21 +941 -87: C:/Users/Atharva Patil/Documents/projects/gymlog/test/upgrade/session_1_render_test.dart: detail-empty-neonMagenta-1.0x-synthetic
02:22 +942 -87: C:/Users/Atharva Patil/Documents/projects/gymlog/test/upgrade/session_1_render_test.dart: exercise-neonMagenta-1.0x-synthetic
02:22 +943 -87: C:/Users/Atharva Patil/Documents/projects/gymlog/test/upgrade/session_1_render_test.dart: exercise-no-estimate-neonMagenta-1.0x-synthetic
02:22 +944 -87: C:/Users/Atharva Patil/Documents/projects/gymlog/test/upgrade/session_1_render_test.dart: progress-neonMagenta-1.0x-synthetic
02:22 +945 -87: C:/Users/Atharva Patil/Documents/projects/gymlog/test/upgrade/session_1_render_test.dart: progress-low-neonMagenta-1.0x-synthetic
02:22 +946 -87: C:/Users/Atharva Patil/Documents/projects/gymlog/test/upgrade/session_1_render_test.dart: progress-empty-neonMagenta-1.0x-synthetic
02:22 +947 -87: C:/Users/Atharva Patil/Documents/projects/gymlog/test/upgrade/session_1_render_test.dart: roles-neonMagenta-1.0x-synthetic
02:22 +948 -87: C:/Users/Atharva Patil/Documents/projects/gymlog/test/upgrade/session_1_render_test.dart: header-weighted-neonMagenta-1.6x-synthetic
02:22 +949 -87: C:/Users/Atharva Patil/Documents/projects/gymlog/test/upgrade/session_1_render_test.dart: header-reps-neonMagenta-1.6x-synthetic
02:22 +950 -87: C:/Users/Atharva Patil/Documents/projects/gymlog/test/upgrade/session_1_render_test.dart: header-timed-neonMagenta-1.6x-synthetic
02:22 +951 -87: C:/Users/Atharva Patil/Documents/projects/gymlog/test/upgrade/session_1_render_test.dart: header-distance-neonMagenta-1.6x-synthetic
02:22 +952 -87: C:/Users/Atharva Patil/Documents/projects/gymlog/test/upgrade/session_1_render_test.dart: header-empty-neonMagenta-1.6x-synthetic
02:22 +953 -87: C:/Users/Atharva Patil/Documents/projects/gymlog/test/upgrade/session_1_render_test.dart: finish-weighted-neonMagenta-1.6x-synthetic
══╡ EXCEPTION CAUGHT BY FLUTTER TEST FRAMEWORK ╞════════════════════════════════════════════════════
The following assertion was thrown while running async test code:
Golden "../golden/goldens/session-1/finish-weighted-neonMagenta-1.6x-synthetic.png": Pixel test
failed, 3.04%, 10016px diff detected.
Failure feedback can be found at
/C:/Users/Atharva%20Patil/Documents/projects/gymlog/test/upgrade/failures

When the exception was thrown, this was the stack:
#0      LocalFileComparator.compare (package:flutter_test/src/_goldens_io.dart:108:5)
<asynchronous suspension>
#1      MatchesGoldenFile.matchAsync.<anonymous closure> (package:flutter_test/src/_matchers_io.dart:124:32)
<asynchronous suspension>
<asynchronous suspension>
#3      _expect.<anonymous closure> (package:matcher/src/expect/expect.dart:153:17)
<asynchronous suspension>
<asynchronous suspension>
#5      expectLater.<anonymous closure> (package:flutter_test/src/widget_tester.dart:508:19)
<asynchronous suspension>
#6      main.<anonymous closure> (file:///C:/Users/Atharva%20Patil/Documents/projects/gymlog/test/upgrade/session_1_render_test.dart:105:13)
<asynchronous suspension>
#7      testWidgets.<anonymous closure>.<anonymous closure> (package:flutter_test/src/widget_tester.dart:192:15)
<asynchronous suspension>
#8      TestWidgetsFlutterBinding._runTestBody (package:flutter_test/src/binding.dart:1952:5)
<asynchronous suspension>
<asynchronous suspension>
(elided 3 frames from dart:async and package:stack_trace)

The exception was caught asynchronously.
════════════════════════════════════════════════════════════════════════════════════════════════════
02:22 +953 -88: C:/Users/Atharva Patil/Documents/projects/gymlog/test/upgrade/session_1_render_test.dart: finish-weighted-neonMagenta-1.6x-synthetic [E]
  Test failed. See exception logs above.
  The test description was: finish-weighted-neonMagenta-1.6x-synthetic
  
02:22 +953 -88: C:/Users/Atharva Patil/Documents/projects/gymlog/test/upgrade/session_1_render_test.dart: finish-reps-neonMagenta-1.6x-synthetic
══╡ EXCEPTION CAUGHT BY FLUTTER TEST FRAMEWORK ╞════════════════════════════════════════════════════
The following assertion was thrown while running async test code:
Golden "../golden/goldens/session-1/finish-reps-neonMagenta-1.6x-synthetic.png": Pixel test failed,
2.91%, 9586px diff detected.
Failure feedback can be found at
/C:/Users/Atharva%20Patil/Documents/projects/gymlog/test/upgrade/failures

When the exception was thrown, this was the stack:
#0      LocalFileComparator.compare (package:flutter_test/src/_goldens_io.dart:108:5)
<asynchronous suspension>
#1      MatchesGoldenFile.matchAsync.<anonymous closure> (package:flutter_test/src/_matchers_io.dart:124:32)
<asynchronous suspension>
<asynchronous suspension>
#3      _expect.<anonymous closure> (package:matcher/src/expect/expect.dart:153:17)
<asynchronous suspension>
<asynchronous suspension>
#5      expectLater.<anonymous closure> (package:flutter_test/src/widget_tester.dart:508:19)
<asynchronous suspension>
#6      main.<anonymous closure> (file:///C:/Users/Atharva%20Patil/Documents/projects/gymlog/test/upgrade/session_1_render_test.dart:105:13)
<asynchronous suspension>
#7      testWidgets.<anonymous closure>.<anonymous closure> (package:flutter_test/src/widget_tester.dart:192:15)
<asynchronous suspension>
#8      TestWidgetsFlutterBinding._runTestBody (package:flutter_test/src/binding.dart:1952:5)
<asynchronous suspension>
<asynchronous suspension>
(elided 3 frames from dart:async and package:stack_trace)

The exception was caught asynchronously.
════════════════════════════════════════════════════════════════════════════════════════════════════
02:23 +953 -89: C:/Users/Atharva Patil/Documents/projects/gymlog/test/upgrade/session_1_render_test.dart: finish-reps-neonMagenta-1.6x-synthetic [E]
  Test failed. See exception logs above.
  The test description was: finish-reps-neonMagenta-1.6x-synthetic
  
02:23 +953 -89: C:/Users/Atharva Patil/Documents/projects/gymlog/test/upgrade/session_1_render_test.dart: finish-timed-neonMagenta-1.6x-synthetic
══╡ EXCEPTION CAUGHT BY FLUTTER TEST FRAMEWORK ╞════════════════════════════════════════════════════
The following assertion was thrown while running async test code:
Golden "../golden/goldens/session-1/finish-timed-neonMagenta-1.6x-synthetic.png": Pixel test failed,
7.39%, 24335px diff detected.
Failure feedback can be found at
/C:/Users/Atharva%20Patil/Documents/projects/gymlog/test/upgrade/failures

When the exception was thrown, this was the stack:
#0      LocalFileComparator.compare (package:flutter_test/src/_goldens_io.dart:108:5)
<asynchronous suspension>
#1      MatchesGoldenFile.matchAsync.<anonymous closure> (package:flutter_test/src/_matchers_io.dart:124:32)
<asynchronous suspension>
<asynchronous suspension>
#3      _expect.<anonymous closure> (package:matcher/src/expect/expect.dart:153:17)
<asynchronous suspension>
<asynchronous suspension>
#5      expectLater.<anonymous closure> (package:flutter_test/src/widget_tester.dart:508:19)
<asynchronous suspension>
#6      main.<anonymous closure> (file:///C:/Users/Atharva%20Patil/Documents/projects/gymlog/test/upgrade/session_1_render_test.dart:105:13)
<asynchronous suspension>
#7      testWidgets.<anonymous closure>.<anonymous closure> (package:flutter_test/src/widget_tester.dart:192:15)
<asynchronous suspension>
#8      TestWidgetsFlutterBinding._runTestBody (package:flutter_test/src/binding.dart:1952:5)
<asynchronous suspension>
<asynchronous suspension>
(elided 3 frames from dart:async and package:stack_trace)

The exception was caught asynchronously.
════════════════════════════════════════════════════════════════════════════════════════════════════
02:23 +953 -90: C:/Users/Atharva Patil/Documents/projects/gymlog/test/upgrade/session_1_render_test.dart: finish-timed-neonMagenta-1.6x-synthetic [E]
  Test failed. See exception logs above.
  The test description was: finish-timed-neonMagenta-1.6x-synthetic
  
02:23 +953 -90: C:/Users/Atharva Patil/Documents/projects/gymlog/test/upgrade/session_1_render_test.dart: finish-distance-neonMagenta-1.6x-synthetic
══╡ EXCEPTION CAUGHT BY FLUTTER TEST FRAMEWORK ╞════════════════════════════════════════════════════
The following assertion was thrown while running async test code:
Golden "../golden/goldens/session-1/finish-distance-neonMagenta-1.6x-synthetic.png": Pixel test
failed, 2.94%, 9683px diff detected.
Failure feedback can be found at
/C:/Users/Atharva%20Patil/Documents/projects/gymlog/test/upgrade/failures

When the exception was thrown, this was the stack:
#0      LocalFileComparator.compare (package:flutter_test/src/_goldens_io.dart:108:5)
<asynchronous suspension>
#1      MatchesGoldenFile.matchAsync.<anonymous closure> (package:flutter_test/src/_matchers_io.dart:124:32)
<asynchronous suspension>
<asynchronous suspension>
#3      _expect.<anonymous closure> (package:matcher/src/expect/expect.dart:153:17)
<asynchronous suspension>
<asynchronous suspension>
#5      expectLater.<anonymous closure> (package:flutter_test/src/widget_tester.dart:508:19)
<asynchronous suspension>
#6      main.<anonymous closure> (file:///C:/Users/Atharva%20Patil/Documents/projects/gymlog/test/upgrade/session_1_render_test.dart:105:13)
<asynchronous suspension>
#7      testWidgets.<anonymous closure>.<anonymous closure> (package:flutter_test/src/widget_tester.dart:192:15)
<asynchronous suspension>
#8      TestWidgetsFlutterBinding._runTestBody (package:flutter_test/src/binding.dart:1952:5)
<asynchronous suspension>
<asynchronous suspension>
(elided 3 frames from dart:async and package:stack_trace)

The exception was caught asynchronously.
════════════════════════════════════════════════════════════════════════════════════════════════════
02:23 +953 -91: C:/Users/Atharva Patil/Documents/projects/gymlog/test/upgrade/session_1_render_test.dart: finish-distance-neonMagenta-1.6x-synthetic [E]
  Test failed. See exception logs above.
  The test description was: finish-distance-neonMagenta-1.6x-synthetic
  
02:23 +953 -91: C:/Users/Atharva Patil/Documents/projects/gymlog/test/upgrade/session_1_render_test.dart: pr-neonMagenta-1.6x-synthetic
══╡ EXCEPTION CAUGHT BY FLUTTER TEST FRAMEWORK ╞════════════════════════════════════════════════════
The following assertion was thrown while running async test code:
Golden "../golden/goldens/session-1/pr-neonMagenta-1.6x-synthetic.png": Pixel test failed, 19.71%,
64889px diff detected.
Failure feedback can be found at
/C:/Users/Atharva%20Patil/Documents/projects/gymlog/test/upgrade/failures

When the exception was thrown, this was the stack:
#0      LocalFileComparator.compare (package:flutter_test/src/_goldens_io.dart:108:5)
<asynchronous suspension>
#1      MatchesGoldenFile.matchAsync.<anonymous closure> (package:flutter_test/src/_matchers_io.dart:124:32)
<asynchronous suspension>
<asynchronous suspension>
#3      _expect.<anonymous closure> (package:matcher/src/expect/expect.dart:153:17)
<asynchronous suspension>
<asynchronous suspension>
#5      expectLater.<anonymous closure> (package:flutter_test/src/widget_tester.dart:508:19)
<asynchronous suspension>
#6      main.<anonymous closure> (file:///C:/Users/Atharva%20Patil/Documents/projects/gymlog/test/upgrade/session_1_render_test.dart:105:13)
<asynchronous suspension>
#7      testWidgets.<anonymous closure>.<anonymous closure> (package:flutter_test/src/widget_tester.dart:192:15)
<asynchronous suspension>
#8      TestWidgetsFlutterBinding._runTestBody (package:flutter_test/src/binding.dart:1952:5)
<asynchronous suspension>
<asynchronous suspension>
(elided 3 frames from dart:async and package:stack_trace)

The exception was caught asynchronously.
════════════════════════════════════════════════════════════════════════════════════════════════════
02:23 +953 -92: C:/Users/Atharva Patil/Documents/projects/gymlog/test/upgrade/session_1_render_test.dart: pr-neonMagenta-1.6x-synthetic [E]
  Test failed. See exception logs above.
  The test description was: pr-neonMagenta-1.6x-synthetic
  
02:23 +953 -92: C:/Users/Atharva Patil/Documents/projects/gymlog/test/upgrade/session_1_render_test.dart: share-monument-neonMagenta-1.6x-synthetic
02:23 +954 -92: C:/Users/Atharva Patil/Documents/projects/gymlog/test/upgrade/session_1_render_test.dart: share-technical-neonMagenta-1.6x-synthetic
02:23 +955 -92: C:/Users/Atharva Patil/Documents/projects/gymlog/test/upgrade/session_1_render_test.dart: share-sticker-neonMagenta-1.6x-synthetic
02:23 +956 -92: C:/Users/Atharva Patil/Documents/projects/gymlog/test/upgrade/session_1_render_test.dart: detail-neonMagenta-1.6x-synthetic
02:23 +957 -92: C:/Users/Atharva Patil/Documents/projects/gymlog/test/upgrade/session_1_render_test.dart: detail-error-neonMagenta-1.6x-synthetic
02:23 +958 -92: C:/Users/Atharva Patil/Documents/projects/gymlog/test/upgrade/session_1_render_test.dart: detail-empty-neonMagenta-1.6x-synthetic
02:23 +959 -92: C:/Users/Atharva Patil/Documents/projects/gymlog/test/upgrade/session_1_render_test.dart: exercise-neonMagenta-1.6x-synthetic
02:23 +960 -92: C:/Users/Atharva Patil/Documents/projects/gymlog/test/upgrade/session_1_render_test.dart: exercise-no-estimate-neonMagenta-1.6x-synthetic
02:23 +961 -92: C:/Users/Atharva Patil/Documents/projects/gymlog/test/upgrade/session_1_render_test.dart: progress-neonMagenta-1.6x-synthetic
02:23 +962 -92: C:/Users/Atharva Patil/Documents/projects/gymlog/test/upgrade/session_1_render_test.dart: progress-low-neonMagenta-1.6x-synthetic
02:23 +963 -92: C:/Users/Atharva Patil/Documents/projects/gymlog/test/upgrade/session_1_render_test.dart: progress-empty-neonMagenta-1.6x-synthetic
02:24 +964 -92: C:/Users/Atharva Patil/Documents/projects/gymlog/test/upgrade/session_1_render_test.dart: roles-neonMagenta-1.6x-synthetic
02:24 +965 -92: C:/Users/Atharva Patil/Documents/projects/gymlog/test/upgrade/session_1_render_test.dart: header-weighted-blazeOrange-1.0x-synthetic
02:24 +966 -92: C:/Users/Atharva Patil/Documents/projects/gymlog/test/upgrade/session_1_render_test.dart: header-reps-blazeOrange-1.0x-synthetic
02:24 +967 -92: C:/Users/Atharva Patil/Documents/projects/gymlog/test/upgrade/session_1_render_test.dart: header-timed-blazeOrange-1.0x-synthetic
02:24 +968 -92: C:/Users/Atharva Patil/Documents/projects/gymlog/test/upgrade/session_1_render_test.dart: header-distance-blazeOrange-1.0x-synthetic
02:24 +969 -92: C:/Users/Atharva Patil/Documents/projects/gymlog/test/upgrade/session_1_render_test.dart: header-empty-blazeOrange-1.0x-synthetic
02:24 +970 -92: C:/Users/Atharva Patil/Documents/projects/gymlog/test/upgrade/session_1_render_test.dart: finish-weighted-blazeOrange-1.0x-synthetic
══╡ EXCEPTION CAUGHT BY FLUTTER TEST FRAMEWORK ╞════════════════════════════════════════════════════
The following assertion was thrown while running async test code:
Golden "../golden/goldens/session-1/finish-weighted-blazeOrange-1.0x-synthetic.png": Pixel test
failed, 1.11%, 3669px diff detected.
Failure feedback can be found at
/C:/Users/Atharva%20Patil/Documents/projects/gymlog/test/upgrade/failures

When the exception was thrown, this was the stack:
#0      LocalFileComparator.compare (package:flutter_test/src/_goldens_io.dart:108:5)
<asynchronous suspension>
#1      MatchesGoldenFile.matchAsync.<anonymous closure> (package:flutter_test/src/_matchers_io.dart:124:32)
<asynchronous suspension>
<asynchronous suspension>
#3      _expect.<anonymous closure> (package:matcher/src/expect/expect.dart:153:17)
<asynchronous suspension>
<asynchronous suspension>
#5      expectLater.<anonymous closure> (package:flutter_test/src/widget_tester.dart:508:19)
<asynchronous suspension>
#6      main.<anonymous closure> (file:///C:/Users/Atharva%20Patil/Documents/projects/gymlog/test/upgrade/session_1_render_test.dart:105:13)
<asynchronous suspension>
#7      testWidgets.<anonymous closure>.<anonymous closure> (package:flutter_test/src/widget_tester.dart:192:15)
<asynchronous suspension>
#8      TestWidgetsFlutterBinding._runTestBody (package:flutter_test/src/binding.dart:1952:5)
<asynchronous suspension>
<asynchronous suspension>
(elided 3 frames from dart:async and package:stack_trace)

The exception was caught asynchronously.
════════════════════════════════════════════════════════════════════════════════════════════════════
02:24 +970 -93: C:/Users/Atharva Patil/Documents/projects/gymlog/test/upgrade/session_1_render_test.dart: finish-weighted-blazeOrange-1.0x-synthetic [E]
  Test failed. See exception logs above.
  The test description was: finish-weighted-blazeOrange-1.0x-synthetic
  
02:24 +970 -93: C:/Users/Atharva Patil/Documents/projects/gymlog/test/upgrade/session_1_render_test.dart: finish-reps-blazeOrange-1.0x-synthetic
══╡ EXCEPTION CAUGHT BY FLUTTER TEST FRAMEWORK ╞════════════════════════════════════════════════════
The following assertion was thrown while running async test code:
Golden "../golden/goldens/session-1/finish-reps-blazeOrange-1.0x-synthetic.png": Pixel test failed,
0.98%, 3232px diff detected.
Failure feedback can be found at
/C:/Users/Atharva%20Patil/Documents/projects/gymlog/test/upgrade/failures

When the exception was thrown, this was the stack:
#0      LocalFileComparator.compare (package:flutter_test/src/_goldens_io.dart:108:5)
<asynchronous suspension>
#1      MatchesGoldenFile.matchAsync.<anonymous closure> (package:flutter_test/src/_matchers_io.dart:124:32)
<asynchronous suspension>
<asynchronous suspension>
#3      _expect.<anonymous closure> (package:matcher/src/expect/expect.dart:153:17)
<asynchronous suspension>
<asynchronous suspension>
#5      expectLater.<anonymous closure> (package:flutter_test/src/widget_tester.dart:508:19)
<asynchronous suspension>
#6      main.<anonymous closure> (file:///C:/Users/Atharva%20Patil/Documents/projects/gymlog/test/upgrade/session_1_render_test.dart:105:13)
<asynchronous suspension>
#7      testWidgets.<anonymous closure>.<anonymous closure> (package:flutter_test/src/widget_tester.dart:192:15)
<asynchronous suspension>
#8      TestWidgetsFlutterBinding._runTestBody (package:flutter_test/src/binding.dart:1952:5)
<asynchronous suspension>
<asynchronous suspension>
(elided 3 frames from dart:async and package:stack_trace)

The exception was caught asynchronously.
════════════════════════════════════════════════════════════════════════════════════════════════════
02:24 +970 -94: C:/Users/Atharva Patil/Documents/projects/gymlog/test/upgrade/session_1_render_test.dart: finish-reps-blazeOrange-1.0x-synthetic [E]
  Test failed. See exception logs above.
  The test description was: finish-reps-blazeOrange-1.0x-synthetic
  
02:24 +970 -94: C:/Users/Atharva Patil/Documents/projects/gymlog/test/upgrade/session_1_render_test.dart: finish-timed-blazeOrange-1.0x-synthetic
══╡ EXCEPTION CAUGHT BY FLUTTER TEST FRAMEWORK ╞════════════════════════════════════════════════════
The following assertion was thrown while running async test code:
Golden "../golden/goldens/session-1/finish-timed-blazeOrange-1.0x-synthetic.png": Pixel test failed,
1.06%, 3483px diff detected.
Failure feedback can be found at
/C:/Users/Atharva%20Patil/Documents/projects/gymlog/test/upgrade/failures

When the exception was thrown, this was the stack:
#0      LocalFileComparator.compare (package:flutter_test/src/_goldens_io.dart:108:5)
<asynchronous suspension>
#1      MatchesGoldenFile.matchAsync.<anonymous closure> (package:flutter_test/src/_matchers_io.dart:124:32)
<asynchronous suspension>
<asynchronous suspension>
#3      _expect.<anonymous closure> (package:matcher/src/expect/expect.dart:153:17)
<asynchronous suspension>
<asynchronous suspension>
#5      expectLater.<anonymous closure> (package:flutter_test/src/widget_tester.dart:508:19)
<asynchronous suspension>
#6      main.<anonymous closure> (file:///C:/Users/Atharva%20Patil/Documents/projects/gymlog/test/upgrade/session_1_render_test.dart:105:13)
<asynchronous suspension>
#7      testWidgets.<anonymous closure>.<anonymous closure> (package:flutter_test/src/widget_tester.dart:192:15)
<asynchronous suspension>
#8      TestWidgetsFlutterBinding._runTestBody (package:flutter_test/src/binding.dart:1952:5)
<asynchronous suspension>
<asynchronous suspension>
(elided 3 frames from dart:async and package:stack_trace)

The exception was caught asynchronously.
════════════════════════════════════════════════════════════════════════════════════════════════════
02:24 +970 -95: C:/Users/Atharva Patil/Documents/projects/gymlog/test/upgrade/session_1_render_test.dart: finish-timed-blazeOrange-1.0x-synthetic [E]
  Test failed. See exception logs above.
  The test description was: finish-timed-blazeOrange-1.0x-synthetic
  
02:24 +970 -95: C:/Users/Atharva Patil/Documents/projects/gymlog/test/upgrade/session_1_render_test.dart: finish-distance-blazeOrange-1.0x-synthetic
══╡ EXCEPTION CAUGHT BY FLUTTER TEST FRAMEWORK ╞════════════════════════════════════════════════════
The following assertion was thrown while running async test code:
Golden "../golden/goldens/session-1/finish-distance-blazeOrange-1.0x-synthetic.png": Pixel test
failed, 1.03%, 3396px diff detected.
Failure feedback can be found at
/C:/Users/Atharva%20Patil/Documents/projects/gymlog/test/upgrade/failures

When the exception was thrown, this was the stack:
#0      LocalFileComparator.compare (package:flutter_test/src/_goldens_io.dart:108:5)
<asynchronous suspension>
#1      MatchesGoldenFile.matchAsync.<anonymous closure> (package:flutter_test/src/_matchers_io.dart:124:32)
<asynchronous suspension>
<asynchronous suspension>
#3      _expect.<anonymous closure> (package:matcher/src/expect/expect.dart:153:17)
<asynchronous suspension>
<asynchronous suspension>
#5      expectLater.<anonymous closure> (package:flutter_test/src/widget_tester.dart:508:19)
<asynchronous suspension>
#6      main.<anonymous closure> (file:///C:/Users/Atharva%20Patil/Documents/projects/gymlog/test/upgrade/session_1_render_test.dart:105:13)
<asynchronous suspension>
#7      testWidgets.<anonymous closure>.<anonymous closure> (package:flutter_test/src/widget_tester.dart:192:15)
<asynchronous suspension>
#8      TestWidgetsFlutterBinding._runTestBody (package:flutter_test/src/binding.dart:1952:5)
<asynchronous suspension>
<asynchronous suspension>
(elided 3 frames from dart:async and package:stack_trace)

The exception was caught asynchronously.
════════════════════════════════════════════════════════════════════════════════════════════════════
02:25 +970 -96: C:/Users/Atharva Patil/Documents/projects/gymlog/test/upgrade/session_1_render_test.dart: finish-distance-blazeOrange-1.0x-synthetic [E]
  Test failed. See exception logs above.
  The test description was: finish-distance-blazeOrange-1.0x-synthetic
  
02:25 +970 -96: C:/Users/Atharva Patil/Documents/projects/gymlog/test/upgrade/session_1_render_test.dart: pr-blazeOrange-1.0x-synthetic
02:25 +971 -96: C:/Users/Atharva Patil/Documents/projects/gymlog/test/upgrade/session_1_render_test.dart: share-monument-blazeOrange-1.0x-synthetic
02:25 +972 -96: C:/Users/Atharva Patil/Documents/projects/gymlog/test/upgrade/session_1_render_test.dart: share-technical-blazeOrange-1.0x-synthetic
02:25 +973 -96: C:/Users/Atharva Patil/Documents/projects/gymlog/test/upgrade/session_1_render_test.dart: share-sticker-blazeOrange-1.0x-synthetic
02:25 +974 -96: C:/Users/Atharva Patil/Documents/projects/gymlog/test/upgrade/session_1_render_test.dart: detail-blazeOrange-1.0x-synthetic
02:25 +975 -96: C:/Users/Atharva Patil/Documents/projects/gymlog/test/upgrade/session_1_render_test.dart: detail-error-blazeOrange-1.0x-synthetic
02:25 +976 -96: C:/Users/Atharva Patil/Documents/projects/gymlog/test/upgrade/session_1_render_test.dart: detail-empty-blazeOrange-1.0x-synthetic
02:25 +977 -96: C:/Users/Atharva Patil/Documents/projects/gymlog/test/upgrade/session_1_render_test.dart: exercise-blazeOrange-1.0x-synthetic
02:25 +978 -96: C:/Users/Atharva Patil/Documents/projects/gymlog/test/upgrade/session_1_render_test.dart: exercise-no-estimate-blazeOrange-1.0x-synthetic
02:25 +979 -96: C:/Users/Atharva Patil/Documents/projects/gymlog/test/upgrade/session_1_render_test.dart: progress-blazeOrange-1.0x-synthetic
02:25 +980 -96: C:/Users/Atharva Patil/Documents/projects/gymlog/test/upgrade/session_1_render_test.dart: progress-low-blazeOrange-1.0x-synthetic
02:25 +981 -96: C:/Users/Atharva Patil/Documents/projects/gymlog/test/upgrade/session_1_render_test.dart: progress-empty-blazeOrange-1.0x-synthetic
02:25 +982 -96: C:/Users/Atharva Patil/Documents/projects/gymlog/test/upgrade/session_1_render_test.dart: roles-blazeOrange-1.0x-synthetic
02:26 +983 -96: C:/Users/Atharva Patil/Documents/projects/gymlog/test/upgrade/session_1_render_test.dart: header-weighted-blazeOrange-1.6x-synthetic
02:26 +984 -96: C:/Users/Atharva Patil/Documents/projects/gymlog/test/upgrade/session_1_render_test.dart: header-reps-blazeOrange-1.6x-synthetic
02:26 +985 -96: C:/Users/Atharva Patil/Documents/projects/gymlog/test/upgrade/session_1_render_test.dart: header-timed-blazeOrange-1.6x-synthetic
02:26 +986 -96: C:/Users/Atharva Patil/Documents/projects/gymlog/test/upgrade/session_1_render_test.dart: header-distance-blazeOrange-1.6x-synthetic
02:26 +987 -96: C:/Users/Atharva Patil/Documents/projects/gymlog/test/upgrade/session_1_render_test.dart: header-empty-blazeOrange-1.6x-synthetic
02:26 +988 -96: C:/Users/Atharva Patil/Documents/projects/gymlog/test/upgrade/session_1_render_test.dart: finish-weighted-blazeOrange-1.6x-synthetic
══╡ EXCEPTION CAUGHT BY FLUTTER TEST FRAMEWORK ╞════════════════════════════════════════════════════
The following assertion was thrown while running async test code:
Golden "../golden/goldens/session-1/finish-weighted-blazeOrange-1.6x-synthetic.png": Pixel test
failed, 3.04%, 10016px diff detected.
Failure feedback can be found at
/C:/Users/Atharva%20Patil/Documents/projects/gymlog/test/upgrade/failures

When the exception was thrown, this was the stack:
#0      LocalFileComparator.compare (package:flutter_test/src/_goldens_io.dart:108:5)
<asynchronous suspension>
#1      MatchesGoldenFile.matchAsync.<anonymous closure> (package:flutter_test/src/_matchers_io.dart:124:32)
<asynchronous suspension>
<asynchronous suspension>
#3      _expect.<anonymous closure> (package:matcher/src/expect/expect.dart:153:17)
<asynchronous suspension>
<asynchronous suspension>
#5      expectLater.<anonymous closure> (package:flutter_test/src/widget_tester.dart:508:19)
<asynchronous suspension>
#6      main.<anonymous closure> (file:///C:/Users/Atharva%20Patil/Documents/projects/gymlog/test/upgrade/session_1_render_test.dart:105:13)
<asynchronous suspension>
#7      testWidgets.<anonymous closure>.<anonymous closure> (package:flutter_test/src/widget_tester.dart:192:15)
<asynchronous suspension>
#8      TestWidgetsFlutterBinding._runTestBody (package:flutter_test/src/binding.dart:1952:5)
<asynchronous suspension>
<asynchronous suspension>
(elided 3 frames from dart:async and package:stack_trace)

The exception was caught asynchronously.
════════════════════════════════════════════════════════════════════════════════════════════════════
02:26 +988 -97: C:/Users/Atharva Patil/Documents/projects/gymlog/test/upgrade/session_1_render_test.dart: finish-weighted-blazeOrange-1.6x-synthetic [E]
  Test failed. See exception logs above.
  The test description was: finish-weighted-blazeOrange-1.6x-synthetic
  
02:26 +988 -97: C:/Users/Atharva Patil/Documents/projects/gymlog/test/upgrade/session_1_render_test.dart: finish-reps-blazeOrange-1.6x-synthetic
══╡ EXCEPTION CAUGHT BY FLUTTER TEST FRAMEWORK ╞════════════════════════════════════════════════════
The following assertion was thrown while running async test code:
Golden "../golden/goldens/session-1/finish-reps-blazeOrange-1.6x-synthetic.png": Pixel test failed,
2.91%, 9586px diff detected.
Failure feedback can be found at
/C:/Users/Atharva%20Patil/Documents/projects/gymlog/test/upgrade/failures

When the exception was thrown, this was the stack:
#0      LocalFileComparator.compare (package:flutter_test/src/_goldens_io.dart:108:5)
<asynchronous suspension>
#1      MatchesGoldenFile.matchAsync.<anonymous closure> (package:flutter_test/src/_matchers_io.dart:124:32)
<asynchronous suspension>
<asynchronous suspension>
#3      _expect.<anonymous closure> (package:matcher/src/expect/expect.dart:153:17)
<asynchronous suspension>
<asynchronous suspension>
#5      expectLater.<anonymous closure> (package:flutter_test/src/widget_tester.dart:508:19)
<asynchronous suspension>
#6      main.<anonymous closure> (file:///C:/Users/Atharva%20Patil/Documents/projects/gymlog/test/upgrade/session_1_render_test.dart:105:13)
<asynchronous suspension>
#7      testWidgets.<anonymous closure>.<anonymous closure> (package:flutter_test/src/widget_tester.dart:192:15)
<asynchronous suspension>
#8      TestWidgetsFlutterBinding._runTestBody (package:flutter_test/src/binding.dart:1952:5)
<asynchronous suspension>
<asynchronous suspension>
(elided 3 frames from dart:async and package:stack_trace)

The exception was caught asynchronously.
════════════════════════════════════════════════════════════════════════════════════════════════════
02:26 +988 -98: C:/Users/Atharva Patil/Documents/projects/gymlog/test/upgrade/session_1_render_test.dart: finish-reps-blazeOrange-1.6x-synthetic [E]
  Test failed. See exception logs above.
  The test description was: finish-reps-blazeOrange-1.6x-synthetic
  
02:26 +988 -98: C:/Users/Atharva Patil/Documents/projects/gymlog/test/upgrade/session_1_render_test.dart: finish-timed-blazeOrange-1.6x-synthetic
══╡ EXCEPTION CAUGHT BY FLUTTER TEST FRAMEWORK ╞════════════════════════════════════════════════════
The following assertion was thrown while running async test code:
Golden "../golden/goldens/session-1/finish-timed-blazeOrange-1.6x-synthetic.png": Pixel test failed,
7.39%, 24335px diff detected.
Failure feedback can be found at
/C:/Users/Atharva%20Patil/Documents/projects/gymlog/test/upgrade/failures

When the exception was thrown, this was the stack:
#0      LocalFileComparator.compare (package:flutter_test/src/_goldens_io.dart:108:5)
<asynchronous suspension>
#1      MatchesGoldenFile.matchAsync.<anonymous closure> (package:flutter_test/src/_matchers_io.dart:124:32)
<asynchronous suspension>
<asynchronous suspension>
#3      _expect.<anonymous closure> (package:matcher/src/expect/expect.dart:153:17)
<asynchronous suspension>
<asynchronous suspension>
#5      expectLater.<anonymous closure> (package:flutter_test/src/widget_tester.dart:508:19)
<asynchronous suspension>
#6      main.<anonymous closure> (file:///C:/Users/Atharva%20Patil/Documents/projects/gymlog/test/upgrade/session_1_render_test.dart:105:13)
<asynchronous suspension>
#7      testWidgets.<anonymous closure>.<anonymous closure> (package:flutter_test/src/widget_tester.dart:192:15)
<asynchronous suspension>
#8      TestWidgetsFlutterBinding._runTestBody (package:flutter_test/src/binding.dart:1952:5)
<asynchronous suspension>
<asynchronous suspension>
(elided 3 frames from dart:async and package:stack_trace)

The exception was caught asynchronously.
════════════════════════════════════════════════════════════════════════════════════════════════════
02:27 +988 -99: C:/Users/Atharva Patil/Documents/projects/gymlog/test/upgrade/session_1_render_test.dart: finish-timed-blazeOrange-1.6x-synthetic [E]
  Test failed. See exception logs above.
  The test description was: finish-timed-blazeOrange-1.6x-synthetic
  
02:27 +988 -99: C:/Users/Atharva Patil/Documents/projects/gymlog/test/upgrade/session_1_render_test.dart: finish-distance-blazeOrange-1.6x-synthetic
══╡ EXCEPTION CAUGHT BY FLUTTER TEST FRAMEWORK ╞════════════════════════════════════════════════════
The following assertion was thrown while running async test code:
Golden "../golden/goldens/session-1/finish-distance-blazeOrange-1.6x-synthetic.png": Pixel test
failed, 2.94%, 9683px diff detected.
Failure feedback can be found at
/C:/Users/Atharva%20Patil/Documents/projects/gymlog/test/upgrade/failures

When the exception was thrown, this was the stack:
#0      LocalFileComparator.compare (package:flutter_test/src/_goldens_io.dart:108:5)
<asynchronous suspension>
#1      MatchesGoldenFile.matchAsync.<anonymous closure> (package:flutter_test/src/_matchers_io.dart:124:32)
<asynchronous suspension>
<asynchronous suspension>
#3      _expect.<anonymous closure> (package:matcher/src/expect/expect.dart:153:17)
<asynchronous suspension>
<asynchronous suspension>
#5      expectLater.<anonymous closure> (package:flutter_test/src/widget_tester.dart:508:19)
<asynchronous suspension>
#6      main.<anonymous closure> (file:///C:/Users/Atharva%20Patil/Documents/projects/gymlog/test/upgrade/session_1_render_test.dart:105:13)
<asynchronous suspension>
#7      testWidgets.<anonymous closure>.<anonymous closure> (package:flutter_test/src/widget_tester.dart:192:15)
<asynchronous suspension>
#8      TestWidgetsFlutterBinding._runTestBody (package:flutter_test/src/binding.dart:1952:5)
<asynchronous suspension>
<asynchronous suspension>
(elided 3 frames from dart:async and package:stack_trace)

The exception was caught asynchronously.
════════════════════════════════════════════════════════════════════════════════════════════════════
02:27 +988 -100: C:/Users/Atharva Patil/Documents/projects/gymlog/test/upgrade/session_1_render_test.dart: finish-distance-blazeOrange-1.6x-synthetic [E]
  Test failed. See exception logs above.
  The test description was: finish-distance-blazeOrange-1.6x-synthetic
  
02:27 +988 -100: C:/Users/Atharva Patil/Documents/projects/gymlog/test/upgrade/session_1_render_test.dart: pr-blazeOrange-1.6x-synthetic
══╡ EXCEPTION CAUGHT BY FLUTTER TEST FRAMEWORK ╞════════════════════════════════════════════════════
The following assertion was thrown while running async test code:
Golden "../golden/goldens/session-1/pr-blazeOrange-1.6x-synthetic.png": Pixel test failed, 19.71%,
64862px diff detected.
Failure feedback can be found at
/C:/Users/Atharva%20Patil/Documents/projects/gymlog/test/upgrade/failures

When the exception was thrown, this was the stack:
#0      LocalFileComparator.compare (package:flutter_test/src/_goldens_io.dart:108:5)
<asynchronous suspension>
#1      MatchesGoldenFile.matchAsync.<anonymous closure> (package:flutter_test/src/_matchers_io.dart:124:32)
<asynchronous suspension>
<asynchronous suspension>
#3      _expect.<anonymous closure> (package:matcher/src/expect/expect.dart:153:17)
<asynchronous suspension>
<asynchronous suspension>
#5      expectLater.<anonymous closure> (package:flutter_test/src/widget_tester.dart:508:19)
<asynchronous suspension>
#6      main.<anonymous closure> (file:///C:/Users/Atharva%20Patil/Documents/projects/gymlog/test/upgrade/session_1_render_test.dart:105:13)
<asynchronous suspension>
#7      testWidgets.<anonymous closure>.<anonymous closure> (package:flutter_test/src/widget_tester.dart:192:15)
<asynchronous suspension>
#8      TestWidgetsFlutterBinding._runTestBody (package:flutter_test/src/binding.dart:1952:5)
<asynchronous suspension>
<asynchronous suspension>
(elided 3 frames from dart:async and package:stack_trace)

The exception was caught asynchronously.
════════════════════════════════════════════════════════════════════════════════════════════════════
02:27 +988 -101: C:/Users/Atharva Patil/Documents/projects/gymlog/test/upgrade/session_1_render_test.dart: pr-blazeOrange-1.6x-synthetic [E]
  Test failed. See exception logs above.
  The test description was: pr-blazeOrange-1.6x-synthetic
  
02:27 +988 -101: C:/Users/Atharva Patil/Documents/projects/gymlog/test/upgrade/session_1_render_test.dart: share-monument-blazeOrange-1.6x-synthetic
02:27 +989 -101: C:/Users/Atharva Patil/Documents/projects/gymlog/test/upgrade/session_1_render_test.dart: share-technical-blazeOrange-1.6x-synthetic
02:27 +990 -101: C:/Users/Atharva Patil/Documents/projects/gymlog/test/upgrade/session_1_render_test.dart: share-sticker-blazeOrange-1.6x-synthetic
02:27 +991 -101: C:/Users/Atharva Patil/Documents/projects/gymlog/test/upgrade/session_1_render_test.dart: detail-blazeOrange-1.6x-synthetic
02:27 +992 -101: C:/Users/Atharva Patil/Documents/projects/gymlog/test/upgrade/session_1_render_test.dart: detail-error-blazeOrange-1.6x-synthetic
02:27 +993 -101: C:/Users/Atharva Patil/Documents/projects/gymlog/test/upgrade/session_1_render_test.dart: detail-empty-blazeOrange-1.6x-synthetic
02:27 +994 -101: C:/Users/Atharva Patil/Documents/projects/gymlog/test/upgrade/session_1_render_test.dart: exercise-blazeOrange-1.6x-synthetic
02:27 +995 -101: C:/Users/Atharva Patil/Documents/projects/gymlog/test/upgrade/session_1_render_test.dart: exercise-no-estimate-blazeOrange-1.6x-synthetic
02:27 +996 -101: C:/Users/Atharva Patil/Documents/projects/gymlog/test/upgrade/session_1_render_test.dart: progress-blazeOrange-1.6x-synthetic
02:28 +997 -101: C:/Users/Atharva Patil/Documents/projects/gymlog/test/upgrade/session_1_render_test.dart: progress-low-blazeOrange-1.6x-synthetic
02:28 +998 -101: C:/Users/Atharva Patil/Documents/projects/gymlog/test/upgrade/session_1_render_test.dart: progress-empty-blazeOrange-1.6x-synthetic
02:28 +999 -101: C:/Users/Atharva Patil/Documents/projects/gymlog/test/upgrade/session_1_render_test.dart: roles-blazeOrange-1.6x-synthetic
02:28 +1000 -101: C:/Users/Atharva Patil/Documents/projects/gymlog/test/upgrade/session_1_render_test.dart: (tearDownAll)
02:28 +1000 -101: Some tests failed.

Failing tests:
  C:/Users/Atharva Patil/Documents/projects/gymlog/test/active_workout_header_test.dart: ActiveWorkoutHeader normal layout compact triggers reflow at 320px showing workout name
  C:/Users/Atharva Patil/Documents/projects/gymlog/test/active_workout_header_test.dart: ActiveWorkoutHeader normal layout renders at 2.0x without overflow
  C:/Users/Atharva Patil/Documents/projects/gymlog/test/active_workout_header_test.dart: ActiveWorkoutHeader normal layout renders elapsed time once at 1.0x
  C:/Users/Atharva Patil/Documents/projects/gymlog/test/active_workout_header_test.dart: ActiveWorkoutHeader normal layout renders elapsed time once at 1.6x
  ... and 97 more
