
▸ check inline GoogleFonts

▸ check non-semantic AppColors in migrated screens
▸ format
Formatted 368 files (0 changed) in 3.07 seconds.

▸ analyze
Analyzing gymlog...                                             
No issues found! (ran in 17.8s)

▸ custom_lint
Analyzing...

No issues found!

▸ test
00:00 +0: loading C:/Users/Atharva Patil/Documents/projects/gymlog/test/a11y_wrapper_single_node_test.dart
00:00 +0: C:/Users/Atharva Patil/Documents/projects/gymlog/test/a11y_wrapper_single_node_test.dart: ProLockPill publishes a single semantic node with its label
00:01 +1: C:/Users/Atharva Patil/Documents/projects/gymlog/test/accessibility_atomic_12_test.dart: ATOMIC-12 Accessibility & Screen-Reader Qualification SetRow renders single coherent semantic label with custom actions
00:01 +2: C:/Users/Atharva Patil/Documents/projects/gymlog/test/accessibility_atomic_12_test.dart: ATOMIC-12 Accessibility & Screen-Reader Qualification SetRow renders single coherent semantic label with custom actions
00:01 +3: C:/Users/Atharva Patil/Documents/projects/gymlog/test/accessibility_atomic_12_test.dart: ATOMIC-12 Accessibility & Screen-Reader Qualification SetRow renders single coherent semantic label with custom actions
00:01 +4: C:/Users/Atharva Patil/Documents/projects/gymlog/test/accessibility_atomic_12_test.dart: ATOMIC-12 Accessibility & Screen-Reader Qualification SetRow renders single coherent semantic label with custom actions
00:02 +5: C:/Users/Atharva Patil/Documents/projects/gymlog/test/accessibility_core_journey_test.dart: SetRow interactive elements meet 48dp touch target requirements
00:02 +6: C:/Users/Atharva Patil/Documents/projects/gymlog/test/accessibility_core_journey_test.dart: SetRow interactive elements meet 48dp touch target requirements
00:02 +7: C:/Users/Atharva Patil/Documents/projects/gymlog/test/accessibility_core_journey_test.dart: SetRow interactive elements meet 48dp touch target requirements
00:03 +8: C:/Users/Atharva Patil/Documents/projects/gymlog/test/accessibility_core_journey_test.dart: SetRow interactive elements meet 48dp touch target requirements
00:03 +9: C:/Users/Atharva Patil/Documents/projects/gymlog/test/accessibility_core_journey_test.dart: SetRow interactive elements meet 48dp touch target requirements
00:03 +10: C:/Users/Atharva Patil/Documents/projects/gymlog/test/accessibility_core_journey_test.dart: SetRow interactive elements meet 48dp touch target requirements
00:04 +11: C:/Users/Atharva Patil/Documents/projects/gymlog/test/accessibility_target_size_test.dart: _FilterChipButton in ExerciseSelectionScreen is at least 48dp tall
00:04 +11: C:/Users/Atharva Patil/Documents/projects/gymlog/test/accessibility_core_journey_test.dart: RestOverrideChip meets 48dp touch target requirements
WARNING (drift): It looks like you've created the database class AppDatabase multiple times. When these two databases use the same QueryExecutor, race conditions will occur and might corrupt the database. 
Try to follow the advice at https://drift.simonbinder.eu/faq/#using-the-database or, if you know what you're doing, set driftRuntimeOptions.dontWarnAboutMultipleDatabases = true
Here is the stacktrace from when the database was opened a second time:
#0      GeneratedDatabase._handleInstantiated (package:drift/src/runtime/api/db_base.dart:96:30)
#1      GeneratedDatabase._whenConstructed (package:drift/src/runtime/api/db_base.dart:73:12)
#2      new GeneratedDatabase (package:drift/src/runtime/api/db_base.dart:64:5)
#3      new _$AppDatabase (package:gymlog/core/database/database.g.dart:4170:36)
#4      new AppDatabase.forTesting (package:gymlog/core/database/database.dart)
#5      main.<anonymous closure> (file:///C:/Users/Atharva%20Patil/Documents/projects/gymlog/test/accessibility_core_journey_test.dart:41:22)
#6      Declarer._runSetUps.<anonymous closure> (package:test_api/src/backend/declarer.dart:439:61)
#7      Future.forEach.<anonymous closure> (dart:async/future.dart:674:26)
#8      Future.doWhile.<anonymous closure> (dart:async/future.dart:732:26)
#9      StackZoneSpecification._registerUnaryCallback.<anonymous closure>.<anonymous closure> (package:stack_trace/src/stack_zone_specification.dart:127:36)
#10     StackZoneSpecification._run (package:stack_trace/src/stack_zone_specification.dart:207:15)
#11     StackZoneSpecification._registerUnaryCallback.<anonymous closure> (package:stack_trace/src/stack_zone_specification.dart:127:24)
#12     _rootRunUnary (dart:async/zone_root.dart:48:47)
#13     _CustomZone.runUnary (dart:async/zone.dart:733:19)
#14     _CustomZone.runUnaryGuarded (dart:async/zone.dart:633:7)
#15     _CustomZone.bindUnaryCallbackGuarded.<anonymous closure> (dart:async/zone.dart:671:26)
#16     Future.doWhile (dart:async/future.dart:749:18)
#17     Future.forEach (dart:async/future.dart:672:12)
#18     Declarer._runSetUps (package:test_api/src/backend/declarer.dart:439:18)
#19     Declarer.test.<anonymous closure>.<anonymous closure> (package:test_api/src/backend/declarer.dart:252:21)
#20     _rootRun (dart:async/zone_root.dart:35:13)
#21     _CustomZone.run (dart:async/zone.dart:726:19)
#22     _runZoned (dart:async/zone_api.dart:166:6)
#23     runZoned (dart:async/zone_api.dart:92:10)
#24     Declarer.test.<anonymous closure> (package:test_api/src/backend/declarer.dart:250:17)
#25     Invoker._waitForOutstandingCallbacks.<anonymous closure> (package:test_api/src/backend/invoker.dart:318:17)
#26     _rootRun (dart:async/zone_root.dart:35:13)
#27     _CustomZone.run (dart:async/zone.dart:726:19)
#28     _runZoned (dart:async/zone_api.dart:166:6)
#29     runZoned (dart:async/zone_api.dart:92:10)
#30     Invoker._waitForOutstandingCallbacks (package:test_api/src/backend/invoker.dart:314:5)
#31     Invoker._onRun.<anonymous closure>.<anonymous closure>.<anonymous closure> (package:test_api/src/backend/invoker.dart:457:21)
<asynchronous suspension>
This warning will only appear on debug builds.
00:04 +12: C:/Users/Atharva Patil/Documents/projects/gymlog/test/accessibility_target_size_test.dart: _FilterChipButton in ExerciseSelectionScreen is at least 48dp tall
00:05 +12: C:/Users/Atharva Patil/Documents/projects/gymlog/test/accessibility_core_journey_test.dart: RestOverride sheet elements meet 48dp touch target requirements
WARNING (drift): It looks like you've created the database class AppDatabase multiple times. When these two databases use the same QueryExecutor, race conditions will occur and might corrupt the database. 
Try to follow the advice at https://drift.simonbinder.eu/faq/#using-the-database or, if you know what you're doing, set driftRuntimeOptions.dontWarnAboutMultipleDatabases = true
Here is the stacktrace from when the database was opened a second time:
#0      GeneratedDatabase._handleInstantiated (package:drift/src/runtime/api/db_base.dart:96:30)
#1      GeneratedDatabase._whenConstructed (package:drift/src/runtime/api/db_base.dart:73:12)
#2      new GeneratedDatabase (package:drift/src/runtime/api/db_base.dart:64:5)
#3      new _$AppDatabase (package:gymlog/core/database/database.g.dart:4170:36)
#4      new AppDatabase.forTesting (package:gymlog/core/database/database.dart)
#5      main.<anonymous closure> (file:///C:/Users/Atharva%20Patil/Documents/projects/gymlog/test/accessibility_core_journey_test.dart:41:22)
#6      Declarer._runSetUps.<anonymous closure> (package:test_api/src/backend/declarer.dart:439:61)
#7      Future.forEach.<anonymous closure> (dart:async/future.dart:674:26)
#8      Future.doWhile.<anonymous closure> (dart:async/future.dart:732:26)
#9      StackZoneSpecification._registerUnaryCallback.<anonymous closure>.<anonymous closure> (package:stack_trace/src/stack_zone_specification.dart:127:36)
#10     StackZoneSpecification._run (package:stack_trace/src/stack_zone_specification.dart:207:15)
#11     StackZoneSpecification._registerUnaryCallback.<anonymous closure> (package:stack_trace/src/stack_zone_specification.dart:127:24)
#12     _rootRunUnary (dart:async/zone_root.dart:48:47)
#13     _CustomZone.runUnary (dart:async/zone.dart:733:19)
#14     _CustomZone.runUnaryGuarded (dart:async/zone.dart:633:7)
#15     _CustomZone.bindUnaryCallbackGuarded.<anonymous closure> (dart:async/zone.dart:671:26)
#16     Future.doWhile (dart:async/future.dart:749:18)
#17     Future.forEach (dart:async/future.dart:672:12)
#18     Declarer._runSetUps (package:test_api/src/backend/declarer.dart:439:18)
#19     Declarer.test.<anonymous closure>.<anonymous closure> (package:test_api/src/backend/declarer.dart:252:21)
#20     _rootRun (dart:async/zone_root.dart:35:13)
#21     _CustomZone.run (dart:async/zone.dart:726:19)
#22     _runZoned (dart:async/zone_api.dart:166:6)
#23     runZoned (dart:async/zone_api.dart:92:10)
#24     Declarer.test.<anonymous closure> (package:test_api/src/backend/declarer.dart:250:17)
#25     Invoker._waitForOutstandingCallbacks.<anonymous closure> (package:test_api/src/backend/invoker.dart:318:17)
#26     _rootRun (dart:async/zone_root.dart:35:13)
#27     _CustomZone.run (dart:async/zone.dart:726:19)
#28     _runZoned (dart:async/zone_api.dart:166:6)
#29     runZoned (dart:async/zone_api.dart:92:10)
#30     Invoker._waitForOutstandingCallbacks (package:test_api/src/backend/invoker.dart:314:5)
#31     Invoker._onRun.<anonymous closure>.<anonymous closure>.<anonymous closure> (package:test_api/src/backend/invoker.dart:457:21)
<asynchronous suspension>
This warning will only appear on debug builds.
00:05 +13: C:/Users/Atharva Patil/Documents/projects/gymlog/test/accessibility_target_size_test.dart: _FilterChipButton in ExerciseSelectionScreen is at least 48dp tall
00:05 +13: C:/Users/Atharva Patil/Documents/projects/gymlog/test/accessibility_core_journey_test.dart: RestTimerBar action buttons meet 48dp height requirement
WARNING (drift): It looks like you've created the database class AppDatabase multiple times. When these two databases use the same QueryExecutor, race conditions will occur and might corrupt the database. 
Try to follow the advice at https://drift.simonbinder.eu/faq/#using-the-database or, if you know what you're doing, set driftRuntimeOptions.dontWarnAboutMultipleDatabases = true
Here is the stacktrace from when the database was opened a second time:
#0      GeneratedDatabase._handleInstantiated (package:drift/src/runtime/api/db_base.dart:96:30)
#1      GeneratedDatabase._whenConstructed (package:drift/src/runtime/api/db_base.dart:73:12)
#2      new GeneratedDatabase (package:drift/src/runtime/api/db_base.dart:64:5)
#3      new _$AppDatabase (package:gymlog/core/database/database.g.dart:4170:36)
#4      new AppDatabase.forTesting (package:gymlog/core/database/database.dart)
#5      main.<anonymous closure> (file:///C:/Users/Atharva%20Patil/Documents/projects/gymlog/test/accessibility_core_journey_test.dart:41:22)
#6      Declarer._runSetUps.<anonymous closure> (package:test_api/src/backend/declarer.dart:439:61)
#7      Future.forEach.<anonymous closure> (dart:async/future.dart:674:26)
#8      Future.doWhile.<anonymous closure> (dart:async/future.dart:732:26)
#9      StackZoneSpecification._registerUnaryCallback.<anonymous closure>.<anonymous closure> (package:stack_trace/src/stack_zone_specification.dart:127:36)
#10     StackZoneSpecification._run (package:stack_trace/src/stack_zone_specification.dart:207:15)
#11     StackZoneSpecification._registerUnaryCallback.<anonymous closure> (package:stack_trace/src/stack_zone_specification.dart:127:24)
#12     _rootRunUnary (dart:async/zone_root.dart:48:47)
#13     _CustomZone.runUnary (dart:async/zone.dart:733:19)
#14     _CustomZone.runUnaryGuarded (dart:async/zone.dart:633:7)
#15     _CustomZone.bindUnaryCallbackGuarded.<anonymous closure> (dart:async/zone.dart:671:26)
#16     Future.doWhile (dart:async/future.dart:749:18)
#17     Future.forEach (dart:async/future.dart:672:12)
#18     Declarer._runSetUps (package:test_api/src/backend/declarer.dart:439:18)
#19     Declarer.test.<anonymous closure>.<anonymous closure> (package:test_api/src/backend/declarer.dart:252:21)
#20     _rootRun (dart:async/zone_root.dart:35:13)
#21     _CustomZone.run (dart:async/zone.dart:726:19)
#22     _runZoned (dart:async/zone_api.dart:166:6)
#23     runZoned (dart:async/zone_api.dart:92:10)
#24     Declarer.test.<anonymous closure> (package:test_api/src/backend/declarer.dart:250:17)
#25     Invoker._waitForOutstandingCallbacks.<anonymous closure> (package:test_api/src/backend/invoker.dart:318:17)
#26     _rootRun (dart:async/zone_root.dart:35:13)
#27     _CustomZone.run (dart:async/zone.dart:726:19)
#28     _runZoned (dart:async/zone_api.dart:166:6)
#29     runZoned (dart:async/zone_api.dart:92:10)
#30     Invoker._waitForOutstandingCallbacks (package:test_api/src/backend/invoker.dart:314:5)
#31     Invoker._onRun.<anonymous closure>.<anonymous closure>.<anonymous closure> (package:test_api/src/backend/invoker.dart:457:21)
<asynchronous suspension>
This warning will only appear on debug builds.
00:05 +14: C:/Users/Atharva Patil/Documents/projects/gymlog/test/accessibility_target_size_test.dart: _FilterChipButton in ExerciseSelectionScreen is at least 48dp tall
00:05 +15: C:/Users/Atharva Patil/Documents/projects/gymlog/test/active_workout_atomic_03_test.dart: ATOMIC-03 Active Workout & Card Geometry Suite 1. CompactRestChip visual height 34 & intrinsic width
00:05 +15: C:/Users/Atharva Patil/Documents/projects/gymlog/test/accessibility_core_journey_test.dart: ActiveWorkoutScreen renders correctly at 200% text scale without overflow
WARNING (drift): It looks like you've created the database class AppDatabase multiple times. When these two databases use the same QueryExecutor, race conditions will occur and might corrupt the database. 
Try to follow the advice at https://drift.simonbinder.eu/faq/#using-the-database or, if you know what you're doing, set driftRuntimeOptions.dontWarnAboutMultipleDatabases = true
Here is the stacktrace from when the database was opened a second time:
#0      GeneratedDatabase._handleInstantiated (package:drift/src/runtime/api/db_base.dart:96:30)
#1      GeneratedDatabase._whenConstructed (package:drift/src/runtime/api/db_base.dart:73:12)
#2      new GeneratedDatabase (package:drift/src/runtime/api/db_base.dart:64:5)
#3      new _$AppDatabase (package:gymlog/core/database/database.g.dart:4170:36)
#4      new AppDatabase.forTesting (package:gymlog/core/database/database.dart)
#5      main.<anonymous closure> (file:///C:/Users/Atharva%20Patil/Documents/projects/gymlog/test/accessibility_core_journey_test.dart:41:22)
#6      Declarer._runSetUps.<anonymous closure> (package:test_api/src/backend/declarer.dart:439:61)
#7      Future.forEach.<anonymous closure> (dart:async/future.dart:674:26)
#8      Future.doWhile.<anonymous closure> (dart:async/future.dart:732:26)
#9      StackZoneSpecification._registerUnaryCallback.<anonymous closure>.<anonymous closure> (package:stack_trace/src/stack_zone_specification.dart:127:36)
#10     StackZoneSpecification._run (package:stack_trace/src/stack_zone_specification.dart:207:15)
#11     StackZoneSpecification._registerUnaryCallback.<anonymous closure> (package:stack_trace/src/stack_zone_specification.dart:127:24)
#12     _rootRunUnary (dart:async/zone_root.dart:48:47)
#13     _CustomZone.runUnary (dart:async/zone.dart:733:19)
#14     _CustomZone.runUnaryGuarded (dart:async/zone.dart:633:7)
#15     _CustomZone.bindUnaryCallbackGuarded.<anonymous closure> (dart:async/zone.dart:671:26)
#16     Future.doWhile (dart:async/future.dart:749:18)
#17     Future.forEach (dart:async/future.dart:672:12)
#18     Declarer._runSetUps (package:test_api/src/backend/declarer.dart:439:18)
#19     Declarer.test.<anonymous closure>.<anonymous closure> (package:test_api/src/backend/declarer.dart:252:21)
#20     _rootRun (dart:async/zone_root.dart:35:13)
#21     _CustomZone.run (dart:async/zone.dart:726:19)
#22     _runZoned (dart:async/zone_api.dart:166:6)
#23     runZoned (dart:async/zone_api.dart:92:10)
#24     Declarer.test.<anonymous closure> (package:test_api/src/backend/declarer.dart:250:17)
#25     Invoker._waitForOutstandingCallbacks.<anonymous closure> (package:test_api/src/backend/invoker.dart:318:17)
#26     _rootRun (dart:async/zone_root.dart:35:13)
#27     _CustomZone.run (dart:async/zone.dart:726:19)
#28     _runZoned (dart:async/zone_api.dart:166:6)
#29     runZoned (dart:async/zone_api.dart:92:10)
#30     Invoker._waitForOutstandingCallbacks (package:test_api/src/backend/invoker.dart:314:5)
#31     Invoker._onRun.<anonymous closure>.<anonymous closure>.<anonymous closure> (package:test_api/src/backend/invoker.dart:457:21)
<asynchronous suspension>
This warning will only appear on debug builds.
00:05 +16: C:/Users/Atharva Patil/Documents/projects/gymlog/test/active_workout_atomic_03_test.dart: ATOMIC-03 Active Workout & Card Geometry Suite 1. CompactRestChip visual height 34 & intrinsic width
00:05 +17: C:/Users/Atharva Patil/Documents/projects/gymlog/test/accessibility_target_size_test.dart: Legal links in AuthScreen flow inline and expose link semantics
00:05 +18: C:/Users/Atharva Patil/Documents/projects/gymlog/test/accessibility_target_size_test.dart: Legal links in AuthScreen flow inline and expose link semantics
00:06 +19: C:/Users/Atharva Patil/Documents/projects/gymlog/test/active_workout_atomic_03_test.dart: ATOMIC-03 Active Workout & Card Geometry Suite 3. SetRow cells have minHeight 48 and SetRow minHeight 56
00:06 +20: C:/Users/Atharva Patil/Documents/projects/gymlog/test/active_workout_atomic_04_test.dart: ATOMIC-04 Reversible Deletion & Replacement Policy Suite 1. deletion returns complete snapshot
00:06 +21: C:/Users/Atharva Patil/Documents/projects/gymlog/test/active_workout_atomic_04_test.dart: ATOMIC-04 Reversible Deletion & Replacement Policy Suite 1. deletion returns complete snapshot
00:06 +22: C:/Users/Atharva Patil/Documents/projects/gymlog/test/active_workout_atomic_03_test.dart: ATOMIC-03 Active Workout & Card Geometry Suite 5. showAppSnackBar renders floating snackbar with radius 14
00:06 +23: C:/Users/Atharva Patil/Documents/projects/gymlog/test/active_workout_atomic_03_test.dart: ATOMIC-03 Active Workout & Card Geometry Suite 5. showAppSnackBar renders floating snackbar with radius 14
00:06 +24: C:/Users/Atharva Patil/Documents/projects/gymlog/test/active_workout_atomic_03_test.dart: ATOMIC-03 Active Workout & Card Geometry Suite 5. showAppSnackBar renders floating snackbar with radius 14
00:06 +25: C:/Users/Atharva Patil/Documents/projects/gymlog/test/active_workout_atomic_03_test.dart: ATOMIC-03 Active Workout & Card Geometry Suite 5. showAppSnackBar renders floating snackbar with radius 14
00:06 +26: C:/Users/Atharva Patil/Documents/projects/gymlog/test/active_workout_atomic_03_test.dart: ATOMIC-03 Active Workout & Card Geometry Suite 5. showAppSnackBar renders floating snackbar with radius 14
00:06 +27: C:/Users/Atharva Patil/Documents/projects/gymlog/test/active_workout_atomic_03_test.dart: ATOMIC-03 Active Workout & Card Geometry Suite 5. showAppSnackBar renders floating snackbar with radius 14
00:06 +28: C:/Users/Atharva Patil/Documents/projects/gymlog/test/active_workout_atomic_03_test.dart: ATOMIC-03 Active Workout & Card Geometry Suite 5. showAppSnackBar renders floating snackbar with radius 14
00:06 +29: C:/Users/Atharva Patil/Documents/projects/gymlog/test/active_workout_atomic_03_test.dart: ATOMIC-03 Active Workout & Card Geometry Suite 5. showAppSnackBar renders floating snackbar with radius 14
00:06 +30: C:/Users/Atharva Patil/Documents/projects/gymlog/test/active_workout_atomic_03_test.dart: ATOMIC-03 Active Workout & Card Geometry Suite 5. showAppSnackBar renders floating snackbar with radius 14
00:06 +31: C:/Users/Atharva Patil/Documents/projects/gymlog/test/active_workout_atomic_04_test.dart: ATOMIC-04 Reversible Deletion & Replacement Policy Suite 9. stale weight is cleared for reps-only
00:06 +32: C:/Users/Atharva Patil/Documents/projects/gymlog/test/active_workout_atomic_03_test.dart: ATOMIC-03 Active Workout & Card Geometry Suite 6. showAppSnackBar clears rest timer bar offset when active
00:07 +33: C:/Users/Atharva Patil/Documents/projects/gymlog/test/active_workout_draft_upgrade_test.dart: ATOMIC-RC3-05 Workout Draft and Routine Upgrades 1. WorkoutDraftStore upgrades legacy exercises via name inference on parse
00:07 +34: C:/Users/Atharva Patil/Documents/projects/gymlog/test/active_workout_draft_upgrade_test.dart: ATOMIC-RC3-05 Workout Draft and Routine Upgrades 2. ActiveWorkoutNotifier resumeDraft upgrades draft against database metadata
00:08 +35: C:/Users/Atharva Patil/Documents/projects/gymlog/test/active_workout_header_test.dart: ActiveWorkoutHeader normal layout renders elapsed time once at 1.0x
00:09 +36: C:/Users/Atharva Patil/Documents/projects/gymlog/test/active_workout_header_test.dart: ActiveWorkoutHeader normal layout renders elapsed time once at 1.0x
00:09 +37: C:/Users/Atharva Patil/Documents/projects/gymlog/test/active_workout_header_test.dart: ActiveWorkoutHeader normal layout renders elapsed time once at 1.0x
00:09 +38: C:/Users/Atharva Patil/Documents/projects/gymlog/test/active_workout_header_test.dart: ActiveWorkoutHeader normal layout renders elapsed time once at 1.0x
00:09 +39: C:/Users/Atharva Patil/Documents/projects/gymlog/test/active_workout_header_test.dart: ActiveWorkoutHeader normal layout renders elapsed time once at 1.0x
00:09 +40: C:/Users/Atharva Patil/Documents/projects/gymlog/test/active_workout_header_test.dart: ActiveWorkoutHeader normal layout renders elapsed time once at 1.0x
00:09 +41: C:/Users/Atharva Patil/Documents/projects/gymlog/test/active_workout_large_text_test.dart: ActiveWorkout large-text header pumps at 390x844 1.0x
00:09 +42: C:/Users/Atharva Patil/Documents/projects/gymlog/test/active_workout_large_text_test.dart: ActiveWorkout large-text header pumps at 390x844 1.0x
00:09 +43: C:/Users/Atharva Patil/Documents/projects/gymlog/test/active_workout_large_text_test.dart: ActiveWorkout large-text header pumps at 390x844 1.0x
00:09 +44: C:/Users/Atharva Patil/Documents/projects/gymlog/test/active_workout_large_text_test.dart: ActiveWorkout large-text header pumps at 390x844 1.0x
00:09 +45: C:/Users/Atharva Patil/Documents/projects/gymlog/test/active_workout_large_text_test.dart: ActiveWorkout large-text header pumps at 390x844 1.0x
00:09 +46: C:/Users/Atharva Patil/Documents/projects/gymlog/test/active_workout_large_text_test.dart: ActiveWorkout large-text header pumps at 390x844 1.0x
00:09 +47: C:/Users/Atharva Patil/Documents/projects/gymlog/test/active_workout_large_text_test.dart: ActiveWorkout large-text header pumps at 390x844 1.0x
00:10 +48: C:/Users/Atharva Patil/Documents/projects/gymlog/test/active_workout_large_text_test.dart: ActiveWorkout large-text header pumps at 390x844 1.0x
00:10 +49: C:/Users/Atharva Patil/Documents/projects/gymlog/test/active_workout_large_text_test.dart: ActiveWorkout large-text header pumps at 390x844 1.0x
00:10 +50: C:/Users/Atharva Patil/Documents/projects/gymlog/test/active_workout_large_text_test.dart: ActiveWorkout large-text header pumps at 390x844 1.0x
00:10 +51: C:/Users/Atharva Patil/Documents/projects/gymlog/test/active_workout_large_text_test.dart: ActiveWorkout large-text header pumps at 390x844 1.0x
00:10 +52: C:/Users/Atharva Patil/Documents/projects/gymlog/test/active_workout_large_text_test.dart: ActiveWorkout large-text header pumps at 390x844 1.0x
00:10 +53: C:/Users/Atharva Patil/Documents/projects/gymlog/test/active_workout_large_text_test.dart: ActiveWorkout large-text header pumps at 390x844 1.0x
00:10 +54: C:/Users/Atharva Patil/Documents/projects/gymlog/test/active_workout_large_text_test.dart: ActiveWorkout large-text header pumps at 390x844 1.0x
00:10 +55: C:/Users/Atharva Patil/Documents/projects/gymlog/test/active_workout_large_text_test.dart: ActiveWorkout large-text header pumps at 390x844 1.0x
00:11 +56: C:/Users/Atharva Patil/Documents/projects/gymlog/test/active_workout_minimize_test.dart: ActiveWorkoutScreen minimize handle has tap gesture, semantics and pops router
00:11 +57: C:/Users/Atharva Patil/Documents/projects/gymlog/test/active_workout_minimize_test.dart: ActiveWorkoutScreen minimize handle has tap gesture, semantics and pops router
00:11 +58: C:/Users/Atharva Patil/Documents/projects/gymlog/test/active_workout_minimize_test.dart: ActiveWorkoutScreen minimize handle has tap gesture, semantics and pops router
00:11 +59: C:/Users/Atharva Patil/Documents/projects/gymlog/test/active_workout_minimize_test.dart: ActiveWorkoutScreen minimize handle has tap gesture, semantics and pops router
00:12 +59: C:/Users/Atharva Patil/Documents/projects/gymlog/test/active_workout_persistence_fail_closed_test.dart: ATOMIC-RC3-01 Persistence Fail Closed Suite 1. Transaction failure retains state and draft
[finishWorkout] transaction failed: Exception: Simulated database write error
00:12 +60: C:/Users/Atharva Patil/Documents/projects/gymlog/test/active_workout_minimize_test.dart: ActiveWorkoutScreen minimize handle has tap gesture, semantics and pops router
00:12 +61: C:/Users/Atharva Patil/Documents/projects/gymlog/test/active_workout_minimize_test.dart: ActiveWorkoutScreen minimize handle has tap gesture, semantics and pops router
00:12 +61: C:/Users/Atharva Patil/Documents/projects/gymlog/test/active_workout_persistence_fail_closed_test.dart: ATOMIC-RC3-01 Persistence Fail Closed Suite 3. Edited-workout failure retains state
[saveEditedWorkout] transaction failed: Exception: Simulated database edit error
00:12 +62: C:/Users/Atharva Patil/Documents/projects/gymlog/test/active_workout_minimize_test.dart: ActiveWorkoutScreen minimize handle has tap gesture, semantics and pops router
00:13 +63: C:/Users/Atharva Patil/Documents/projects/gymlog/test/active_workout_minimize_test.dart: ActiveWorkoutScreen minimize handle has tap gesture, semantics and pops router
00:13 +64: C:/Users/Atharva Patil/Documents/projects/gymlog/test/active_workout_set_invariants_test.dart: ATOMIC-RC3-02 Set State Invariants Suite 2. Direct notifier cannot complete invalid set
00:13 +65: C:/Users/Atharva Patil/Documents/projects/gymlog/test/active_workout_set_invariants_test.dart: ATOMIC-RC3-02 Set State Invariants Suite 3. Untouched weighted placeholder is not meaningful
00:13 +66: C:/Users/Atharva Patil/Documents/projects/gymlog/test/active_workout_set_invariants_test.dart: ATOMIC-RC3-02 Set State Invariants Suite 4. Reps-only / duration sets normalize weight to null, distance normalizes reps to 0
00:13 +67: C:/Users/Atharva Patil/Documents/projects/gymlog/test/active_workout_set_row_test.dart: PREVIOUS column shows "15kg x 12" when prior data exists
00:14 +67: C:/Users/Atharva Patil/Documents/projects/gymlog/test/active_workout_start_test.dart: startWorkout backfills unique ids for exercises passed without one
[WorkoutDraftStore] save failed: Binding has not yet been initialized.
The "instance" getter on the ServicesBinding binding mixin is only available once that binding has been initialized.
Typically, this is done by calling "WidgetsFlutterBinding.ensureInitialized()" or "runApp()" (the latter calls the former). Typically this call is done in the "void main()" method. The "ensureInitialized" method is idempotent; calling it multiple times is not harmful. After calling that method, the "instance" getter will return the binding.
In a test, one can call "TestWidgetsFlutterBinding.ensureInitialized()" as the first line in the test's "main()" method to initialize the binding.
If ServicesBinding is a custom binding mixin, there must also be a custom binding class, like WidgetsFlutterBinding, but that mixes in the selected binding, and that is the class that must be constructed before using the "instance" getter.
00:14 +68: C:/Users/Atharva Patil/Documents/projects/gymlog/test/active_workout_set_row_test.dart: PREVIOUS column shows "15kg x 12" when prior data exists
00:14 +68: C:/Users/Atharva Patil/Documents/projects/gymlog/test/active_workout_start_test.dart: startWorkout preserves ids that callers already set
[WorkoutDraftStore] save failed: Binding has not yet been initialized.
The "instance" getter on the ServicesBinding binding mixin is only available once that binding has been initialized.
Typically, this is done by calling "WidgetsFlutterBinding.ensureInitialized()" or "runApp()" (the latter calls the former). Typically this call is done in the "void main()" method. The "ensureInitialized" method is idempotent; calling it multiple times is not harmful. After calling that method, the "instance" getter will return the binding.
In a test, one can call "TestWidgetsFlutterBinding.ensureInitialized()" as the first line in the test's "main()" method to initialize the binding.
If ServicesBinding is a custom binding mixin, there must also be a custom binding class, like WidgetsFlutterBinding, but that mixes in the selected binding, and that is the class that must be constructed before using the "instance" getter.
00:14 +69: C:/Users/Atharva Patil/Documents/projects/gymlog/test/active_workout_set_row_test.dart: PREVIOUS column shows "15kg x 12" when prior data exists
00:15 +70: C:/Users/Atharva Patil/Documents/projects/gymlog/test/active_workout_set_row_test.dart: PREVIOUS column shows "15kg x 12" when prior data exists
00:15 +71: C:/Users/Atharva Patil/Documents/projects/gymlog/test/active_workout_set_row_test.dart: PREVIOUS column shows "15kg x 12" when prior data exists
00:15 +72: C:/Users/Atharva Patil/Documents/projects/gymlog/test/active_workout_set_row_test.dart: PREVIOUS column shows "15kg x 12" when prior data exists
00:15 +73: C:/Users/Atharva Patil/Documents/projects/gymlog/test/analytics/metric_aware_pr_test.dart: ATOMIC-07: PR Detection Engine Detects weighted e1RM PRs and Max Weight PRs
00:15 +74: C:/Users/Atharva Patil/Documents/projects/gymlog/test/analytics/metric_aware_pr_test.dart: ATOMIC-07: PR Detection Engine Detects weighted e1RM PRs and Max Weight PRs
00:15 +75: C:/Users/Atharva Patil/Documents/projects/gymlog/test/active_workout_set_row_test.dart: SET column renders the type letter, never a number, for warmup
00:15 +76: C:/Users/Atharva Patil/Documents/projects/gymlog/test/active_workout_set_row_test.dart: SET column renders the type letter, never a number, for warmup
00:15 +77: C:/Users/Atharva Patil/Documents/projects/gymlog/test/analytics/metric_aware_pr_test.dart: ATOMIC-07: PR Detection Engine Detects Duration PRs correctly
00:15 +78: C:/Users/Atharva Patil/Documents/projects/gymlog/test/analytics/metric_aware_pr_test.dart: ATOMIC-07: PR Detection Engine Assisted exercises do not award max weight PR for higher assistance
00:15 +79: C:/Users/Atharva Patil/Documents/projects/gymlog/test/active_workout_set_row_test.dart: normal set shows its 1-based number in the SET column
00:15 +80: C:/Users/Atharva Patil/Documents/projects/gymlog/test/active_workout_set_row_test.dart: normal set shows its 1-based number in the SET column
00:15 +81: C:/Users/Atharva Patil/Documents/projects/gymlog/test/analytics/metric_aware_pr_test.dart: ATOMIC-07: PR Detection Engine Editing or deleting a PR recalculates later history
00:15 +82: C:/Users/Atharva Patil/Documents/projects/gymlog/test/active_workout_set_row_test.dart: no inline "kg" label and no "×" divider on the row
00:16 +83: C:/Users/Atharva Patil/Documents/projects/gymlog/test/auth/account_isolation_test.dart: (setUpAll)
00:16 +83: C:/Users/Atharva Patil/Documents/projects/gymlog/test/auth/account_isolation_test.dart: account A workouts hidden from account B
00:16 +84: C:/Users/Atharva Patil/Documents/projects/gymlog/test/auth/account_isolation_test.dart: account A drafts hidden from B
[WorkoutDraftStore] Ignoring draft from different user (user-a vs user-b)
00:16 +85: C:/Users/Atharva Patil/Documents/projects/gymlog/test/auth/account_isolation_test.dart: account A sync queue not uploaded as B
00:16 +86: C:/Users/Atharva Patil/Documents/projects/gymlog/test/auth/account_isolation_test.dart: custom exercises isolation policy
00:16 +87: C:/Users/Atharva Patil/Documents/projects/gymlog/test/auth/account_isolation_test.dart: pending sync warning and offline sign-out / restart flow
00:16 +88: C:/Users/Atharva Patil/Documents/projects/gymlog/test/auth/account_isolation_test.dart: (tearDownAll)
00:16 +88: C:/Users/Atharva Patil/Documents/projects/gymlog/test/auth/auth_screen_behavior_test.dart: AuthScreen Behavior Tests (AUTH-01 to AUTH-20) AUTH-01: Initial screen contains one primary CTA
00:18 +89: C:/Users/Atharva Patil/Documents/projects/gymlog/test/auth/auth_screen_behavior_test.dart: AuthScreen Behavior Tests (AUTH-01 to AUTH-20) AUTH-02: Only the atmosphere drift repeats; reduced motion halts it
00:18 +90: C:/Users/Atharva Patil/Documents/projects/gymlog/test/auth/auth_screen_behavior_test.dart: AuthScreen Behavior Tests (AUTH-01 to AUTH-20) AUTH-03: Reduced motion renders final state with no animation
00:18 +91: C:/Users/Atharva Patil/Documents/projects/gymlog/test/auth/auth_screen_behavior_test.dart: AuthScreen Behavior Tests (AUTH-01 to AUTH-20) AUTH-03: Reduced motion renders final state with no animation
00:18 +92: C:/Users/Atharva Patil/Documents/projects/gymlog/test/auth/auth_screen_behavior_test.dart: AuthScreen Behavior Tests (AUTH-01 to AUTH-20) AUTH-03: Reduced motion renders final state with no animation
00:18 +93: C:/Users/Atharva Patil/Documents/projects/gymlog/test/auth/auth_screen_behavior_test.dart: AuthScreen Behavior Tests (AUTH-01 to AUTH-20) AUTH-03: Reduced motion renders final state with no animation
00:18 +94: C:/Users/Atharva Patil/Documents/projects/gymlog/test/auth/auth_screen_behavior_test.dart: AuthScreen Behavior Tests (AUTH-01 to AUTH-20) AUTH-03: Reduced motion renders final state with no animation
00:18 +95: C:/Users/Atharva Patil/Documents/projects/gymlog/test/auth/auth_screen_behavior_test.dart: AuthScreen Behavior Tests (AUTH-01 to AUTH-20) AUTH-03: Reduced motion renders final state with no animation
00:18 +96: C:/Users/Atharva Patil/Documents/projects/gymlog/test/auth/auth_screen_behavior_test.dart: AuthScreen Behavior Tests (AUTH-01 to AUTH-20) AUTH-03: Reduced motion renders final state with no animation
00:18 +97: C:/Users/Atharva Patil/Documents/projects/gymlog/test/auth/auth_screen_behavior_test.dart: AuthScreen Behavior Tests (AUTH-01 to AUTH-20) AUTH-03: Reduced motion renders final state with no animation
00:18 +98: C:/Users/Atharva Patil/Documents/projects/gymlog/test/auth/auth_screen_behavior_test.dart: AuthScreen Behavior Tests (AUTH-01 to AUTH-20) AUTH-03: Reduced motion renders final state with no animation
00:18 +99: C:/Users/Atharva Patil/Documents/projects/gymlog/test/auth/auth_screen_behavior_test.dart: AuthScreen Behavior Tests (AUTH-01 to AUTH-20) AUTH-03: Reduced motion renders final state with no animation
00:18 +100: C:/Users/Atharva Patil/Documents/projects/gymlog/test/auth/auth_screen_behavior_test.dart: AuthScreen Behavior Tests (AUTH-01 to AUTH-20) AUTH-03: Reduced motion renders final state with no animation
00:18 +101: C:/Users/Atharva Patil/Documents/projects/gymlog/test/auth/auth_screen_behavior_test.dart: AuthScreen Behavior Tests (AUTH-01 to AUTH-20) AUTH-03: Reduced motion renders final state with no animation
00:18 +102: C:/Users/Atharva Patil/Documents/projects/gymlog/test/body_map_test.dart: kGroupToParts covers every taxonomy parent Quadriceps is mapped
00:18 +103: C:/Users/Atharva Patil/Documents/projects/gymlog/test/auth/auth_screen_behavior_test.dart: AuthScreen Behavior Tests (AUTH-01 to AUTH-20) AUTH-04: Sign-in button is disabled while request is in progress
00:18 +104: C:/Users/Atharva Patil/Documents/projects/gymlog/test/auth/auth_screen_behavior_test.dart: AuthScreen Behavior Tests (AUTH-01 to AUTH-20) AUTH-04: Sign-in button is disabled while request is in progress
00:18 +105: C:/Users/Atharva Patil/Documents/projects/gymlog/test/auth/auth_screen_behavior_test.dart: AuthScreen Behavior Tests (AUTH-01 to AUTH-20) AUTH-04: Sign-in button is disabled while request is in progress
00:18 +106: C:/Users/Atharva Patil/Documents/projects/gymlog/test/auth/auth_screen_behavior_test.dart: AuthScreen Behavior Tests (AUTH-01 to AUTH-20) AUTH-04: Sign-in button is disabled while request is in progress
00:18 +107: C:/Users/Atharva Patil/Documents/projects/gymlog/test/auth/auth_screen_behavior_test.dart: AuthScreen Behavior Tests (AUTH-01 to AUTH-20) AUTH-04: Sign-in button is disabled while request is in progress
00:18 +108: C:/Users/Atharva Patil/Documents/projects/gymlog/test/auth/auth_screen_behavior_test.dart: AuthScreen Behavior Tests (AUTH-01 to AUTH-20) AUTH-04: Sign-in button is disabled while request is in progress
00:18 +109: C:/Users/Atharva Patil/Documents/projects/gymlog/test/auth/auth_screen_behavior_test.dart: AuthScreen Behavior Tests (AUTH-01 to AUTH-20) AUTH-04: Sign-in button is disabled while request is in progress
00:18 +110: C:/Users/Atharva Patil/Documents/projects/gymlog/test/auth/auth_screen_behavior_test.dart: AuthScreen Behavior Tests (AUTH-01 to AUTH-20) AUTH-04: Sign-in button is disabled while request is in progress
00:18 +111: C:/Users/Atharva Patil/Documents/projects/gymlog/test/auth/auth_screen_behavior_test.dart: AuthScreen Behavior Tests (AUTH-01 to AUTH-20) AUTH-04: Sign-in button is disabled while request is in progress
00:18 +112: C:/Users/Atharva Patil/Documents/projects/gymlog/test/auth/auth_screen_behavior_test.dart: AuthScreen Behavior Tests (AUTH-01 to AUTH-20) AUTH-04: Sign-in button is disabled while request is in progress
00:18 +113: C:/Users/Atharva Patil/Documents/projects/gymlog/test/auth/auth_screen_behavior_test.dart: AuthScreen Behavior Tests (AUTH-01 to AUTH-20) AUTH-04: Sign-in button is disabled while request is in progress
00:18 +114: C:/Users/Atharva Patil/Documents/projects/gymlog/test/auth/auth_screen_behavior_test.dart: AuthScreen Behavior Tests (AUTH-01 to AUTH-20) AUTH-04: Sign-in button is disabled while request is in progress
00:18 +115: C:/Users/Atharva Patil/Documents/projects/gymlog/test/auth/auth_screen_behavior_test.dart: AuthScreen Behavior Tests (AUTH-01 to AUTH-20) AUTH-04: Sign-in button is disabled while request is in progress
00:18 +116: C:/Users/Atharva Patil/Documents/projects/gymlog/test/auth/auth_screen_behavior_test.dart: AuthScreen Behavior Tests (AUTH-01 to AUTH-20) AUTH-04: Sign-in button is disabled while request is in progress
00:18 +117: C:/Users/Atharva Patil/Documents/projects/gymlog/test/auth/auth_screen_behavior_test.dart: AuthScreen Behavior Tests (AUTH-01 to AUTH-20) AUTH-04: Sign-in button is disabled while request is in progress
00:18 +118: C:/Users/Atharva Patil/Documents/projects/gymlog/test/auth/auth_screen_behavior_test.dart: AuthScreen Behavior Tests (AUTH-01 to AUTH-20) AUTH-05: Rapid double tap starts one repository operation
00:18 +119: C:/Users/Atharva Patil/Documents/projects/gymlog/test/auth/auth_screen_behavior_test.dart: AuthScreen Behavior Tests (AUTH-01 to AUTH-20) AUTH-06: Account picker cancellation shows no error
00:19 +120: C:/Users/Atharva Patil/Documents/projects/gymlog/test/auth/auth_screen_behavior_test.dart: AuthScreen Behavior Tests (AUTH-01 to AUTH-20) AUTH-07: Network failure shows recovery copy
00:19 +121: C:/Users/Atharva Patil/Documents/projects/gymlog/test/auth/auth_screen_behavior_test.dart: AuthScreen Behavior Tests (AUTH-01 to AUTH-20) AUTH-07: Network failure shows recovery copy
00:19 +122: C:/Users/Atharva Patil/Documents/projects/gymlog/test/auth/auth_screen_behavior_test.dart: AuthScreen Behavior Tests (AUTH-01 to AUTH-20) AUTH-07: Network failure shows recovery copy
00:19 +123: C:/Users/Atharva Patil/Documents/projects/gymlog/test/auth/auth_screen_behavior_test.dart: AuthScreen Behavior Tests (AUTH-01 to AUTH-20) AUTH-07: Network failure shows recovery copy
[Auth] failure=network
00:19 +124: C:/Users/Atharva Patil/Documents/projects/gymlog/test/chart_axis_format_test.dart: BrandedLineChart.yAxisUnit renders unit suffix on both Y axes
00:19 +124: C:/Users/Atharva Patil/Documents/projects/gymlog/test/auth/auth_screen_behavior_test.dart: AuthScreen Behavior Tests (AUTH-01 to AUTH-20) AUTH-08: Configuration failure does not expose SHA-1 or ApiException 10
[Auth] failure=configuration code=google_android_configuration
00:19 +125: C:/Users/Atharva Patil/Documents/projects/gymlog/test/chart_axis_format_test.dart: BrandedLineChart.yAxisUnit renders unit suffix on both Y axes
00:19 +125: C:/Users/Atharva Patil/Documents/projects/gymlog/test/auth/auth_screen_behavior_test.dart: AuthScreen Behavior Tests (AUTH-01 to AUTH-20) AUTH-09: Unknown error shows generic safe copy
[Auth] failure=unknown
00:19 +126: C:/Users/Atharva Patil/Documents/projects/gymlog/test/chart_axis_format_test.dart: BrandedLineChart.yAxisUnit renders unit suffix on both Y axes
00:19 +127: C:/Users/Atharva Patil/Documents/projects/gymlog/test/chart_axis_format_test.dart: BrandedLineChart.yAxisUnit renders unit suffix on both Y axes
00:19 +128: C:/Users/Atharva Patil/Documents/projects/gymlog/test/chart_axis_format_test.dart: BrandedLineChart.yAxisUnit renders unit suffix on both Y axes
00:19 +129: C:/Users/Atharva Patil/Documents/projects/gymlog/test/chart_axis_format_test.dart: BrandedLineChart.yAxisUnit renders unit suffix on both Y axes
00:19 +130: C:/Users/Atharva Patil/Documents/projects/gymlog/test/chart_axis_format_test.dart: BrandedLineChart.yAxisUnit renders unit suffix on both Y axes
00:19 +131: C:/Users/Atharva Patil/Documents/projects/gymlog/test/chart_axis_format_test.dart: BrandedLineChart.yAxisUnit renders unit suffix on both Y axes
00:19 +132: C:/Users/Atharva Patil/Documents/projects/gymlog/test/chart_axis_format_test.dart: BrandedLineChart.yAxisUnit renders unit suffix on both Y axes
00:19 +133: C:/Users/Atharva Patil/Documents/projects/gymlog/test/chart_axis_format_test.dart: BrandedLineChart.yAxisUnit renders unit suffix on both Y axes
00:20 +134: C:/Users/Atharva Patil/Documents/projects/gymlog/test/chart_axis_format_test.dart: BrandedLineChart.yAxisUnit renders unit suffix on both Y axes
00:20 +135: C:/Users/Atharva Patil/Documents/projects/gymlog/test/chart_axis_format_test.dart: BrandedLineChart.yAxisUnit renders unit suffix on both Y axes
00:20 +135: C:/Users/Atharva Patil/Documents/projects/gymlog/test/auth/auth_screen_behavior_test.dart: AuthScreen Behavior Tests (AUTH-01 to AUTH-20) AUTH-22 (AU-C): Timeout failure surfaces honest recovery copy
[Auth] failure=timeout
00:20 +136: C:/Users/Atharva Patil/Documents/projects/gymlog/test/chart_axis_format_test.dart: BrandedLineChart.yAxisUnit renders unit suffix on both Y axes
00:20 +137: C:/Users/Atharva Patil/Documents/projects/gymlog/test/chart_density_test.dart: BrandedLineChart 300-point performance and grid density vertical grid interval scales with labelStep rather than 1 per point
00:21 +138: C:/Users/Atharva Patil/Documents/projects/gymlog/test/commerce_and_deletion_test.dart: (setUpAll)
00:21 +138: C:/Users/Atharva Patil/Documents/projects/gymlog/test/commerce_and_deletion_test.dart: Account Deletion Service & UI Guidance Idempotency — wipes local storage and finishes safely even when user is null (signed out)
[ExercisesDao] Hydration v9 complete: 822 exercises.
00:21 +139: C:/Users/Atharva Patil/Documents/projects/gymlog/test/commerce_and_deletion_test.dart: Account Deletion Service & UI Guidance Wipes local databases, secure preferences and settings on deletion
[ExercisesDao] Hydration v9 complete: 822 exercises.
00:22 +140: C:/Users/Atharva Patil/Documents/projects/gymlog/test/commerce_and_deletion_test.dart: Premium Service Entitlements & Caching isPremiumProvider returns false when no user is signed in
00:22 +141: C:/Users/Atharva Patil/Documents/projects/gymlog/test/commerce_and_deletion_test.dart: Premium Service Entitlements & Caching isPremiumProvider falls back to local user profile when CustomerInfo stream has no value (offline launch)
00:22 +142: C:/Users/Atharva Patil/Documents/projects/gymlog/test/commerce_and_deletion_test.dart: Premium Service Entitlements & Caching isPremiumProvider respects active entitlements from CustomerInfo over local SQLite profile
00:22 +143: C:/Users/Atharva Patil/Documents/projects/gymlog/test/commerce_and_deletion_test.dart: (tearDownAll)
00:22 +143: C:/Users/Atharva Patil/Documents/projects/gymlog/test/compile_surface_test.dart: full app graph compiles
00:24 +144: C:/Users/Atharva Patil/Documents/projects/gymlog/test/core/app_startup_test.dart: GymLogApp builds without throwing when cloud is not ready
00:24 +145: C:/Users/Atharva Patil/Documents/projects/gymlog/test/core/app_startup_test.dart: GymLogApp builds without throwing when cloud is not ready
00:24 +146: C:/Users/Atharva Patil/Documents/projects/gymlog/test/core/app_startup_test.dart: GymLogApp builds without throwing when cloud is not ready
00:24 +147: C:/Users/Atharva Patil/Documents/projects/gymlog/test/core/app_startup_test.dart: GymLogApp builds without throwing when cloud is not ready
00:24 +148: C:/Users/Atharva Patil/Documents/projects/gymlog/test/core/app_startup_test.dart: GymLogApp builds without throwing when cloud is not ready
00:24 +149: C:/Users/Atharva Patil/Documents/projects/gymlog/test/core/app_startup_test.dart: GymLogApp builds without throwing when cloud is not ready
00:24 +150: C:/Users/Atharva Patil/Documents/projects/gymlog/test/core/app_startup_test.dart: GymLogApp builds without throwing when cloud is not ready
00:24 +151: C:/Users/Atharva Patil/Documents/projects/gymlog/test/core/app_startup_test.dart: GymLogApp builds without throwing when cloud is not ready
00:24 +152: C:/Users/Atharva Patil/Documents/projects/gymlog/test/core/app_startup_test.dart: GymLogApp builds without throwing when cloud is not ready
00:24 +153: C:/Users/Atharva Patil/Documents/projects/gymlog/test/core/app_startup_test.dart: GymLogApp builds without throwing when cloud is not ready
00:24 +154: C:/Users/Atharva Patil/Documents/projects/gymlog/test/core/app_startup_test.dart: GymLogApp builds without throwing when cloud is not ready
00:24 +155: C:/Users/Atharva Patil/Documents/projects/gymlog/test/core/app_startup_test.dart: GymLogApp builds without throwing when cloud is not ready
00:24 +156: C:/Users/Atharva Patil/Documents/projects/gymlog/test/core/app_startup_test.dart: GymLogApp builds without throwing when cloud is not ready
00:24 +157: C:/Users/Atharva Patil/Documents/projects/gymlog/test/core/app_startup_test.dart: GymLogApp builds without throwing when cloud is not ready
00:24 +158: C:/Users/Atharva Patil/Documents/projects/gymlog/test/core/app_startup_test.dart: GymLogApp builds without throwing when cloud is not ready
00:25 +159: C:/Users/Atharva Patil/Documents/projects/gymlog/test/core/app_startup_test.dart: GymLogApp builds without throwing when cloud is not ready
00:25 +160: C:/Users/Atharva Patil/Documents/projects/gymlog/test/core/app_startup_test.dart: GymLogApp builds without throwing when cloud is not ready
00:25 +161: C:/Users/Atharva Patil/Documents/projects/gymlog/test/core/app_startup_test.dart: GymLogApp builds without throwing when cloud is not ready
00:25 +162: C:/Users/Atharva Patil/Documents/projects/gymlog/test/core/app_startup_test.dart: GymLogApp builds without throwing when cloud is not ready
00:25 +163: C:/Users/Atharva Patil/Documents/projects/gymlog/test/core/app_startup_test.dart: GymLogApp builds without throwing when cloud is not ready
00:25 +164: C:/Users/Atharva Patil/Documents/projects/gymlog/test/core/app_startup_test.dart: GymLogApp builds without throwing when cloud is not ready
00:26 +165: C:/Users/Atharva Patil/Documents/projects/gymlog/test/core/app_startup_test.dart: router is constructable without Supabase being initialized
00:26 +166: C:/Users/Atharva Patil/Documents/projects/gymlog/test/core/premium/library_quota_test.dart: the free-tier dead end a new free user CAN import the featured 6-day program
00:26 +167: C:/Users/Atharva Patil/Documents/projects/gymlog/test/core/premium/library_quota_test.dart: the free-tier dead end program size does not consume routine slots
00:26 +168: C:/Users/Atharva Patil/Documents/projects/gymlog/test/core/premium/library_quota_test.dart: program slot the second program is where the paywall lands
00:26 +169: C:/Users/Atharva Patil/Documents/projects/gymlog/test/core/premium/library_quota_test.dart: program slot Pro is never gated
00:26 +170: C:/Users/Atharva Patil/Documents/projects/gymlog/test/core/premium/library_quota_test.dart: program slot hasUsedFreeProgramSlot tracks the cap
00:26 +171: C:/Users/Atharva Patil/Documents/projects/gymlog/test/core/premium/library_quota_test.dart: completing an owned program is always free even when both caps are already exhausted
00:26 +172: C:/Users/Atharva Patil/Documents/projects/gymlog/test/core/premium/library_quota_test.dart: standalone routines fills exactly to the cap
00:26 +173: C:/Users/Atharva Patil/Documents/projects/gymlog/test/core/premium/library_quota_test.dart: standalone routines blocks the one that would overflow
00:26 +174: C:/Users/Atharva Patil/Documents/projects/gymlog/test/core/premium/library_quota_test.dart: standalone routines checks the whole batch, not one at a time
00:26 +175: C:/Users/Atharva Patil/Documents/projects/gymlog/test/core/premium/library_quota_test.dart: standalone routines remaining slots never go negative for grandfathered users
00:26 +176: C:/Users/Atharva Patil/Documents/projects/gymlog/test/core/premium/library_quota_test.dart: copy allowed has no blocking copy
00:26 +177: C:/Users/Atharva Patil/Documents/projects/gymlog/test/core/premium/library_quota_test.dart: copy every blocked verdict has copy
00:27 +178: C:/Users/Atharva Patil/Documents/projects/gymlog/test/core/router_deeplink_test.dart: deep link without extra loads the exercise by id instead of crashing
00:27 +179: C:/Users/Atharva Patil/Documents/projects/gymlog/test/core/router_deeplink_test.dart: deep link without extra loads the exercise by id instead of crashing
00:27 +180: C:/Users/Atharva Patil/Documents/projects/gymlog/test/core/router_deeplink_test.dart: deep link without extra loads the exercise by id instead of crashing
00:27 +181: C:/Users/Atharva Patil/Documents/projects/gymlog/test/core/router_deeplink_test.dart: deep link without extra loads the exercise by id instead of crashing
00:27 +182: C:/Users/Atharva Patil/Documents/projects/gymlog/test/core/router_deeplink_test.dart: deep link without extra loads the exercise by id instead of crashing
00:27 +183: C:/Users/Atharva Patil/Documents/projects/gymlog/test/core/router_deeplink_test.dart: deep link without extra loads the exercise by id instead of crashing
00:27 +184: C:/Users/Atharva Patil/Documents/projects/gymlog/test/core/router_deeplink_test.dart: deep link without extra loads the exercise by id instead of crashing
00:27 +185: C:/Users/Atharva Patil/Documents/projects/gymlog/test/core/router_deeplink_test.dart: deep link without extra loads the exercise by id instead of crashing
00:27 +186: C:/Users/Atharva Patil/Documents/projects/gymlog/test/core/router_deeplink_test.dart: deep link without extra loads the exercise by id instead of crashing
00:27 +187: C:/Users/Atharva Patil/Documents/projects/gymlog/test/core/router_deeplink_test.dart: deep link without extra loads the exercise by id instead of crashing
00:27 +188: C:/Users/Atharva Patil/Documents/projects/gymlog/test/core/router_deeplink_test.dart: deep link without extra loads the exercise by id instead of crashing
00:27 +189: C:/Users/Atharva Patil/Documents/projects/gymlog/test/core/router_deeplink_test.dart: deep link without extra loads the exercise by id instead of crashing
00:27 +190: C:/Users/Atharva Patil/Documents/projects/gymlog/test/core/router_deeplink_test.dart: deep link without extra loads the exercise by id instead of crashing
00:27 +191: C:/Users/Atharva Patil/Documents/projects/gymlog/test/core/router_deeplink_test.dart: deep link without extra loads the exercise by id instead of crashing
00:27 +192: C:/Users/Atharva Patil/Documents/projects/gymlog/test/core/router_deeplink_test.dart: deep link without extra loads the exercise by id instead of crashing
00:27 +193: C:/Users/Atharva Patil/Documents/projects/gymlog/test/core/router_deeplink_test.dart: deep link without extra loads the exercise by id instead of crashing
00:27 +194: C:/Users/Atharva Patil/Documents/projects/gymlog/test/core/router_deeplink_test.dart: deep link without extra loads the exercise by id instead of crashing
00:27 +195: C:/Users/Atharva Patil/Documents/projects/gymlog/test/core/router_deeplink_test.dart: deep link without extra loads the exercise by id instead of crashing
00:27 +196: C:/Users/Atharva Patil/Documents/projects/gymlog/test/core/router_deeplink_test.dart: deep link without extra loads the exercise by id instead of crashing
00:29 +197: C:/Users/Atharva Patil/Documents/projects/gymlog/test/core/router_deeplink_test.dart: non-numeric deep link falls back to the library, no crash
00:29 +198: C:/Users/Atharva Patil/Documents/projects/gymlog/test/core/router_deeplink_test.dart: non-numeric deep link falls back to the library, no crash
00:29 +199: C:/Users/Atharva Patil/Documents/projects/gymlog/test/core/router_deeplink_test.dart: non-numeric deep link falls back to the library, no crash
00:29 +200: C:/Users/Atharva Patil/Documents/projects/gymlog/test/core/router_deeplink_test.dart: non-numeric deep link falls back to the library, no crash
00:30 +201: C:/Users/Atharva Patil/Documents/projects/gymlog/test/core/router_deeplink_test.dart: non-numeric deep link falls back to the library, no crash
00:30 +202: C:/Users/Atharva Patil/Documents/projects/gymlog/test/core/router_deeplink_test.dart: non-numeric deep link falls back to the library, no crash
00:30 +203: C:/Users/Atharva Patil/Documents/projects/gymlog/test/core/router_deeplink_test.dart: non-numeric deep link falls back to the library, no crash
00:30 +204: C:/Users/Atharva Patil/Documents/projects/gymlog/test/core/router_deeplink_test.dart: non-numeric deep link falls back to the library, no crash
00:30 +205: C:/Users/Atharva Patil/Documents/projects/gymlog/test/core/theme/border_affordance_test.dart: Three-Tier Visual Grammar Affordance Tests AppStatusTag strictly renders NO border under any configuration
00:30 +206: C:/Users/Atharva Patil/Documents/projects/gymlog/test/core/theme/border_affordance_test.dart: Three-Tier Visual Grammar Affordance Tests AppStatusTag strictly renders NO border under any configuration
00:30 +207: C:/Users/Atharva Patil/Documents/projects/gymlog/test/core/theme/border_affordance_test.dart: Three-Tier Visual Grammar Affordance Tests AppStatusTag strictly renders NO border under any configuration
00:30 +208: C:/Users/Atharva Patil/Documents/projects/gymlog/test/core/theme/border_affordance_test.dart: Three-Tier Visual Grammar Affordance Tests AppStatusTag strictly renders NO border under any configuration
00:30 +209: C:/Users/Atharva Patil/Documents/projects/gymlog/test/core/theme/border_affordance_test.dart: Three-Tier Visual Grammar Affordance Tests AppStatusTag strictly renders NO border under any configuration
00:30 +210: C:/Users/Atharva Patil/Documents/projects/gymlog/test/core/theme/border_affordance_test.dart: Three-Tier Visual Grammar Affordance Tests AppStatusTag strictly renders NO border under any configuration
00:30 +211: C:/Users/Atharva Patil/Documents/projects/gymlog/test/core/theme/border_affordance_test.dart: Three-Tier Visual Grammar Affordance Tests AppStatusTag strictly renders NO border under any configuration
00:30 +212: C:/Users/Atharva Patil/Documents/projects/gymlog/test/das1_delete_completion_test.dart: DAS-1 Delete Account Completion Honesty full success shows permanent-deletion copy and routes to auth
00:31 +213: C:/Users/Atharva Patil/Documents/projects/gymlog/test/das1_delete_completion_test.dart: DAS-1 Delete Account Completion Honesty full success shows permanent-deletion copy and routes to auth
00:31 +214: C:/Users/Atharva Patil/Documents/projects/gymlog/test/das1_delete_completion_test.dart: DAS-1 Delete Account Completion Honesty full success shows permanent-deletion copy and routes to auth
00:31 +215: C:/Users/Atharva Patil/Documents/projects/gymlog/test/das1_delete_completion_test.dart: DAS-1 Delete Account Completion Honesty full success shows permanent-deletion copy and routes to auth
00:31 +216: C:/Users/Atharva Patil/Documents/projects/gymlog/test/das1_delete_completion_test.dart: DAS-1 Delete Account Completion Honesty full success shows permanent-deletion copy and routes to auth
00:31 +217: C:/Users/Atharva Patil/Documents/projects/gymlog/test/das1_delete_completion_test.dart: DAS-1 Delete Account Completion Honesty full success shows permanent-deletion copy and routes to auth
00:32 +218: C:/Users/Atharva Patil/Documents/projects/gymlog/test/das1_delete_completion_test.dart: DAS-1 Delete Account Completion Honesty full success shows permanent-deletion copy and routes to auth
00:33 +219: C:/Users/Atharva Patil/Documents/projects/gymlog/test/das1_delete_completion_test.dart: DAS-1 Delete Account Completion Honesty full success shows permanent-deletion copy and routes to auth
00:34 +220: C:/Users/Atharva Patil/Documents/projects/gymlog/test/delivery_diagnostics_test.dart: Tapping Version AppActionRow 5 times throws controlled StateError
00:34 +221: C:/Users/Atharva Patil/Documents/projects/gymlog/test/delivery_diagnostics_test.dart: Tapping Version AppActionRow 5 times throws controlled StateError
00:34 +222: C:/Users/Atharva Patil/Documents/projects/gymlog/test/delivery_diagnostics_test.dart: Tapping Version AppActionRow 5 times throws controlled StateError
00:34 +223: C:/Users/Atharva Patil/Documents/projects/gymlog/test/delivery_diagnostics_test.dart: Tapping Version AppActionRow 5 times throws controlled StateError
00:34 +224: C:/Users/Atharva Patil/Documents/projects/gymlog/test/delivery_diagnostics_test.dart: Tapping Version AppActionRow 5 times throws controlled StateError
00:34 +225: C:/Users/Atharva Patil/Documents/projects/gymlog/test/delivery_diagnostics_test.dart: Tapping Version AppActionRow 5 times throws controlled StateError
00:35 +226: C:/Users/Atharva Patil/Documents/projects/gymlog/test/delivery_diagnostics_test.dart: Tapping Version AppActionRow 5 times throws controlled StateError
00:36 +227: C:/Users/Atharva Patil/Documents/projects/gymlog/test/delivery_diagnostics_test.dart: Tapping Version AppActionRow 5 times throws controlled StateError
00:37 +228: C:/Users/Atharva Patil/Documents/projects/gymlog/test/delivery_diagnostics_test.dart: Tapping Version AppActionRow 5 times throws controlled StateError
00:37 +229: C:/Users/Atharva Patil/Documents/projects/gymlog/test/delivery_diagnostics_test.dart: Tapping Version AppActionRow 5 times throws controlled StateError
00:37 +230: C:/Users/Atharva Patil/Documents/projects/gymlog/test/delivery_diagnostics_test.dart: Tapping Version AppActionRow 5 times throws controlled StateError
00:39 +231: C:/Users/Atharva Patil/Documents/projects/gymlog/test/delivery_diagnostics_test.dart: Tapping Version AppActionRow 5 times throws controlled StateError
00:39 +232: C:/Users/Atharva Patil/Documents/projects/gymlog/test/delivery_diagnostics_test.dart: Tapping Version AppActionRow 5 times throws controlled StateError
00:40 +232: C:/Users/Atharva Patil/Documents/projects/gymlog/test/exercises_hydration_test.dart: ATOMIC-RC3-04 Exercises Hydration Engine v9 1. Runs hydration and converts raw types when v9 key is missing
[ExercisesDao] Hydration v9 complete: 822 exercises.
00:40 +233: C:/Users/Atharva Patil/Documents/projects/gymlog/test/delivery_diagnostics_test.dart: Tapping Version AppActionRow 5 times throws controlled StateError
00:40 +234: C:/Users/Atharva Patil/Documents/projects/gymlog/test/delivery_diagnostics_test.dart: Tapping Version AppActionRow 5 times throws controlled StateError
00:40 +235: C:/Users/Atharva Patil/Documents/projects/gymlog/test/delivery_diagnostics_test.dart: Tapping Version AppActionRow 5 times throws controlled StateError
00:41 +236: C:/Users/Atharva Patil/Documents/projects/gymlog/test/exercise_detail_polish_test.dart: worked-muscle chips distinguish primary and secondary targets
00:43 +237: C:/Users/Atharva Patil/Documents/projects/gymlog/test/exercise_hero_transition_test.dart: Library(browse:true) row renders a Hero with tag exercise-hero-<id>
00:43 +238: C:/Users/Atharva Patil/Documents/projects/gymlog/test/exercise_hero_transition_test.dart: Library(browse:true) row renders a Hero with tag exercise-hero-<id>
00:43 +239: C:/Users/Atharva Patil/Documents/projects/gymlog/test/exercise_hero_transition_test.dart: Library(browse:true) row renders a Hero with tag exercise-hero-<id>
00:44 +240: C:/Users/Atharva Patil/Documents/projects/gymlog/test/exercise_hero_transition_test.dart: Library(browse:true) row renders a Hero with tag exercise-hero-<id>
00:44 +241: C:/Users/Atharva Patil/Documents/projects/gymlog/test/exercise_selection_polish_test.dart: ExerciseSelectionScreen filters catalog and handles caching correctly
00:44 +242: C:/Users/Atharva Patil/Documents/projects/gymlog/test/exercise_selection_polish_test.dart: ExerciseSelectionScreen filters catalog and handles caching correctly
00:45 +243: C:/Users/Atharva Patil/Documents/projects/gymlog/test/exercise_selection_polish_test.dart: ExerciseSelectionScreen filters catalog and handles caching correctly
00:45 +244: C:/Users/Atharva Patil/Documents/projects/gymlog/test/exercise_selection_polish_test.dart: ExerciseSelectionScreen filters catalog and handles caching correctly
00:46 +245: C:/Users/Atharva Patil/Documents/projects/gymlog/test/expiry_symptom_test.dart: timer expiry does not trigger Set removed snackbar
00:46 +246: C:/Users/Atharva Patil/Documents/projects/gymlog/test/explore_catalog_integrity_test.dart: every importable Explore catalog exercise exists in the library
00:47 +247: C:/Users/Atharva Patil/Documents/projects/gymlog/test/explore_catalog_integrity_test.dart: conditioning-note slots are intentionally excluded from lookup
00:47 +248: C:/Users/Atharva Patil/Documents/projects/gymlog/test/explore_catalog_integrity_test.dart: every template is in a known category, non-empty, and well-formed
00:47 +249: C:/Users/Atharva Patil/Documents/projects/gymlog/test/explore_catalog_integrity_test.dart: every template day label matches the Day N - pattern or is a known exception
00:47 +250: C:/Users/Atharva Patil/Documents/projects/gymlog/test/explore_contrast_guard_test.dart: dark surface text tokens meet WCAG AA (4.5:1) on their surfaces
00:47 +251: C:/Users/Atharva Patil/Documents/projects/gymlog/test/explore_contrast_guard_test.dart: intermediate levelColor is never the brand accent hue
00:48 +252: C:/Users/Atharva Patil/Documents/projects/gymlog/test/export_share_previews_test.dart: (setUpAll)
00:48 +252: C:/Users/Atharva Patil/Documents/projects/gymlog/test/export_share_previews_test.dart: Export 1080x1920 preview PNGs for visual inspection
00:50 +253: C:/Users/Atharva Patil/Documents/projects/gymlog/test/export_share_previews_test.dart: Export 1080x1920 preview PNGs for visual inspection
00:50 +254: C:/Users/Atharva Patil/Documents/projects/gymlog/test/export_share_previews_test.dart: Export 1080x1920 preview PNGs for visual inspection
00:50 +255: C:/Users/Atharva Patil/Documents/projects/gymlog/test/export_share_previews_test.dart: Export 1080x1920 preview PNGs for visual inspection
00:51 +256: C:/Users/Atharva Patil/Documents/projects/gymlog/test/export_share_previews_test.dart: Export 1080x1920 preview PNGs for visual inspection
00:52 +257: C:/Users/Atharva Patil/Documents/projects/gymlog/test/export_share_previews_test.dart: Export 1080x1920 preview PNGs for visual inspection
00:53 +258: C:/Users/Atharva Patil/Documents/projects/gymlog/test/export_share_previews_test.dart: Export 1080x1920 preview PNGs for visual inspection
00:53 +259: C:/Users/Atharva Patil/Documents/projects/gymlog/test/export_share_previews_test.dart: Export 1080x1920 preview PNGs for visual inspection
00:53 +260: C:/Users/Atharva Patil/Documents/projects/gymlog/test/export_share_previews_test.dart: Export 1080x1920 preview PNGs for visual inspection
00:53 +261: C:/Users/Atharva Patil/Documents/projects/gymlog/test/features/auth/onboarding_weekly_goal_step_test.dart: StepWeeklyGoal preview consistency goal 1 previews 1 of 1 workout completed at 100%
00:53 +262: C:/Users/Atharva Patil/Documents/projects/gymlog/test/features/auth/onboarding_weekly_goal_step_test.dart: StepWeeklyGoal preview consistency goal 1 previews 1 of 1 workout completed at 100%
00:53 +263: C:/Users/Atharva Patil/Documents/projects/gymlog/test/features/auth/onboarding_weekly_goal_step_test.dart: StepWeeklyGoal preview consistency goal 2 previews 2 of 2 workouts completed
00:53 +264: C:/Users/Atharva Patil/Documents/projects/gymlog/test/features/auth/onboarding_weekly_goal_step_test.dart: StepWeeklyGoal preview consistency goal 3 previews 2 of 3 workouts completed
00:53 +265: C:/Users/Atharva Patil/Documents/projects/gymlog/test/features/auth/onboarding_weekly_goal_step_test.dart: StepWeeklyGoal preview consistency goal 7 previews 2 of 7 workouts completed
00:53 +266: C:/Users/Atharva Patil/Documents/projects/gymlog/test/features/auth/onboarding_weekly_goal_step_test.dart: StepWeeklyGoal preview consistency tapping goal 1 updates caption and ring together
00:54 +267: C:/Users/Atharva Patil/Documents/projects/gymlog/test/features/routines/domain/ai_exercise_reconciler_test.dart: AiExerciseReconciler - Exercise Matching resolves exact match to verified status
00:54 +268: C:/Users/Atharva Patil/Documents/projects/gymlog/test/features/routines/domain/ai_exercise_reconciler_test.dart: AiExerciseReconciler - Exercise Matching resolves common gym acronyms and aliases via Tier 1 dictionary
00:54 +269: C:/Users/Atharva Patil/Documents/projects/gymlog/test/features/routines/domain/ai_exercise_reconciler_test.dart: AiExerciseReconciler - Exercise Matching strictly preserves equipment isolation (DB vs Barbell)
00:54 +270: C:/Users/Atharva Patil/Documents/projects/gymlog/test/features/routines/domain/ai_exercise_reconciler_test.dart: AiExerciseReconciler - Exercise Matching marks novel or non-existent exercises as unmatched without dropping them
00:54 +271: C:/Users/Atharva Patil/Documents/projects/gymlog/test/features/routines/domain/ai_exercise_reconciler_test.dart: AiExerciseReconciler - Exercise Matching strips coach styles and fuses compound words to match catalog (N1-Style Cross-Body Triceps Extension)
00:54 +272: C:/Users/Atharva Patil/Documents/projects/gymlog/test/features/routines/domain/ai_exercise_reconciler_test.dart: AiExerciseReconciler - Exercise Matching strips muscle annotations and maps cable y-raise to catalog lateral raise
00:54 +273: C:/Users/Atharva Patil/Documents/projects/gymlog/test/features/routines/domain/ai_exercise_reconciler_test.dart: AiExerciseReconciler - Exercise Matching strips superset tags and duration from raw exercise names
00:54 +274: C:/Users/Atharva Patil/Documents/projects/gymlog/test/features/routines/domain/ai_exercise_reconciler_test.dart: AiExerciseReconciler - Exercise Matching provides intelligent catalog suggestions for near-miss lifts like Larsen Press
00:54 +275: C:/Users/Atharva Patil/Documents/projects/gymlog/test/features/routines/domain/ai_exercise_reconciler_test.dart: AiExerciseReconciler - Numeric Sets & Reps & Weight Conversion parses rep ranges by picking representative midpoint
00:54 +276: C:/Users/Atharva Patil/Documents/projects/gymlog/test/features/routines/domain/ai_exercise_reconciler_test.dart: AiExerciseReconciler - Numeric Sets & Reps & Weight Conversion converts weight from lbs to kg when preferred unit is kg
00:55 +277: C:/Users/Atharva Patil/Documents/projects/gymlog/test/features/routines/domain/ai_exercise_reconciler_test.dart: AiExerciseReconciler - Numeric Sets & Reps & Weight Conversion preserves kg weight when target unit is kg
00:55 +278: C:/Users/Atharva Patil/Documents/projects/gymlog/test/features/routines/domain/ai_exercise_reconciler_test.dart: AiExerciseReconciler - Numeric Sets & Reps & Weight Conversion flags isDefaultedSets as true when sets is omitted in raw input
00:55 +279: C:/Users/Atharva Patil/Documents/projects/gymlog/test/features/routines/domain/ai_exercise_reconciler_test.dart: AiExerciseReconciler - Multi-Day Routine Structure reconciles multi-day routine preserving day groupings
00:55 +280: C:/Users/Atharva Patil/Documents/projects/gymlog/test/features/routines/domain/exercise_resolver_test.dart: normalisation lowercases and strips punctuation
00:55 +281: C:/Users/Atharva Patil/Documents/projects/gymlog/test/features/routines/domain/exercise_resolver_test.dart: normalisation base form drops the equipment parenthetical
00:55 +282: C:/Users/Atharva Patil/Documents/projects/gymlog/test/features/routines/domain/exercise_resolver_test.dart: resolve matches an exact name
00:55 +283: C:/Users/Atharva Patil/Documents/projects/gymlog/test/features/routines/domain/exercise_resolver_test.dart: resolve matches regardless of case and punctuation
00:55 +284: C:/Users/Atharva Patil/Documents/projects/gymlog/test/features/routines/domain/exercise_resolver_test.dart: resolve matches across an equipment parenthetical
00:55 +285: C:/Users/Atharva Patil/Documents/projects/gymlog/test/features/routines/domain/exercise_resolver_test.dart: resolve prefers the shortest qualifying candidate
00:55 +286: C:/Users/Atharva Patil/Documents/projects/gymlog/test/features/routines/domain/exercise_resolver_test.dart: resolve returns null rather than guessing wrong
00:55 +287: C:/Users/Atharva Patil/Documents/projects/gymlog/test/features/routines/domain/exercise_resolver_test.dart: resolve a single shared word is not enough to match
00:55 +288: C:/Users/Atharva Patil/Documents/projects/gymlog/test/features/routines/domain/exercise_resolver_test.dart: resolve known aliases collapse onto one exercise
00:55 +289: C:/Users/Atharva Patil/Documents/projects/gymlog/test/features/routines/domain/exercise_resolver_test.dart: resolve an alias pointing at nothing is ignored, not fatal
00:55 +290: C:/Users/Atharva Patil/Documents/projects/gymlog/test/features/routines/domain/exercise_resolver_test.dart: resolve repeat lookups are memoised to the same instance
00:55 +291: C:/Users/Atharva Patil/Documents/projects/gymlog/test/features/routines/domain/exercise_resolver_test.dart: resolve an empty catalog resolves nothing without throwing
00:55 +292: C:/Users/Atharva Patil/Documents/projects/gymlog/test/features/routines/domain/exercise_resolver_test.dart: unresolvedNames reports only the gaps
00:55 +293: C:/Users/Atharva Patil/Documents/projects/gymlog/test/features/routines/domain/exercise_resolver_test.dart: muscleProfileFor a push day does not report leg muscles
00:55 +294: C:/Users/Atharva Patil/Documents/projects/gymlog/test/features/routines/domain/exercise_resolver_test.dart: muscleProfileFor secondary never duplicates a primary group
00:55 +295: C:/Users/Atharva Patil/Documents/projects/gymlog/test/features/routines/domain/exercise_resolver_test.dart: muscleProfileFor unresolvable slots are skipped, not fatal
00:55 +296: C:/Users/Atharva Patil/Documents/projects/gymlog/test/features/routines/domain/exercise_resolver_test.dart: muscleProfileFor an all-unresolvable day yields an empty profile
00:55 +297: C:/Users/Atharva Patil/Documents/projects/gymlog/test/features/routines/domain/exercise_resolver_test.dart: muscleProfileFor two different days produce different profiles
00:55 +298: C:/Users/Atharva Patil/Documents/projects/gymlog/test/features/routines/domain/exercise_resolver_test.dart: exerciseIdsFor returns ids in slot order and skips gaps
00:56 +299: C:/Users/Atharva Patil/Documents/projects/gymlog/test/features/routines/presentation/ai_routine_import_screen_test.dart: AiRoutineImportScreen renders segmented control and photo mode initially
00:57 +300: C:/Users/Atharva Patil/Documents/projects/gymlog/test/features/routines/presentation/ai_routine_review_screen_test.dart: AiRoutineReviewScreen renders reconciled exercises and badges
00:57 +301: C:/Users/Atharva Patil/Documents/projects/gymlog/test/features/routines/presentation/ai_routine_review_screen_test.dart: AiRoutineReviewScreen renders reconciled exercises and badges
00:58 +302: C:/Users/Atharva Patil/Documents/projects/gymlog/test/features/routines/presentation/ai_routine_review_screen_test.dart: AiRoutineReviewScreen renders reconciled exercises and badges
00:58 +303: C:/Users/Atharva Patil/Documents/projects/gymlog/test/features/routines/presentation/ai_routine_review_screen_test.dart: AiRoutineReviewScreen renders reconciled exercises and badges
00:58 +304: C:/Users/Atharva Patil/Documents/projects/gymlog/test/features/routines/presentation/ai_routine_review_screen_test.dart: AiRoutineReviewScreen renders reconciled exercises and badges
00:58 +305: C:/Users/Atharva Patil/Documents/projects/gymlog/test/features/routines/presentation/ai_routine_review_screen_test.dart: AiRoutineReviewScreen renders reconciled exercises and badges
00:58 +306: C:/Users/Atharva Patil/Documents/projects/gymlog/test/features/routines/presentation/ai_routine_review_screen_test.dart: AiRoutineReviewScreen renders reconciled exercises and badges
00:58 +307: C:/Users/Atharva Patil/Documents/projects/gymlog/test/features/routines/presentation/ai_routine_review_screen_test.dart: AiRoutineReviewScreen renders reconciled exercises and badges
00:58 +308: C:/Users/Atharva Patil/Documents/projects/gymlog/test/features/routines/presentation/ai_routine_review_screen_test.dart: AiRoutineReviewScreen renders reconciled exercises and badges
00:58 +309: C:/Users/Atharva Patil/Documents/projects/gymlog/test/features/routines/presentation/ai_routine_review_screen_test.dart: AiRoutineReviewScreen renders reconciled exercises and badges
00:58 +310: C:/Users/Atharva Patil/Documents/projects/gymlog/test/features/routines/presentation/ai_routine_review_screen_test.dart: AiRoutineReviewScreen renders reconciled exercises and badges
00:58 +311: C:/Users/Atharva Patil/Documents/projects/gymlog/test/features/routines/presentation/ai_routine_review_screen_test.dart: AiRoutineReviewScreen renders reconciled exercises and badges
00:58 +312: C:/Users/Atharva Patil/Documents/projects/gymlog/test/features/routines/presentation/ai_routine_review_screen_test.dart: AiRoutineReviewScreen renders reconciled exercises and badges
00:58 +313: C:/Users/Atharva Patil/Documents/projects/gymlog/test/features/routines/presentation/ai_routine_review_screen_test.dart: AiRoutineReviewScreen renders reconciled exercises and badges
00:58 +314: C:/Users/Atharva Patil/Documents/projects/gymlog/test/features/routines/presentation/data/routine_index_test.dart: index shape projects every program day into exactly one routine
00:58 +315: C:/Users/Atharva Patil/Documents/projects/gymlog/test/features/routines/presentation/ai_routine_review_screen_test.dart: AiRoutineReviewScreen stepper increments set count
00:58 +316: C:/Users/Atharva Patil/Documents/projects/gymlog/test/features/routines/presentation/ai_routine_review_screen_test.dart: AiRoutineReviewScreen stepper increments set count
00:58 +317: C:/Users/Atharva Patil/Documents/projects/gymlog/test/features/routines/presentation/ai_routine_review_screen_test.dart: AiRoutineReviewScreen stepper increments set count
00:58 +318: C:/Users/Atharva Patil/Documents/projects/gymlog/test/features/routines/presentation/ai_routine_review_screen_test.dart: AiRoutineReviewScreen stepper increments set count
00:58 +319: C:/Users/Atharva Patil/Documents/projects/gymlog/test/features/routines/presentation/ai_routine_review_screen_test.dart: AiRoutineReviewScreen stepper increments set count
00:58 +320: C:/Users/Atharva Patil/Documents/projects/gymlog/test/features/routines/presentation/ai_routine_review_screen_test.dart: AiRoutineReviewScreen stepper increments set count
00:58 +321: C:/Users/Atharva Patil/Documents/projects/gymlog/test/features/routines/presentation/ai_routine_review_screen_test.dart: AiRoutineReviewScreen stepper increments set count
00:58 +322: C:/Users/Atharva Patil/Documents/projects/gymlog/test/features/routines/presentation/ai_routine_review_screen_test.dart: AiRoutineReviewScreen stepper increments set count
00:58 +323: C:/Users/Atharva Patil/Documents/projects/gymlog/test/features/routines/presentation/ai_routine_review_screen_test.dart: AiRoutineReviewScreen stepper increments set count
00:58 +324: C:/Users/Atharva Patil/Documents/projects/gymlog/test/features/routines/presentation/ai_routine_review_screen_test.dart: AiRoutineReviewScreen stepper increments set count
00:58 +325: C:/Users/Atharva Patil/Documents/projects/gymlog/test/features/routines/presentation/ai_routine_review_screen_test.dart: AiRoutineReviewScreen stepper increments set count
00:58 +326: C:/Users/Atharva Patil/Documents/projects/gymlog/test/features/routines/presentation/ai_routine_review_screen_test.dart: AiRoutineReviewScreen stepper increments set count
00:58 +327: C:/Users/Atharva Patil/Documents/projects/gymlog/test/features/routines/presentation/ai_routine_review_screen_test.dart: AiRoutineReviewScreen stepper increments set count
00:58 +328: C:/Users/Atharva Patil/Documents/projects/gymlog/test/features/routines/presentation/ai_routine_review_screen_test.dart: AiRoutineReviewScreen stepper increments set count
00:58 +329: C:/Users/Atharva Patil/Documents/projects/gymlog/test/features/routines/presentation/ai_routine_review_screen_test.dart: AiRoutineReviewScreen stepper increments set count
00:58 +330: C:/Users/Atharva Patil/Documents/projects/gymlog/test/features/routines/presentation/ai_routine_review_screen_test.dart: AiRoutineReviewScreen stepper increments set count
00:58 +331: C:/Users/Atharva Patil/Documents/projects/gymlog/test/features/routines/presentation/ai_routine_review_screen_test.dart: AiRoutineReviewScreen stepper increments set count
00:58 +332: C:/Users/Atharva Patil/Documents/projects/gymlog/test/features/routines/presentation/ai_routine_review_screen_test.dart: AiRoutineReviewScreen stepper increments set count
00:58 +333: C:/Users/Atharva Patil/Documents/projects/gymlog/test/features/routines/presentation/ai_routine_review_screen_test.dart: AiRoutineReviewScreen stepper increments set count
00:58 +334: C:/Users/Atharva Patil/Documents/projects/gymlog/test/features/routines/presentation/ai_routine_review_screen_test.dart: AiRoutineReviewScreen stepper increments set count
00:59 +335: C:/Users/Atharva Patil/Documents/projects/gymlog/test/features/routines/presentation/providers/explore_filters_test.dart: equipment capability a full gym can perform everything
00:59 +336: C:/Users/Atharva Patil/Documents/projects/gymlog/test/features/routines/presentation/providers/explore_filters_test.dart: equipment capability dumbbells can also perform bodyweight
00:59 +337: C:/Users/Atharva Patil/Documents/projects/gymlog/test/features/routines/presentation/providers/explore_filters_test.dart: equipment capability bodyweight is the floor
00:59 +338: C:/Users/Atharva Patil/Documents/projects/gymlog/test/features/routines/presentation/providers/explore_filters_test.dart: equipment capability owning more equipment never shows less
00:59 +339: C:/Users/Atharva Patil/Documents/projects/gymlog/test/features/routines/presentation/providers/explore_filters_test.dart: applyExploreFilters no filters returns everything
00:59 +340: C:/Users/Atharva Patil/Documents/projects/gymlog/test/features/routines/presentation/providers/explore_filters_test.dart: applyExploreFilters an empty filter set is reported as empty
00:59 +341: C:/Users/Atharva Patil/Documents/projects/gymlog/test/features/routines/presentation/providers/explore_filters_test.dart: applyExploreFilters search finds routines by exercise name
00:59 +342: C:/Users/Atharva Patil/Documents/projects/gymlog/test/features/routines/presentation/providers/explore_filters_test.dart: applyExploreFilters a nonsense query returns nothing rather than everything
00:59 +343: C:/Users/Atharva Patil/Documents/projects/gymlog/test/features/routines/presentation/providers/explore_filters_test.dart: applyExploreFilters level filter keeps only matching routines
00:59 +344: C:/Users/Atharva Patil/Documents/projects/gymlog/test/features/routines/presentation/providers/explore_filters_test.dart: applyExploreFilters duration filter keeps only matching bands
00:59 +345: C:/Users/Atharva Patil/Documents/projects/gymlog/test/features/routines/presentation/providers/explore_filters_test.dart: applyExploreFilters filters compose
00:59 +346: C:/Users/Atharva Patil/Documents/projects/gymlog/test/features/routines/presentation/providers/explore_filters_test.dart: applyExploreFilters activeCount tracks how many constraints are on
00:59 +347: C:/Users/Atharva Patil/Documents/projects/gymlog/test/features/routines/presentation/providers/explore_filters_test.dart: applyExploreFilters clearing equipment removes the constraint
01:00 +348: C:/Users/Atharva Patil/Documents/projects/gymlog/test/features/routines/presentation/widgets/explore_preview_sheet_test.dart: RoutinePreviewSheet renders routine details, exercises, and muscle map
01:01 +349: C:/Users/Atharva Patil/Documents/projects/gymlog/test/features/routines/presentation/widgets/explore_preview_sheet_test.dart: RoutinePreviewSheet renders routine details, exercises, and muscle map
01:01 +350: C:/Users/Atharva Patil/Documents/projects/gymlog/test/features/routines/presentation/widgets/explore_preview_sheet_test.dart: RoutinePreviewSheet renders routine details, exercises, and muscle map
01:01 +351: C:/Users/Atharva Patil/Documents/projects/gymlog/test/features/routines/presentation/widgets/explore_preview_sheet_test.dart: RoutinePreviewSheet renders routine details, exercises, and muscle map
01:01 +352: C:/Users/Atharva Patil/Documents/projects/gymlog/test/features/routines/presentation/widgets/explore_preview_sheet_test.dart: RoutinePreviewSheet renders routine details, exercises, and muscle map
01:01 +353: C:/Users/Atharva Patil/Documents/projects/gymlog/test/features/routines/presentation/widgets/explore_preview_sheet_test.dart: RoutinePreviewSheet renders routine details, exercises, and muscle map
01:01 +354: C:/Users/Atharva Patil/Documents/projects/gymlog/test/features/routines/presentation/widgets/explore_preview_sheet_test.dart: RoutinePreviewSheet renders routine details, exercises, and muscle map
01:01 +355: C:/Users/Atharva Patil/Documents/projects/gymlog/test/features/routines/presentation/widgets/explore_preview_sheet_test.dart: RoutinePreviewSheet renders routine details, exercises, and muscle map
01:01 +356: C:/Users/Atharva Patil/Documents/projects/gymlog/test/features/routines/presentation/widgets/explore_preview_sheet_test.dart: RoutinePreviewSheet renders routine details, exercises, and muscle map
01:01 +357: C:/Users/Atharva Patil/Documents/projects/gymlog/test/features/routines/presentation/widgets/explore_preview_sheet_test.dart: RoutinePreviewSheet renders routine details, exercises, and muscle map
01:01 +358: C:/Users/Atharva Patil/Documents/projects/gymlog/test/features/routines/presentation/widgets/explore_preview_sheet_test.dart: RoutinePreviewSheet renders routine details, exercises, and muscle map
01:01 +359: C:/Users/Atharva Patil/Documents/projects/gymlog/test/features/routines/presentation/widgets/explore_preview_sheet_test.dart: RoutinePreviewSheet renders routine details, exercises, and muscle map
01:01 +360: C:/Users/Atharva Patil/Documents/projects/gymlog/test/features/routines/presentation/widgets/explore_preview_sheet_test.dart: RoutinePreviewSheet renders routine details, exercises, and muscle map
01:01 +361: C:/Users/Atharva Patil/Documents/projects/gymlog/test/features/routines/presentation/widgets/explore_preview_sheet_test.dart: RoutinePreviewSheet renders routine details, exercises, and muscle map
01:01 +362: C:/Users/Atharva Patil/Documents/projects/gymlog/test/features/routines/presentation/widgets/explore_preview_sheet_test.dart: RoutinePreviewSheet renders routine details, exercises, and muscle map
01:01 +363: C:/Users/Atharva Patil/Documents/projects/gymlog/test/features/routines/presentation/widgets/explore_preview_sheet_test.dart: RoutinePreviewSheet renders routine details, exercises, and muscle map
01:01 +364: C:/Users/Atharva Patil/Documents/projects/gymlog/test/features/routines/presentation/widgets/explore_preview_sheet_test.dart: RoutinePreviewSheet renders routine details, exercises, and muscle map
01:01 +365: C:/Users/Atharva Patil/Documents/projects/gymlog/test/features/routines/presentation/widgets/explore_preview_sheet_test.dart: RoutinePreviewSheet renders routine details, exercises, and muscle map
01:01 +366: C:/Users/Atharva Patil/Documents/projects/gymlog/test/features/routines/presentation/widgets/explore_preview_sheet_test.dart: RoutinePreviewSheet renders routine details, exercises, and muscle map
01:01 +367: C:/Users/Atharva Patil/Documents/projects/gymlog/test/features/routines/presentation/widgets/explore_preview_sheet_test.dart: RoutinePreviewSheet renders routine details, exercises, and muscle map
01:01 +368: C:/Users/Atharva Patil/Documents/projects/gymlog/test/features/routines/presentation/widgets/explore_preview_sheet_test.dart: RoutinePreviewSheet renders routine details, exercises, and muscle map
01:01 +369: C:/Users/Atharva Patil/Documents/projects/gymlog/test/features/routines/presentation/widgets/explore_preview_sheet_test.dart: RoutinePreviewSheet renders routine details, exercises, and muscle map
01:01 +370: C:/Users/Atharva Patil/Documents/projects/gymlog/test/features/routines/presentation/widgets/explore_preview_sheet_test.dart: RoutinePreviewSheet renders routine details, exercises, and muscle map
01:01 +371: C:/Users/Atharva Patil/Documents/projects/gymlog/test/features/routines/presentation/widgets/explore_preview_sheet_test.dart: RoutinePreviewSheet renders routine details, exercises, and muscle map
01:01 +372: C:/Users/Atharva Patil/Documents/projects/gymlog/test/features/routines/presentation/widgets/explore_preview_sheet_test.dart: RoutinePreviewSheet renders routine details, exercises, and muscle map
01:01 +373: C:/Users/Atharva Patil/Documents/projects/gymlog/test/features/routines/presentation/widgets/explore_preview_sheet_test.dart: RoutinePreviewSheet renders routine details, exercises, and muscle map
01:01 +374: C:/Users/Atharva Patil/Documents/projects/gymlog/test/features/routines/presentation/widgets/explore_preview_sheet_test.dart: RoutinePreviewSheet renders routine details, exercises, and muscle map
01:01 +375: C:/Users/Atharva Patil/Documents/projects/gymlog/test/features/routines/presentation/widgets/explore_preview_sheet_test.dart: RoutinePreviewSheet renders routine details, exercises, and muscle map
01:01 +376: C:/Users/Atharva Patil/Documents/projects/gymlog/test/features/routines/presentation/widgets/explore_preview_sheet_test.dart: RoutinePreviewSheet renders routine details, exercises, and muscle map
01:01 +377: C:/Users/Atharva Patil/Documents/projects/gymlog/test/features/routines/presentation/widgets/explore_preview_sheet_test.dart: RoutinePreviewSheet renders routine details, exercises, and muscle map
01:03 +378: C:/Users/Atharva Patil/Documents/projects/gymlog/test/features/routines/presentation/widgets/explore_preview_sheet_test.dart: RoutinePreviewSheet renders routine details, exercises, and muscle map
01:03 +379: C:/Users/Atharva Patil/Documents/projects/gymlog/test/features/routines/presentation/widgets/explore_preview_sheet_test.dart: RoutinePreviewSheet renders routine details, exercises, and muscle map
01:03 +380: C:/Users/Atharva Patil/Documents/projects/gymlog/test/features/routines/presentation/widgets/explore_preview_sheet_test.dart: RoutinePreviewSheet renders routine details, exercises, and muscle map
01:03 +381: C:/Users/Atharva Patil/Documents/projects/gymlog/test/features/routines/presentation/widgets/explore_preview_sheet_test.dart: RoutinePreviewSheet renders routine details, exercises, and muscle map
01:03 +382: C:/Users/Atharva Patil/Documents/projects/gymlog/test/features/routines/presentation/widgets/explore_preview_sheet_test.dart: RoutinePreviewSheet renders routine details, exercises, and muscle map
01:03 +383: C:/Users/Atharva Patil/Documents/projects/gymlog/test/features/routines/presentation/widgets/explore_preview_sheet_test.dart: RoutinePreviewSheet renders routine details, exercises, and muscle map
01:03 +384: C:/Users/Atharva Patil/Documents/projects/gymlog/test/features/routines/presentation/widgets/explore_preview_sheet_test.dart: RoutinePreviewSheet renders routine details, exercises, and muscle map
01:03 +385: C:/Users/Atharva Patil/Documents/projects/gymlog/test/features/routines/presentation/widgets/explore_preview_sheet_test.dart: RoutinePreviewSheet renders routine details, exercises, and muscle map
01:03 +386: C:/Users/Atharva Patil/Documents/projects/gymlog/test/features/routines/presentation/widgets/explore_preview_sheet_test.dart: RoutinePreviewSheet renders routine details, exercises, and muscle map
unhandled element <style/>; Picture key: Svg loader
01:04 +387: C:/Users/Atharva Patil/Documents/projects/gymlog/test/features/routines/presentation/widgets/explore_preview_sheet_test.dart: RoutinePreviewSheet shows View in My Routines when isOwned is true
01:04 +388: C:/Users/Atharva Patil/Documents/projects/gymlog/test/features/workout/presentation/screens/active_workout_hold_timer_integration_test.dart: ExerciseBlock renders TIMER column and triggers HoldTimer
01:04 +389: C:/Users/Atharva Patil/Documents/projects/gymlog/test/features/workout/presentation/screens/active_workout_hold_timer_integration_test.dart: ExerciseBlock renders TIMER column and triggers HoldTimer
01:08 +390: C:/Users/Atharva Patil/Documents/projects/gymlog/test/features/workout/presentation/screens/active_workout_hold_timer_integration_test.dart: ExerciseBlock renders TIMER column and triggers HoldTimer
01:08 +391: C:/Users/Atharva Patil/Documents/projects/gymlog/test/features/workout/presentation/screens/active_workout_hold_timer_integration_test.dart: ExerciseBlock renders TIMER column and triggers HoldTimer
01:08 +392: C:/Users/Atharva Patil/Documents/projects/gymlog/test/features/workout/presentation/screens/active_workout_hold_timer_integration_test.dart: ExerciseBlock renders TIMER column and triggers HoldTimer
01:08 +393: C:/Users/Atharva Patil/Documents/projects/gymlog/test/features/workout/presentation/widgets/set_row_hold_timer_test.dart: SetRow Hold Timer Integration Tests renders play icon trigger and TextField for duration measurementType
01:10 +394: C:/Users/Atharva Patil/Documents/projects/gymlog/test/features/workout/pr_celebration_overlay_test.dart: PR celebration overlay Keep Going stays fully on-screen on a short viewport with large text and many PRs
01:10 +395: C:/Users/Atharva Patil/Documents/projects/gymlog/test/features/workout/pr_celebration_overlay_test.dart: PR celebration overlay Keep Going stays fully on-screen on a short viewport with large text and many PRs
01:10 +396: C:/Users/Atharva Patil/Documents/projects/gymlog/test/features/workout/pr_celebration_overlay_test.dart: PR celebration overlay Keep Going stays fully on-screen on a short viewport with large text and many PRs
01:10 +397: C:/Users/Atharva Patil/Documents/projects/gymlog/test/features/workout/pr_celebration_overlay_test.dart: PR celebration overlay Keep Going stays fully on-screen on a short viewport with large text and many PRs
01:10 +397: loading C:/Users/Atharva Patil/Documents/projects/gymlog/test/golden/active_workout_header_golden_test.dart
Warning: A tag was used that wasn't specified in dart_test.yaml.
  golden was used in the suite itself

01:10 +398: C:/Users/Atharva Patil/Documents/projects/gymlog/test/features/workout/pr_celebration_overlay_test.dart: PR celebration overlay Keep Going stays fully on-screen on a short viewport with large text and many PRs
01:10 +399: C:/Users/Atharva Patil/Documents/projects/gymlog/test/features/workout/pr_celebration_overlay_test.dart: PR celebration overlay Keep Going stays fully on-screen on a short viewport with large text and many PRs
01:11 +400: C:/Users/Atharva Patil/Documents/projects/gymlog/test/golden/active_workout_header_golden_test.dart: ActiveWorkoutHeader renders correctly per theme (normal layout) (variant: Windows)
01:11 +401: C:/Users/Atharva Patil/Documents/projects/gymlog/test/golden/active_workout_header_golden_test.dart: ActiveWorkoutHeader renders correctly per theme (normal layout) (variant: Windows)
01:11 +402: C:/Users/Atharva Patil/Documents/projects/gymlog/test/golden/active_workout_header_golden_test.dart: ActiveWorkoutHeader renders correctly per theme (normal layout) (variant: Windows)
01:11 +403: C:/Users/Atharva Patil/Documents/projects/gymlog/test/golden/active_workout_header_golden_test.dart: ActiveWorkoutHeader renders correctly per theme (normal layout) (variant: Windows)
01:11 +404: C:/Users/Atharva Patil/Documents/projects/gymlog/test/golden/active_workout_header_golden_test.dart: ActiveWorkoutHeader renders correctly per theme (normal layout) (variant: Windows)
01:11 +405: C:/Users/Atharva Patil/Documents/projects/gymlog/test/golden/active_workout_header_golden_test.dart: ActiveWorkoutHeader renders correctly per theme (normal layout) (variant: Windows)
01:11 +406: C:/Users/Atharva Patil/Documents/projects/gymlog/test/golden/active_workout_header_golden_test.dart: ActiveWorkoutHeader renders correctly per theme (normal layout) (variant: Windows)
01:13 +407: C:/Users/Atharva Patil/Documents/projects/gymlog/test/golden/auth_screen_golden_test.dart: AuthScreen Golden Tests 1. Dark Purple Palette 390x844
01:14 +407: loading C:/Users/Atharva Patil/Documents/projects/gymlog/test/golden/muscle_load_bar_golden_test.dart
Warning: A tag was used that wasn't specified in dart_test.yaml.
  golden was used in the suite itself

01:14 +408: C:/Users/Atharva Patil/Documents/projects/gymlog/test/golden/auth_screen_golden_test.dart: AuthScreen Golden Tests 1. Dark Purple Palette 390x844
01:14 +409: C:/Users/Atharva Patil/Documents/projects/gymlog/test/golden/muscle_load_bar_golden_test.dart: MuscleLoadBar renders in all six accent palettes (variant: Windows)
01:14 +410: C:/Users/Atharva Patil/Documents/projects/gymlog/test/golden/muscle_load_bar_golden_test.dart: MuscleLoadBar renders in all six accent palettes (variant: Windows)
01:14 +411: C:/Users/Atharva Patil/Documents/projects/gymlog/test/golden/muscle_load_bar_golden_test.dart: MuscleLoadBar renders in all six accent palettes (variant: Windows)
01:14 +412: C:/Users/Atharva Patil/Documents/projects/gymlog/test/golden/muscle_load_bar_golden_test.dart: MuscleLoadBar renders in all six accent palettes (variant: Windows)
01:14 +413: C:/Users/Atharva Patil/Documents/projects/gymlog/test/golden/muscle_load_bar_golden_test.dart: MuscleLoadBar renders in all six accent palettes (variant: Windows)
01:15 +414: C:/Users/Atharva Patil/Documents/projects/gymlog/test/golden/muscle_load_bar_golden_test.dart: MuscleLoadBar renders in all six accent palettes (variant: Windows)
01:15 +415: C:/Users/Atharva Patil/Documents/projects/gymlog/test/golden/muscle_load_bar_golden_test.dart: MuscleLoadBar renders in all six accent palettes (variant: Windows)
01:15 +416: C:/Users/Atharva Patil/Documents/projects/gymlog/test/golden/muscle_load_bar_golden_test.dart: MuscleLoadBar renders in all six accent palettes (variant: Windows)
01:15 +417: C:/Users/Atharva Patil/Documents/projects/gymlog/test/golden/muscle_load_bar_golden_test.dart: MuscleLoadBar renders in all six accent palettes (variant: Windows)
01:15 +418: C:/Users/Atharva Patil/Documents/projects/gymlog/test/golden/muscle_load_bar_golden_test.dart: MuscleLoadBar renders in all six accent palettes (variant: Windows)
01:15 +419: C:/Users/Atharva Patil/Documents/projects/gymlog/test/golden/muscle_load_bar_golden_test.dart: MuscleLoadBar renders in all six accent palettes (variant: Windows)
01:15 +420: C:/Users/Atharva Patil/Documents/projects/gymlog/test/golden/muscle_load_bar_golden_test.dart: MuscleLoadBar renders in all six accent palettes (variant: Windows)
01:16 +421: C:/Users/Atharva Patil/Documents/projects/gymlog/test/golden/muscle_load_bar_golden_test.dart: MuscleLoadBar renders in all six accent palettes (variant: Windows)
01:16 +422: C:/Users/Atharva Patil/Documents/projects/gymlog/test/golden/active_workout_header_golden_test.dart: ActiveWorkoutHeader renders correctly per theme (status-bar inset) (variant: CI)
01:16 +422: loading C:/Users/Atharva Patil/Documents/projects/gymlog/test/golden/muscle_map_golden_test.dart
Warning: A tag was used that wasn't specified in dart_test.yaml.
  golden was used in the suite itself

01:16 +423: C:/Users/Atharva Patil/Documents/projects/gymlog/test/golden/auth_screen_golden_test.dart: AuthScreen Golden Tests 11. Loading State
01:16 +424: C:/Users/Atharva Patil/Documents/projects/gymlog/test/golden/auth_screen_golden_test.dart: AuthScreen Golden Tests 11. Loading State
01:16 +425: C:/Users/Atharva Patil/Documents/projects/gymlog/test/golden/muscle_map_golden_test.dart: MuscleMap front-only male highlights Chest and Triceps (variant: Windows)
01:17 +426: C:/Users/Atharva Patil/Documents/projects/gymlog/test/golden/muscle_map_golden_test.dart: MuscleMap front-only male highlights Chest and Triceps (variant: Windows)
01:17 +426: C:/Users/Atharva Patil/Documents/projects/gymlog/test/golden/auth_screen_golden_test.dart: AuthScreen Golden Tests 13. Offline Snackbar
[Auth] failure=network
01:17 +427: C:/Users/Atharva Patil/Documents/projects/gymlog/test/golden/muscle_map_golden_test.dart: MuscleMap front-only male highlights Chest and Triceps (variant: Windows)
01:17 +427: C:/Users/Atharva Patil/Documents/projects/gymlog/test/golden/auth_screen_golden_test.dart: AuthScreen Golden Tests 14. Configuration-error Snackbar
[Auth] failure=configuration code=google_android_configuration
01:17 +428: C:/Users/Atharva Patil/Documents/projects/gymlog/test/golden/muscle_map_golden_test.dart: MuscleMap front-only male highlights Chest and Triceps (variant: Windows)
unhandled element <style/>; Picture key: Svg loader
01:19 +428: loading C:/Users/Atharva Patil/Documents/projects/gymlog/test/golden/nav_bar_golden_test.dart
Warning: A tag was used that wasn't specified in dart_test.yaml.
  golden was used in the suite itself

01:19 +429: C:/Users/Atharva Patil/Documents/projects/gymlog/test/golden/nav_bar_golden_test.dart: BottomNavBar — all palettes, tab 0 selected, standard sizes (variant: Windows)
01:20 +430: C:/Users/Atharva Patil/Documents/projects/gymlog/test/golden/nav_bar_golden_test.dart: BottomNavBar — all palettes, tab 0 selected, standard sizes (variant: Windows)
01:20 +430: loading C:/Users/Atharva Patil/Documents/projects/gymlog/test/golden/onboarding_steps_golden_test.dart
Warning: A tag was used that wasn't specified in dart_test.yaml.
  golden was used in the suite itself

01:21 +431: C:/Users/Atharva Patil/Documents/projects/gymlog/test/golden/nav_bar_golden_test.dart: BottomNavBar — all palettes, tab 0 selected, standard sizes (variant: Windows)
01:21 +431: loading C:/Users/Atharva Patil/Documents/projects/gymlog/test/golden/pr_celebration_golden_test.dart
Warning: A tag was used that wasn't specified in dart_test.yaml.
  golden was used in the suite itself

01:22 +432: C:/Users/Atharva Patil/Documents/projects/gymlog/test/golden/nav_bar_golden_test.dart: BottomNavBar — all palettes, tab 0 selected, standard sizes (variant: Windows)
01:22 +433: C:/Users/Atharva Patil/Documents/projects/gymlog/test/golden/nav_bar_golden_test.dart: BottomNavBar — all palettes, tab 0 selected, standard sizes (variant: Windows)
01:22 +434: C:/Users/Atharva Patil/Documents/projects/gymlog/test/golden/onboarding_steps_golden_test.dart: StepAge renders per theme (variant: Windows)
01:22 +435: C:/Users/Atharva Patil/Documents/projects/gymlog/test/golden/onboarding_steps_golden_test.dart: StepAge renders per theme (variant: Windows)
01:23 +436: C:/Users/Atharva Patil/Documents/projects/gymlog/test/golden/onboarding_steps_golden_test.dart: StepAge renders per theme (variant: Windows)
01:23 +437: C:/Users/Atharva Patil/Documents/projects/gymlog/test/golden/pr_celebration_golden_test.dart: PrCelebrationCard renders per theme (variant: Windows)
01:24 +438: C:/Users/Atharva Patil/Documents/projects/gymlog/test/golden/pr_celebration_golden_test.dart: PrCelebrationCard renders per theme (variant: Windows)
01:24 +439: C:/Users/Atharva Patil/Documents/projects/gymlog/test/golden/pr_celebration_golden_test.dart: PrCelebrationCard renders per theme (variant: Windows)
01:24 +440: C:/Users/Atharva Patil/Documents/projects/gymlog/test/golden/pr_celebration_golden_test.dart: PrCelebrationCard renders per theme (variant: Windows)
01:25 +441: C:/Users/Atharva Patil/Documents/projects/gymlog/test/golden/nav_bar_golden_test.dart: BottomNavBar — all palettes, tab 2 selected (variant: Windows)
01:25 +442: C:/Users/Atharva Patil/Documents/projects/gymlog/test/golden/onboarding_steps_golden_test.dart: StepAge at 100 renders per theme (regression: 3 digits must not wrap) (variant: Windows)
01:25 +443: C:/Users/Atharva Patil/Documents/projects/gymlog/test/golden/pr_celebration_golden_test.dart: PrCelebrationCard renders per theme (variant: CI)
01:26 +444: C:/Users/Atharva Patil/Documents/projects/gymlog/test/golden/pr_celebration_golden_test.dart: PrCelebrationCard renders per theme (variant: CI)
01:26 +444: loading C:/Users/Atharva Patil/Documents/projects/gymlog/test/golden/segmented_control_golden_test.dart
Warning: A tag was used that wasn't specified in dart_test.yaml.
  golden was used in the suite itself

01:26 +445: C:/Users/Atharva Patil/Documents/projects/gymlog/test/golden/onboarding_steps_golden_test.dart: StepAge at 100 renders per theme (regression: 3 digits must not wrap) (variant: CI)
01:26 +446: C:/Users/Atharva Patil/Documents/projects/gymlog/test/golden/onboarding_steps_golden_test.dart: StepAge at 100 renders per theme (regression: 3 digits must not wrap) (variant: CI)
01:26 +447: C:/Users/Atharva Patil/Documents/projects/gymlog/test/golden/segmented_control_golden_test.dart: SegmentedControl renders correctly per theme (variant: Windows)
01:27 +448: C:/Users/Atharva Patil/Documents/projects/gymlog/test/golden/segmented_control_golden_test.dart: SegmentedControl renders correctly per theme (variant: Windows)
01:27 +449: C:/Users/Atharva Patil/Documents/projects/gymlog/test/golden/segmented_control_golden_test.dart: SegmentedControl renders correctly per theme (variant: Windows)
01:27 +450: C:/Users/Atharva Patil/Documents/projects/gymlog/test/golden/segmented_control_golden_test.dart: SegmentedControl renders correctly per theme (variant: Windows)
01:27 +451: C:/Users/Atharva Patil/Documents/projects/gymlog/test/golden/segmented_control_golden_test.dart: SegmentedControl renders correctly per theme (variant: Windows)
01:28 +452: C:/Users/Atharva Patil/Documents/projects/gymlog/test/golden/segmented_control_golden_test.dart: SegmentedControl renders correctly per theme (variant: Windows)
01:28 +453: C:/Users/Atharva Patil/Documents/projects/gymlog/test/golden/segmented_control_golden_test.dart: SegmentedControl renders correctly per theme (variant: Windows)
01:29 +454: C:/Users/Atharva Patil/Documents/projects/gymlog/test/golden/segmented_control_golden_test.dart: SegmentedControl renders correctly per theme (variant: Windows)
01:29 +455: C:/Users/Atharva Patil/Documents/projects/gymlog/test/golden/onboarding_steps_golden_test.dart: StepWeeklyGoal renders per theme (variant: CI)
01:29 +456: C:/Users/Atharva Patil/Documents/projects/gymlog/test/golden/nav_bar_golden_test.dart: BottomNavBar — landscape 800x360 (variant: CI)
01:29 +457: C:/Users/Atharva Patil/Documents/projects/gymlog/test/golden/segmented_control_golden_test.dart: SegmentedControl renders correctly per theme (variant: CI)
01:29 +458: C:/Users/Atharva Patil/Documents/projects/gymlog/test/golden/nav_bar_golden_test.dart: BottomNavBar — reduced motion indicator animates instantly when animations disabled
01:30 +459: C:/Users/Atharva Patil/Documents/projects/gymlog/test/golden/nav_bar_golden_test.dart: BottomNavBar — semantics tabs expose semantics tree
01:30 +460: C:/Users/Atharva Patil/Documents/projects/gymlog/test/golden/nav_bar_golden_test.dart: BottomNavBar — geometry and layout nav bar has 72px height
01:30 +461: C:/Users/Atharva Patil/Documents/projects/gymlog/test/golden/nav_bar_golden_test.dart: BottomNavBar — geometry and layout nav bar has 3 tab items
01:32 +462: loading C:/Users/Atharva Patil/Documents/projects/gymlog/test/golden/share_cards_golden_test.dart
Warning: A tag was used that wasn't specified in dart_test.yaml.
  golden was used in the suite itself

01:32 +462: C:/Users/Atharva Patil/Documents/projects/gymlog/test/golden/share_cards_golden_test.dart: DELT Share Card - Monument Variant across all themes (variant: Windows)
01:32 +463: C:/Users/Atharva Patil/Documents/projects/gymlog/test/golden/share_cards_golden_test.dart: DELT Share Card - Monument Variant across all themes (variant: Windows)
01:32 +464: C:/Users/Atharva Patil/Documents/projects/gymlog/test/golden/share_cards_golden_test.dart: DELT Share Card - Monument Variant across all themes (variant: Windows)
01:32 +465: C:/Users/Atharva Patil/Documents/projects/gymlog/test/golden/share_cards_golden_test.dart: DELT Share Card - Monument Variant across all themes (variant: Windows)
01:32 +466: C:/Users/Atharva Patil/Documents/projects/gymlog/test/golden/share_cards_golden_test.dart: DELT Share Card - Monument Variant across all themes (variant: Windows)
01:32 +467: C:/Users/Atharva Patil/Documents/projects/gymlog/test/golden/share_cards_golden_test.dart: DELT Share Card - Monument Variant across all themes (variant: Windows)
01:32 +468: C:/Users/Atharva Patil/Documents/projects/gymlog/test/golden/share_cards_golden_test.dart: DELT Share Card - Monument Variant across all themes (variant: Windows)
01:32 +469: C:/Users/Atharva Patil/Documents/projects/gymlog/test/golden/share_cards_golden_test.dart: DELT Share Card - Monument Variant across all themes (variant: Windows)
01:32 +470: C:/Users/Atharva Patil/Documents/projects/gymlog/test/golden/share_cards_golden_test.dart: DELT Share Card - Monument Variant across all themes (variant: Windows)
01:32 +471: C:/Users/Atharva Patil/Documents/projects/gymlog/test/golden/share_cards_golden_test.dart: DELT Share Card - Monument Variant across all themes (variant: Windows)
01:32 +472: C:/Users/Atharva Patil/Documents/projects/gymlog/test/golden/share_cards_golden_test.dart: DELT Share Card - Monument Variant across all themes (variant: Windows)
01:32 +473: C:/Users/Atharva Patil/Documents/projects/gymlog/test/golden/share_cards_golden_test.dart: DELT Share Card - Monument Variant across all themes (variant: Windows)
01:33 +474: C:/Users/Atharva Patil/Documents/projects/gymlog/test/golden/share_cards_golden_test.dart: DELT Share Card - Monument Variant across all themes (variant: Windows)
01:33 +475: C:/Users/Atharva Patil/Documents/projects/gymlog/test/golden/share_cards_golden_test.dart: DELT Share Card - Monument Variant across all themes (variant: Windows)
01:33 +476: C:/Users/Atharva Patil/Documents/projects/gymlog/test/golden/share_cards_golden_test.dart: DELT Share Card - Monument Variant across all themes (variant: Windows)
01:33 +477: C:/Users/Atharva Patil/Documents/projects/gymlog/test/golden/share_cards_golden_test.dart: DELT Share Card - Monument Variant across all themes (variant: Windows)
01:33 +478: C:/Users/Atharva Patil/Documents/projects/gymlog/test/golden/share_cards_golden_test.dart: DELT Share Card - Monument Variant across all themes (variant: Windows)
01:33 +479: C:/Users/Atharva Patil/Documents/projects/gymlog/test/golden/share_cards_golden_test.dart: DELT Share Card - Monument Variant across all themes (variant: Windows)
01:33 +480: C:/Users/Atharva Patil/Documents/projects/gymlog/test/golden/share_cards_golden_test.dart: DELT Share Card - Monument Variant across all themes (variant: Windows)
01:34 +481: C:/Users/Atharva Patil/Documents/projects/gymlog/test/golden/share_cards_golden_test.dart: DELT Share Card - Monument Variant across all themes (variant: Windows)
01:34 +482: C:/Users/Atharva Patil/Documents/projects/gymlog/test/golden/share_cards_golden_test.dart: DELT Share Card - Monument Variant across all themes (variant: Windows)
01:34 +483: C:/Users/Atharva Patil/Documents/projects/gymlog/test/golden/share_cards_golden_test.dart: DELT Share Card - Monument Variant across all themes (variant: Windows)
01:34 +484: C:/Users/Atharva Patil/Documents/projects/gymlog/test/golden/share_cards_golden_test.dart: DELT Share Card - Monument Variant across all themes (variant: Windows)
01:34 +485: C:/Users/Atharva Patil/Documents/projects/gymlog/test/golden/share_cards_golden_test.dart: DELT Share Card - Monument Variant across all themes (variant: Windows)
01:34 +486: C:/Users/Atharva Patil/Documents/projects/gymlog/test/golden/share_cards_golden_test.dart: DELT Share Card - Monument Variant across all themes (variant: Windows)
01:34 +487: C:/Users/Atharva Patil/Documents/projects/gymlog/test/import/csv_codec_test.dart: CsvCodec.parse keeps commas inside quoted fields
01:34 +488: C:/Users/Atharva Patil/Documents/projects/gymlog/test/golden/share_cards_golden_test.dart: DELT Share Card - Monument Variant across all themes (variant: CI)
01:34 +489: C:/Users/Atharva Patil/Documents/projects/gymlog/test/golden/share_cards_golden_test.dart: DELT Share Card - Monument Variant across all themes (variant: CI)
01:34 +490: C:/Users/Atharva Patil/Documents/projects/gymlog/test/golden/share_cards_golden_test.dart: DELT Share Card - Monument Variant across all themes (variant: CI)
01:34 +491: C:/Users/Atharva Patil/Documents/projects/gymlog/test/golden/share_cards_golden_test.dart: DELT Share Card - Monument Variant across all themes (variant: CI)
01:34 +492: C:/Users/Atharva Patil/Documents/projects/gymlog/test/golden/share_cards_golden_test.dart: DELT Share Card - Monument Variant across all themes (variant: CI)
01:34 +493: C:/Users/Atharva Patil/Documents/projects/gymlog/test/golden/share_cards_golden_test.dart: DELT Share Card - Technical Variant (variant: Windows)
01:35 +494: C:/Users/Atharva Patil/Documents/projects/gymlog/test/golden/share_cards_golden_test.dart: DELT Share Card - Technical Variant (variant: CI)
01:35 +495: C:/Users/Atharva Patil/Documents/projects/gymlog/test/golden/share_cards_golden_test.dart: DELT Share Card - Sticker Variant (Alpha Background) (variant: Windows)
01:35 +496: C:/Users/Atharva Patil/Documents/projects/gymlog/test/golden/share_cards_golden_test.dart: DELT Share Card - Sticker Variant (Alpha Background) (variant: CI)
01:35 +497: C:/Users/Atharva Patil/Documents/projects/gymlog/test/golden/share_cards_golden_test.dart: DELT Share Card - Sticker Variant (Alpha Background) (variant: CI)
01:35 +498: C:/Users/Atharva Patil/Documents/projects/gymlog/test/golden/share_cards_golden_test.dart: DELT Share Card - Sticker Variant (Alpha Background) (variant: CI)
01:35 +499: C:/Users/Atharva Patil/Documents/projects/gymlog/test/golden/share_cards_golden_test.dart: DELT Share Card - Sticker Variant (Alpha Background) (variant: CI)
01:35 +500: C:/Users/Atharva Patil/Documents/projects/gymlog/test/golden/share_cards_golden_test.dart: DELT Share Card - Sticker Variant (Alpha Background) (variant: CI)
01:35 +501: C:/Users/Atharva Patil/Documents/projects/gymlog/test/golden/share_cards_golden_test.dart: DELT Share Card - Sticker Variant (Alpha Background) (variant: CI)
01:35 +502: C:/Users/Atharva Patil/Documents/projects/gymlog/test/import/exercise_matcher_test.dart: movementKey strips equipment and ignores word order
01:35 +503: C:/Users/Atharva Patil/Documents/projects/gymlog/test/import/exercise_matcher_test.dart: equipFromName reads parenthetical or prefixed equipment
01:36 +504: C:/Users/Atharva Patil/Documents/projects/gymlog/test/import/export_roundtrip_test.dart: (setUpAll)
01:36 +504: C:/Users/Atharva Patil/Documents/projects/gymlog/test/import/export_roundtrip_test.dart: ATOMIC-06: Lossless GymLog v2 Import/Export Round-Trip Round-trip invariant: decode(encode(workout)) preserves full history
WARNING (drift): It looks like you've created the database class AppDatabase multiple times. When these two databases use the same QueryExecutor, race conditions will occur and might corrupt the database. 
Try to follow the advice at https://drift.simonbinder.eu/faq/#using-the-database or, if you know what you're doing, set driftRuntimeOptions.dontWarnAboutMultipleDatabases = true
Here is the stacktrace from when the database was opened a second time:
#0      GeneratedDatabase._handleInstantiated (package:drift/src/runtime/api/db_base.dart:96:30)
#1      GeneratedDatabase._whenConstructed (package:drift/src/runtime/api/db_base.dart:73:12)
#2      new GeneratedDatabase (package:drift/src/runtime/api/db_base.dart:64:5)
#3      new _$AppDatabase (package:gymlog/core/database/database.g.dart:4170:36)
#4      new AppDatabase.forTesting (package:gymlog/core/database/database.dart)
#5      main.<anonymous closure>.<anonymous closure> (file:///C:/Users/Atharva%20Patil/Documents/projects/gymlog/test/import/export_roundtrip_test.dart:199:31)
<asynchronous suspension>
#6      Declarer.test.<anonymous closure>.<anonymous closure> (package:test_api/src/backend/declarer.dart:253:15)
<asynchronous suspension>
#7      Declarer.test.<anonymous closure> (package:test_api/src/backend/declarer.dart:250:11)
<asynchronous suspension>
#8      Invoker._waitForOutstandingCallbacks.<anonymous closure> (package:test_api/src/backend/invoker.dart:318:9)
<asynchronous suspension>
This warning will only appear on debug builds.
01:37 +505: C:/Users/Atharva Patil/Documents/projects/gymlog/test/import/export_roundtrip_test.dart: ATOMIC-06: Lossless GymLog v2 Import/Export Round-Trip v1 GymLog CSV remains readable
01:37 +506: C:/Users/Atharva Patil/Documents/projects/gymlog/test/import/export_roundtrip_test.dart: ATOMIC-06: Lossless GymLog v2 Import/Export Round-Trip unsupported future version throws explicit ImportException
01:37 +507: C:/Users/Atharva Patil/Documents/projects/gymlog/test/import/export_roundtrip_test.dart: ATOMIC-06: Lossless GymLog v2 Import/Export Round-Trip missing required v2 columns throws explicit ImportException
01:37 +508: C:/Users/Atharva Patil/Documents/projects/gymlog/test/import/export_roundtrip_test.dart: (tearDownAll)
01:37 +508: C:/Users/Atharva Patil/Documents/projects/gymlog/test/import/import_cluster_regression_test.dart: (setUpAll)
01:37 +508: C:/Users/Atharva Patil/Documents/projects/gymlog/test/import/import_cluster_regression_test.dart: CP-A: GymLog v2 rows are metric-validated (no silent garbage) a weight_and_reps row missing weight warns and skips
01:37 +509: C:/Users/Atharva Patil/Documents/projects/gymlog/test/import/import_cluster_regression_test.dart: CP-A: GymLog v2 rows are metric-validated (no silent garbage) a reps_only row missing reps warns and skips
01:37 +510: C:/Users/Atharva Patil/Documents/projects/gymlog/test/import/import_cluster_regression_test.dart: CP-B: UTC export dates come back as local wall-clock UTC-suffixed startedAt is converted to local on parse
01:37 +511: C:/Users/Atharva Patil/Documents/projects/gymlog/test/import/import_cluster_regression_test.dart: CP-C: case-insensitive session grouping same workout name in different case collapses to one session
01:37 +512: C:/Users/Atharva Patil/Documents/projects/gymlog/test/import/import_cluster_regression_test.dart: IM-A: kg is the default assumed unit parser defaults a unitless Strong file to kg
01:38 +513: C:/Users/Atharva Patil/Documents/projects/gymlog/test/import/import_cluster_regression_test.dart: IM-B: progress counts only importable sessions a duplicate does not move the progress counter
01:38 +514: C:/Users/Atharva Patil/Documents/projects/gymlog/test/import/import_cluster_regression_test.dart: IM-B: progress counts only importable sessions two fresh sessions report 2 of 2
01:38 +515: C:/Users/Atharva Patil/Documents/projects/gymlog/test/import/import_cluster_regression_test.dart: IM-C: cancel mid-import returns partial result isCancelled after the first session stops the rest
01:38 +516: C:/Users/Atharva Patil/Documents/projects/gymlog/test/import/import_cluster_regression_test.dart: IM-H: custom exercises roll back with a failing session a failed session transaction leaves no orphan custom exercise
01:38 +517: C:/Users/Atharva Patil/Documents/projects/gymlog/test/import/import_cluster_regression_test.dart: IM-I: honest partial-import reporting first session commits, second fails, partial result kept
01:39 +518: C:/Users/Atharva Patil/Documents/projects/gymlog/test/import/import_cluster_regression_test.dart: IM-2: template CSV round-trips template parses as GymLog v2 with one weight_and_reps set
01:39 +519: C:/Users/Atharva Patil/Documents/projects/gymlog/test/import/import_cluster_regression_test.dart: (tearDownAll)
01:39 +519: C:/Users/Atharva Patil/Documents/projects/gymlog/test/import/import_screen_polish_test.dart: _Banner renders with AppRadius.cardAll and semantic label
01:41 +520: C:/Users/Atharva Patil/Documents/projects/gymlog/test/import/import_screen_polish_test.dart: _Banner renders with AppRadius.cardAll and semantic label
01:41 +521: C:/Users/Atharva Patil/Documents/projects/gymlog/test/import/import_screen_polish_test.dart: _Banner renders with AppRadius.cardAll and semantic label
01:41 +522: C:/Users/Atharva Patil/Documents/projects/gymlog/test/import/import_screen_polish_test.dart: _Banner renders with AppRadius.cardAll and semantic label
01:41 +523: C:/Users/Atharva Patil/Documents/projects/gymlog/test/import/import_screen_polish_test.dart: _Banner renders with AppRadius.cardAll and semantic label
01:41 +524: C:/Users/Atharva Patil/Documents/projects/gymlog/test/import/import_screen_polish_test.dart: _Banner renders with AppRadius.cardAll and semantic label
01:41 +525: C:/Users/Atharva Patil/Documents/projects/gymlog/test/import/import_screen_polish_test.dart: _Banner renders with AppRadius.cardAll and semantic label
01:41 +526: C:/Users/Atharva Patil/Documents/projects/gymlog/test/import/import_screen_polish_test.dart: _Banner renders with AppRadius.cardAll and semantic label
01:41 +527: C:/Users/Atharva Patil/Documents/projects/gymlog/test/import/import_screen_polish_test.dart: _Banner renders with AppRadius.cardAll and semantic label
01:41 +528: C:/Users/Atharva Patil/Documents/projects/gymlog/test/import/import_screen_polish_test.dart: _Banner renders with AppRadius.cardAll and semantic label
01:42 +529: C:/Users/Atharva Patil/Documents/projects/gymlog/test/import/import_screen_polish_test.dart: _StatRow renders with semantic label
01:42 +530: C:/Users/Atharva Patil/Documents/projects/gymlog/test/import/import_screen_polish_test.dart: _UnitChooser renders with custom height, color tokens, and semantics
01:42 +531: C:/Users/Atharva Patil/Documents/projects/gymlog/test/import/workout_csv_parser_test.dart: Hevy parses sessions, sets, and kg volume from a real export
01:42 +532: C:/Users/Atharva Patil/Documents/projects/gymlog/test/import/workout_csv_parser_test.dart: Hevy respects the explicit set_type column (no warmups here)
01:42 +533: C:/Users/Atharva Patil/Documents/projects/gymlog/test/import/workout_csv_parser_test.dart: Hevy orders sets 0-based and contiguous within each exercise
01:42 +534: C:/Users/Atharva Patil/Documents/projects/gymlog/test/import/workout_csv_parser_test.dart: Hevy reads weight_lbs header variant and converts to kg
01:42 +535: C:/Users/Atharva Patil/Documents/projects/gymlog/test/import/workout_csv_parser_test.dart: Strong parses semicolon export and converts lbs → kg
01:42 +536: C:/Users/Atharva Patil/Documents/projects/gymlog/test/import/workout_csv_parser_test.dart: Strong infers warmups from the Notes column
01:42 +537: C:/Users/Atharva Patil/Documents/projects/gymlog/test/import/workout_csv_parser_test.dart: Strong derives session end time from Workout Duration
01:42 +538: C:/Users/Atharva Patil/Documents/projects/gymlog/test/import/workout_csv_parser_test.dart: Strong flags an assumed unit when Weight Unit column is missing
01:42 +539: C:/Users/Atharva Patil/Documents/projects/gymlog/test/import/workout_csv_parser_test.dart: cross-check Hevy and Strong files describe the same training volume
01:42 +540: C:/Users/Atharva Patil/Documents/projects/gymlog/test/import/workout_csv_parser_test.dart: errors throws on an unrecognised header
01:42 +541: C:/Users/Atharva Patil/Documents/projects/gymlog/test/import/workout_csv_parser_test.dart: errors throws on an empty file
01:44 +542: C:/Users/Atharva Patil/Documents/projects/gymlog/test/legal_consistency_test.dart: Legal URLs are valid and secure HTTPS links
01:45 +543: C:/Users/Atharva Patil/Documents/projects/gymlog/test/muscle_load_bar_accent_test.dart: legend dots equal the higgsfield (Volt, app default) ramp
01:46 +544: C:/Users/Atharva Patil/Documents/projects/gymlog/test/muscle_load_bar_accent_test.dart: legend dots equal the higgsfield (Volt, app default) ramp
01:47 +545: C:/Users/Atharva Patil/Documents/projects/gymlog/test/no_equipment_logging_certification_test.dart: ATOMIC-RC3-06 No-Equipment Logging End-to-End Certification Logs push-up and pull-up exercises without weight and exports cleanly
01:47 +546: C:/Users/Atharva Patil/Documents/projects/gymlog/test/no_equipment_logging_certification_test.dart: ATOMIC-RC3-06 No-Equipment Logging End-to-End Certification Logs push-up and pull-up exercises without weight and exports cleanly
01:48 +547: C:/Users/Atharva Patil/Documents/projects/gymlog/test/no_equipment_logging_certification_test.dart: ATOMIC-RC3-06 No-Equipment Logging End-to-End Certification Logs push-up and pull-up exercises without weight and exports cleanly
01:48 +548: C:/Users/Atharva Patil/Documents/projects/gymlog/test/no_equipment_logging_certification_test.dart: ATOMIC-RC3-06 No-Equipment Logging End-to-End Certification Logs push-up and pull-up exercises without weight and exports cleanly
01:48 +549: C:/Users/Atharva Patil/Documents/projects/gymlog/test/no_equipment_logging_certification_test.dart: ATOMIC-RC3-06 No-Equipment Logging End-to-End Certification Logs push-up and pull-up exercises without weight and exports cleanly
01:49 +550: C:/Users/Atharva Patil/Documents/projects/gymlog/test/performance/bounded_cache_and_startup_test.dart: (setUpAll)
01:49 +550: C:/Users/Atharva Patil/Documents/projects/gymlog/test/performance/bounded_cache_and_startup_test.dart: ATOMIC-11: Bounded Exercise Media Cache & Nonblocking Startup 1. Cache object limit is configured to 160 objects
01:49 +551: C:/Users/Atharva Patil/Documents/projects/gymlog/test/performance/bounded_cache_and_startup_test.dart: ATOMIC-11: Bounded Exercise Media Cache & Nonblocking Startup 2. Maintenance policy runs safely
[ExerciseMediaCacheManager] cache dir resolve error: MissingPluginException(No implementation found for method getTemporaryDirectory on channel plugins.flutter.io/path_provider)
01:49 +552: C:/Users/Atharva Patil/Documents/projects/gymlog/test/performance/bounded_cache_and_startup_test.dart: ATOMIC-11: Bounded Exercise Media Cache & Nonblocking Startup 3. Reduced-motion GIF behavior renders static poster/frame
01:50 +553: C:/Users/Atharva Patil/Documents/projects/gymlog/test/performance/bounded_cache_and_startup_test.dart: ATOMIC-11: Bounded Exercise Media Cache & Nonblocking Startup 3. Reduced-motion GIF behavior renders static poster/frame
01:50 +554: C:/Users/Atharva Patil/Documents/projects/gymlog/test/performance/bounded_cache_and_startup_test.dart: ATOMIC-11: Bounded Exercise Media Cache & Nonblocking Startup 3. Reduced-motion GIF behavior renders static poster/frame
01:50 +555: C:/Users/Atharva Patil/Documents/projects/gymlog/test/performance/bounded_cache_and_startup_test.dart: ATOMIC-11: Bounded Exercise Media Cache & Nonblocking Startup 3. Reduced-motion GIF behavior renders static poster/frame
01:50 +556: C:/Users/Atharva Patil/Documents/projects/gymlog/test/premium/strict_entitlement_verification_test.dart: ATOMIC-08: Strict Premium Entitlement Verification 4. Expiration check in isPremiumProvider rejects expired profile cache
01:50 +557: C:/Users/Atharva Patil/Documents/projects/gymlog/test/premium/strict_entitlement_verification_test.dart: ATOMIC-08: Strict Premium Entitlement Verification 4. Expiration check in isPremiumProvider rejects expired profile cache
01:50 +558: C:/Users/Atharva Patil/Documents/projects/gymlog/test/premium/strict_entitlement_verification_test.dart: ATOMIC-08: Strict Premium Entitlement Verification 4. Expiration check in isPremiumProvider rejects expired profile cache
01:50 +559: C:/Users/Atharva Patil/Documents/projects/gymlog/test/premium/strict_entitlement_verification_test.dart: ATOMIC-08: Strict Premium Entitlement Verification 4. Expiration check in isPremiumProvider rejects expired profile cache
01:50 +560: C:/Users/Atharva Patil/Documents/projects/gymlog/test/performance/bounded_cache_and_startup_test.dart: ATOMIC-11: Bounded Exercise Media Cache & Nonblocking Startup 7. Supabase timeout leads to remoteDegraded state without crashing
01:50 +561: C:/Users/Atharva Patil/Documents/projects/gymlog/test/premium/strict_entitlement_verification_test.dart: ATOMIC-08: Strict Premium Entitlement Verification 5. Valid unexpired profile cache returns true when RevenueCat unavailable
01:50 +562: C:/Users/Atharva Patil/Documents/projects/gymlog/test/premium/strict_entitlement_verification_test.dart: ATOMIC-08: Strict Premium Entitlement Verification 5. Valid unexpired profile cache returns true when RevenueCat unavailable
01:51 +563: C:/Users/Atharva Patil/Documents/projects/gymlog/test/premium/strict_entitlement_verification_test.dart: ATOMIC-08: Strict Premium Entitlement Verification 5. Valid unexpired profile cache returns true when RevenueCat unavailable
01:51 +564: C:/Users/Atharva Patil/Documents/projects/gymlog/test/premium/strict_entitlement_verification_test.dart: ATOMIC-08: Strict Premium Entitlement Verification 5. Valid unexpired profile cache returns true when RevenueCat unavailable
01:51 +565: C:/Users/Atharva Patil/Documents/projects/gymlog/test/premium/strict_entitlement_verification_test.dart: ATOMIC-08: Strict Premium Entitlement Verification 6. Account A (premium) to Account B (free) transition does not leak entitlement
01:51 +566: C:/Users/Atharva Patil/Documents/projects/gymlog/test/premium/strict_entitlement_verification_test.dart: ATOMIC-08: Strict Premium Entitlement Verification 7. Stale local cache with null expiry but isPremium=false is rejected
01:51 +567: C:/Users/Atharva Patil/Documents/projects/gymlog/test/pressable_scale_test.dart: forwards taps to the child (does not steal the gesture)
01:52 +568: C:/Users/Atharva Patil/Documents/projects/gymlog/test/profile/help_report_form_test.dart: UX-95-03 — Adaptive Help report form renders fields at default text scale
01:52 +569: C:/Users/Atharva Patil/Documents/projects/gymlog/test/profile/help_report_form_test.dart: UX-95-03 — Adaptive Help report form renders fields at default text scale
01:52 +570: C:/Users/Atharva Patil/Documents/projects/gymlog/test/profile/help_report_form_test.dart: UX-95-03 — Adaptive Help report form renders fields at default text scale
01:53 +571: C:/Users/Atharva Patil/Documents/projects/gymlog/test/profile/help_report_form_test.dart: UX-95-03 — Adaptive Help report form renders at max text scale in scrollable container
01:53 +572: C:/Users/Atharva Patil/Documents/projects/gymlog/test/profile_cluster_polish_test.dart: ProfileAvatar fallback displays display name letter
01:54 +573: C:/Users/Atharva Patil/Documents/projects/gymlog/test/profile_cluster_polish_test.dart: ProfileAvatar fallback displays display name letter
01:54 +574: C:/Users/Atharva Patil/Documents/projects/gymlog/test/profile_cluster_polish_test.dart: ProfileAvatar fallback displays display name letter
01:54 +574: C:/Users/Atharva Patil/Documents/projects/gymlog/test/profile_sync_service_test.dart: submitDisplayName keeps local + queues when remote is offline, retry delivers later
[ProfileSyncService] Remote sync failed: Exception: offline
#0      FakeRemote.upsert (file:///C:/Users/Atharva%20Patil/Documents/projects/gymlog/test/profile_sync_service_test.dart:38:19)
#1      ProfileSyncService._flushPendingOrThrow (package:gymlog/core/services/profile_sync_service.dart:195:10)
<asynchronous suspension>
#2      ProfileSyncService.submitDisplayName (package:gymlog/core/services/profile_sync_service.dart:80:7)
<asynchronous suspension>
#3      main.<anonymous closure>.<anonymous closure> (file:///C:/Users/Atharva%20Patil/Documents/projects/gymlog/test/profile_sync_service_test.dart:101:7)
<asynchronous suspension>
#4      Declarer.test.<anonymous closure>.<anonymous closure> (package:test_api/src/backend/declarer.dart:253:15)
<asynchronous suspension>
#5      Declarer.test.<anonymous closure> (package:test_api/src/backend/declarer.dart:250:11)
<asynchronous suspension>
#6      Invoker._waitForOutstandingCallbacks.<anonymous closure> (package:test_api/src/backend/invoker.dart:318:9)
<asynchronous suspension>

01:54 +575: C:/Users/Atharva Patil/Documents/projects/gymlog/test/profile_cluster_polish_test.dart: ProfileAvatar fallback displays display name letter
01:54 +576: C:/Users/Atharva Patil/Documents/projects/gymlog/test/profile_cluster_polish_test.dart: ProfileAvatar fallback displays display name letter
01:54 +577: C:/Users/Atharva Patil/Documents/projects/gymlog/test/profile_cluster_polish_test.dart: ProfileAvatar fallback displays display name letter
01:54 +578: C:/Users/Atharva Patil/Documents/projects/gymlog/test/profile_cluster_polish_test.dart: ProfileAvatar fallback displays display name letter
01:54 +579: C:/Users/Atharva Patil/Documents/projects/gymlog/test/profile_cluster_polish_test.dart: ProfileAvatar fallback displays display name letter
01:54 +580: C:/Users/Atharva Patil/Documents/projects/gymlog/test/profile_cluster_polish_test.dart: ProfileAvatar fallback displays display name letter
01:54 +581: C:/Users/Atharva Patil/Documents/projects/gymlog/test/profile_cluster_polish_test.dart: ProfileAvatar fallback displays display name letter
01:54 +582: C:/Users/Atharva Patil/Documents/projects/gymlog/test/profile_cluster_polish_test.dart: ProfileAvatar fallback displays display name letter
01:54 +583: C:/Users/Atharva Patil/Documents/projects/gymlog/test/profile_cluster_polish_test.dart: ProfileAvatar fallback displays display name letter
01:55 +584: C:/Users/Atharva Patil/Documents/projects/gymlog/test/profile_cluster_polish_test.dart: WeeklyBarChart low-data comparison view dynamic colors
01:55 +585: C:/Users/Atharva Patil/Documents/projects/gymlog/test/profile_weekly_bar_chart_test.dart: ProfileGraphEmptyState renders title, subtitle and CTA
01:55 +586: C:/Users/Atharva Patil/Documents/projects/gymlog/test/profile_weekly_bar_chart_test.dart: ProfileGraphEmptyState renders title, subtitle and CTA
01:55 +587: C:/Users/Atharva Patil/Documents/projects/gymlog/test/profile_weekly_bar_chart_test.dart: ProfileGraphEmptyState renders title, subtitle and CTA
01:55 +588: C:/Users/Atharva Patil/Documents/projects/gymlog/test/profile_weekly_bar_chart_test.dart: ProfileGraphEmptyState renders title, subtitle and CTA
01:56 +589: C:/Users/Atharva Patil/Documents/projects/gymlog/test/profile_weekly_bar_chart_test.dart: ProfileGraphEmptyState renders title, subtitle and CTA
01:56 +590: C:/Users/Atharva Patil/Documents/projects/gymlog/test/profile_weekly_bar_chart_test.dart: ProfileGraphEmptyState renders title, subtitle and CTA
01:56 +591: C:/Users/Atharva Patil/Documents/projects/gymlog/test/profile_weekly_bar_chart_test.dart: ProfileGraphEmptyState renders title, subtitle and CTA
01:56 +592: C:/Users/Atharva Patil/Documents/projects/gymlog/test/profile_weekly_bar_chart_test.dart: GraphKpiHeader shows latest value and "This week" caption always when data exists
01:56 +593: C:/Users/Atharva Patil/Documents/projects/gymlog/test/profile_weekly_bar_chart_test.dart: GraphKpiHeader hides delta pill when fewer than 4 filled weeks have data
01:57 +594: C:/Users/Atharva Patil/Documents/projects/gymlog/test/profile_weekly_bar_chart_test.dart: GraphKpiHeader shows delta pill once 4+ filled weeks have data
01:57 +595: C:/Users/Atharva Patil/Documents/projects/gymlog/test/radius_token_test.dart: DeleteAccountScreen danger chip and _SectionCard use correct AppRadius tokens
01:57 +596: C:/Users/Atharva Patil/Documents/projects/gymlog/test/radius_token_test.dart: DeleteAccountScreen danger chip and _SectionCard use correct AppRadius tokens
01:57 +597: C:/Users/Atharva Patil/Documents/projects/gymlog/test/radius_token_test.dart: DeleteAccountScreen danger chip and _SectionCard use correct AppRadius tokens
01:57 +598: C:/Users/Atharva Patil/Documents/projects/gymlog/test/radius_token_test.dart: DeleteAccountScreen danger chip and _SectionCard use correct AppRadius tokens
01:57 +599: C:/Users/Atharva Patil/Documents/projects/gymlog/test/radius_token_test.dart: DeleteAccountScreen danger chip and _SectionCard use correct AppRadius tokens
01:57 +600: C:/Users/Atharva Patil/Documents/projects/gymlog/test/radius_token_test.dart: DeleteAccountScreen danger chip and _SectionCard use correct AppRadius tokens
01:57 +601: C:/Users/Atharva Patil/Documents/projects/gymlog/test/radius_token_test.dart: DeleteAccountScreen danger chip and _SectionCard use correct AppRadius tokens
01:58 +601: C:/Users/Atharva Patil/Documents/projects/gymlog/test/reorder_exercise_test.dart: move first item down (A→index 2): B, C, A, D
[WorkoutDraftStore] save failed: Binding has not yet been initialized.
The "instance" getter on the ServicesBinding binding mixin is only available once that binding has been initialized.
Typically, this is done by calling "WidgetsFlutterBinding.ensureInitialized()" or "runApp()" (the latter calls the former). Typically this call is done in the "void main()" method. The "ensureInitialized" method is idempotent; calling it multiple times is not harmful. After calling that method, the "instance" getter will return the binding.
In a test, one can call "TestWidgetsFlutterBinding.ensureInitialized()" as the first line in the test's "main()" method to initialize the binding.
If ServicesBinding is a custom binding mixin, there must also be a custom binding class, like WidgetsFlutterBinding, but that mixes in the selected binding, and that is the class that must be constructed before using the "instance" getter.
[WorkoutDraftStore] save failed: Binding has not yet been initialized.
The "instance" getter on the ServicesBinding binding mixin is only available once that binding has been initialized.
Typically, this is done by calling "WidgetsFlutterBinding.ensureInitialized()" or "runApp()" (the latter calls the former). Typically this call is done in the "void main()" method. The "ensureInitialized" method is idempotent; calling it multiple times is not harmful. After calling that method, the "instance" getter will return the binding.
In a test, one can call "TestWidgetsFlutterBinding.ensureInitialized()" as the first line in the test's "main()" method to initialize the binding.
If ServicesBinding is a custom binding mixin, there must also be a custom binding class, like WidgetsFlutterBinding, but that mixes in the selected binding, and that is the class that must be constructed before using the "instance" getter.
01:58 +602: C:/Users/Atharva Patil/Documents/projects/gymlog/test/radius_token_test.dart: DeleteAccountScreen danger chip and _SectionCard use correct AppRadius tokens
01:58 +602: C:/Users/Atharva Patil/Documents/projects/gymlog/test/reorder_exercise_test.dart: move last item to front (D→index 0): D, A, B, C
[WorkoutDraftStore] save failed: Binding has not yet been initialized.
The "instance" getter on the ServicesBinding binding mixin is only available once that binding has been initialized.
Typically, this is done by calling "WidgetsFlutterBinding.ensureInitialized()" or "runApp()" (the latter calls the former). Typically this call is done in the "void main()" method. The "ensureInitialized" method is idempotent; calling it multiple times is not harmful. After calling that method, the "instance" getter will return the binding.
In a test, one can call "TestWidgetsFlutterBinding.ensureInitialized()" as the first line in the test's "main()" method to initialize the binding.
If ServicesBinding is a custom binding mixin, there must also be a custom binding class, like WidgetsFlutterBinding, but that mixes in the selected binding, and that is the class that must be constructed before using the "instance" getter.
[WorkoutDraftStore] save failed: Binding has not yet been initialized.
The "instance" getter on the ServicesBinding binding mixin is only available once that binding has been initialized.
Typically, this is done by calling "WidgetsFlutterBinding.ensureInitialized()" or "runApp()" (the latter calls the former). Typically this call is done in the "void main()" method. The "ensureInitialized" method is idempotent; calling it multiple times is not harmful. After calling that method, the "instance" getter will return the binding.
In a test, one can call "TestWidgetsFlutterBinding.ensureInitialized()" as the first line in the test's "main()" method to initialize the binding.
If ServicesBinding is a custom binding mixin, there must also be a custom binding class, like WidgetsFlutterBinding, but that mixes in the selected binding, and that is the class that must be constructed before using the "instance" getter.
01:58 +603: C:/Users/Atharva Patil/Documents/projects/gymlog/test/radius_token_test.dart: DeleteAccountScreen danger chip and _SectionCard use correct AppRadius tokens
01:58 +603: C:/Users/Atharva Patil/Documents/projects/gymlog/test/reorder_exercise_test.dart: move middle up (C→index 1): A, C, B, D
[WorkoutDraftStore] save failed: Binding has not yet been initialized.
The "instance" getter on the ServicesBinding binding mixin is only available once that binding has been initialized.
Typically, this is done by calling "WidgetsFlutterBinding.ensureInitialized()" or "runApp()" (the latter calls the former). Typically this call is done in the "void main()" method. The "ensureInitialized" method is idempotent; calling it multiple times is not harmful. After calling that method, the "instance" getter will return the binding.
In a test, one can call "TestWidgetsFlutterBinding.ensureInitialized()" as the first line in the test's "main()" method to initialize the binding.
If ServicesBinding is a custom binding mixin, there must also be a custom binding class, like WidgetsFlutterBinding, but that mixes in the selected binding, and that is the class that must be constructed before using the "instance" getter.
[WorkoutDraftStore] save failed: Binding has not yet been initialized.
The "instance" getter on the ServicesBinding binding mixin is only available once that binding has been initialized.
Typically, this is done by calling "WidgetsFlutterBinding.ensureInitialized()" or "runApp()" (the latter calls the former). Typically this call is done in the "void main()" method. The "ensureInitialized" method is idempotent; calling it multiple times is not harmful. After calling that method, the "instance" getter will return the binding.
In a test, one can call "TestWidgetsFlutterBinding.ensureInitialized()" as the first line in the test's "main()" method to initialize the binding.
If ServicesBinding is a custom binding mixin, there must also be a custom binding class, like WidgetsFlutterBinding, but that mixes in the selected binding, and that is the class that must be constructed before using the "instance" getter.
01:58 +604: C:/Users/Atharva Patil/Documents/projects/gymlog/test/radius_token_test.dart: DeleteAccountScreen danger chip and _SectionCard use correct AppRadius tokens
01:58 +604: C:/Users/Atharva Patil/Documents/projects/gymlog/test/reorder_exercise_test.dart: out-of-range oldIndex is ignored (no throw, order intact)
[WorkoutDraftStore] save failed: Binding has not yet been initialized.
The "instance" getter on the ServicesBinding binding mixin is only available once that binding has been initialized.
Typically, this is done by calling "WidgetsFlutterBinding.ensureInitialized()" or "runApp()" (the latter calls the former). Typically this call is done in the "void main()" method. The "ensureInitialized" method is idempotent; calling it multiple times is not harmful. After calling that method, the "instance" getter will return the binding.
In a test, one can call "TestWidgetsFlutterBinding.ensureInitialized()" as the first line in the test's "main()" method to initialize the binding.
If ServicesBinding is a custom binding mixin, there must also be a custom binding class, like WidgetsFlutterBinding, but that mixes in the selected binding, and that is the class that must be constructed before using the "instance" getter.
01:58 +605: C:/Users/Atharva Patil/Documents/projects/gymlog/test/radius_token_test.dart: DeleteAccountScreen danger chip and _SectionCard use correct AppRadius tokens
01:58 +606: C:/Users/Atharva Patil/Documents/projects/gymlog/test/radius_token_test.dart: ExerciseSelectionScreen filter chip uses AppRadius.buttonSecondaryAll
01:59 +607: C:/Users/Atharva Patil/Documents/projects/gymlog/test/radius_token_test.dart: ExerciseSelectionScreen filter chip uses AppRadius.buttonSecondaryAll
01:59 +608: C:/Users/Atharva Patil/Documents/projects/gymlog/test/radius_token_test.dart: ExerciseSelectionScreen filter chip uses AppRadius.buttonSecondaryAll
01:59 +609: C:/Users/Atharva Patil/Documents/projects/gymlog/test/radius_token_test.dart: ExerciseSelectionScreen filter chip uses AppRadius.buttonSecondaryAll
01:59 +610: C:/Users/Atharva Patil/Documents/projects/gymlog/test/radius_token_test.dart: ExerciseSelectionScreen filter chip uses AppRadius.buttonSecondaryAll
01:59 +611: C:/Users/Atharva Patil/Documents/projects/gymlog/test/radius_token_test.dart: ExerciseSelectionScreen filter chip uses AppRadius.buttonSecondaryAll
01:59 +612: C:/Users/Atharva Patil/Documents/projects/gymlog/test/radius_token_test.dart: ExerciseSelectionScreen filter chip uses AppRadius.buttonSecondaryAll
01:59 +613: C:/Users/Atharva Patil/Documents/projects/gymlog/test/reps_only_exercise_test.dart: ActiveWorkoutNotifier Reps-Only & Switching Logic adding reps-only exercise initializes weightKg to null
[WorkoutDraftStore] save failed: Binding has not yet been initialized.
The "instance" getter on the ServicesBinding binding mixin is only available once that binding has been initialized.
Typically, this is done by calling "WidgetsFlutterBinding.ensureInitialized()" or "runApp()" (the latter calls the former). Typically this call is done in the "void main()" method. The "ensureInitialized" method is idempotent; calling it multiple times is not harmful. After calling that method, the "instance" getter will return the binding.
In a test, one can call "TestWidgetsFlutterBinding.ensureInitialized()" as the first line in the test's "main()" method to initialize the binding.
If ServicesBinding is a custom binding mixin, there must also be a custom binding class, like WidgetsFlutterBinding, but that mixes in the selected binding, and that is the class that must be constructed before using the "instance" getter.
[WorkoutDraftStore] save failed: Binding has not yet been initialized.
The "instance" getter on the ServicesBinding binding mixin is only available once that binding has been initialized.
Typically, this is done by calling "WidgetsFlutterBinding.ensureInitialized()" or "runApp()" (the latter calls the former). Typically this call is done in the "void main()" method. The "ensureInitialized" method is idempotent; calling it multiple times is not harmful. After calling that method, the "instance" getter will return the binding.
In a test, one can call "TestWidgetsFlutterBinding.ensureInitialized()" as the first line in the test's "main()" method to initialize the binding.
If ServicesBinding is a custom binding mixin, there must also be a custom binding class, like WidgetsFlutterBinding, but that mixes in the selected binding, and that is the class that must be constructed before using the "instance" getter.
01:59 +614: C:/Users/Atharva Patil/Documents/projects/gymlog/test/radius_token_test.dart: HomeScreen initial skeleton uses AppRadius.card
01:59 +614: C:/Users/Atharva Patil/Documents/projects/gymlog/test/reps_only_exercise_test.dart: ActiveWorkoutNotifier Reps-Only & Switching Logic adding weighted exercise initializes weightKg to 0.0
[WorkoutDraftStore] save failed: Binding has not yet been initialized.
The "instance" getter on the ServicesBinding binding mixin is only available once that binding has been initialized.
Typically, this is done by calling "WidgetsFlutterBinding.ensureInitialized()" or "runApp()" (the latter calls the former). Typically this call is done in the "void main()" method. The "ensureInitialized" method is idempotent; calling it multiple times is not harmful. After calling that method, the "instance" getter will return the binding.
In a test, one can call "TestWidgetsFlutterBinding.ensureInitialized()" as the first line in the test's "main()" method to initialize the binding.
If ServicesBinding is a custom binding mixin, there must also be a custom binding class, like WidgetsFlutterBinding, but that mixes in the selected binding, and that is the class that must be constructed before using the "instance" getter.
[WorkoutDraftStore] save failed: Binding has not yet been initialized.
The "instance" getter on the ServicesBinding binding mixin is only available once that binding has been initialized.
Typically, this is done by calling "WidgetsFlutterBinding.ensureInitialized()" or "runApp()" (the latter calls the former). Typically this call is done in the "void main()" method. The "ensureInitialized" method is idempotent; calling it multiple times is not harmful. After calling that method, the "instance" getter will return the binding.
In a test, one can call "TestWidgetsFlutterBinding.ensureInitialized()" as the first line in the test's "main()" method to initialize the binding.
If ServicesBinding is a custom binding mixin, there must also be a custom binding class, like WidgetsFlutterBinding, but that mixes in the selected binding, and that is the class that must be constructed before using the "instance" getter.
01:59 +615: C:/Users/Atharva Patil/Documents/projects/gymlog/test/radius_token_test.dart: HomeScreen initial skeleton uses AppRadius.card
01:59 +616: C:/Users/Atharva Patil/Documents/projects/gymlog/test/reps_only_exercise_test.dart: ActiveWorkoutNotifier Reps-Only & Switching Logic switching between weighted and reps-only respects target measurementType
[WorkoutDraftStore] save failed: Binding has not yet been initialized.
The "instance" getter on the ServicesBinding binding mixin is only available once that binding has been initialized.
Typically, this is done by calling "WidgetsFlutterBinding.ensureInitialized()" or "runApp()" (the latter calls the former). Typically this call is done in the "void main()" method. The "ensureInitialized" method is idempotent; calling it multiple times is not harmful. After calling that method, the "instance" getter will return the binding.
In a test, one can call "TestWidgetsFlutterBinding.ensureInitialized()" as the first line in the test's "main()" method to initialize the binding.
If ServicesBinding is a custom binding mixin, there must also be a custom binding class, like WidgetsFlutterBinding, but that mixes in the selected binding, and that is the class that must be constructed before using the "instance" getter.
[WorkoutDraftStore] save failed: Binding has not yet been initialized.
The "instance" getter on the ServicesBinding binding mixin is only available once that binding has been initialized.
Typically, this is done by calling "WidgetsFlutterBinding.ensureInitialized()" or "runApp()" (the latter calls the former). Typically this call is done in the "void main()" method. The "ensureInitialized" method is idempotent; calling it multiple times is not harmful. After calling that method, the "instance" getter will return the binding.
In a test, one can call "TestWidgetsFlutterBinding.ensureInitialized()" as the first line in the test's "main()" method to initialize the binding.
If ServicesBinding is a custom binding mixin, there must also be a custom binding class, like WidgetsFlutterBinding, but that mixes in the selected binding, and that is the class that must be constructed before using the "instance" getter.
[WorkoutDraftStore] save failed: Binding has not yet been initialized.
The "instance" getter on the ServicesBinding binding mixin is only available once that binding has been initialized.
Typically, this is done by calling "WidgetsFlutterBinding.ensureInitialized()" or "runApp()" (the latter calls the former). Typically this call is done in the "void main()" method. The "ensureInitialized" method is idempotent; calling it multiple times is not harmful. After calling that method, the "instance" getter will return the binding.
In a test, one can call "TestWidgetsFlutterBinding.ensureInitialized()" as the first line in the test's "main()" method to initialize the binding.
If ServicesBinding is a custom binding mixin, there must also be a custom binding class, like WidgetsFlutterBinding, but that mixes in the selected binding, and that is the class that must be constructed before using the "instance" getter.
[WorkoutDraftStore] save failed: Binding has not yet been initialized.
The "instance" getter on the ServicesBinding binding mixin is only available once that binding has been initialized.
Typically, this is done by calling "WidgetsFlutterBinding.ensureInitialized()" or "runApp()" (the latter calls the former). Typically this call is done in the "void main()" method. The "ensureInitialized" method is idempotent; calling it multiple times is not harmful. After calling that method, the "instance" getter will return the binding.
In a test, one can call "TestWidgetsFlutterBinding.ensureInitialized()" as the first line in the test's "main()" method to initialize the binding.
If ServicesBinding is a custom binding mixin, there must also be a custom binding class, like WidgetsFlutterBinding, but that mixes in the selected binding, and that is the class that must be constructed before using the "instance" getter.
01:59 +617: C:/Users/Atharva Patil/Documents/projects/gymlog/test/reps_only_exercise_test.dart: ActiveWorkoutNotifier Reps-Only & Switching Logic sessionTotals volume calculation ignores null weights
[WorkoutDraftStore] save failed: Binding has not yet been initialized.
The "instance" getter on the ServicesBinding binding mixin is only available once that binding has been initialized.
Typically, this is done by calling "WidgetsFlutterBinding.ensureInitialized()" or "runApp()" (the latter calls the former). Typically this call is done in the "void main()" method. The "ensureInitialized" method is idempotent; calling it multiple times is not harmful. After calling that method, the "instance" getter will return the binding.
In a test, one can call "TestWidgetsFlutterBinding.ensureInitialized()" as the first line in the test's "main()" method to initialize the binding.
If ServicesBinding is a custom binding mixin, there must also be a custom binding class, like WidgetsFlutterBinding, but that mixes in the selected binding, and that is the class that must be constructed before using the "instance" getter.
[WorkoutDraftStore] save failed: Binding has not yet been initialized.
The "instance" getter on the ServicesBinding binding mixin is only available once that binding has been initialized.
Typically, this is done by calling "WidgetsFlutterBinding.ensureInitialized()" or "runApp()" (the latter calls the former). Typically this call is done in the "void main()" method. The "ensureInitialized" method is idempotent; calling it multiple times is not harmful. After calling that method, the "instance" getter will return the binding.
In a test, one can call "TestWidgetsFlutterBinding.ensureInitialized()" as the first line in the test's "main()" method to initialize the binding.
If ServicesBinding is a custom binding mixin, there must also be a custom binding class, like WidgetsFlutterBinding, but that mixes in the selected binding, and that is the class that must be constructed before using the "instance" getter.
[WorkoutDraftStore] save failed: Binding has not yet been initialized.
The "instance" getter on the ServicesBinding binding mixin is only available once that binding has been initialized.
Typically, this is done by calling "WidgetsFlutterBinding.ensureInitialized()" or "runApp()" (the latter calls the former). Typically this call is done in the "void main()" method. The "ensureInitialized" method is idempotent; calling it multiple times is not harmful. After calling that method, the "instance" getter will return the binding.
In a test, one can call "TestWidgetsFlutterBinding.ensureInitialized()" as the first line in the test's "main()" method to initialize the binding.
If ServicesBinding is a custom binding mixin, there must also be a custom binding class, like WidgetsFlutterBinding, but that mixes in the selected binding, and that is the class that must be constructed before using the "instance" getter.
[WorkoutDraftStore] save failed: Binding has not yet been initialized.
The "instance" getter on the ServicesBinding binding mixin is only available once that binding has been initialized.
Typically, this is done by calling "WidgetsFlutterBinding.ensureInitialized()" or "runApp()" (the latter calls the former). Typically this call is done in the "void main()" method. The "ensureInitialized" method is idempotent; calling it multiple times is not harmful. After calling that method, the "instance" getter will return the binding.
In a test, one can call "TestWidgetsFlutterBinding.ensureInitialized()" as the first line in the test's "main()" method to initialize the binding.
If ServicesBinding is a custom binding mixin, there must also be a custom binding class, like WidgetsFlutterBinding, but that mixes in the selected binding, and that is the class that must be constructed before using the "instance" getter.
[WorkoutDraftStore] save failed: Binding has not yet been initialized.
The "instance" getter on the ServicesBinding binding mixin is only available once that binding has been initialized.
Typically, this is done by calling "WidgetsFlutterBinding.ensureInitialized()" or "runApp()" (the latter calls the former). Typically this call is done in the "void main()" method. The "ensureInitialized" method is idempotent; calling it multiple times is not harmful. After calling that method, the "instance" getter will return the binding.
In a test, one can call "TestWidgetsFlutterBinding.ensureInitialized()" as the first line in the test's "main()" method to initialize the binding.
If ServicesBinding is a custom binding mixin, there must also be a custom binding class, like WidgetsFlutterBinding, but that mixes in the selected binding, and that is the class that must be constructed before using the "instance" getter.
[WorkoutDraftStore] save failed: Binding has not yet been initialized.
The "instance" getter on the ServicesBinding binding mixin is only available once that binding has been initialized.
Typically, this is done by calling "WidgetsFlutterBinding.ensureInitialized()" or "runApp()" (the latter calls the former). Typically this call is done in the "void main()" method. The "ensureInitialized" method is idempotent; calling it multiple times is not harmful. After calling that method, the "instance" getter will return the binding.
01:59 +618: C:/Users/Atharva Patil/Documents/projects/gymlog/test/rest_preference_atomic_test.dart: ATOMIC-01 RestPreference & Normalization Suite 1. Default maps to null
01:59 +619: C:/Users/Atharva Patil/Documents/projects/gymlog/test/rest_preference_atomic_test.dart: ATOMIC-01 RestPreference & Normalization Suite 2. Disabled maps to zero
01:59 +620: C:/Users/Atharva Patil/Documents/projects/gymlog/test/rest_preference_atomic_test.dart: ATOMIC-01 RestPreference & Normalization Suite 3. Custom maps to positive seconds
01:59 +621: C:/Users/Atharva Patil/Documents/projects/gymlog/test/rest_preference_atomic_test.dart: ATOMIC-01 RestPreference & Normalization Suite 4. Null restores Default
01:59 +622: C:/Users/Atharva Patil/Documents/projects/gymlog/test/rest_preference_atomic_test.dart: ATOMIC-01 RestPreference & Normalization Suite 5. Zero restores Disabled
01:59 +623: C:/Users/Atharva Patil/Documents/projects/gymlog/test/rest_preference_atomic_test.dart: ATOMIC-01 RestPreference & Normalization Suite 6. Custom equal to global normalizes to Default
01:59 +624: C:/Users/Atharva Patil/Documents/projects/gymlog/test/rest_preference_atomic_test.dart: ATOMIC-01 RestPreference & Normalization Suite 7. Exactly one selection predicate is true
01:59 +625: C:/Users/Atharva Patil/Documents/projects/gymlog/test/rest_preference_atomic_test.dart: ATOMIC-01 RestPreference & Normalization Suite 8. No production widget contains visible text None
02:01 +626: C:/Users/Atharva Patil/Documents/projects/gymlog/test/rest_preference_atomic_test.dart: ATOMIC-01 RestPreference & Normalization Suite 8. No production widget contains visible text None
02:02 +627: C:/Users/Atharva Patil/Documents/projects/gymlog/test/rest_timer_expired_resume_test.dart: resumeFromEndTime with an expired endTime fires TimerExpiredEvent
02:02 +628: C:/Users/Atharva Patil/Documents/projects/gymlog/test/rest_timer_expired_resume_test.dart: resumeFromEndTime with an expired endTime fires TimerExpiredEvent
02:02 +629: C:/Users/Atharva Patil/Documents/projects/gymlog/test/rest_timer_expired_resume_test.dart: resumeFromEndTime with an expired endTime fires TimerExpiredEvent
02:02 +630: C:/Users/Atharva Patil/Documents/projects/gymlog/test/rest_timer_override_test.dart: GymLog P0-04 Rest Timer Override & Precedence Suite precedence: override > global setting default > safe fallback (90s)
02:02 +631: C:/Users/Atharva Patil/Documents/projects/gymlog/test/rest_timer_override_test.dart: GymLog P0-04 Rest Timer Override & Precedence Suite override scope: override on exercise A does not leak to exercise B
02:03 +632: C:/Users/Atharva Patil/Documents/projects/gymlog/test/rest_timer_override_test.dart: GymLog P0-04 Rest Timer Override & Precedence Suite new-workout starts without copying previous workout overrides
02:03 +633: C:/Users/Atharva Patil/Documents/projects/gymlog/test/rest_timer_override_test.dart: GymLog P0-04 Rest Timer Override & Precedence Suite background/resume: timer expired while backgrounded triggers finish on sync
02:03 +634: C:/Users/Atharva Patil/Documents/projects/gymlog/test/rest_timer_override_test.dart: GymLog P0-04 Rest Timer Override & Precedence Suite active timer change rule: mutating override does not alter already-running timer deadline
02:03 +635: C:/Users/Atharva Patil/Documents/projects/gymlog/test/rest_timer_override_test.dart: GymLog P0-04 Rest Timer Override & Precedence Suite process-death: restores override and running timer context successfully
02:03 +636: C:/Users/Atharva Patil/Documents/projects/gymlog/test/rest_timer_override_test.dart: GymLog P0-04 Rest Timer Override & Precedence Suite idempotency: multiple start, cancel, and skip calls behave predictably
02:03 +637: C:/Users/Atharva Patil/Documents/projects/gymlog/test/rest_timer_override_test.dart: GymLog P0-04 Rest Timer Override & Precedence Suite boundaries: custom overrides are clamped inside user UI picker sheets
02:03 +638: C:/Users/Atharva Patil/Documents/projects/gymlog/test/rest_time_sheet_atomic_test.dart: ATOMIC-02 RestTimeSheet Suite 1. no None or Matches default in sheet
02:04 +639: C:/Users/Atharva Patil/Documents/projects/gymlog/test/rest_time_sheet_atomic_test.dart: ATOMIC-02 RestTimeSheet Suite 1. no None or Matches default in sheet
02:04 +640: C:/Users/Atharva Patil/Documents/projects/gymlog/test/rest_time_sheet_atomic_test.dart: ATOMIC-02 RestTimeSheet Suite 1. no None or Matches default in sheet
02:05 +641: C:/Users/Atharva Patil/Documents/projects/gymlog/test/routine_detail_scroll_and_loading_test.dart: RoutineDetailScreen loaded view uses AlwaysScrollableScrollPhysics
02:06 +642: C:/Users/Atharva Patil/Documents/projects/gymlog/test/routine_detail_scroll_and_loading_test.dart: RoutineDetailScreen loaded view uses AlwaysScrollableScrollPhysics
02:06 +643: C:/Users/Atharva Patil/Documents/projects/gymlog/test/routine_detail_scroll_and_loading_test.dart: RoutineDetailScreen loaded view uses AlwaysScrollableScrollPhysics
02:06 +644: C:/Users/Atharva Patil/Documents/projects/gymlog/test/routine_detail_scroll_and_loading_test.dart: RoutineDetailScreen loaded view uses AlwaysScrollableScrollPhysics
02:06 +645: C:/Users/Atharva Patil/Documents/projects/gymlog/test/routine_detail_scroll_and_loading_test.dart: RoutineDetailScreen loaded view uses AlwaysScrollableScrollPhysics
02:07 +646: C:/Users/Atharva Patil/Documents/projects/gymlog/test/routine_detail_scroll_and_loading_test.dart: RoutineDetailScreen loaded view uses AlwaysScrollableScrollPhysics
02:07 +647: C:/Users/Atharva Patil/Documents/projects/gymlog/test/routine_detail_scroll_and_loading_test.dart: RoutineDetailScreen loaded view uses AlwaysScrollableScrollPhysics
02:08 +648: C:/Users/Atharva Patil/Documents/projects/gymlog/test/routine_editor_reorder_test.dart: full list renders through a drag and reorders correctly
02:08 +649: C:/Users/Atharva Patil/Documents/projects/gymlog/test/routine_editor_reorder_test.dart: full list renders through a drag and reorders correctly
02:08 +650: C:/Users/Atharva Patil/Documents/projects/gymlog/test/routine_volume_error_state_test.dart: failed volume stream renders error+retry, never a zeroed volume graph
02:11 +651: C:/Users/Atharva Patil/Documents/projects/gymlog/test/routine_volume_error_state_test.dart: failed volume stream renders error+retry, never a zeroed volume graph
02:11 +652: C:/Users/Atharva Patil/Documents/projects/gymlog/test/screens_theme_test.dart: Screens Theme Verification Tests HomeScreen renders under multiple accents
02:13 +653: C:/Users/Atharva Patil/Documents/projects/gymlog/test/screens_typography_test.dart: AuthScreen renders without exceptions and key text is present
02:14 +654: C:/Users/Atharva Patil/Documents/projects/gymlog/test/screens_typography_test.dart: AuthScreen renders without exceptions and key text is present
02:14 +655: C:/Users/Atharva Patil/Documents/projects/gymlog/test/screens_typography_test.dart: AuthScreen renders without exceptions and key text is present
02:15 +656: C:/Users/Atharva Patil/Documents/projects/gymlog/test/screens_typography_test.dart: AuthScreen renders without exceptions and key text is present
02:15 +657: C:/Users/Atharva Patil/Documents/projects/gymlog/test/set_row_debounce_persistence_test.dart: dispose mid-debounce flushes the in-flight weight (navigate-away gate)
02:16 +658: C:/Users/Atharva Patil/Documents/projects/gymlog/test/set_row_debounce_persistence_test.dart: dispose mid-debounce flushes the in-flight weight (navigate-away gate)
02:16 +659: C:/Users/Atharva Patil/Documents/projects/gymlog/test/set_row_debounce_persistence_test.dart: dispose mid-debounce flushes the in-flight weight (navigate-away gate)
02:17 +660: C:/Users/Atharva Patil/Documents/projects/gymlog/test/set_row_debounce_persistence_test.dart: dispose mid-debounce flushes the in-flight weight (navigate-away gate)
02:17 +661: C:/Users/Atharva Patil/Documents/projects/gymlog/test/set_row_debounce_persistence_test.dart: dispose mid-debounce flushes the in-flight weight (navigate-away gate)
02:17 +662: C:/Users/Atharva Patil/Documents/projects/gymlog/test/set_row_debounce_persistence_test.dart: dispose mid-debounce flushes the in-flight weight (navigate-away gate)
02:17 +663: C:/Users/Atharva Patil/Documents/projects/gymlog/test/set_row_debounce_persistence_test.dart: dispose mid-debounce flushes the in-flight weight (navigate-away gate)
02:18 +664: C:/Users/Atharva Patil/Documents/projects/gymlog/test/set_row_focus_test.dart: SetRow keeps focus + value across an ancestor rebuild
02:19 +665: C:/Users/Atharva Patil/Documents/projects/gymlog/test/set_row_focus_test.dart: SetRow keeps focus + value across an ancestor rebuild
02:19 +666: C:/Users/Atharva Patil/Documents/projects/gymlog/test/set_row_focus_test.dart: SetRow keeps focus + value across an ancestor rebuild
02:21 +667: C:/Users/Atharva Patil/Documents/projects/gymlog/test/set_row_measurement_types_test.dart: R1 — Field visibility weightAndReps: both weight and reps fields visible
02:23 +668: C:/Users/Atharva Patil/Documents/projects/gymlog/test/set_row_measurement_types_test.dart: R1 — Field visibility weightAndReps: both weight and reps fields visible
02:24 +669: C:/Users/Atharva Patil/Documents/projects/gymlog/test/set_row_measurement_types_test.dart: R1 — Field visibility weightAndReps: both weight and reps fields visible
02:24 +670: C:/Users/Atharva Patil/Documents/projects/gymlog/test/set_row_measurement_types_test.dart: R1 — Field visibility weightAndReps: both weight and reps fields visible
02:24 +671: C:/Users/Atharva Patil/Documents/projects/gymlog/test/set_row_measurement_types_test.dart: R1 — Field visibility weightAndReps: both weight and reps fields visible
02:24 +672: C:/Users/Atharva Patil/Documents/projects/gymlog/test/set_row_measurement_types_test.dart: R1 — Field visibility weightAndReps: both weight and reps fields visible
02:24 +673: C:/Users/Atharva Patil/Documents/projects/gymlog/test/set_row_measurement_types_test.dart: R1 — Field visibility weightAndReps: both weight and reps fields visible
02:24 +674: C:/Users/Atharva Patil/Documents/projects/gymlog/test/set_row_measurement_types_test.dart: R1 — Field visibility weightAndReps: both weight and reps fields visible
02:24 +675: C:/Users/Atharva Patil/Documents/projects/gymlog/test/set_row_measurement_types_test.dart: R1 — Field visibility weightAndReps: both weight and reps fields visible
02:24 +676: C:/Users/Atharva Patil/Documents/projects/gymlog/test/shared/chrome_tokens_test.dart: ChromeContextX context.chrome returns ChromeTokens in dark theme
02:24 +677: C:/Users/Atharva Patil/Documents/projects/gymlog/test/shared/chrome_tokens_test.dart: ChromeContextX context.chrome returns ChromeTokens in dark theme
02:25 +678: C:/Users/Atharva Patil/Documents/projects/gymlog/test/shared/chrome_tokens_test.dart: ChromeContextX context.chrome returns ChromeTokens in dark theme
02:25 +678: C:/Users/Atharva Patil/Documents/projects/gymlog/test/shared/draft_recovery_test.dart: UX-95-02 — Safe Draft Recovery store.loadSnapshot handles corrupted payload internally
[WorkoutDraftStore] Corrupted or invalid draft payload: FormatException: Unterminated string (at character 30)
{"corrupted: no closing brace
                             ^
. Clearing draft.
02:25 +679: C:/Users/Atharva Patil/Documents/projects/gymlog/test/shared/chrome_tokens_test.dart: ChromeContextX context.chrome returns ChromeTokens in dark theme
02:25 +680: C:/Users/Atharva Patil/Documents/projects/gymlog/test/shared/chrome_tokens_test.dart: ChromeContextX context.chrome returns ChromeTokens in dark theme
02:25 +681: C:/Users/Atharva Patil/Documents/projects/gymlog/test/shared/chrome_tokens_test.dart: ChromeContextX context.chrome returns ChromeTokens in dark theme
02:25 +682: C:/Users/Atharva Patil/Documents/projects/gymlog/test/shared/chrome_tokens_test.dart: ChromeContextX context.chrome returns ChromeTokens in dark theme
02:25 +683: C:/Users/Atharva Patil/Documents/projects/gymlog/test/shared/chrome_tokens_test.dart: ChromeContextX context.chrome returns ChromeTokens in dark theme
02:25 +684: C:/Users/Atharva Patil/Documents/projects/gymlog/test/shared/chrome_tokens_test.dart: ChromeContextX context.chrome returns ChromeTokens in dark theme
02:25 +685: C:/Users/Atharva Patil/Documents/projects/gymlog/test/set_row_measurement_types_test.dart: R1 — Field visibility check button is always present regardless of type
02:25 +686: C:/Users/Atharva Patil/Documents/projects/gymlog/test/set_row_measurement_types_test.dart: R1 — Field visibility check button is always present regardless of type
02:25 +687: C:/Users/Atharva Patil/Documents/projects/gymlog/test/set_row_measurement_types_test.dart: R2 — Stable completion action tapping check never throws — even with empty required fields
02:26 +688: C:/Users/Atharva Patil/Documents/projects/gymlog/test/set_row_measurement_types_test.dart: R3 — Reps-only / duration / distance complete without weight kg repsOnly completes with reps only
02:26 +689: C:/Users/Atharva Patil/Documents/projects/gymlog/test/set_row_measurement_types_test.dart: R3 — Reps-only / duration / distance complete without weight kg duration completes with reps (seconds) only
02:26 +690: C:/Users/Atharva Patil/Documents/projects/gymlog/test/set_row_measurement_types_test.dart: R3 — Reps-only / duration / distance complete without weight kg distance completes with distance (weightKg) only
02:26 +691: C:/Users/Atharva Patil/Documents/projects/gymlog/test/set_row_measurement_types_test.dart: R3 — Reps-only / duration / distance complete without weight kg repsOnly completes when only previousReps is available
02:26 +692: C:/Users/Atharva Patil/Documents/projects/gymlog/test/set_row_measurement_types_test.dart: R4 — weightAndReps requires weight AND reps cannot complete with reps only (no weight, no previous)
02:26 +693: C:/Users/Atharva Patil/Documents/projects/gymlog/test/set_row_measurement_types_test.dart: R4 — weightAndReps requires weight AND reps cannot complete with weight only (no reps, no previous)
02:27 +694: C:/Users/Atharva Patil/Documents/projects/gymlog/test/set_row_measurement_types_test.dart: R4 — weightAndReps requires weight AND reps completes with both weight and reps present
02:27 +695: C:/Users/Atharva Patil/Documents/projects/gymlog/test/shared/widgets/body/routine_muscle_glyph_test.dart: routineGlyphZonesFor a push routine lights chest, shoulders and arms -- not legs
02:27 +696: C:/Users/Atharva Patil/Documents/projects/gymlog/test/set_row_measurement_types_test.dart: R4 — weightAndReps requires weight AND reps completes when previousWeight satisfies the weight requirement
02:27 +697: C:/Users/Atharva Patil/Documents/projects/gymlog/test/set_row_measurement_types_test.dart: R4 — weightAndReps requires weight AND reps completes when previousWeight satisfies the weight requirement
02:27 +698: C:/Users/Atharva Patil/Documents/projects/gymlog/test/set_row_measurement_types_test.dart: R4 — weightAndReps requires weight AND reps completes when previousWeight satisfies the weight requirement
02:27 +699: C:/Users/Atharva Patil/Documents/projects/gymlog/test/set_row_measurement_types_test.dart: R4 — weightAndReps requires weight AND reps completes when previousWeight satisfies the weight requirement
02:27 +700: C:/Users/Atharva Patil/Documents/projects/gymlog/test/set_row_measurement_types_test.dart: R4 — weightAndReps requires weight AND reps completes when previousWeight satisfies the weight requirement
02:27 +701: C:/Users/Atharva Patil/Documents/projects/gymlog/test/set_row_measurement_types_test.dart: R4 — weightAndReps requires weight AND reps completes when previousWeight satisfies the weight requirement
02:27 +702: C:/Users/Atharva Patil/Documents/projects/gymlog/test/set_row_measurement_types_test.dart: R4 — weightAndReps requires weight AND reps completes when previousWeight satisfies the weight requirement
02:27 +703: C:/Users/Atharva Patil/Documents/projects/gymlog/test/set_row_measurement_types_test.dart: R4 — weightAndReps requires weight AND reps completes when previousWeight satisfies the weight requirement
02:27 +704: C:/Users/Atharva Patil/Documents/projects/gymlog/test/set_row_measurement_types_test.dart: R4 — weightAndReps requires weight AND reps completes when previousWeight satisfies the weight requirement
02:27 +705: C:/Users/Atharva Patil/Documents/projects/gymlog/test/set_row_measurement_types_test.dart: R5 — Exercise type switch switching from weightAndReps to repsOnly hides the weight field
02:27 +706: C:/Users/Atharva Patil/Documents/projects/gymlog/test/set_row_measurement_types_test.dart: R5 — Exercise type switch switching from repsOnly to distance hides reps field
02:27 +707: C:/Users/Atharva Patil/Documents/projects/gymlog/test/set_row_measurement_types_test.dart: R6 — Inline validation tapping check with empty required fields does NOT call onToggleComplete
02:27 +708: C:/Users/Atharva Patil/Documents/projects/gymlog/test/set_row_measurement_types_test.dart: R6 — Inline validation widget survives validation tap without throwing
02:27 +709: C:/Users/Atharva Patil/Documents/projects/gymlog/test/set_row_measurement_types_test.dart: R7 — Double-tap prevention double-tap on completable set fires onToggleComplete once
02:27 +710: C:/Users/Atharva Patil/Documents/projects/gymlog/test/set_row_measurement_types_test.dart: R8 — Focus order and keyboard actions weightAndReps: weight has TextInputAction.next, reps has .next
02:27 +711: C:/Users/Atharva Patil/Documents/projects/gymlog/test/set_row_measurement_types_test.dart: R8 — Focus order and keyboard actions repsOnly: the single field has TextInputAction.next
02:28 +712: C:/Users/Atharva Patil/Documents/projects/gymlog/test/set_row_measurement_types_test.dart: R8 — Focus order and keyboard actions duration: the single field has TextInputAction.next
02:28 +713: C:/Users/Atharva Patil/Documents/projects/gymlog/test/set_row_measurement_types_test.dart: R8 — Focus order and keyboard actions distance: the single (weight-slot) field has TextInputAction.next
02:28 +714: C:/Users/Atharva Patil/Documents/projects/gymlog/test/sign_out_outcome_test.dart: SignOutCoordinator.execute outcome reports cloudSignOutFailed when the Supabase sign-out throws
02:28 +715: C:/Users/Atharva Patil/Documents/projects/gymlog/test/sign_out_outcome_test.dart: SignOutCoordinator.execute outcome reports cloudSignOutFailed when the Supabase sign-out throws
02:28 +716: C:/Users/Atharva Patil/Documents/projects/gymlog/test/set_row_measurement_types_test.dart: Previous label formatting repsOnly shows "12 reps"
02:28 +717: C:/Users/Atharva Patil/Documents/projects/gymlog/test/sign_out_outcome_test.dart: SignOutCoordinator.execute outcome reports complete when both cloud sign-outs succeed
02:28 +718: C:/Users/Atharva Patil/Documents/projects/gymlog/test/set_row_measurement_types_test.dart: Previous label formatting duration shows "60s"
02:28 +719: C:/Users/Atharva Patil/Documents/projects/gymlog/test/set_row_measurement_types_test.dart: Previous label formatting duration shows "60s"
02:28 +720: C:/Users/Atharva Patil/Documents/projects/gymlog/test/set_row_measurement_types_test.dart: Previous label formatting distance shows "400m"
02:28 +721: C:/Users/Atharva Patil/Documents/projects/gymlog/test/set_row_measurement_types_test.dart: Previous label formatting no previous data renders empty string in PREVIOUS column
02:28 +722: C:/Users/Atharva Patil/Documents/projects/gymlog/test/set_row_measurement_types_test.dart: Previous-session backfill on complete repsOnly: backfills previousReps into state
02:28 +723: C:/Users/Atharva Patil/Documents/projects/gymlog/test/skeleton_radii_test.dart: WorkoutHistoryCardSkeleton thumbnail uses AppRadius.thumbnail
02:28 +724: C:/Users/Atharva Patil/Documents/projects/gymlog/test/skeleton_radii_test.dart: WorkoutHistoryCardSkeleton thumbnail uses AppRadius.thumbnail
02:29 +725: C:/Users/Atharva Patil/Documents/projects/gymlog/test/skeleton_radii_test.dart: WorkoutHistoryCardSkeleton thumbnail uses AppRadius.thumbnail
02:29 +726: C:/Users/Atharva Patil/Documents/projects/gymlog/test/skeleton_radii_test.dart: WorkoutHistoryCardSkeleton thumbnail uses AppRadius.thumbnail
02:29 +727: C:/Users/Atharva Patil/Documents/projects/gymlog/test/skeleton_radii_test.dart: WorkoutHistoryCardSkeleton thumbnail uses AppRadius.thumbnail
02:30 +728: C:/Users/Atharva Patil/Documents/projects/gymlog/test/skeleton_radii_test.dart: RoutineDetailScreen skeleton uses correct tokenized radii
02:30 +729: C:/Users/Atharva Patil/Documents/projects/gymlog/test/skeleton_radii_test.dart: WorkoutScreen routines skeleton uses correct tokenized radii
02:30 +730: C:/Users/Atharva Patil/Documents/projects/gymlog/test/sync/sync_quarantine_and_monotonic_test.dart: corrupt payload is quarantined and does not abort pull of good objects
[SyncEngine] Quarantined object session:corrupt (reason: decodeFailure)
02:31 +731: C:/Users/Atharva Patil/Documents/projects/gymlog/test/sync/sync_quarantine_and_monotonic_test.dart: unsupported schema version is quarantined
[SyncEngine] Quarantined object session:s_future (reason: unsupportedVersion)
[SyncEngine] Quarantined object session:s_future (reason: unsupportedVersion)
02:31 +732: C:/Users/Atharva Patil/Documents/projects/gymlog/test/sync/sync_quarantine_and_monotonic_test.dart: quarantined object is removed from outbox and does not retry on every sync
[SyncEngine] Quarantined object session:bad_obj (reason: decodeFailure)
02:31 +733: C:/Users/Atharva Patil/Documents/projects/gymlog/test/sync/sync_quarantine_and_monotonic_test.dart: outbox coalesces multiple edits for (userId, entityType, entityId)
02:31 +734: C:/Users/Atharva Patil/Documents/projects/gymlog/test/sync/sync_quarantine_and_monotonic_test.dart: duplicate operation is idempotent
[SyncEngine] Quarantined object session:s1 (reason: localConstraintFailure)
02:31 +735: C:/Users/Atharva Patil/Documents/projects/gymlog/test/sync_engine_test.dart: (setUpAll)
02:31 +735: C:/Users/Atharva Patil/Documents/projects/gymlog/test/sync/sync_quarantine_and_monotonic_test.dart: stale revision reports conflict and clock skew does not decide winner
[SyncEngine] Quarantined object session:s1 (reason: localConstraintFailure)
02:31 +736: C:/Users/Atharva Patil/Documents/projects/gymlog/test/sync_engine_test.dart: (setUpAll)
02:31 +736: C:/Users/Atharva Patil/Documents/projects/gymlog/test/sync/sync_quarantine_and_monotonic_test.dart: account ownership mismatch is quarantined
[SyncEngine] Quarantined object session:s1 (reason: ownershipMismatch)
[SyncEngine] Quarantined object session:s1 (reason: ownershipMismatch)
02:31 +737: C:/Users/Atharva Patil/Documents/projects/gymlog/test/sync_engine_test.dart: codec round-trips and actually compresses repetitive JSON
02:31 +738: C:/Users/Atharva Patil/Documents/projects/gymlog/test/sync_engine_test.dart: codec round-trips and actually compresses repetitive JSON
02:31 +739: C:/Users/Atharva Patil/Documents/projects/gymlog/test/sync_engine_test.dart: codec round-trips and actually compresses repetitive JSON
02:31 +740: C:/Users/Atharva Patil/Documents/projects/gymlog/test/sync_engine_test.dart: enqueueSession queues one row; syncNow uploads and clears it
02:31 +741: C:/Users/Atharva Patil/Documents/projects/gymlog/test/sync_engine_test.dart: offline keeps the queue; a later retry delivers it
[SyncEngine] push failed: Exception: offline
02:31 +742: C:/Users/Atharva Patil/Documents/projects/gymlog/test/sync_engine_test.dart: re-enqueuing the same session coalesces to one queued row
02:31 +743: C:/Users/Atharva Patil/Documents/projects/gymlog/test/sync_engine_test.dart: session round-trip: push, wipe local, pull, rehydrate
02:31 +744: C:/Users/Atharva Patil/Documents/projects/gymlog/test/sync_engine_test.dart: batches large queues across multiple push calls
02:32 +745: C:/Users/Atharva Patil/Documents/projects/gymlog/test/sync_engine_test.dart: batches large queues across multiple push calls
02:32 +746: C:/Users/Atharva Patil/Documents/projects/gymlog/test/sync_engine_test.dart: batches large queues across multiple push calls
02:32 +747: C:/Users/Atharva Patil/Documents/projects/gymlog/test/sync_engine_test.dart: batches large queues across multiple push calls
02:32 +748: C:/Users/Atharva Patil/Documents/projects/gymlog/test/sync_engine_test.dart: batches large queues across multiple push calls
02:32 +749: C:/Users/Atharva Patil/Documents/projects/gymlog/test/sync_engine_test.dart: batches large queues across multiple push calls
02:32 +750: C:/Users/Atharva Patil/Documents/projects/gymlog/test/sync_engine_test.dart: batches large queues across multiple push calls
02:32 +751: C:/Users/Atharva Patil/Documents/projects/gymlog/test/sync_engine_test.dart: batches large queues across multiple push calls
02:33 +752: C:/Users/Atharva Patil/Documents/projects/gymlog/test/sync_engine_test.dart: batches large queues across multiple push calls
02:33 +753: C:/Users/Atharva Patil/Documents/projects/gymlog/test/sync_engine_test.dart: batches large queues across multiple push calls
02:33 +754: C:/Users/Atharva Patil/Documents/projects/gymlog/test/sync_engine_test.dart: batches large queues across multiple push calls
02:33 +755: C:/Users/Atharva Patil/Documents/projects/gymlog/test/sync_engine_test.dart: batches large queues across multiple push calls
02:33 +756: C:/Users/Atharva Patil/Documents/projects/gymlog/test/sync_engine_test.dart: batches large queues across multiple push calls
02:33 +757: C:/Users/Atharva Patil/Documents/projects/gymlog/test/sync_engine_test.dart: batches large queues across multiple push calls
02:33 +758: C:/Users/Atharva Patil/Documents/projects/gymlog/test/sync_engine_test.dart: batches large queues across multiple push calls
02:33 +759: C:/Users/Atharva Patil/Documents/projects/gymlog/test/sync_engine_test.dart: batches large queues across multiple push calls
02:33 +760: C:/Users/Atharva Patil/Documents/projects/gymlog/test/sync_engine_test.dart: batches large queues across multiple push calls
02:33 +761: C:/Users/Atharva Patil/Documents/projects/gymlog/test/sync_engine_test.dart: batches large queues across multiple push calls
02:33 +762: C:/Users/Atharva Patil/Documents/projects/gymlog/test/sync_engine_test.dart: batches large queues across multiple push calls
02:33 +763: C:/Users/Atharva Patil/Documents/projects/gymlog/test/sync_engine_test.dart: batches large queues across multiple push calls
02:34 +764: C:/Users/Atharva Patil/Documents/projects/gymlog/test/sync_engine_test.dart: batches large queues across multiple push calls
02:34 +765: C:/Users/Atharva Patil/Documents/projects/gymlog/test/sync_engine_test.dart: batches large queues across multiple push calls
02:34 +766: C:/Users/Atharva Patil/Documents/projects/gymlog/test/sync_engine_test.dart: batches large queues across multiple push calls
02:34 +767: C:/Users/Atharva Patil/Documents/projects/gymlog/test/sync_engine_test.dart: routines creating a routine auto-enqueues it (DAO-level coverage)
02:34 +768: C:/Users/Atharva Patil/Documents/projects/gymlog/test/sync_engine_test.dart: routines routine round-trip: push, wipe local, pull, rehydrate
02:34 +769: C:/Users/Atharva Patil/Documents/projects/gymlog/test/sync_engine_test.dart: routines deleting a routine queues a tombstone
02:34 +770: C:/Users/Atharva Patil/Documents/projects/gymlog/test/sync_engine_test.dart: routines pulling a deleted routine deletes it locally without re-enqueuing tombstone
02:34 +771: C:/Users/Atharva Patil/Documents/projects/gymlog/test/sync_engine_test.dart: preferences round-trip restores weight unit + rest seconds
02:34 +772: C:/Users/Atharva Patil/Documents/projects/gymlog/test/sync_engine_test.dart: (tearDownAll)
02:34 +772: C:/Users/Atharva Patil/Documents/projects/gymlog/test/ui_p0_01_device_acceptance_test.dart: UI-P0-01 Complete Device Acceptance & Geometry Test Suite DEV-01 & DEV-03: No-equipment vs Assisted Machine layout
02:35 +773: C:/Users/Atharva Patil/Documents/projects/gymlog/test/undoable_delete_test.dart: showUndoableDelete shows snackbar, handles Undo, and commits on expire/hide
02:35 +774: C:/Users/Atharva Patil/Documents/projects/gymlog/test/undoable_delete_test.dart: showUndoableDelete shows snackbar, handles Undo, and commits on expire/hide
02:35 +775: C:/Users/Atharva Patil/Documents/projects/gymlog/test/undoable_delete_test.dart: showUndoableDelete shows snackbar, handles Undo, and commits on expire/hide
02:35 +776: C:/Users/Atharva Patil/Documents/projects/gymlog/test/undoable_delete_test.dart: showUndoableDelete shows snackbar, handles Undo, and commits on expire/hide
02:36 +777: C:/Users/Atharva Patil/Documents/projects/gymlog/test/upgrade/error_reassurance_render_test.dart: async-error-higgsfield-1.0x-synthetic
02:37 +778: C:/Users/Atharva Patil/Documents/projects/gymlog/test/upgrade/error_reassurance_render_test.dart: async-error-higgsfield-1.0x-synthetic
02:37 +779: C:/Users/Atharva Patil/Documents/projects/gymlog/test/upgrade/error_reassurance_test.dart: async-error does not guarantee storage integrity on an error
02:37 +780: C:/Users/Atharva Patil/Documents/projects/gymlog/test/upgrade/error_reassurance_test.dart: async-error does not guarantee storage integrity on an error
02:37 +781: C:/Users/Atharva Patil/Documents/projects/gymlog/test/upgrade/error_reassurance_test.dart: async-error does not guarantee storage integrity on an error
02:37 +782: C:/Users/Atharva Patil/Documents/projects/gymlog/test/upgrade/error_reassurance_test.dart: async-error does not guarantee storage integrity on an error
02:37 +783: C:/Users/Atharva Patil/Documents/projects/gymlog/test/upgrade/error_reassurance_test.dart: async-error does not guarantee storage integrity on an error
02:37 +784: C:/Users/Atharva Patil/Documents/projects/gymlog/test/upgrade/error_reassurance_test.dart: async-error does not guarantee storage integrity on an error
02:37 +785: C:/Users/Atharva Patil/Documents/projects/gymlog/test/upgrade/error_reassurance_test.dart: async-error does not guarantee storage integrity on an error
02:37 +786: C:/Users/Atharva Patil/Documents/projects/gymlog/test/upgrade/error_reassurance_test.dart: async-error does not guarantee storage integrity on an error
02:37 +787: C:/Users/Atharva Patil/Documents/projects/gymlog/test/upgrade/error_reassurance_test.dart: async-error does not guarantee storage integrity on an error
02:37 +788: C:/Users/Atharva Patil/Documents/projects/gymlog/test/upgrade/error_reassurance_test.dart: async-error does not guarantee storage integrity on an error
02:37 +789: C:/Users/Atharva Patil/Documents/projects/gymlog/test/upgrade/error_reassurance_test.dart: async-error does not guarantee storage integrity on an error
02:37 +790: C:/Users/Atharva Patil/Documents/projects/gymlog/test/upgrade/error_reassurance_test.dart: async-error does not guarantee storage integrity on an error
02:37 +791: C:/Users/Atharva Patil/Documents/projects/gymlog/test/upgrade/error_reassurance_test.dart: async-error does not guarantee storage integrity on an error
02:37 +792: C:/Users/Atharva Patil/Documents/projects/gymlog/test/upgrade/error_reassurance_test.dart: async-error does not guarantee storage integrity on an error
02:38 +793: C:/Users/Atharva Patil/Documents/projects/gymlog/test/upgrade/error_reassurance_test.dart: async-error does not guarantee storage integrity on an error
02:38 +794: C:/Users/Atharva Patil/Documents/projects/gymlog/test/upgrade/error_reassurance_test.dart: async-error does not guarantee storage integrity on an error
02:38 +795: C:/Users/Atharva Patil/Documents/projects/gymlog/test/upgrade/error_reassurance_test.dart: async-error does not guarantee storage integrity on an error
02:38 +796: C:/Users/Atharva Patil/Documents/projects/gymlog/test/upgrade/error_reassurance_test.dart: async-error does not guarantee storage integrity on an error
02:38 +797: C:/Users/Atharva Patil/Documents/projects/gymlog/test/upgrade/error_reassurance_test.dart: async-error does not guarantee storage integrity on an error
02:38 +798: C:/Users/Atharva Patil/Documents/projects/gymlog/test/upgrade/error_reassurance_test.dart: async-error does not guarantee storage integrity on an error
02:38 +799: C:/Users/Atharva Patil/Documents/projects/gymlog/test/upgrade/error_reassurance_test.dart: async-error does not guarantee storage integrity on an error
02:38 +800: C:/Users/Atharva Patil/Documents/projects/gymlog/test/upgrade/error_reassurance_test.dart: async-error does not guarantee storage integrity on an error
02:38 +801: C:/Users/Atharva Patil/Documents/projects/gymlog/test/upgrade/session_1_correctness_test.dart: pace celebration converts current and previous spoken pace
02:38 +802: C:/Users/Atharva Patil/Documents/projects/gymlog/test/upgrade/session_1_correctness_test.dart: pace celebration converts current and previous spoken pace
02:39 +803: C:/Users/Atharva Patil/Documents/projects/gymlog/test/upgrade/session_1_correctness_test.dart: pace celebration converts current and previous spoken pace
02:39 +804: C:/Users/Atharva Patil/Documents/projects/gymlog/test/upgrade/session_1_correctness_test.dart: pace celebration converts current and previous spoken pace
02:39 +805: C:/Users/Atharva Patil/Documents/projects/gymlog/test/upgrade/error_reassurance_test.dart: detail-error does not guarantee storage integrity on an error
02:39 +806: C:/Users/Atharva Patil/Documents/projects/gymlog/test/upgrade/error_reassurance_test.dart: detail-error does not guarantee storage integrity on an error
02:39 +807: C:/Users/Atharva Patil/Documents/projects/gymlog/test/upgrade/session_1_correctness_test.dart: distance metres times seconds never become weighted session volume
02:39 +808: C:/Users/Atharva Patil/Documents/projects/gymlog/test/upgrade/error_reassurance_render_test.dart: offline-higgsfield-1.0x-synthetic
02:40 +809: C:/Users/Atharva Patil/Documents/projects/gymlog/test/upgrade/error_reassurance_render_test.dart: offline-higgsfield-1.0x-synthetic
02:40 +810: C:/Users/Atharva Patil/Documents/projects/gymlog/test/upgrade/error_reassurance_test.dart: offline sync status does not claim a completed save or guaranteed backup
02:40 +811: C:/Users/Atharva Patil/Documents/projects/gymlog/test/upgrade/session_1_correctness_test.dart: PR exports describe recorded results without certification claims
02:40 +812: C:/Users/Atharva Patil/Documents/projects/gymlog/test/upgrade/error_reassurance_render_test.dart: sync-error-higgsfield-1.0x-synthetic
02:41 +813: C:/Users/Atharva Patil/Documents/projects/gymlog/test/upgrade/error_reassurance_test.dart: storage-free describes successful saves without instant/guaranteed backup claims
02:41 +814: C:/Users/Atharva Patil/Documents/projects/gymlog/test/upgrade/error_reassurance_test.dart: storage-free describes successful saves without instant/guaranteed backup claims
02:41 +815: C:/Users/Atharva Patil/Documents/projects/gymlog/test/upgrade/session_1_render_test.dart: header-weighted-higgsfield-1.0x-synthetic
02:41 +816: C:/Users/Atharva Patil/Documents/projects/gymlog/test/upgrade/session_1_render_test.dart: header-weighted-higgsfield-1.0x-synthetic
02:41 +817: C:/Users/Atharva Patil/Documents/projects/gymlog/test/upgrade/session_1_render_test.dart: header-weighted-higgsfield-1.0x-synthetic
02:42 +818: C:/Users/Atharva Patil/Documents/projects/gymlog/test/upgrade/session_1_render_test.dart: header-weighted-higgsfield-1.0x-synthetic
02:42 +819: C:/Users/Atharva Patil/Documents/projects/gymlog/test/upgrade/session_1_render_test.dart: header-weighted-higgsfield-1.0x-synthetic
02:42 +820: C:/Users/Atharva Patil/Documents/projects/gymlog/test/upgrade/session_1_render_test.dart: header-weighted-higgsfield-1.0x-synthetic
02:42 +821: C:/Users/Atharva Patil/Documents/projects/gymlog/test/upgrade/session_1_render_test.dart: header-weighted-higgsfield-1.0x-synthetic
02:42 +822: C:/Users/Atharva Patil/Documents/projects/gymlog/test/upgrade/session_1_render_test.dart: header-weighted-higgsfield-1.0x-synthetic
02:42 +823: C:/Users/Atharva Patil/Documents/projects/gymlog/test/upgrade/session_1_render_test.dart: header-weighted-higgsfield-1.0x-synthetic
02:43 +824: C:/Users/Atharva Patil/Documents/projects/gymlog/test/upgrade/session_1_render_test.dart: header-weighted-higgsfield-1.0x-synthetic
02:43 +825: C:/Users/Atharva Patil/Documents/projects/gymlog/test/upgrade/session_1_render_test.dart: header-weighted-higgsfield-1.0x-synthetic
02:43 +826: C:/Users/Atharva Patil/Documents/projects/gymlog/test/upgrade/error_reassurance_test.dart: Pro storage heading does not assert an existing cloud backup
02:43 +827: C:/Users/Atharva Patil/Documents/projects/gymlog/test/upgrade/error_reassurance_render_test.dart: detail-error-higgsfield-1.6x-synthetic
02:43 +828: C:/Users/Atharva Patil/Documents/projects/gymlog/test/upgrade/error_reassurance_render_test.dart: detail-error-higgsfield-1.6x-synthetic
02:43 +829: C:/Users/Atharva Patil/Documents/projects/gymlog/test/upgrade/session_1_render_test.dart: header-timed-higgsfield-1.0x-synthetic
02:43 +830: C:/Users/Atharva Patil/Documents/projects/gymlog/test/upgrade/error_reassurance_render_test.dart: routine-error-higgsfield-1.6x-synthetic
02:43 +831: C:/Users/Atharva Patil/Documents/projects/gymlog/test/upgrade/session_1_render_test.dart: header-distance-higgsfield-1.0x-synthetic
02:43 +832: C:/Users/Atharva Patil/Documents/projects/gymlog/test/upgrade/error_reassurance_render_test.dart: roles-higgsfield-1.6x-synthetic
02:43 +833: C:/Users/Atharva Patil/Documents/projects/gymlog/test/upgrade/session_1_render_test.dart: header-empty-higgsfield-1.0x-synthetic
02:43 +834: C:/Users/Atharva Patil/Documents/projects/gymlog/test/upgrade/error_reassurance_render_test.dart: offline-higgsfield-1.6x-synthetic
02:44 +835: C:/Users/Atharva Patil/Documents/projects/gymlog/test/upgrade/session_1_render_test.dart: finish-weighted-higgsfield-1.0x-synthetic
02:45 +836: C:/Users/Atharva Patil/Documents/projects/gymlog/test/upgrade/session_1_render_test.dart: finish-weighted-higgsfield-1.0x-synthetic
02:45 +837: C:/Users/Atharva Patil/Documents/projects/gymlog/test/upgrade/error_reassurance_render_test.dart: storage-free-higgsfield-1.6x-synthetic
02:45 +838: C:/Users/Atharva Patil/Documents/projects/gymlog/test/upgrade/error_reassurance_render_test.dart: storage-free-higgsfield-1.6x-synthetic
02:45 +839: C:/Users/Atharva Patil/Documents/projects/gymlog/test/upgrade/session_1_render_test.dart: finish-timed-higgsfield-1.0x-synthetic
02:45 +840: C:/Users/Atharva Patil/Documents/projects/gymlog/test/upgrade/error_reassurance_render_test.dart: storage-pro-higgsfield-1.6x-synthetic
02:46 +841: C:/Users/Atharva Patil/Documents/projects/gymlog/test/upgrade/error_reassurance_render_test.dart: storage-pro-higgsfield-1.6x-synthetic
02:46 +842: C:/Users/Atharva Patil/Documents/projects/gymlog/test/upgrade/error_reassurance_render_test.dart: storage-pro-higgsfield-1.6x-synthetic
02:46 +843: C:/Users/Atharva Patil/Documents/projects/gymlog/test/upgrade/session_1_render_test.dart: pr-pace-higgsfield-1.0x-synthetic
02:46 +844: C:/Users/Atharva Patil/Documents/projects/gymlog/test/upgrade/session_1_render_test.dart: pr-pace-higgsfield-1.0x-synthetic
02:46 +845: C:/Users/Atharva Patil/Documents/projects/gymlog/test/upgrade/error_reassurance_render_test.dart: app-error-neonPurple-1.0x-synthetic
02:46 +846: C:/Users/Atharva Patil/Documents/projects/gymlog/test/upgrade/session_1_render_test.dart: share-monument-higgsfield-1.0x-synthetic
02:46 +847: C:/Users/Atharva Patil/Documents/projects/gymlog/test/upgrade/error_reassurance_render_test.dart: detail-error-neonPurple-1.0x-synthetic
02:46 +848: C:/Users/Atharva Patil/Documents/projects/gymlog/test/upgrade/session_1_render_test.dart: share-technical-higgsfield-1.0x-synthetic
02:47 +849: C:/Users/Atharva Patil/Documents/projects/gymlog/test/upgrade/error_reassurance_render_test.dart: routine-error-neonPurple-1.0x-synthetic
02:47 +850: C:/Users/Atharva Patil/Documents/projects/gymlog/test/upgrade/session_2_render_test.dart: (setUpAll)
02:47 +850: C:/Users/Atharva Patil/Documents/projects/gymlog/test/upgrade/session_1_render_test.dart: share-sticker-higgsfield-1.0x-synthetic
02:47 +851: C:/Users/Atharva Patil/Documents/projects/gymlog/test/upgrade/session_1_render_test.dart: share-sticker-higgsfield-1.0x-synthetic
02:47 +852: C:/Users/Atharva Patil/Documents/projects/gymlog/test/upgrade/session_2_render_test.dart: before/home-returning-higgsfield-1.0x-synthetic
02:47 +853: C:/Users/Atharva Patil/Documents/projects/gymlog/test/upgrade/session_2_render_test.dart: before/home-returning-higgsfield-1.0x-synthetic
02:47 +854: C:/Users/Atharva Patil/Documents/projects/gymlog/test/upgrade/session_2_render_test.dart: before/home-returning-higgsfield-1.0x-synthetic
02:48 +855: C:/Users/Atharva Patil/Documents/projects/gymlog/test/upgrade/session_2_render_test.dart: before/home-returning-higgsfield-1.0x-synthetic
02:48 +856: C:/Users/Atharva Patil/Documents/projects/gymlog/test/upgrade/session_2_render_test.dart: before/home-returning-higgsfield-1.0x-synthetic
02:48 +857: C:/Users/Atharva Patil/Documents/projects/gymlog/test/upgrade/session_2_render_test.dart: before/home-returning-higgsfield-1.0x-synthetic
02:48 +858: C:/Users/Atharva Patil/Documents/projects/gymlog/test/upgrade/session_2_render_test.dart: before/home-returning-higgsfield-1.0x-synthetic
02:48 +859: C:/Users/Atharva Patil/Documents/projects/gymlog/test/upgrade/session_2_render_test.dart: before/home-returning-higgsfield-1.0x-synthetic
02:48 +860: C:/Users/Atharva Patil/Documents/projects/gymlog/test/upgrade/session_2_render_test.dart: before/home-returning-higgsfield-1.0x-synthetic
02:48 +861: C:/Users/Atharva Patil/Documents/projects/gymlog/test/upgrade/session_2_render_test.dart: before/home-returning-higgsfield-1.0x-synthetic
02:48 +862: C:/Users/Atharva Patil/Documents/projects/gymlog/test/upgrade/session_2_render_test.dart: before/home-returning-higgsfield-1.0x-synthetic
02:48 +863: C:/Users/Atharva Patil/Documents/projects/gymlog/test/upgrade/session_2_render_test.dart: before/home-returning-higgsfield-1.0x-synthetic
02:49 +864: C:/Users/Atharva Patil/Documents/projects/gymlog/test/upgrade/session_2_render_test.dart: before/home-returning-higgsfield-1.0x-synthetic
02:49 +865: C:/Users/Atharva Patil/Documents/projects/gymlog/test/upgrade/session_2_render_test.dart: before/home-returning-higgsfield-1.0x-synthetic
02:49 +866: C:/Users/Atharva Patil/Documents/projects/gymlog/test/upgrade/session_2_render_test.dart: before/home-returning-higgsfield-1.0x-synthetic
02:50 +867: C:/Users/Atharva Patil/Documents/projects/gymlog/test/upgrade/session_2_render_test.dart: before/home-returning-higgsfield-1.0x-synthetic
02:50 +868: C:/Users/Atharva Patil/Documents/projects/gymlog/test/upgrade/session_2_render_test.dart: before/home-returning-higgsfield-1.0x-synthetic
02:50 +869: C:/Users/Atharva Patil/Documents/projects/gymlog/test/upgrade/session_2_render_test.dart: before/home-returning-higgsfield-1.0x-synthetic
02:50 +870: C:/Users/Atharva Patil/Documents/projects/gymlog/test/upgrade/session_2_render_test.dart: before/home-returning-higgsfield-1.0x-synthetic
02:51 +871: C:/Users/Atharva Patil/Documents/projects/gymlog/test/upgrade/session_2_render_test.dart: before/home-returning-higgsfield-1.0x-synthetic
02:51 +872: C:/Users/Atharva Patil/Documents/projects/gymlog/test/upgrade/session_2_render_test.dart: before/home-returning-higgsfield-1.0x-synthetic
02:51 +873: C:/Users/Atharva Patil/Documents/projects/gymlog/test/upgrade/session_2_render_test.dart: before/home-returning-higgsfield-1.0x-synthetic
02:51 +874: C:/Users/Atharva Patil/Documents/projects/gymlog/test/upgrade/session_2_render_test.dart: before/home-returning-higgsfield-1.0x-synthetic
02:51 +875: C:/Users/Atharva Patil/Documents/projects/gymlog/test/upgrade/session_2_render_test.dart: before/home-returning-higgsfield-1.0x-synthetic
02:52 +876: C:/Users/Atharva Patil/Documents/projects/gymlog/test/upgrade/session_2_render_test.dart: before/home-returning-higgsfield-1.0x-synthetic
02:52 +877: C:/Users/Atharva Patil/Documents/projects/gymlog/test/upgrade/session_2_render_test.dart: before/home-returning-higgsfield-1.0x-synthetic
02:52 +878: C:/Users/Atharva Patil/Documents/projects/gymlog/test/upgrade/session_2_render_test.dart: before/home-returning-higgsfield-1.0x-synthetic
02:52 +879: C:/Users/Atharva Patil/Documents/projects/gymlog/test/upgrade/error_reassurance_render_test.dart: sync-error-neonPurple-1.6x-synthetic
02:53 +880: C:/Users/Atharva Patil/Documents/projects/gymlog/test/upgrade/session_1_render_test.dart: progress-higgsfield-1.0x-synthetic
02:53 +881: C:/Users/Atharva Patil/Documents/projects/gymlog/test/upgrade/session_2_render_test.dart: before/library-returning-higgsfield-1.0x-synthetic
02:53 +882: C:/Users/Atharva Patil/Documents/projects/gymlog/test/upgrade/session_2_render_test.dart: before/library-returning-higgsfield-1.0x-synthetic
02:53 +883: C:/Users/Atharva Patil/Documents/projects/gymlog/test/upgrade/session_2_render_test.dart: before/library-returning-higgsfield-1.0x-synthetic
02:53 +884: C:/Users/Atharva Patil/Documents/projects/gymlog/test/upgrade/error_reassurance_render_test.dart: storage-free-neonPurple-1.6x-synthetic
02:53 +885: C:/Users/Atharva Patil/Documents/projects/gymlog/test/upgrade/error_reassurance_render_test.dart: storage-free-neonPurple-1.6x-synthetic
02:53 +886: C:/Users/Atharva Patil/Documents/projects/gymlog/test/weekly_goal_sheet_test.dart: showWeeklyGoalSheet selecting a day updates weeklyGoalProvider and closes sheet
02:54 +887: C:/Users/Atharva Patil/Documents/projects/gymlog/test/weekly_goal_sheet_test.dart: showWeeklyGoalSheet selecting a day updates weeklyGoalProvider and closes sheet
02:54 +888: C:/Users/Atharva Patil/Documents/projects/gymlog/test/weekly_goal_sheet_test.dart: showWeeklyGoalSheet selecting a day updates weeklyGoalProvider and closes sheet
02:54 +889: C:/Users/Atharva Patil/Documents/projects/gymlog/test/weekly_goal_sheet_test.dart: showWeeklyGoalSheet selecting a day updates weeklyGoalProvider and closes sheet
02:54 +890: C:/Users/Atharva Patil/Documents/projects/gymlog/test/weekly_goal_sheet_test.dart: showWeeklyGoalSheet selecting a day updates weeklyGoalProvider and closes sheet
02:54 +891: C:/Users/Atharva Patil/Documents/projects/gymlog/test/weekly_goal_sheet_test.dart: showWeeklyGoalSheet selecting a day updates weeklyGoalProvider and closes sheet
02:54 +892: C:/Users/Atharva Patil/Documents/projects/gymlog/test/weekly_goal_sheet_test.dart: showWeeklyGoalSheet selecting a day updates weeklyGoalProvider and closes sheet
02:54 +893: C:/Users/Atharva Patil/Documents/projects/gymlog/test/weekly_goal_sheet_test.dart: showWeeklyGoalSheet selecting a day updates weeklyGoalProvider and closes sheet
02:54 +894: C:/Users/Atharva Patil/Documents/projects/gymlog/test/weekly_goal_sheet_test.dart: showWeeklyGoalSheet selecting a day updates weeklyGoalProvider and closes sheet
02:55 +895: C:/Users/Atharva Patil/Documents/projects/gymlog/test/weekly_goal_sheet_test.dart: showWeeklyGoalSheet selecting a day updates weeklyGoalProvider and closes sheet
02:55 +896: C:/Users/Atharva Patil/Documents/projects/gymlog/test/weekly_goal_sheet_test.dart: showWeeklyGoalSheet selecting a day updates weeklyGoalProvider and closes sheet
02:55 +897: C:/Users/Atharva Patil/Documents/projects/gymlog/test/weekly_goal_sheet_test.dart: showWeeklyGoalSheet selecting a day updates weeklyGoalProvider and closes sheet
02:55 +898: C:/Users/Atharva Patil/Documents/projects/gymlog/test/weekly_goal_sheet_test.dart: showWeeklyGoalSheet selecting a day updates weeklyGoalProvider and closes sheet
02:55 +899: C:/Users/Atharva Patil/Documents/projects/gymlog/test/weekly_goal_sheet_test.dart: showWeeklyGoalSheet selecting a day updates weeklyGoalProvider and closes sheet
02:55 +900: C:/Users/Atharva Patil/Documents/projects/gymlog/test/weekly_goal_sheet_test.dart: showWeeklyGoalSheet selecting a day updates weeklyGoalProvider and closes sheet
02:55 +901: C:/Users/Atharva Patil/Documents/projects/gymlog/test/weekly_goal_sheet_test.dart: showWeeklyGoalSheet selecting a day updates weeklyGoalProvider and closes sheet
02:55 +902: C:/Users/Atharva Patil/Documents/projects/gymlog/test/weekly_goal_sheet_test.dart: showWeeklyGoalSheet selecting a day updates weeklyGoalProvider and closes sheet
02:55 +903: C:/Users/Atharva Patil/Documents/projects/gymlog/test/weekly_goal_sheet_test.dart: showWeeklyGoalSheet selecting a day updates weeklyGoalProvider and closes sheet
02:55 +904: C:/Users/Atharva Patil/Documents/projects/gymlog/test/weekly_goal_sheet_test.dart: showWeeklyGoalSheet selecting a day updates weeklyGoalProvider and closes sheet
02:55 +905: C:/Users/Atharva Patil/Documents/projects/gymlog/test/weekly_goal_sheet_test.dart: showWeeklyGoalSheet selecting a day updates weeklyGoalProvider and closes sheet
02:56 +906: C:/Users/Atharva Patil/Documents/projects/gymlog/test/weekly_goal_sheet_test.dart: showWeeklyGoalSheet selecting a day updates weeklyGoalProvider and closes sheet
02:56 +907: C:/Users/Atharva Patil/Documents/projects/gymlog/test/weekly_goal_sheet_test.dart: showWeeklyGoalSheet selecting a day updates weeklyGoalProvider and closes sheet
02:56 +908: C:/Users/Atharva Patil/Documents/projects/gymlog/test/weekly_goal_sheet_test.dart: showWeeklyGoalSheet selecting a day updates weeklyGoalProvider and closes sheet
02:56 +909: C:/Users/Atharva Patil/Documents/projects/gymlog/test/weekly_goal_sheet_test.dart: showWeeklyGoalSheet selecting a day updates weeklyGoalProvider and closes sheet
02:56 +910: C:/Users/Atharva Patil/Documents/projects/gymlog/test/weekly_goal_sheet_test.dart: showWeeklyGoalSheet selecting a day updates weeklyGoalProvider and closes sheet
02:56 +911: C:/Users/Atharva Patil/Documents/projects/gymlog/test/weekly_goal_sheet_test.dart: showWeeklyGoalSheet selecting a day updates weeklyGoalProvider and closes sheet
02:56 +912: C:/Users/Atharva Patil/Documents/projects/gymlog/test/weekly_goal_sheet_test.dart: showWeeklyGoalSheet selecting a day updates weeklyGoalProvider and closes sheet
02:56 +913: C:/Users/Atharva Patil/Documents/projects/gymlog/test/weekly_goal_sheet_test.dart: showWeeklyGoalSheet selecting a day updates weeklyGoalProvider and closes sheet
02:56 +914: C:/Users/Atharva Patil/Documents/projects/gymlog/test/weekly_goal_sheet_test.dart: showWeeklyGoalSheet selecting a day updates weeklyGoalProvider and closes sheet
02:56 +915: C:/Users/Atharva Patil/Documents/projects/gymlog/test/weekly_goal_sheet_test.dart: showWeeklyGoalSheet selecting a day updates weeklyGoalProvider and closes sheet
02:57 +916: C:/Users/Atharva Patil/Documents/projects/gymlog/test/weekly_goal_sheet_test.dart: showWeeklyGoalSheet selecting a day updates weeklyGoalProvider and closes sheet
02:57 +917: C:/Users/Atharva Patil/Documents/projects/gymlog/test/weekly_goal_sheet_test.dart: showWeeklyGoalSheet selecting a day updates weeklyGoalProvider and closes sheet
02:57 +918: C:/Users/Atharva Patil/Documents/projects/gymlog/test/weekly_goal_sheet_test.dart: showWeeklyGoalSheet selecting a day updates weeklyGoalProvider and closes sheet
02:57 +919: C:/Users/Atharva Patil/Documents/projects/gymlog/test/weekly_goal_sheet_test.dart: showWeeklyGoalSheet selecting a day updates weeklyGoalProvider and closes sheet
02:57 +920: C:/Users/Atharva Patil/Documents/projects/gymlog/test/weekly_goal_sheet_test.dart: showWeeklyGoalSheet selecting a day updates weeklyGoalProvider and closes sheet
02:57 +921: C:/Users/Atharva Patil/Documents/projects/gymlog/test/upgrade/session_1_render_test.dart: share-duration-monument-higgsfield-1.6x-synthetic
02:57 +922: C:/Users/Atharva Patil/Documents/projects/gymlog/test/upgrade/session_2_render_test.dart: before/library-returning-higgsfield-1.6x-synthetic
02:57 +923: C:/Users/Atharva Patil/Documents/projects/gymlog/test/upgrade/session_2_render_test.dart: before/library-returning-higgsfield-1.6x-synthetic
02:57 +924: C:/Users/Atharva Patil/Documents/projects/gymlog/test/upgrade/error_reassurance_render_test.dart: storage-pro-white-1.0x-synthetic
02:57 +925: C:/Users/Atharva Patil/Documents/projects/gymlog/test/upgrade/error_reassurance_render_test.dart: storage-pro-white-1.0x-synthetic
02:58 +926: C:/Users/Atharva Patil/Documents/projects/gymlog/test/upgrade/session_1_render_test.dart: share-distance-monument-higgsfield-1.6x-synthetic
02:58 +927: C:/Users/Atharva Patil/Documents/projects/gymlog/test/upgrade/session_2_render_test.dart: before/home-inactive-higgsfield-1.6x-synthetic
02:58 +928: C:/Users/Atharva Patil/Documents/projects/gymlog/test/upgrade/session_2_render_test.dart: before/home-inactive-higgsfield-1.6x-synthetic
02:58 +929: C:/Users/Atharva Patil/Documents/projects/gymlog/test/upgrade/session_2_render_test.dart: before/home-inactive-higgsfield-1.6x-synthetic
02:58 +930: C:/Users/Atharva Patil/Documents/projects/gymlog/test/upgrade/session_2_render_test.dart: before/home-inactive-higgsfield-1.6x-synthetic
02:58 +931: C:/Users/Atharva Patil/Documents/projects/gymlog/test/upgrade/session_1_render_test.dart: share-distance-sticker-higgsfield-1.6x-synthetic
02:58 +932: C:/Users/Atharva Patil/Documents/projects/gymlog/test/upgrade/error_reassurance_render_test.dart: detail-error-white-1.6x-synthetic
02:58 +933: C:/Users/Atharva Patil/Documents/projects/gymlog/test/upgrade/session_2_render_test.dart: before/library-inactive-higgsfield-1.6x-synthetic
02:58 +934: C:/Users/Atharva Patil/Documents/projects/gymlog/test/upgrade/session_2_render_test.dart: before/library-inactive-higgsfield-1.6x-synthetic
02:58 +935: C:/Users/Atharva Patil/Documents/projects/gymlog/test/upgrade/error_reassurance_render_test.dart: routine-error-white-1.6x-synthetic
02:58 +936: C:/Users/Atharva Patil/Documents/projects/gymlog/test/upgrade/session_1_render_test.dart: share-pace-technical-higgsfield-1.6x-synthetic
02:58 +937: C:/Users/Atharva Patil/Documents/projects/gymlog/test/upgrade/session_1_render_test.dart: share-pace-technical-higgsfield-1.6x-synthetic
02:58 +938: C:/Users/Atharva Patil/Documents/projects/gymlog/test/upgrade/error_reassurance_render_test.dart: roles-white-1.6x-synthetic
02:58 +939: C:/Users/Atharva Patil/Documents/projects/gymlog/test/upgrade/session_1_render_test.dart: share-pace-sticker-higgsfield-1.6x-synthetic
02:58 +940: C:/Users/Atharva Patil/Documents/projects/gymlog/test/upgrade/session_2_render_test.dart: before/library-empty-higgsfield-1.6x-synthetic
02:58 +941: C:/Users/Atharva Patil/Documents/projects/gymlog/test/upgrade/error_reassurance_render_test.dart: offline-white-1.6x-synthetic
02:59 +942: C:/Users/Atharva Patil/Documents/projects/gymlog/test/upgrade/error_reassurance_render_test.dart: offline-white-1.6x-synthetic
02:59 +943: C:/Users/Atharva Patil/Documents/projects/gymlog/test/upgrade/error_reassurance_render_test.dart: offline-white-1.6x-synthetic
02:59 +944: C:/Users/Atharva Patil/Documents/projects/gymlog/test/upgrade/error_reassurance_render_test.dart: offline-white-1.6x-synthetic
02:59 +945: C:/Users/Atharva Patil/Documents/projects/gymlog/test/upgrade/error_reassurance_render_test.dart: offline-white-1.6x-synthetic
02:59 +946: C:/Users/Atharva Patil/Documents/projects/gymlog/test/upgrade/session_2_render_test.dart: before/home-lowData-higgsfield-1.6x-synthetic
02:59 +947: C:/Users/Atharva Patil/Documents/projects/gymlog/test/upgrade/session_2_render_test.dart: before/home-lowData-higgsfield-1.6x-synthetic
02:59 +948: C:/Users/Atharva Patil/Documents/projects/gymlog/test/upgrade/error_reassurance_render_test.dart: sync-error-white-1.6x-synthetic
02:59 +949: C:/Users/Atharva Patil/Documents/projects/gymlog/test/upgrade/error_reassurance_render_test.dart: sync-error-white-1.6x-synthetic
02:59 +950: C:/Users/Atharva Patil/Documents/projects/gymlog/test/upgrade/session_1_render_test.dart: exercise-higgsfield-1.6x-synthetic
02:59 +951: C:/Users/Atharva Patil/Documents/projects/gymlog/test/upgrade/session_2_render_test.dart: before/home-error-higgsfield-1.6x-synthetic
02:59 +952: C:/Users/Atharva Patil/Documents/projects/gymlog/test/upgrade/error_reassurance_render_test.dart: storage-free-white-1.6x-synthetic
02:59 +953: C:/Users/Atharva Patil/Documents/projects/gymlog/test/upgrade/error_reassurance_render_test.dart: storage-free-white-1.6x-synthetic
02:59 +954: C:/Users/Atharva Patil/Documents/projects/gymlog/test/upgrade/error_reassurance_render_test.dart: storage-free-white-1.6x-synthetic
02:59 +955: C:/Users/Atharva Patil/Documents/projects/gymlog/test/upgrade/error_reassurance_render_test.dart: storage-free-white-1.6x-synthetic
02:59 +956: C:/Users/Atharva Patil/Documents/projects/gymlog/test/upgrade/session_2_render_test.dart: before/home-returning-neonPurple-1.0x-synthetic
03:00 +957: C:/Users/Atharva Patil/Documents/projects/gymlog/test/upgrade/session_2_render_test.dart: before/home-returning-neonPurple-1.0x-synthetic
03:00 +958: C:/Users/Atharva Patil/Documents/projects/gymlog/test/upgrade/error_reassurance_render_test.dart: storage-pro-white-1.6x-synthetic
03:00 +959: C:/Users/Atharva Patil/Documents/projects/gymlog/test/upgrade/error_reassurance_render_test.dart: storage-pro-white-1.6x-synthetic
03:00 +960: C:/Users/Atharva Patil/Documents/projects/gymlog/test/upgrade/error_reassurance_render_test.dart: storage-pro-white-1.6x-synthetic
03:00 +961: C:/Users/Atharva Patil/Documents/projects/gymlog/test/upgrade/error_reassurance_render_test.dart: storage-pro-white-1.6x-synthetic
03:00 +962: C:/Users/Atharva Patil/Documents/projects/gymlog/test/upgrade/session_1_render_test.dart: header-weighted-neonPurple-1.0x-synthetic
03:00 +963: C:/Users/Atharva Patil/Documents/projects/gymlog/test/upgrade/session_2_render_test.dart: before/home-inactive-neonPurple-1.0x-synthetic
03:00 +964: C:/Users/Atharva Patil/Documents/projects/gymlog/test/upgrade/session_2_render_test.dart: before/home-inactive-neonPurple-1.0x-synthetic
03:00 +965: C:/Users/Atharva Patil/Documents/projects/gymlog/test/upgrade/session_2_render_test.dart: before/home-inactive-neonPurple-1.0x-synthetic
03:00 +966: C:/Users/Atharva Patil/Documents/projects/gymlog/test/upgrade/error_reassurance_render_test.dart: app-error-neonCyan-1.0x-synthetic
03:00 +967: C:/Users/Atharva Patil/Documents/projects/gymlog/test/upgrade/session_1_render_test.dart: header-timed-neonPurple-1.0x-synthetic
03:00 +968: C:/Users/Atharva Patil/Documents/projects/gymlog/test/upgrade/session_2_render_test.dart: before/library-inactive-neonPurple-1.0x-synthetic
03:00 +969: C:/Users/Atharva Patil/Documents/projects/gymlog/test/upgrade/session_2_render_test.dart: before/library-inactive-neonPurple-1.0x-synthetic
03:00 +970: C:/Users/Atharva Patil/Documents/projects/gymlog/test/upgrade/session_2_render_test.dart: before/library-inactive-neonPurple-1.0x-synthetic
03:00 +971: C:/Users/Atharva Patil/Documents/projects/gymlog/test/upgrade/error_reassurance_render_test.dart: routine-error-neonCyan-1.0x-synthetic
03:00 +972: C:/Users/Atharva Patil/Documents/projects/gymlog/test/upgrade/error_reassurance_render_test.dart: routine-error-neonCyan-1.0x-synthetic
03:00 +973: C:/Users/Atharva Patil/Documents/projects/gymlog/test/upgrade/error_reassurance_render_test.dart: routine-error-neonCyan-1.0x-synthetic
03:00 +974: C:/Users/Atharva Patil/Documents/projects/gymlog/test/upgrade/error_reassurance_render_test.dart: routine-error-neonCyan-1.0x-synthetic
03:00 +975: C:/Users/Atharva Patil/Documents/projects/gymlog/test/upgrade/error_reassurance_render_test.dart: routine-error-neonCyan-1.0x-synthetic
03:00 +976: C:/Users/Atharva Patil/Documents/projects/gymlog/test/upgrade/error_reassurance_render_test.dart: routine-error-neonCyan-1.0x-synthetic
03:00 +977: C:/Users/Atharva Patil/Documents/projects/gymlog/test/upgrade/error_reassurance_render_test.dart: routine-error-neonCyan-1.0x-synthetic
03:00 +978: C:/Users/Atharva Patil/Documents/projects/gymlog/test/upgrade/error_reassurance_render_test.dart: routine-error-neonCyan-1.0x-synthetic
03:00 +979: C:/Users/Atharva Patil/Documents/projects/gymlog/test/upgrade/error_reassurance_render_test.dart: routine-error-neonCyan-1.0x-synthetic
03:00 +980: C:/Users/Atharva Patil/Documents/projects/gymlog/test/upgrade/error_reassurance_render_test.dart: routine-error-neonCyan-1.0x-synthetic
03:00 +981: C:/Users/Atharva Patil/Documents/projects/gymlog/test/upgrade/session_2_render_test.dart: before/home-empty-neonPurple-1.0x-synthetic
03:00 +982: C:/Users/Atharva Patil/Documents/projects/gymlog/test/upgrade/session_1_render_test.dart: finish-weighted-neonPurple-1.0x-synthetic
03:01 +983: C:/Users/Atharva Patil/Documents/projects/gymlog/test/upgrade/session_1_render_test.dart: finish-weighted-neonPurple-1.0x-synthetic
03:01 +984: C:/Users/Atharva Patil/Documents/projects/gymlog/test/upgrade/session_1_render_test.dart: finish-weighted-neonPurple-1.0x-synthetic
03:01 +985: C:/Users/Atharva Patil/Documents/projects/gymlog/test/widget_test.dart: UI kit PrimaryButton renders label and fires onPressed
03:01 +986: C:/Users/Atharva Patil/Documents/projects/gymlog/test/widget_test.dart: UI kit PrimaryButton renders label and fires onPressed
03:01 +987: C:/Users/Atharva Patil/Documents/projects/gymlog/test/widget_test.dart: UI kit PrimaryButton renders label and fires onPressed
03:01 +988: C:/Users/Atharva Patil/Documents/projects/gymlog/test/widget_test.dart: UI kit PrimaryButton renders label and fires onPressed
03:01 +989: C:/Users/Atharva Patil/Documents/projects/gymlog/test/widget_test.dart: UI kit PrimaryButton renders label and fires onPressed
03:01 +990: C:/Users/Atharva Patil/Documents/projects/gymlog/test/widget_test.dart: UI kit PrimaryButton renders label and fires onPressed
03:01 +991: C:/Users/Atharva Patil/Documents/projects/gymlog/test/widget_test.dart: UI kit PrimaryButton renders label and fires onPressed
03:01 +992: C:/Users/Atharva Patil/Documents/projects/gymlog/test/widget_test.dart: UI kit PrimaryButton renders label and fires onPressed
03:01 +993: C:/Users/Atharva Patil/Documents/projects/gymlog/test/widget_test.dart: UI kit PrimaryButton renders label and fires onPressed
03:01 +994: C:/Users/Atharva Patil/Documents/projects/gymlog/test/widget_test.dart: UI kit PrimaryButton renders label and fires onPressed
03:02 +995: C:/Users/Atharva Patil/Documents/projects/gymlog/test/widget_test.dart: UI kit PrimaryButton renders label and fires onPressed
03:02 +996: C:/Users/Atharva Patil/Documents/projects/gymlog/test/widget_test.dart: UI kit PrimaryButton renders label and fires onPressed
03:02 +997: C:/Users/Atharva Patil/Documents/projects/gymlog/test/widget_test.dart: UI kit PrimaryButton renders label and fires onPressed
03:02 +998: C:/Users/Atharva Patil/Documents/projects/gymlog/test/widget_test.dart: UI kit PrimaryButton renders label and fires onPressed
03:02 +999: C:/Users/Atharva Patil/Documents/projects/gymlog/test/widget_test.dart: UI kit PrimaryButton renders label and fires onPressed
03:02 +1000: C:/Users/Atharva Patil/Documents/projects/gymlog/test/widget_test.dart: UI kit PrimaryButton renders label and fires onPressed
03:02 +1001: C:/Users/Atharva Patil/Documents/projects/gymlog/test/widget_test.dart: UI kit PrimaryButton renders label and fires onPressed
03:02 +1002: C:/Users/Atharva Patil/Documents/projects/gymlog/test/widget_test.dart: UI kit PrimaryButton renders label and fires onPressed
03:02 +1003: C:/Users/Atharva Patil/Documents/projects/gymlog/test/widget_test.dart: UI kit PrimaryButton renders label and fires onPressed
03:02 +1004: C:/Users/Atharva Patil/Documents/projects/gymlog/test/widget_test.dart: UI kit PrimaryButton renders label and fires onPressed
03:02 +1005: C:/Users/Atharva Patil/Documents/projects/gymlog/test/widget_test.dart: UI kit PrimaryButton renders label and fires onPressed
03:02 +1006: C:/Users/Atharva Patil/Documents/projects/gymlog/test/widget_test.dart: UI kit PrimaryButton renders label and fires onPressed
03:03 +1007: C:/Users/Atharva Patil/Documents/projects/gymlog/test/widget_test.dart: UI kit PrimaryButton renders label and fires onPressed
03:03 +1008: C:/Users/Atharva Patil/Documents/projects/gymlog/test/widget_test.dart: UI kit PrimaryButton renders label and fires onPressed
03:03 +1009: C:/Users/Atharva Patil/Documents/projects/gymlog/test/widget_test.dart: UI kit PrimaryButton renders label and fires onPressed
03:03 +1010: C:/Users/Atharva Patil/Documents/projects/gymlog/test/widget_test.dart: UI kit PrimaryButton renders label and fires onPressed
03:03 +1011: C:/Users/Atharva Patil/Documents/projects/gymlog/test/widget_test.dart: UI kit PrimaryButton renders label and fires onPressed
03:03 +1012: C:/Users/Atharva Patil/Documents/projects/gymlog/test/widget_test.dart: UI kit PrimaryButton renders label and fires onPressed
03:03 +1013: C:/Users/Atharva Patil/Documents/projects/gymlog/test/widget_test.dart: UI kit PrimaryButton renders label and fires onPressed
03:03 +1014: C:/Users/Atharva Patil/Documents/projects/gymlog/test/widget_test.dart: UI kit PrimaryButton renders label and fires onPressed
03:03 +1015: C:/Users/Atharva Patil/Documents/projects/gymlog/test/widget_test.dart: UI kit PrimaryButton renders label and fires onPressed
03:03 +1016: C:/Users/Atharva Patil/Documents/projects/gymlog/test/widget_test.dart: UI kit PrimaryButton renders label and fires onPressed
03:03 +1017: C:/Users/Atharva Patil/Documents/projects/gymlog/test/widget_test.dart: UI kit PrimaryButton renders label and fires onPressed
03:03 +1018: C:/Users/Atharva Patil/Documents/projects/gymlog/test/upgrade/error_reassurance_render_test.dart: detail-error-neonCyan-1.6x-synthetic
03:03 +1019: C:/Users/Atharva Patil/Documents/projects/gymlog/test/upgrade/session_2_render_test.dart: before/library-noRoutine-neonPurple-1.6x-synthetic
03:03 +1020: C:/Users/Atharva Patil/Documents/projects/gymlog/test/upgrade/session_1_render_test.dart: share-distance-sticker-neonPurple-1.0x-synthetic
03:03 +1021: C:/Users/Atharva Patil/Documents/projects/gymlog/test/upgrade/session_1_render_test.dart: share-distance-sticker-neonPurple-1.0x-synthetic
03:03 +1022: C:/Users/Atharva Patil/Documents/projects/gymlog/test/upgrade/session_1_render_test.dart: share-distance-sticker-neonPurple-1.0x-synthetic
03:03 +1023: C:/Users/Atharva Patil/Documents/projects/gymlog/test/upgrade/session_2_render_test.dart: before/home-lowData-neonPurple-1.6x-synthetic
03:03 +1024: C:/Users/Atharva Patil/Documents/projects/gymlog/test/upgrade/error_reassurance_render_test.dart: roles-neonCyan-1.6x-synthetic
03:04 +1025: C:/Users/Atharva Patil/Documents/projects/gymlog/test/upgrade/session_1_render_test.dart: share-pace-monument-neonPurple-1.0x-synthetic
03:04 +1026: C:/Users/Atharva Patil/Documents/projects/gymlog/test/upgrade/session_1_render_test.dart: share-pace-monument-neonPurple-1.0x-synthetic
03:04 +1027: C:/Users/Atharva Patil/Documents/projects/gymlog/test/upgrade/error_reassurance_render_test.dart: offline-neonCyan-1.6x-synthetic
03:04 +1028: C:/Users/Atharva Patil/Documents/projects/gymlog/test/upgrade/error_reassurance_render_test.dart: offline-neonCyan-1.6x-synthetic
03:04 +1029: C:/Users/Atharva Patil/Documents/projects/gymlog/test/upgrade/error_reassurance_render_test.dart: offline-neonCyan-1.6x-synthetic
03:04 +1030: C:/Users/Atharva Patil/Documents/projects/gymlog/test/upgrade/session_1_render_test.dart: share-pace-technical-neonPurple-1.0x-synthetic
03:04 +1031: C:/Users/Atharva Patil/Documents/projects/gymlog/test/upgrade/session_1_render_test.dart: share-pace-technical-neonPurple-1.0x-synthetic
03:04 +1032: C:/Users/Atharva Patil/Documents/projects/gymlog/test/upgrade/session_1_render_test.dart: share-pace-technical-neonPurple-1.0x-synthetic
03:04 +1033: C:/Users/Atharva Patil/Documents/projects/gymlog/test/upgrade/session_2_render_test.dart: chosen/library-returning-higgsfield-1.0x-synthetic
03:04 +1034: C:/Users/Atharva Patil/Documents/projects/gymlog/test/upgrade/error_reassurance_render_test.dart: storage-free-neonCyan-1.6x-synthetic
03:05 +1035: C:/Users/Atharva Patil/Documents/projects/gymlog/test/upgrade/error_reassurance_render_test.dart: storage-free-neonCyan-1.6x-synthetic
03:05 +1036: C:/Users/Atharva Patil/Documents/projects/gymlog/test/upgrade/error_reassurance_render_test.dart: storage-free-neonCyan-1.6x-synthetic
03:05 +1037: C:/Users/Atharva Patil/Documents/projects/gymlog/test/upgrade/error_reassurance_render_test.dart: storage-free-neonCyan-1.6x-synthetic
03:05 +1038: C:/Users/Atharva Patil/Documents/projects/gymlog/test/upgrade/session_2_render_test.dart: chosen/library-inactive-higgsfield-1.0x-synthetic
03:05 +1039: C:/Users/Atharva Patil/Documents/projects/gymlog/test/upgrade/session_1_render_test.dart: detail-error-neonPurple-1.0x-synthetic
03:05 +1040: C:/Users/Atharva Patil/Documents/projects/gymlog/test/upgrade/error_reassurance_render_test.dart: storage-pro-neonCyan-1.6x-synthetic
03:05 +1041: C:/Users/Atharva Patil/Documents/projects/gymlog/test/upgrade/error_reassurance_render_test.dart: storage-pro-neonCyan-1.6x-synthetic
03:05 +1042: C:/Users/Atharva Patil/Documents/projects/gymlog/test/upgrade/error_reassurance_render_test.dart: storage-pro-neonCyan-1.6x-synthetic
03:05 +1043: C:/Users/Atharva Patil/Documents/projects/gymlog/test/upgrade/session_2_render_test.dart: chosen/library-empty-higgsfield-1.0x-synthetic
03:06 +1044: C:/Users/Atharva Patil/Documents/projects/gymlog/test/upgrade/session_1_render_test.dart: exercise-neonPurple-1.0x-synthetic
03:06 +1045: C:/Users/Atharva Patil/Documents/projects/gymlog/test/upgrade/session_1_render_test.dart: exercise-neonPurple-1.0x-synthetic
03:06 +1046: C:/Users/Atharva Patil/Documents/projects/gymlog/test/upgrade/session_1_render_test.dart: exercise-neonPurple-1.0x-synthetic
03:06 +1047: C:/Users/Atharva Patil/Documents/projects/gymlog/test/upgrade/session_2_render_test.dart: chosen/library-noRoutine-higgsfield-1.0x-synthetic
03:06 +1048: C:/Users/Atharva Patil/Documents/projects/gymlog/test/upgrade/session_1_render_test.dart: exercise-no-estimate-neonPurple-1.0x-synthetic
03:06 +1049: C:/Users/Atharva Patil/Documents/projects/gymlog/test/upgrade/session_1_render_test.dart: exercise-no-estimate-neonPurple-1.0x-synthetic
03:06 +1050: C:/Users/Atharva Patil/Documents/projects/gymlog/test/upgrade/session_1_render_test.dart: exercise-no-estimate-neonPurple-1.0x-synthetic
03:06 +1051: C:/Users/Atharva Patil/Documents/projects/gymlog/test/upgrade/session_2_render_test.dart: chosen/home-lowData-higgsfield-1.0x-synthetic
03:06 +1052: C:/Users/Atharva Patil/Documents/projects/gymlog/test/upgrade/error_reassurance_render_test.dart: routine-error-neonMagenta-1.0x-synthetic
03:06 +1053: C:/Users/Atharva Patil/Documents/projects/gymlog/test/upgrade/error_reassurance_render_test.dart: routine-error-neonMagenta-1.0x-synthetic
03:06 +1054: C:/Users/Atharva Patil/Documents/projects/gymlog/test/upgrade/session_2_render_test.dart: chosen/library-lowData-higgsfield-1.0x-synthetic
03:06 +1055: C:/Users/Atharva Patil/Documents/projects/gymlog/test/upgrade/session_1_render_test.dart: progress-low-neonPurple-1.0x-synthetic
03:06 +1056: C:/Users/Atharva Patil/Documents/projects/gymlog/test/upgrade/error_reassurance_render_test.dart: roles-neonMagenta-1.0x-synthetic
03:06 +1057: C:/Users/Atharva Patil/Documents/projects/gymlog/test/upgrade/session_2_render_test.dart: chosen/home-error-higgsfield-1.0x-synthetic
03:07 +1058: C:/Users/Atharva Patil/Documents/projects/gymlog/test/upgrade/session_2_render_test.dart: chosen/home-error-higgsfield-1.0x-synthetic
03:07 +1059: C:/Users/Atharva Patil/Documents/projects/gymlog/test/upgrade/error_reassurance_render_test.dart: offline-neonMagenta-1.0x-synthetic
03:07 +1060: C:/Users/Atharva Patil/Documents/projects/gymlog/test/upgrade/error_reassurance_render_test.dart: offline-neonMagenta-1.0x-synthetic
03:07 +1061: C:/Users/Atharva Patil/Documents/projects/gymlog/test/upgrade/error_reassurance_render_test.dart: offline-neonMagenta-1.0x-synthetic
03:07 +1062: C:/Users/Atharva Patil/Documents/projects/gymlog/test/upgrade/error_reassurance_render_test.dart: offline-neonMagenta-1.0x-synthetic
03:07 +1063: C:/Users/Atharva Patil/Documents/projects/gymlog/test/upgrade/session_2_render_test.dart: chosen/library-returning-higgsfield-1.6x-synthetic
03:07 +1064: C:/Users/Atharva Patil/Documents/projects/gymlog/test/upgrade/session_2_render_test.dart: chosen/library-returning-higgsfield-1.6x-synthetic
03:07 +1065: C:/Users/Atharva Patil/Documents/projects/gymlog/test/upgrade/error_reassurance_render_test.dart: sync-error-neonMagenta-1.0x-synthetic
03:07 +1066: C:/Users/Atharva Patil/Documents/projects/gymlog/test/upgrade/error_reassurance_render_test.dart: sync-error-neonMagenta-1.0x-synthetic
03:07 +1067: C:/Users/Atharva Patil/Documents/projects/gymlog/test/upgrade/error_reassurance_render_test.dart: sync-error-neonMagenta-1.0x-synthetic
03:07 +1068: C:/Users/Atharva Patil/Documents/projects/gymlog/test/upgrade/session_2_render_test.dart: chosen/home-inactive-higgsfield-1.6x-synthetic
03:07 +1069: C:/Users/Atharva Patil/Documents/projects/gymlog/test/upgrade/session_1_render_test.dart: header-distance-neonPurple-1.6x-synthetic
03:07 +1070: C:/Users/Atharva Patil/Documents/projects/gymlog/test/upgrade/error_reassurance_render_test.dart: storage-free-neonMagenta-1.0x-synthetic
03:08 +1071: C:/Users/Atharva Patil/Documents/projects/gymlog/test/upgrade/error_reassurance_render_test.dart: storage-free-neonMagenta-1.0x-synthetic
03:08 +1072: C:/Users/Atharva Patil/Documents/projects/gymlog/test/upgrade/error_reassurance_render_test.dart: storage-free-neonMagenta-1.0x-synthetic
03:08 +1073: C:/Users/Atharva Patil/Documents/projects/gymlog/test/upgrade/session_2_render_test.dart: chosen/home-empty-higgsfield-1.6x-synthetic
03:08 +1074: C:/Users/Atharva Patil/Documents/projects/gymlog/test/upgrade/session_1_render_test.dart: finish-weighted-neonPurple-1.6x-synthetic
03:08 +1075: C:/Users/Atharva Patil/Documents/projects/gymlog/test/upgrade/session_1_render_test.dart: finish-weighted-neonPurple-1.6x-synthetic
03:08 +1076: C:/Users/Atharva Patil/Documents/projects/gymlog/test/upgrade/session_1_render_test.dart: finish-weighted-neonPurple-1.6x-synthetic
03:08 +1077: C:/Users/Atharva Patil/Documents/projects/gymlog/test/upgrade/session_1_render_test.dart: finish-weighted-neonPurple-1.6x-synthetic
03:08 +1078: C:/Users/Atharva Patil/Documents/projects/gymlog/test/upgrade/session_1_render_test.dart: finish-weighted-neonPurple-1.6x-synthetic
03:08 +1079: C:/Users/Atharva Patil/Documents/projects/gymlog/test/upgrade/session_1_render_test.dart: finish-weighted-neonPurple-1.6x-synthetic
03:08 +1080: C:/Users/Atharva Patil/Documents/projects/gymlog/test/upgrade/error_reassurance_render_test.dart: storage-pro-neonMagenta-1.0x-synthetic
03:08 +1081: C:/Users/Atharva Patil/Documents/projects/gymlog/test/upgrade/error_reassurance_render_test.dart: storage-pro-neonMagenta-1.0x-synthetic
03:08 +1082: C:/Users/Atharva Patil/Documents/projects/gymlog/test/upgrade/error_reassurance_render_test.dart: storage-pro-neonMagenta-1.0x-synthetic
03:08 +1083: C:/Users/Atharva Patil/Documents/projects/gymlog/test/upgrade/error_reassurance_render_test.dart: storage-pro-neonMagenta-1.0x-synthetic
03:08 +1083: C:/Users/Atharva Patil/Documents/projects/gymlog/test/workout_draft_store_test.dart: WorkoutDraftStore P0-03 Resilience & Persistence Suite corrupt JSON payload fails safely, clears storage, and returns null
[WorkoutDraftStore] Corrupted or invalid draft payload: FormatException: Unexpected character (at character 2)
{invalid_json_payload: [incomplete
 ^
. Clearing draft.
03:08 +1084: C:/Users/Atharva Patil/Documents/projects/gymlog/test/upgrade/error_reassurance_render_test.dart: storage-pro-neonMagenta-1.0x-synthetic
03:08 +1085: C:/Users/Atharva Patil/Documents/projects/gymlog/test/upgrade/error_reassurance_render_test.dart: storage-pro-neonMagenta-1.0x-synthetic
03:08 +1086: C:/Users/Atharva Patil/Documents/projects/gymlog/test/upgrade/error_reassurance_render_test.dart: storage-pro-neonMagenta-1.0x-synthetic
03:08 +1086: C:/Users/Atharva Patil/Documents/projects/gymlog/test/workout_draft_store_test.dart: WorkoutDraftStore P0-03 Resilience & Persistence Suite draft belonging to user_A cannot be loaded by user_B
[WorkoutDraftStore] Ignoring draft from different user (user-A vs user-B)
03:08 +1087: C:/Users/Atharva Patil/Documents/projects/gymlog/test/upgrade/error_reassurance_render_test.dart: storage-pro-neonMagenta-1.0x-synthetic
03:08 +1087: C:/Users/Atharva Patil/Documents/projects/gymlog/test/workout_draft_store_test.dart: WorkoutDraftStore P0-03 Resilience & Persistence Suite draft older than 24 hours is treated as stale and auto-cleared
[WorkoutDraftStore] Draft expired (>24h), clearing.
03:08 +1088: C:/Users/Atharva Patil/Documents/projects/gymlog/test/upgrade/error_reassurance_render_test.dart: storage-pro-neonMagenta-1.0x-synthetic
03:08 +1089: C:/Users/Atharva Patil/Documents/projects/gymlog/test/upgrade/error_reassurance_render_test.dart: storage-pro-neonMagenta-1.0x-synthetic
03:08 +1090: C:/Users/Atharva Patil/Documents/projects/gymlog/test/upgrade/error_reassurance_render_test.dart: storage-pro-neonMagenta-1.0x-synthetic
03:08 +1091: C:/Users/Atharva Patil/Documents/projects/gymlog/test/upgrade/session_1_render_test.dart: finish-timed-neonPurple-1.6x-synthetic
03:08 +1092: C:/Users/Atharva Patil/Documents/projects/gymlog/test/upgrade/session_1_render_test.dart: finish-timed-neonPurple-1.6x-synthetic
03:08 +1093: C:/Users/Atharva Patil/Documents/projects/gymlog/test/upgrade/error_reassurance_render_test.dart: async-error-neonMagenta-1.6x-synthetic
03:08 +1094: C:/Users/Atharva Patil/Documents/projects/gymlog/test/upgrade/error_reassurance_render_test.dart: async-error-neonMagenta-1.6x-synthetic
03:09 +1095: C:/Users/Atharva Patil/Documents/projects/gymlog/test/upgrade/error_reassurance_render_test.dart: async-error-neonMagenta-1.6x-synthetic
03:09 +1096: C:/Users/Atharva Patil/Documents/projects/gymlog/test/upgrade/session_1_render_test.dart: finish-distance-neonPurple-1.6x-synthetic
03:09 +1097: C:/Users/Atharva Patil/Documents/projects/gymlog/test/upgrade/session_2_render_test.dart: chosen/home-returning-neonPurple-1.0x-synthetic
03:09 +1098: C:/Users/Atharva Patil/Documents/projects/gymlog/test/upgrade/session_2_render_test.dart: chosen/home-returning-neonPurple-1.0x-synthetic
03:09 +1099: C:/Users/Atharva Patil/Documents/projects/gymlog/test/upgrade/session_1_render_test.dart: pr-neonPurple-1.6x-synthetic
03:09 +1100: C:/Users/Atharva Patil/Documents/projects/gymlog/test/upgrade/session_1_render_test.dart: pr-neonPurple-1.6x-synthetic
03:09 +1101: C:/Users/Atharva Patil/Documents/projects/gymlog/test/upgrade/session_2_render_test.dart: chosen/library-returning-neonPurple-1.0x-synthetic
03:09 +1102: C:/Users/Atharva Patil/Documents/projects/gymlog/test/upgrade/error_reassurance_render_test.dart: routine-error-neonMagenta-1.6x-synthetic
03:09 +1103: C:/Users/Atharva Patil/Documents/projects/gymlog/test/upgrade/error_reassurance_render_test.dart: routine-error-neonMagenta-1.6x-synthetic
03:09 +1104: C:/Users/Atharva Patil/Documents/projects/gymlog/test/upgrade/session_2_render_test.dart: chosen/home-returning-neonPurple-1.6x-synthetic
03:09 +1105: C:/Users/Atharva Patil/Documents/projects/gymlog/test/upgrade/session_1_render_test.dart: share-monument-neonPurple-1.6x-synthetic
03:09 +1106: C:/Users/Atharva Patil/Documents/projects/gymlog/test/upgrade/error_reassurance_render_test.dart: roles-neonMagenta-1.6x-synthetic
03:09 +1107: C:/Users/Atharva Patil/Documents/projects/gymlog/test/upgrade/session_2_render_test.dart: chosen/library-returning-neonPurple-1.6x-synthetic
03:09 +1108: C:/Users/Atharva Patil/Documents/projects/gymlog/test/upgrade/session_1_render_test.dart: share-technical-neonPurple-1.6x-synthetic
03:10 +1109: C:/Users/Atharva Patil/Documents/projects/gymlog/test/upgrade/session_1_render_test.dart: share-technical-neonPurple-1.6x-synthetic
03:10 +1110: C:/Users/Atharva Patil/Documents/projects/gymlog/test/upgrade/error_reassurance_render_test.dart: offline-neonMagenta-1.6x-synthetic
03:10 +1111: C:/Users/Atharva Patil/Documents/projects/gymlog/test/upgrade/error_reassurance_render_test.dart: offline-neonMagenta-1.6x-synthetic
03:10 +1112: C:/Users/Atharva Patil/Documents/projects/gymlog/test/upgrade/error_reassurance_render_test.dart: offline-neonMagenta-1.6x-synthetic
03:10 +1113: C:/Users/Atharva Patil/Documents/projects/gymlog/test/upgrade/error_reassurance_render_test.dart: offline-neonMagenta-1.6x-synthetic
03:10 +1114: C:/Users/Atharva Patil/Documents/projects/gymlog/test/upgrade/error_reassurance_render_test.dart: offline-neonMagenta-1.6x-synthetic
03:10 +1115: C:/Users/Atharva Patil/Documents/projects/gymlog/test/upgrade/session_2_render_test.dart: sequence/library-inactive-higgsfield-1.0x-synthetic
03:10 +1116: C:/Users/Atharva Patil/Documents/projects/gymlog/test/upgrade/session_1_render_test.dart: share-duration-technical-neonPurple-1.6x-synthetic
03:10 +1117: C:/Users/Atharva Patil/Documents/projects/gymlog/test/upgrade/error_reassurance_render_test.dart: sync-error-neonMagenta-1.6x-synthetic
03:10 +1118: C:/Users/Atharva Patil/Documents/projects/gymlog/test/upgrade/error_reassurance_render_test.dart: sync-error-neonMagenta-1.6x-synthetic
03:10 +1119: C:/Users/Atharva Patil/Documents/projects/gymlog/test/upgrade/error_reassurance_render_test.dart: sync-error-neonMagenta-1.6x-synthetic
03:10 +1120: C:/Users/Atharva Patil/Documents/projects/gymlog/test/upgrade/error_reassurance_render_test.dart: sync-error-neonMagenta-1.6x-synthetic
03:10 +1121: C:/Users/Atharva Patil/Documents/projects/gymlog/test/upgrade/error_reassurance_render_test.dart: sync-error-neonMagenta-1.6x-synthetic
03:10 +1122: C:/Users/Atharva Patil/Documents/projects/gymlog/test/upgrade/session_1_render_test.dart: share-distance-monument-neonPurple-1.6x-synthetic
03:10 +1123: C:/Users/Atharva Patil/Documents/projects/gymlog/test/upgrade/session_2_render_test.dart: sequence/library-noRoutine-higgsfield-1.0x-synthetic
03:11 +1124: C:/Users/Atharva Patil/Documents/projects/gymlog/test/upgrade/error_reassurance_render_test.dart: storage-free-neonMagenta-1.6x-synthetic
03:11 +1125: C:/Users/Atharva Patil/Documents/projects/gymlog/test/upgrade/error_reassurance_render_test.dart: storage-free-neonMagenta-1.6x-synthetic
03:11 +1126: C:/Users/Atharva Patil/Documents/projects/gymlog/test/upgrade/error_reassurance_render_test.dart: storage-free-neonMagenta-1.6x-synthetic
03:11 +1127: C:/Users/Atharva Patil/Documents/projects/gymlog/test/upgrade/error_reassurance_render_test.dart: storage-free-neonMagenta-1.6x-synthetic
03:11 +1128: C:/Users/Atharva Patil/Documents/projects/gymlog/test/upgrade/error_reassurance_render_test.dart: storage-free-neonMagenta-1.6x-synthetic
03:11 +1129: C:/Users/Atharva Patil/Documents/projects/gymlog/test/upgrade/error_reassurance_render_test.dart: storage-free-neonMagenta-1.6x-synthetic
03:11 +1130: C:/Users/Atharva Patil/Documents/projects/gymlog/test/upgrade/error_reassurance_render_test.dart: storage-free-neonMagenta-1.6x-synthetic
03:11 +1131: C:/Users/Atharva Patil/Documents/projects/gymlog/test/upgrade/session_2_render_test.dart: sequence/library-error-higgsfield-1.0x-synthetic
03:11 +1132: C:/Users/Atharva Patil/Documents/projects/gymlog/test/upgrade/session_1_render_test.dart: share-pace-technical-neonPurple-1.6x-synthetic
03:11 +1133: C:/Users/Atharva Patil/Documents/projects/gymlog/test/upgrade/error_reassurance_render_test.dart: storage-pro-neonMagenta-1.6x-synthetic
03:11 +1134: C:/Users/Atharva Patil/Documents/projects/gymlog/test/upgrade/error_reassurance_render_test.dart: storage-pro-neonMagenta-1.6x-synthetic
03:12 +1135: C:/Users/Atharva Patil/Documents/projects/gymlog/test/upgrade/session_1_render_test.dart: share-pace-sticker-neonPurple-1.6x-synthetic
03:12 +1136: C:/Users/Atharva Patil/Documents/projects/gymlog/test/upgrade/session_2_render_test.dart: sequence/library-returning-higgsfield-1.6x-synthetic
03:12 +1137: C:/Users/Atharva Patil/Documents/projects/gymlog/test/upgrade/error_reassurance_render_test.dart: async-error-blazeOrange-1.0x-synthetic
03:12 +1138: C:/Users/Atharva Patil/Documents/projects/gymlog/test/upgrade/session_1_render_test.dart: detail-neonPurple-1.6x-synthetic
03:12 +1139: C:/Users/Atharva Patil/Documents/projects/gymlog/test/upgrade/session_1_render_test.dart: detail-neonPurple-1.6x-synthetic
03:12 +1140: C:/Users/Atharva Patil/Documents/projects/gymlog/test/upgrade/session_2_render_test.dart: sequence/home-inactive-higgsfield-1.6x-synthetic
03:12 +1141: C:/Users/Atharva Patil/Documents/projects/gymlog/test/upgrade/error_reassurance_render_test.dart: detail-error-blazeOrange-1.0x-synthetic
03:12 +1142: C:/Users/Atharva Patil/Documents/projects/gymlog/test/upgrade/session_1_render_test.dart: detail-error-neonPurple-1.6x-synthetic
03:12 +1143: C:/Users/Atharva Patil/Documents/projects/gymlog/test/upgrade/session_2_render_test.dart: sequence/library-inactive-higgsfield-1.6x-synthetic
03:12 +1144: C:/Users/Atharva Patil/Documents/projects/gymlog/test/workout_export_test.dart: exports v2 schema with 20 columns for completed sessions only
03:12 +1145: C:/Users/Atharva Patil/Documents/projects/gymlog/test/workout_export_test.dart: exports v2 schema with 20 columns for completed sessions only
03:12 +1146: C:/Users/Atharva Patil/Documents/projects/gymlog/test/workout_export_test.dart: exports v2 schema with 20 columns for completed sessions only
03:12 +1147: C:/Users/Atharva Patil/Documents/projects/gymlog/test/workout_export_test.dart: exports v2 schema with 20 columns for completed sessions only
03:12 +1148: C:/Users/Atharva Patil/Documents/projects/gymlog/test/workout_export_test.dart: exports v2 schema with 20 columns for completed sessions only
03:12 +1149: C:/Users/Atharva Patil/Documents/projects/gymlog/test/workout_export_test.dart: exports v2 schema with 20 columns for completed sessions only
03:12 +1150: C:/Users/Atharva Patil/Documents/projects/gymlog/test/workout_export_test.dart: exports v2 schema with 20 columns for completed sessions only
03:12 +1151: C:/Users/Atharva Patil/Documents/projects/gymlog/test/workout_export_test.dart: exports v2 schema with 20 columns for completed sessions only
03:13 +1152: C:/Users/Atharva Patil/Documents/projects/gymlog/test/workout_export_test.dart: exports v2 schema with 20 columns for completed sessions only
03:13 +1153: C:/Users/Atharva Patil/Documents/projects/gymlog/test/workout_export_test.dart: exports v2 schema with 20 columns for completed sessions only
03:13 +1154: C:/Users/Atharva Patil/Documents/projects/gymlog/test/upgrade/error_reassurance_render_test.dart: offline-blazeOrange-1.0x-synthetic
03:13 +1155: C:/Users/Atharva Patil/Documents/projects/gymlog/test/upgrade/error_reassurance_render_test.dart: offline-blazeOrange-1.0x-synthetic
03:13 +1156: C:/Users/Atharva Patil/Documents/projects/gymlog/test/upgrade/error_reassurance_render_test.dart: offline-blazeOrange-1.0x-synthetic
03:13 +1157: C:/Users/Atharva Patil/Documents/projects/gymlog/test/upgrade/error_reassurance_render_test.dart: offline-blazeOrange-1.0x-synthetic
03:13 +1158: C:/Users/Atharva Patil/Documents/projects/gymlog/test/upgrade/error_reassurance_render_test.dart: offline-blazeOrange-1.0x-synthetic
03:13 +1159: C:/Users/Atharva Patil/Documents/projects/gymlog/test/upgrade/error_reassurance_render_test.dart: offline-blazeOrange-1.0x-synthetic
03:13 +1160: C:/Users/Atharva Patil/Documents/projects/gymlog/test/upgrade/error_reassurance_render_test.dart: offline-blazeOrange-1.0x-synthetic
03:13 +1161: C:/Users/Atharva Patil/Documents/projects/gymlog/test/upgrade/error_reassurance_render_test.dart: offline-blazeOrange-1.0x-synthetic
03:13 +1162: C:/Users/Atharva Patil/Documents/projects/gymlog/test/upgrade/session_1_render_test.dart: progress-neonPurple-1.6x-synthetic
03:13 +1163: C:/Users/Atharva Patil/Documents/projects/gymlog/test/upgrade/session_2_render_test.dart: sequence/home-returning-neonPurple-1.0x-synthetic
03:13 +1164: C:/Users/Atharva Patil/Documents/projects/gymlog/test/upgrade/error_reassurance_render_test.dart: sync-error-blazeOrange-1.0x-synthetic
03:13 +1165: C:/Users/Atharva Patil/Documents/projects/gymlog/test/upgrade/error_reassurance_render_test.dart: sync-error-blazeOrange-1.0x-synthetic
03:13 +1166: C:/Users/Atharva Patil/Documents/projects/gymlog/test/upgrade/error_reassurance_render_test.dart: sync-error-blazeOrange-1.0x-synthetic
03:13 +1167: C:/Users/Atharva Patil/Documents/projects/gymlog/test/upgrade/error_reassurance_render_test.dart: sync-error-blazeOrange-1.0x-synthetic
03:14 +1168: C:/Users/Atharva Patil/Documents/projects/gymlog/test/upgrade/session_2_render_test.dart: sequence/home-returning-neonPurple-1.6x-synthetic
03:14 +1169: C:/Users/Atharva Patil/Documents/projects/gymlog/test/upgrade/session_1_render_test.dart: roles-neonPurple-1.6x-synthetic
03:14 +1170: C:/Users/Atharva Patil/Documents/projects/gymlog/test/upgrade/error_reassurance_render_test.dart: storage-free-blazeOrange-1.0x-synthetic
03:14 +1171: C:/Users/Atharva Patil/Documents/projects/gymlog/test/upgrade/error_reassurance_render_test.dart: storage-free-blazeOrange-1.0x-synthetic
03:14 +1172: C:/Users/Atharva Patil/Documents/projects/gymlog/test/upgrade/error_reassurance_render_test.dart: storage-free-blazeOrange-1.0x-synthetic
03:14 +1173: C:/Users/Atharva Patil/Documents/projects/gymlog/test/upgrade/session_1_render_test.dart: header-reps-white-1.0x-synthetic
03:14 +1174: C:/Users/Atharva Patil/Documents/projects/gymlog/test/upgrade/session_2_render_test.dart: chooser/home-returning-higgsfield-1.0x-synthetic
03:14 +1175: C:/Users/Atharva Patil/Documents/projects/gymlog/test/upgrade/error_reassurance_render_test.dart: storage-pro-blazeOrange-1.0x-synthetic
03:14 +1176: C:/Users/Atharva Patil/Documents/projects/gymlog/test/upgrade/error_reassurance_render_test.dart: storage-pro-blazeOrange-1.0x-synthetic
03:15 +1177: C:/Users/Atharva Patil/Documents/projects/gymlog/test/upgrade/error_reassurance_render_test.dart: storage-pro-blazeOrange-1.0x-synthetic
03:15 +1178: C:/Users/Atharva Patil/Documents/projects/gymlog/test/upgrade/error_reassurance_render_test.dart: storage-pro-blazeOrange-1.0x-synthetic
03:15 +1179: C:/Users/Atharva Patil/Documents/projects/gymlog/test/upgrade/error_reassurance_render_test.dart: storage-pro-blazeOrange-1.0x-synthetic
03:15 +1180: C:/Users/Atharva Patil/Documents/projects/gymlog/test/upgrade/error_reassurance_render_test.dart: storage-pro-blazeOrange-1.0x-synthetic
03:15 +1181: C:/Users/Atharva Patil/Documents/projects/gymlog/test/upgrade/error_reassurance_render_test.dart: storage-pro-blazeOrange-1.0x-synthetic
03:15 +1182: C:/Users/Atharva Patil/Documents/projects/gymlog/test/upgrade/error_reassurance_render_test.dart: storage-pro-blazeOrange-1.0x-synthetic
03:15 +1183: C:/Users/Atharva Patil/Documents/projects/gymlog/test/upgrade/session_1_render_test.dart: finish-weighted-white-1.0x-synthetic
03:15 +1184: C:/Users/Atharva Patil/Documents/projects/gymlog/test/upgrade/session_1_render_test.dart: finish-weighted-white-1.0x-synthetic
03:15 +1185: C:/Users/Atharva Patil/Documents/projects/gymlog/test/upgrade/session_1_render_test.dart: finish-weighted-white-1.0x-synthetic
03:15 +1186: C:/Users/Atharva Patil/Documents/projects/gymlog/test/upgrade/session_1_render_test.dart: finish-weighted-white-1.0x-synthetic
03:15 +1187: C:/Users/Atharva Patil/Documents/projects/gymlog/test/upgrade/error_reassurance_render_test.dart: app-error-blazeOrange-1.6x-synthetic
03:15 +1188: C:/Users/Atharva Patil/Documents/projects/gymlog/test/upgrade/session_2_render_test.dart: chooser/library-noRoutine-higgsfield-1.0x-synthetic
03:15 +1189: C:/Users/Atharva Patil/Documents/projects/gymlog/test/upgrade/session_1_render_test.dart: finish-reps-white-1.0x-synthetic
03:16 +1190: C:/Users/Atharva Patil/Documents/projects/gymlog/test/upgrade/session_1_render_test.dart: finish-reps-white-1.0x-synthetic
03:16 +1191: C:/Users/Atharva Patil/Documents/projects/gymlog/test/upgrade/session_1_render_test.dart: finish-reps-white-1.0x-synthetic
03:16 +1192: C:/Users/Atharva Patil/Documents/projects/gymlog/test/upgrade/error_reassurance_render_test.dart: routine-error-blazeOrange-1.6x-synthetic
03:16 +1193: C:/Users/Atharva Patil/Documents/projects/gymlog/test/upgrade/error_reassurance_render_test.dart: routine-error-blazeOrange-1.6x-synthetic
03:16 +1194: C:/Users/Atharva Patil/Documents/projects/gymlog/test/upgrade/error_reassurance_render_test.dart: routine-error-blazeOrange-1.6x-synthetic
03:16 +1195: C:/Users/Atharva Patil/Documents/projects/gymlog/test/upgrade/session_1_render_test.dart: finish-timed-white-1.0x-synthetic
03:16 +1196: C:/Users/Atharva Patil/Documents/projects/gymlog/test/upgrade/session_1_render_test.dart: finish-timed-white-1.0x-synthetic
03:16 +1197: C:/Users/Atharva Patil/Documents/projects/gymlog/test/upgrade/error_reassurance_render_test.dart: roles-blazeOrange-1.6x-synthetic
03:16 +1198: C:/Users/Atharva Patil/Documents/projects/gymlog/test/upgrade/session_2_render_test.dart: chooser/home-returning-higgsfield-1.6x-synthetic
03:16 +1199: C:/Users/Atharva Patil/Documents/projects/gymlog/test/upgrade/session_1_render_test.dart: finish-distance-white-1.0x-synthetic
03:16 +1200: C:/Users/Atharva Patil/Documents/projects/gymlog/test/upgrade/error_reassurance_render_test.dart: offline-blazeOrange-1.6x-synthetic
03:16 +1201: C:/Users/Atharva Patil/Documents/projects/gymlog/test/upgrade/error_reassurance_render_test.dart: offline-blazeOrange-1.6x-synthetic
03:16 +1202: C:/Users/Atharva Patil/Documents/projects/gymlog/test/upgrade/error_reassurance_render_test.dart: offline-blazeOrange-1.6x-synthetic
03:16 +1203: C:/Users/Atharva Patil/Documents/projects/gymlog/test/upgrade/session_2_render_test.dart: chooser/home-inactive-higgsfield-1.6x-synthetic
03:16 +1204: C:/Users/Atharva Patil/Documents/projects/gymlog/test/upgrade/session_1_render_test.dart: pr-pace-white-1.0x-synthetic
03:16 +1205: C:/Users/Atharva Patil/Documents/projects/gymlog/test/upgrade/error_reassurance_render_test.dart: sync-error-blazeOrange-1.6x-synthetic
03:17 +1206: C:/Users/Atharva Patil/Documents/projects/gymlog/test/upgrade/error_reassurance_render_test.dart: sync-error-blazeOrange-1.6x-synthetic
03:17 +1207: C:/Users/Atharva Patil/Documents/projects/gymlog/test/upgrade/error_reassurance_render_test.dart: sync-error-blazeOrange-1.6x-synthetic
03:17 +1208: C:/Users/Atharva Patil/Documents/projects/gymlog/test/upgrade/error_reassurance_render_test.dart: sync-error-blazeOrange-1.6x-synthetic
03:17 +1209: C:/Users/Atharva Patil/Documents/projects/gymlog/test/upgrade/error_reassurance_render_test.dart: sync-error-blazeOrange-1.6x-synthetic
03:17 +1210: C:/Users/Atharva Patil/Documents/projects/gymlog/test/upgrade/session_1_render_test.dart: share-technical-white-1.0x-synthetic
03:17 +1211: C:/Users/Atharva Patil/Documents/projects/gymlog/test/upgrade/session_2_render_test.dart: chooser/home-noRoutine-higgsfield-1.6x-synthetic
03:17 +1212: C:/Users/Atharva Patil/Documents/projects/gymlog/test/upgrade/error_reassurance_render_test.dart: storage-free-blazeOrange-1.6x-synthetic
03:17 +1213: C:/Users/Atharva Patil/Documents/projects/gymlog/test/upgrade/error_reassurance_render_test.dart: storage-free-blazeOrange-1.6x-synthetic
03:17 +1214: C:/Users/Atharva Patil/Documents/projects/gymlog/test/upgrade/error_reassurance_render_test.dart: storage-free-blazeOrange-1.6x-synthetic
03:17 +1215: C:/Users/Atharva Patil/Documents/projects/gymlog/test/upgrade/error_reassurance_render_test.dart: storage-free-blazeOrange-1.6x-synthetic
03:17 +1216: C:/Users/Atharva Patil/Documents/projects/gymlog/test/upgrade/error_reassurance_render_test.dart: storage-free-blazeOrange-1.6x-synthetic
03:17 +1217: C:/Users/Atharva Patil/Documents/projects/gymlog/test/upgrade/error_reassurance_render_test.dart: storage-free-blazeOrange-1.6x-synthetic
03:17 +1218: C:/Users/Atharva Patil/Documents/projects/gymlog/test/workout_hero_transition_test.dart: WorkoutHistoryCard renders Hero when enableHero is true and animations enabled
03:17 +1219: C:/Users/Atharva Patil/Documents/projects/gymlog/test/workout_hero_transition_test.dart: WorkoutHistoryCard renders Hero when enableHero is true and animations enabled
03:17 +1220: C:/Users/Atharva Patil/Documents/projects/gymlog/test/workout_hero_transition_test.dart: WorkoutHistoryCard renders Hero when enableHero is true and animations enabled
03:17 +1221: C:/Users/Atharva Patil/Documents/projects/gymlog/test/workout_hero_transition_test.dart: WorkoutHistoryCard renders Hero when enableHero is true and animations enabled
03:17 +1222: C:/Users/Atharva Patil/Documents/projects/gymlog/test/workout_hero_transition_test.dart: WorkoutHistoryCard renders Hero when enableHero is true and animations enabled
03:17 +1223: C:/Users/Atharva Patil/Documents/projects/gymlog/test/workout_hero_transition_test.dart: WorkoutHistoryCard renders Hero when enableHero is true and animations enabled
03:17 +1224: C:/Users/Atharva Patil/Documents/projects/gymlog/test/workout_hero_transition_test.dart: WorkoutHistoryCard renders Hero when enableHero is true and animations enabled
03:17 +1225: C:/Users/Atharva Patil/Documents/projects/gymlog/test/workout_hero_transition_test.dart: WorkoutHistoryCard renders Hero when enableHero is true and animations enabled
03:17 +1226: C:/Users/Atharva Patil/Documents/projects/gymlog/test/workout_hero_transition_test.dart: WorkoutHistoryCard renders Hero when enableHero is true and animations enabled
03:17 +1227: C:/Users/Atharva Patil/Documents/projects/gymlog/test/workout_hero_transition_test.dart: WorkoutHistoryCard renders Hero when enableHero is true and animations enabled
03:18 +1228: C:/Users/Atharva Patil/Documents/projects/gymlog/test/workout_hero_transition_test.dart: WorkoutHistoryCard renders Hero when enableHero is true and animations enabled
03:18 +1229: C:/Users/Atharva Patil/Documents/projects/gymlog/test/workout_hero_transition_test.dart: WorkoutHistoryCard renders Hero when enableHero is true and animations enabled
03:18 +1230: C:/Users/Atharva Patil/Documents/projects/gymlog/test/workout_hero_transition_test.dart: WorkoutHistoryCard renders Hero when enableHero is true and animations enabled
03:18 +1231: C:/Users/Atharva Patil/Documents/projects/gymlog/test/workout_hero_transition_test.dart: WorkoutHistoryCard renders Hero when enableHero is true and animations enabled
03:18 +1232: C:/Users/Atharva Patil/Documents/projects/gymlog/test/workout_hero_transition_test.dart: WorkoutHistoryCard renders Hero when enableHero is true and animations enabled
03:18 +1233: C:/Users/Atharva Patil/Documents/projects/gymlog/test/workout_hero_transition_test.dart: WorkoutHistoryCard renders Hero when enableHero is true and animations enabled
03:18 +1234: C:/Users/Atharva Patil/Documents/projects/gymlog/test/workout_hero_transition_test.dart: WorkoutHistoryCard renders Hero when enableHero is true and animations enabled
03:18 +1235: C:/Users/Atharva Patil/Documents/projects/gymlog/test/workout_hero_transition_test.dart: WorkoutHistoryCard renders Hero when enableHero is true and animations enabled
03:19 +1236: C:/Users/Atharva Patil/Documents/projects/gymlog/test/workout_hero_transition_test.dart: WorkoutHistoryCard renders Hero when enableHero is true and animations enabled
03:19 +1237: C:/Users/Atharva Patil/Documents/projects/gymlog/test/workout_hero_transition_test.dart: WorkoutHistoryCard renders Hero when enableHero is true and animations enabled
03:19 +1238: C:/Users/Atharva Patil/Documents/projects/gymlog/test/upgrade/session_1_render_test.dart: exercise-no-estimate-white-1.0x-synthetic
03:19 +1239: C:/Users/Atharva Patil/Documents/projects/gymlog/test/workout_hero_transition_test.dart: WorkoutHistoryCard does NOT render Hero when enableHero is false
03:19 +1240: C:/Users/Atharva Patil/Documents/projects/gymlog/test/upgrade/session_1_render_test.dart: progress-white-1.0x-synthetic
03:19 +1241: C:/Users/Atharva Patil/Documents/projects/gymlog/test/workout_hero_transition_test.dart: WorkoutHeroSliver renders Hero when workoutId is present and animations enabled
03:19 +1242: C:/Users/Atharva Patil/Documents/projects/gymlog/test/workout_hero_transition_test.dart: WorkoutHeroSliver renders Hero when workoutId is present and animations enabled
03:19 +1243: C:/Users/Atharva Patil/Documents/projects/gymlog/test/workout_hero_transition_test.dart: WorkoutHeroSliver renders Hero when workoutId is present and animations enabled
03:19 +1244: C:/Users/Atharva Patil/Documents/projects/gymlog/test/workout_hero_transition_test.dart: WorkoutHeroSliver renders Hero when workoutId is present and animations enabled
03:19 +1245: C:/Users/Atharva Patil/Documents/projects/gymlog/test/workout_hero_transition_test.dart: WorkoutHeroSliver renders Hero when workoutId is present and animations enabled
03:20 +1246: C:/Users/Atharva Patil/Documents/projects/gymlog/test/upgrade/session_1_render_test.dart: header-reps-white-1.6x-synthetic
03:20 +1247: C:/Users/Atharva Patil/Documents/projects/gymlog/test/workout_hero_transition_test.dart: WorkoutHeroSliver does NOT render Hero when workoutId is null
03:20 +1248: C:/Users/Atharva Patil/Documents/projects/gymlog/test/workout_hero_transition_test.dart: WorkoutHeroSliver does NOT render Hero when workoutId is null
03:20 +1249: C:/Users/Atharva Patil/Documents/projects/gymlog/test/upgrade/session_1_render_test.dart: header-distance-white-1.6x-synthetic
03:20 +1250: C:/Users/Atharva Patil/Documents/projects/gymlog/test/upgrade/session_1_render_test.dart: header-empty-white-1.6x-synthetic
03:20 +1251: C:/Users/Atharva Patil/Documents/projects/gymlog/test/workout_metric_summary_test.dart: ATOMIC-RC3-14: WorkoutMetricSummary Projection Suite weighted workout projects VOLUME as primary metric label and formatted kg
03:20 +1252: C:/Users/Atharva Patil/Documents/projects/gymlog/test/upgrade/session_1_render_test.dart: finish-weighted-white-1.6x-synthetic
03:20 +1253: C:/Users/Atharva Patil/Documents/projects/gymlog/test/upgrade/session_1_render_test.dart: finish-weighted-white-1.6x-synthetic
03:20 +1254: C:/Users/Atharva Patil/Documents/projects/gymlog/test/upgrade/session_1_render_test.dart: finish-weighted-white-1.6x-synthetic
03:20 +1255: C:/Users/Atharva Patil/Documents/projects/gymlog/test/upgrade/session_1_render_test.dart: finish-weighted-white-1.6x-synthetic
03:20 +1256: C:/Users/Atharva Patil/Documents/projects/gymlog/test/upgrade/session_1_render_test.dart: finish-reps-white-1.6x-synthetic
03:20 +1257: C:/Users/Atharva Patil/Documents/projects/gymlog/test/upgrade/session_1_render_test.dart: finish-timed-white-1.6x-synthetic
03:20 +1258: C:/Users/Atharva Patil/Documents/projects/gymlog/test/upgrade/session_1_render_test.dart: finish-distance-white-1.6x-synthetic
03:20 +1259: C:/Users/Atharva Patil/Documents/projects/gymlog/test/upgrade/session_1_render_test.dart: pr-white-1.6x-synthetic
03:20 +1260: C:/Users/Atharva Patil/Documents/projects/gymlog/test/upgrade/session_1_render_test.dart: pr-pace-white-1.6x-synthetic
03:20 +1261: C:/Users/Atharva Patil/Documents/projects/gymlog/test/upgrade/session_1_render_test.dart: share-monument-white-1.6x-synthetic
03:20 +1262: C:/Users/Atharva Patil/Documents/projects/gymlog/test/upgrade/session_1_render_test.dart: share-technical-white-1.6x-synthetic
03:21 +1263: C:/Users/Atharva Patil/Documents/projects/gymlog/test/upgrade/session_1_render_test.dart: share-sticker-white-1.6x-synthetic
03:21 +1264: C:/Users/Atharva Patil/Documents/projects/gymlog/test/upgrade/session_1_render_test.dart: share-duration-monument-white-1.6x-synthetic
03:21 +1265: C:/Users/Atharva Patil/Documents/projects/gymlog/test/upgrade/session_1_render_test.dart: share-duration-technical-white-1.6x-synthetic
03:21 +1266: C:/Users/Atharva Patil/Documents/projects/gymlog/test/upgrade/session_1_render_test.dart: share-duration-sticker-white-1.6x-synthetic
03:21 +1267: C:/Users/Atharva Patil/Documents/projects/gymlog/test/upgrade/session_1_render_test.dart: share-distance-monument-white-1.6x-synthetic
03:21 +1268: C:/Users/Atharva Patil/Documents/projects/gymlog/test/upgrade/session_1_render_test.dart: share-distance-technical-white-1.6x-synthetic
03:21 +1269: C:/Users/Atharva Patil/Documents/projects/gymlog/test/upgrade/session_1_render_test.dart: share-distance-sticker-white-1.6x-synthetic
03:21 +1270: C:/Users/Atharva Patil/Documents/projects/gymlog/test/upgrade/session_1_render_test.dart: share-pace-monument-white-1.6x-synthetic
03:21 +1271: C:/Users/Atharva Patil/Documents/projects/gymlog/test/upgrade/session_1_render_test.dart: share-pace-technical-white-1.6x-synthetic
03:21 +1272: C:/Users/Atharva Patil/Documents/projects/gymlog/test/upgrade/session_1_render_test.dart: share-pace-sticker-white-1.6x-synthetic
03:21 +1273: C:/Users/Atharva Patil/Documents/projects/gymlog/test/upgrade/session_1_render_test.dart: detail-white-1.6x-synthetic
03:21 +1274: C:/Users/Atharva Patil/Documents/projects/gymlog/test/upgrade/session_1_render_test.dart: detail-error-white-1.6x-synthetic
03:21 +1275: C:/Users/Atharva Patil/Documents/projects/gymlog/test/upgrade/session_1_render_test.dart: detail-empty-white-1.6x-synthetic
03:21 +1276: C:/Users/Atharva Patil/Documents/projects/gymlog/test/upgrade/session_1_render_test.dart: exercise-white-1.6x-synthetic
03:22 +1277: C:/Users/Atharva Patil/Documents/projects/gymlog/test/upgrade/session_1_render_test.dart: exercise-no-estimate-white-1.6x-synthetic
03:22 +1278: C:/Users/Atharva Patil/Documents/projects/gymlog/test/upgrade/session_1_render_test.dart: progress-white-1.6x-synthetic
03:22 +1279: C:/Users/Atharva Patil/Documents/projects/gymlog/test/upgrade/session_1_render_test.dart: progress-low-white-1.6x-synthetic
03:22 +1280: C:/Users/Atharva Patil/Documents/projects/gymlog/test/upgrade/session_1_render_test.dart: progress-empty-white-1.6x-synthetic
03:22 +1281: C:/Users/Atharva Patil/Documents/projects/gymlog/test/upgrade/session_1_render_test.dart: roles-white-1.6x-synthetic
03:22 +1282: C:/Users/Atharva Patil/Documents/projects/gymlog/test/upgrade/session_1_render_test.dart: header-weighted-neonCyan-1.0x-synthetic
03:22 +1283: C:/Users/Atharva Patil/Documents/projects/gymlog/test/upgrade/session_1_render_test.dart: header-reps-neonCyan-1.0x-synthetic
03:22 +1284: C:/Users/Atharva Patil/Documents/projects/gymlog/test/upgrade/session_1_render_test.dart: header-timed-neonCyan-1.0x-synthetic
03:22 +1285: C:/Users/Atharva Patil/Documents/projects/gymlog/test/upgrade/session_1_render_test.dart: header-distance-neonCyan-1.0x-synthetic
03:22 +1286: C:/Users/Atharva Patil/Documents/projects/gymlog/test/upgrade/session_1_render_test.dart: header-empty-neonCyan-1.0x-synthetic
03:22 +1287: C:/Users/Atharva Patil/Documents/projects/gymlog/test/upgrade/session_1_render_test.dart: finish-weighted-neonCyan-1.0x-synthetic
03:22 +1288: C:/Users/Atharva Patil/Documents/projects/gymlog/test/upgrade/session_1_render_test.dart: finish-reps-neonCyan-1.0x-synthetic
03:22 +1289: C:/Users/Atharva Patil/Documents/projects/gymlog/test/upgrade/session_1_render_test.dart: finish-timed-neonCyan-1.0x-synthetic
03:22 +1290: C:/Users/Atharva Patil/Documents/projects/gymlog/test/upgrade/session_1_render_test.dart: finish-distance-neonCyan-1.0x-synthetic
03:22 +1291: C:/Users/Atharva Patil/Documents/projects/gymlog/test/upgrade/session_1_render_test.dart: pr-neonCyan-1.0x-synthetic
03:22 +1292: C:/Users/Atharva Patil/Documents/projects/gymlog/test/upgrade/session_1_render_test.dart: pr-pace-neonCyan-1.0x-synthetic
03:23 +1293: C:/Users/Atharva Patil/Documents/projects/gymlog/test/upgrade/session_1_render_test.dart: share-monument-neonCyan-1.0x-synthetic
03:23 +1294: C:/Users/Atharva Patil/Documents/projects/gymlog/test/upgrade/session_1_render_test.dart: share-technical-neonCyan-1.0x-synthetic
03:23 +1295: C:/Users/Atharva Patil/Documents/projects/gymlog/test/upgrade/session_1_render_test.dart: share-sticker-neonCyan-1.0x-synthetic
03:23 +1296: C:/Users/Atharva Patil/Documents/projects/gymlog/test/upgrade/session_1_render_test.dart: share-duration-monument-neonCyan-1.0x-synthetic
03:23 +1297: C:/Users/Atharva Patil/Documents/projects/gymlog/test/upgrade/session_1_render_test.dart: share-duration-technical-neonCyan-1.0x-synthetic
03:23 +1298: C:/Users/Atharva Patil/Documents/projects/gymlog/test/upgrade/session_1_render_test.dart: share-duration-sticker-neonCyan-1.0x-synthetic
03:23 +1299: C:/Users/Atharva Patil/Documents/projects/gymlog/test/upgrade/session_1_render_test.dart: share-distance-monument-neonCyan-1.0x-synthetic
03:23 +1300: C:/Users/Atharva Patil/Documents/projects/gymlog/test/upgrade/session_1_render_test.dart: share-distance-technical-neonCyan-1.0x-synthetic
03:23 +1301: C:/Users/Atharva Patil/Documents/projects/gymlog/test/upgrade/session_1_render_test.dart: share-distance-sticker-neonCyan-1.0x-synthetic
03:23 +1302: C:/Users/Atharva Patil/Documents/projects/gymlog/test/upgrade/session_1_render_test.dart: share-pace-monument-neonCyan-1.0x-synthetic
03:23 +1303: C:/Users/Atharva Patil/Documents/projects/gymlog/test/upgrade/session_1_render_test.dart: share-pace-technical-neonCyan-1.0x-synthetic
03:23 +1304: C:/Users/Atharva Patil/Documents/projects/gymlog/test/upgrade/session_1_render_test.dart: share-pace-sticker-neonCyan-1.0x-synthetic
03:23 +1305: C:/Users/Atharva Patil/Documents/projects/gymlog/test/upgrade/session_1_render_test.dart: detail-neonCyan-1.0x-synthetic
03:23 +1306: C:/Users/Atharva Patil/Documents/projects/gymlog/test/upgrade/session_1_render_test.dart: detail-error-neonCyan-1.0x-synthetic
03:23 +1307: C:/Users/Atharva Patil/Documents/projects/gymlog/test/upgrade/session_1_render_test.dart: detail-empty-neonCyan-1.0x-synthetic
03:24 +1308: C:/Users/Atharva Patil/Documents/projects/gymlog/test/upgrade/session_1_render_test.dart: exercise-neonCyan-1.0x-synthetic
03:24 +1309: C:/Users/Atharva Patil/Documents/projects/gymlog/test/upgrade/session_1_render_test.dart: exercise-no-estimate-neonCyan-1.0x-synthetic
03:24 +1310: C:/Users/Atharva Patil/Documents/projects/gymlog/test/upgrade/session_1_render_test.dart: progress-neonCyan-1.0x-synthetic
03:24 +1311: C:/Users/Atharva Patil/Documents/projects/gymlog/test/upgrade/session_1_render_test.dart: progress-low-neonCyan-1.0x-synthetic
03:24 +1312: C:/Users/Atharva Patil/Documents/projects/gymlog/test/upgrade/session_1_render_test.dart: progress-empty-neonCyan-1.0x-synthetic
03:24 +1313: C:/Users/Atharva Patil/Documents/projects/gymlog/test/upgrade/session_1_render_test.dart: roles-neonCyan-1.0x-synthetic
03:24 +1314: C:/Users/Atharva Patil/Documents/projects/gymlog/test/upgrade/session_1_render_test.dart: header-weighted-neonCyan-1.6x-synthetic
03:24 +1315: C:/Users/Atharva Patil/Documents/projects/gymlog/test/upgrade/session_1_render_test.dart: header-reps-neonCyan-1.6x-synthetic
03:24 +1316: C:/Users/Atharva Patil/Documents/projects/gymlog/test/upgrade/session_1_render_test.dart: header-timed-neonCyan-1.6x-synthetic
03:24 +1317: C:/Users/Atharva Patil/Documents/projects/gymlog/test/upgrade/session_1_render_test.dart: header-distance-neonCyan-1.6x-synthetic
03:24 +1318: C:/Users/Atharva Patil/Documents/projects/gymlog/test/upgrade/session_1_render_test.dart: header-empty-neonCyan-1.6x-synthetic
03:24 +1319: C:/Users/Atharva Patil/Documents/projects/gymlog/test/upgrade/session_1_render_test.dart: finish-weighted-neonCyan-1.6x-synthetic
03:24 +1320: C:/Users/Atharva Patil/Documents/projects/gymlog/test/upgrade/session_1_render_test.dart: finish-reps-neonCyan-1.6x-synthetic
03:24 +1321: C:/Users/Atharva Patil/Documents/projects/gymlog/test/upgrade/session_1_render_test.dart: finish-timed-neonCyan-1.6x-synthetic
03:24 +1322: C:/Users/Atharva Patil/Documents/projects/gymlog/test/upgrade/session_1_render_test.dart: finish-distance-neonCyan-1.6x-synthetic
03:24 +1323: C:/Users/Atharva Patil/Documents/projects/gymlog/test/upgrade/session_1_render_test.dart: pr-neonCyan-1.6x-synthetic
03:25 +1324: C:/Users/Atharva Patil/Documents/projects/gymlog/test/upgrade/session_1_render_test.dart: pr-pace-neonCyan-1.6x-synthetic
03:25 +1325: C:/Users/Atharva Patil/Documents/projects/gymlog/test/upgrade/session_1_render_test.dart: share-monument-neonCyan-1.6x-synthetic
03:25 +1326: C:/Users/Atharva Patil/Documents/projects/gymlog/test/upgrade/session_1_render_test.dart: share-technical-neonCyan-1.6x-synthetic
03:25 +1327: C:/Users/Atharva Patil/Documents/projects/gymlog/test/upgrade/session_1_render_test.dart: share-sticker-neonCyan-1.6x-synthetic
03:25 +1328: C:/Users/Atharva Patil/Documents/projects/gymlog/test/upgrade/session_1_render_test.dart: share-duration-monument-neonCyan-1.6x-synthetic
03:25 +1329: C:/Users/Atharva Patil/Documents/projects/gymlog/test/upgrade/session_1_render_test.dart: share-duration-technical-neonCyan-1.6x-synthetic
03:25 +1330: C:/Users/Atharva Patil/Documents/projects/gymlog/test/upgrade/session_1_render_test.dart: share-duration-sticker-neonCyan-1.6x-synthetic
03:25 +1331: C:/Users/Atharva Patil/Documents/projects/gymlog/test/upgrade/session_1_render_test.dart: share-distance-monument-neonCyan-1.6x-synthetic
03:25 +1332: C:/Users/Atharva Patil/Documents/projects/gymlog/test/upgrade/session_1_render_test.dart: share-distance-technical-neonCyan-1.6x-synthetic
03:25 +1333: C:/Users/Atharva Patil/Documents/projects/gymlog/test/upgrade/session_1_render_test.dart: share-distance-sticker-neonCyan-1.6x-synthetic
03:25 +1334: C:/Users/Atharva Patil/Documents/projects/gymlog/test/upgrade/session_1_render_test.dart: share-pace-monument-neonCyan-1.6x-synthetic
03:25 +1335: C:/Users/Atharva Patil/Documents/projects/gymlog/test/upgrade/session_1_render_test.dart: share-pace-technical-neonCyan-1.6x-synthetic
03:25 +1336: C:/Users/Atharva Patil/Documents/projects/gymlog/test/upgrade/session_1_render_test.dart: share-pace-sticker-neonCyan-1.6x-synthetic
03:25 +1337: C:/Users/Atharva Patil/Documents/projects/gymlog/test/upgrade/session_1_render_test.dart: detail-neonCyan-1.6x-synthetic
03:25 +1338: C:/Users/Atharva Patil/Documents/projects/gymlog/test/upgrade/session_1_render_test.dart: detail-error-neonCyan-1.6x-synthetic
03:25 +1339: C:/Users/Atharva Patil/Documents/projects/gymlog/test/upgrade/session_1_render_test.dart: detail-empty-neonCyan-1.6x-synthetic
03:26 +1340: C:/Users/Atharva Patil/Documents/projects/gymlog/test/upgrade/session_1_render_test.dart: exercise-neonCyan-1.6x-synthetic
03:26 +1341: C:/Users/Atharva Patil/Documents/projects/gymlog/test/upgrade/session_1_render_test.dart: exercise-no-estimate-neonCyan-1.6x-synthetic
03:26 +1342: C:/Users/Atharva Patil/Documents/projects/gymlog/test/upgrade/session_1_render_test.dart: progress-neonCyan-1.6x-synthetic
03:26 +1343: C:/Users/Atharva Patil/Documents/projects/gymlog/test/upgrade/session_1_render_test.dart: progress-low-neonCyan-1.6x-synthetic
03:26 +1344: C:/Users/Atharva Patil/Documents/projects/gymlog/test/upgrade/session_1_render_test.dart: progress-empty-neonCyan-1.6x-synthetic
03:26 +1345: C:/Users/Atharva Patil/Documents/projects/gymlog/test/upgrade/session_1_render_test.dart: roles-neonCyan-1.6x-synthetic
03:26 +1346: C:/Users/Atharva Patil/Documents/projects/gymlog/test/upgrade/session_1_render_test.dart: header-weighted-neonMagenta-1.0x-synthetic
03:26 +1347: C:/Users/Atharva Patil/Documents/projects/gymlog/test/upgrade/session_1_render_test.dart: header-reps-neonMagenta-1.0x-synthetic
03:26 +1348: C:/Users/Atharva Patil/Documents/projects/gymlog/test/upgrade/session_1_render_test.dart: header-timed-neonMagenta-1.0x-synthetic
03:26 +1349: C:/Users/Atharva Patil/Documents/projects/gymlog/test/upgrade/session_1_render_test.dart: header-distance-neonMagenta-1.0x-synthetic
03:26 +1350: C:/Users/Atharva Patil/Documents/projects/gymlog/test/upgrade/session_1_render_test.dart: header-empty-neonMagenta-1.0x-synthetic
03:26 +1351: C:/Users/Atharva Patil/Documents/projects/gymlog/test/upgrade/session_1_render_test.dart: finish-weighted-neonMagenta-1.0x-synthetic
03:26 +1352: C:/Users/Atharva Patil/Documents/projects/gymlog/test/upgrade/session_1_render_test.dart: finish-reps-neonMagenta-1.0x-synthetic
03:26 +1353: C:/Users/Atharva Patil/Documents/projects/gymlog/test/upgrade/session_1_render_test.dart: finish-timed-neonMagenta-1.0x-synthetic
03:26 +1354: C:/Users/Atharva Patil/Documents/projects/gymlog/test/upgrade/session_1_render_test.dart: finish-distance-neonMagenta-1.0x-synthetic
03:27 +1355: C:/Users/Atharva Patil/Documents/projects/gymlog/test/upgrade/session_1_render_test.dart: pr-neonMagenta-1.0x-synthetic
03:27 +1356: C:/Users/Atharva Patil/Documents/projects/gymlog/test/upgrade/session_1_render_test.dart: pr-pace-neonMagenta-1.0x-synthetic
03:27 +1357: C:/Users/Atharva Patil/Documents/projects/gymlog/test/upgrade/session_1_render_test.dart: share-monument-neonMagenta-1.0x-synthetic
03:27 +1358: C:/Users/Atharva Patil/Documents/projects/gymlog/test/upgrade/session_1_render_test.dart: share-technical-neonMagenta-1.0x-synthetic
03:27 +1359: C:/Users/Atharva Patil/Documents/projects/gymlog/test/upgrade/session_1_render_test.dart: share-sticker-neonMagenta-1.0x-synthetic
03:27 +1360: C:/Users/Atharva Patil/Documents/projects/gymlog/test/upgrade/session_1_render_test.dart: share-duration-monument-neonMagenta-1.0x-synthetic
03:27 +1361: C:/Users/Atharva Patil/Documents/projects/gymlog/test/upgrade/session_1_render_test.dart: share-duration-technical-neonMagenta-1.0x-synthetic
03:27 +1362: C:/Users/Atharva Patil/Documents/projects/gymlog/test/upgrade/session_1_render_test.dart: share-duration-sticker-neonMagenta-1.0x-synthetic
03:27 +1363: C:/Users/Atharva Patil/Documents/projects/gymlog/test/upgrade/session_1_render_test.dart: share-distance-monument-neonMagenta-1.0x-synthetic
03:27 +1364: C:/Users/Atharva Patil/Documents/projects/gymlog/test/upgrade/session_1_render_test.dart: share-distance-technical-neonMagenta-1.0x-synthetic
03:27 +1365: C:/Users/Atharva Patil/Documents/projects/gymlog/test/upgrade/session_1_render_test.dart: share-distance-sticker-neonMagenta-1.0x-synthetic
03:27 +1366: C:/Users/Atharva Patil/Documents/projects/gymlog/test/upgrade/session_1_render_test.dart: share-pace-monument-neonMagenta-1.0x-synthetic
03:27 +1367: C:/Users/Atharva Patil/Documents/projects/gymlog/test/upgrade/session_1_render_test.dart: share-pace-technical-neonMagenta-1.0x-synthetic
03:27 +1368: C:/Users/Atharva Patil/Documents/projects/gymlog/test/upgrade/session_1_render_test.dart: share-pace-sticker-neonMagenta-1.0x-synthetic
03:27 +1369: C:/Users/Atharva Patil/Documents/projects/gymlog/test/upgrade/session_1_render_test.dart: detail-neonMagenta-1.0x-synthetic
03:27 +1370: C:/Users/Atharva Patil/Documents/projects/gymlog/test/upgrade/session_1_render_test.dart: detail-error-neonMagenta-1.0x-synthetic
03:28 +1371: C:/Users/Atharva Patil/Documents/projects/gymlog/test/upgrade/session_1_render_test.dart: detail-empty-neonMagenta-1.0x-synthetic
03:28 +1372: C:/Users/Atharva Patil/Documents/projects/gymlog/test/upgrade/session_1_render_test.dart: exercise-neonMagenta-1.0x-synthetic
03:28 +1373: C:/Users/Atharva Patil/Documents/projects/gymlog/test/upgrade/session_1_render_test.dart: exercise-no-estimate-neonMagenta-1.0x-synthetic
03:28 +1374: C:/Users/Atharva Patil/Documents/projects/gymlog/test/upgrade/session_1_render_test.dart: progress-neonMagenta-1.0x-synthetic
03:28 +1375: C:/Users/Atharva Patil/Documents/projects/gymlog/test/upgrade/session_1_render_test.dart: progress-low-neonMagenta-1.0x-synthetic
03:28 +1376: C:/Users/Atharva Patil/Documents/projects/gymlog/test/upgrade/session_1_render_test.dart: progress-empty-neonMagenta-1.0x-synthetic
03:28 +1377: C:/Users/Atharva Patil/Documents/projects/gymlog/test/upgrade/session_1_render_test.dart: roles-neonMagenta-1.0x-synthetic
03:28 +1378: C:/Users/Atharva Patil/Documents/projects/gymlog/test/upgrade/session_1_render_test.dart: header-weighted-neonMagenta-1.6x-synthetic
03:28 +1379: C:/Users/Atharva Patil/Documents/projects/gymlog/test/upgrade/session_1_render_test.dart: header-reps-neonMagenta-1.6x-synthetic
03:28 +1380: C:/Users/Atharva Patil/Documents/projects/gymlog/test/upgrade/session_1_render_test.dart: header-timed-neonMagenta-1.6x-synthetic
03:28 +1381: C:/Users/Atharva Patil/Documents/projects/gymlog/test/upgrade/session_1_render_test.dart: header-distance-neonMagenta-1.6x-synthetic
03:28 +1382: C:/Users/Atharva Patil/Documents/projects/gymlog/test/upgrade/session_1_render_test.dart: header-empty-neonMagenta-1.6x-synthetic
03:28 +1383: C:/Users/Atharva Patil/Documents/projects/gymlog/test/upgrade/session_1_render_test.dart: finish-weighted-neonMagenta-1.6x-synthetic
03:28 +1384: C:/Users/Atharva Patil/Documents/projects/gymlog/test/upgrade/session_1_render_test.dart: finish-reps-neonMagenta-1.6x-synthetic
03:29 +1385: C:/Users/Atharva Patil/Documents/projects/gymlog/test/upgrade/session_1_render_test.dart: finish-timed-neonMagenta-1.6x-synthetic
03:29 +1386: C:/Users/Atharva Patil/Documents/projects/gymlog/test/upgrade/session_1_render_test.dart: finish-distance-neonMagenta-1.6x-synthetic
03:29 +1387: C:/Users/Atharva Patil/Documents/projects/gymlog/test/upgrade/session_1_render_test.dart: pr-neonMagenta-1.6x-synthetic
03:29 +1388: C:/Users/Atharva Patil/Documents/projects/gymlog/test/upgrade/session_1_render_test.dart: pr-pace-neonMagenta-1.6x-synthetic
03:29 +1389: C:/Users/Atharva Patil/Documents/projects/gymlog/test/upgrade/session_1_render_test.dart: share-monument-neonMagenta-1.6x-synthetic
03:29 +1390: C:/Users/Atharva Patil/Documents/projects/gymlog/test/upgrade/session_1_render_test.dart: share-technical-neonMagenta-1.6x-synthetic
03:29 +1391: C:/Users/Atharva Patil/Documents/projects/gymlog/test/upgrade/session_1_render_test.dart: share-sticker-neonMagenta-1.6x-synthetic
03:29 +1392: C:/Users/Atharva Patil/Documents/projects/gymlog/test/upgrade/session_1_render_test.dart: share-duration-monument-neonMagenta-1.6x-synthetic
03:29 +1393: C:/Users/Atharva Patil/Documents/projects/gymlog/test/upgrade/session_1_render_test.dart: share-duration-technical-neonMagenta-1.6x-synthetic
03:29 +1394: C:/Users/Atharva Patil/Documents/projects/gymlog/test/upgrade/session_1_render_test.dart: share-duration-sticker-neonMagenta-1.6x-synthetic
03:29 +1395: C:/Users/Atharva Patil/Documents/projects/gymlog/test/upgrade/session_1_render_test.dart: share-distance-monument-neonMagenta-1.6x-synthetic
03:29 +1396: C:/Users/Atharva Patil/Documents/projects/gymlog/test/upgrade/session_1_render_test.dart: share-distance-technical-neonMagenta-1.6x-synthetic
03:29 +1397: C:/Users/Atharva Patil/Documents/projects/gymlog/test/upgrade/session_1_render_test.dart: share-distance-sticker-neonMagenta-1.6x-synthetic
03:29 +1398: C:/Users/Atharva Patil/Documents/projects/gymlog/test/upgrade/session_1_render_test.dart: share-pace-monument-neonMagenta-1.6x-synthetic
03:30 +1399: C:/Users/Atharva Patil/Documents/projects/gymlog/test/upgrade/session_1_render_test.dart: share-pace-technical-neonMagenta-1.6x-synthetic
03:30 +1400: C:/Users/Atharva Patil/Documents/projects/gymlog/test/upgrade/session_1_render_test.dart: share-pace-sticker-neonMagenta-1.6x-synthetic
03:30 +1401: C:/Users/Atharva Patil/Documents/projects/gymlog/test/upgrade/session_1_render_test.dart: detail-neonMagenta-1.6x-synthetic
03:30 +1402: C:/Users/Atharva Patil/Documents/projects/gymlog/test/upgrade/session_1_render_test.dart: detail-error-neonMagenta-1.6x-synthetic
03:30 +1403: C:/Users/Atharva Patil/Documents/projects/gymlog/test/upgrade/session_1_render_test.dart: detail-empty-neonMagenta-1.6x-synthetic
03:30 +1404: C:/Users/Atharva Patil/Documents/projects/gymlog/test/upgrade/session_1_render_test.dart: exercise-neonMagenta-1.6x-synthetic
03:30 +1405: C:/Users/Atharva Patil/Documents/projects/gymlog/test/upgrade/session_1_render_test.dart: exercise-no-estimate-neonMagenta-1.6x-synthetic
03:30 +1406: C:/Users/Atharva Patil/Documents/projects/gymlog/test/upgrade/session_1_render_test.dart: progress-neonMagenta-1.6x-synthetic
03:30 +1407: C:/Users/Atharva Patil/Documents/projects/gymlog/test/upgrade/session_1_render_test.dart: progress-low-neonMagenta-1.6x-synthetic
03:30 +1408: C:/Users/Atharva Patil/Documents/projects/gymlog/test/upgrade/session_1_render_test.dart: progress-empty-neonMagenta-1.6x-synthetic
03:30 +1409: C:/Users/Atharva Patil/Documents/projects/gymlog/test/upgrade/session_1_render_test.dart: roles-neonMagenta-1.6x-synthetic
03:30 +1410: C:/Users/Atharva Patil/Documents/projects/gymlog/test/upgrade/session_1_render_test.dart: header-weighted-blazeOrange-1.0x-synthetic
03:30 +1411: C:/Users/Atharva Patil/Documents/projects/gymlog/test/upgrade/session_1_render_test.dart: header-reps-blazeOrange-1.0x-synthetic
03:30 +1412: C:/Users/Atharva Patil/Documents/projects/gymlog/test/upgrade/session_1_render_test.dart: header-timed-blazeOrange-1.0x-synthetic
03:30 +1413: C:/Users/Atharva Patil/Documents/projects/gymlog/test/upgrade/session_1_render_test.dart: header-distance-blazeOrange-1.0x-synthetic
03:31 +1414: C:/Users/Atharva Patil/Documents/projects/gymlog/test/upgrade/session_1_render_test.dart: header-empty-blazeOrange-1.0x-synthetic
03:31 +1415: C:/Users/Atharva Patil/Documents/projects/gymlog/test/upgrade/session_1_render_test.dart: finish-weighted-blazeOrange-1.0x-synthetic
03:31 +1416: C:/Users/Atharva Patil/Documents/projects/gymlog/test/upgrade/session_1_render_test.dart: finish-reps-blazeOrange-1.0x-synthetic
03:31 +1417: C:/Users/Atharva Patil/Documents/projects/gymlog/test/upgrade/session_1_render_test.dart: finish-timed-blazeOrange-1.0x-synthetic
03:31 +1418: C:/Users/Atharva Patil/Documents/projects/gymlog/test/upgrade/session_1_render_test.dart: finish-distance-blazeOrange-1.0x-synthetic
03:31 +1419: C:/Users/Atharva Patil/Documents/projects/gymlog/test/upgrade/session_1_render_test.dart: pr-blazeOrange-1.0x-synthetic
03:31 +1420: C:/Users/Atharva Patil/Documents/projects/gymlog/test/upgrade/session_1_render_test.dart: pr-pace-blazeOrange-1.0x-synthetic
03:31 +1421: C:/Users/Atharva Patil/Documents/projects/gymlog/test/upgrade/session_1_render_test.dart: share-monument-blazeOrange-1.0x-synthetic
03:31 +1422: C:/Users/Atharva Patil/Documents/projects/gymlog/test/upgrade/session_1_render_test.dart: share-technical-blazeOrange-1.0x-synthetic
03:31 +1423: C:/Users/Atharva Patil/Documents/projects/gymlog/test/upgrade/session_1_render_test.dart: share-sticker-blazeOrange-1.0x-synthetic
03:31 +1424: C:/Users/Atharva Patil/Documents/projects/gymlog/test/upgrade/session_1_render_test.dart: share-duration-monument-blazeOrange-1.0x-synthetic
03:31 +1425: C:/Users/Atharva Patil/Documents/projects/gymlog/test/upgrade/session_1_render_test.dart: share-duration-technical-blazeOrange-1.0x-synthetic
03:31 +1426: C:/Users/Atharva Patil/Documents/projects/gymlog/test/upgrade/session_1_render_test.dart: share-duration-sticker-blazeOrange-1.0x-synthetic
03:31 +1427: C:/Users/Atharva Patil/Documents/projects/gymlog/test/upgrade/session_1_render_test.dart: share-distance-monument-blazeOrange-1.0x-synthetic
03:31 +1428: C:/Users/Atharva Patil/Documents/projects/gymlog/test/upgrade/session_1_render_test.dart: share-distance-technical-blazeOrange-1.0x-synthetic
03:32 +1429: C:/Users/Atharva Patil/Documents/projects/gymlog/test/upgrade/session_1_render_test.dart: share-distance-sticker-blazeOrange-1.0x-synthetic
03:32 +1430: C:/Users/Atharva Patil/Documents/projects/gymlog/test/upgrade/session_1_render_test.dart: share-pace-monument-blazeOrange-1.0x-synthetic
03:32 +1431: C:/Users/Atharva Patil/Documents/projects/gymlog/test/upgrade/session_1_render_test.dart: share-pace-technical-blazeOrange-1.0x-synthetic
03:32 +1432: C:/Users/Atharva Patil/Documents/projects/gymlog/test/upgrade/session_1_render_test.dart: share-pace-sticker-blazeOrange-1.0x-synthetic
03:32 +1433: C:/Users/Atharva Patil/Documents/projects/gymlog/test/upgrade/session_1_render_test.dart: detail-blazeOrange-1.0x-synthetic
03:32 +1434: C:/Users/Atharva Patil/Documents/projects/gymlog/test/upgrade/session_1_render_test.dart: detail-error-blazeOrange-1.0x-synthetic
03:32 +1435: C:/Users/Atharva Patil/Documents/projects/gymlog/test/upgrade/session_1_render_test.dart: detail-empty-blazeOrange-1.0x-synthetic
03:32 +1436: C:/Users/Atharva Patil/Documents/projects/gymlog/test/upgrade/session_1_render_test.dart: exercise-blazeOrange-1.0x-synthetic
03:32 +1437: C:/Users/Atharva Patil/Documents/projects/gymlog/test/upgrade/session_1_render_test.dart: exercise-no-estimate-blazeOrange-1.0x-synthetic
03:32 +1438: C:/Users/Atharva Patil/Documents/projects/gymlog/test/upgrade/session_1_render_test.dart: progress-blazeOrange-1.0x-synthetic
03:32 +1439: C:/Users/Atharva Patil/Documents/projects/gymlog/test/upgrade/session_1_render_test.dart: progress-low-blazeOrange-1.0x-synthetic
03:32 +1440: C:/Users/Atharva Patil/Documents/projects/gymlog/test/upgrade/session_1_render_test.dart: progress-empty-blazeOrange-1.0x-synthetic
03:32 +1441: C:/Users/Atharva Patil/Documents/projects/gymlog/test/upgrade/session_1_render_test.dart: roles-blazeOrange-1.0x-synthetic
03:33 +1442: C:/Users/Atharva Patil/Documents/projects/gymlog/test/upgrade/session_1_render_test.dart: header-weighted-blazeOrange-1.6x-synthetic
03:33 +1443: C:/Users/Atharva Patil/Documents/projects/gymlog/test/upgrade/session_1_render_test.dart: header-reps-blazeOrange-1.6x-synthetic
03:33 +1444: C:/Users/Atharva Patil/Documents/projects/gymlog/test/upgrade/session_1_render_test.dart: header-timed-blazeOrange-1.6x-synthetic
03:33 +1445: C:/Users/Atharva Patil/Documents/projects/gymlog/test/upgrade/session_1_render_test.dart: header-distance-blazeOrange-1.6x-synthetic
03:33 +1446: C:/Users/Atharva Patil/Documents/projects/gymlog/test/upgrade/session_1_render_test.dart: header-empty-blazeOrange-1.6x-synthetic
03:33 +1447: C:/Users/Atharva Patil/Documents/projects/gymlog/test/upgrade/session_1_render_test.dart: finish-weighted-blazeOrange-1.6x-synthetic
03:33 +1448: C:/Users/Atharva Patil/Documents/projects/gymlog/test/upgrade/session_1_render_test.dart: finish-reps-blazeOrange-1.6x-synthetic
03:33 +1449: C:/Users/Atharva Patil/Documents/projects/gymlog/test/upgrade/session_1_render_test.dart: finish-timed-blazeOrange-1.6x-synthetic
03:33 +1450: C:/Users/Atharva Patil/Documents/projects/gymlog/test/upgrade/session_1_render_test.dart: finish-distance-blazeOrange-1.6x-synthetic
03:33 +1451: C:/Users/Atharva Patil/Documents/projects/gymlog/test/upgrade/session_1_render_test.dart: pr-blazeOrange-1.6x-synthetic
03:33 +1452: C:/Users/Atharva Patil/Documents/projects/gymlog/test/upgrade/session_1_render_test.dart: pr-pace-blazeOrange-1.6x-synthetic
03:33 +1453: C:/Users/Atharva Patil/Documents/projects/gymlog/test/upgrade/session_1_render_test.dart: share-monument-blazeOrange-1.6x-synthetic
03:33 +1454: C:/Users/Atharva Patil/Documents/projects/gymlog/test/upgrade/session_1_render_test.dart: share-technical-blazeOrange-1.6x-synthetic
03:33 +1455: C:/Users/Atharva Patil/Documents/projects/gymlog/test/upgrade/session_1_render_test.dart: share-sticker-blazeOrange-1.6x-synthetic
03:34 +1456: C:/Users/Atharva Patil/Documents/projects/gymlog/test/upgrade/session_1_render_test.dart: share-duration-monument-blazeOrange-1.6x-synthetic
03:34 +1457: C:/Users/Atharva Patil/Documents/projects/gymlog/test/upgrade/session_1_render_test.dart: share-duration-technical-blazeOrange-1.6x-synthetic
03:34 +1458: C:/Users/Atharva Patil/Documents/projects/gymlog/test/upgrade/session_1_render_test.dart: share-duration-sticker-blazeOrange-1.6x-synthetic
03:34 +1459: C:/Users/Atharva Patil/Documents/projects/gymlog/test/upgrade/session_1_render_test.dart: share-distance-monument-blazeOrange-1.6x-synthetic
03:34 +1460: C:/Users/Atharva Patil/Documents/projects/gymlog/test/upgrade/session_1_render_test.dart: share-distance-technical-blazeOrange-1.6x-synthetic
03:34 +1461: C:/Users/Atharva Patil/Documents/projects/gymlog/test/upgrade/session_1_render_test.dart: share-distance-sticker-blazeOrange-1.6x-synthetic
03:34 +1462: C:/Users/Atharva Patil/Documents/projects/gymlog/test/upgrade/session_1_render_test.dart: share-pace-monument-blazeOrange-1.6x-synthetic
03:34 +1463: C:/Users/Atharva Patil/Documents/projects/gymlog/test/upgrade/session_1_render_test.dart: share-pace-technical-blazeOrange-1.6x-synthetic
03:34 +1464: C:/Users/Atharva Patil/Documents/projects/gymlog/test/upgrade/session_1_render_test.dart: share-pace-sticker-blazeOrange-1.6x-synthetic
03:34 +1465: C:/Users/Atharva Patil/Documents/projects/gymlog/test/upgrade/session_1_render_test.dart: detail-blazeOrange-1.6x-synthetic
03:34 +1466: C:/Users/Atharva Patil/Documents/projects/gymlog/test/upgrade/session_1_render_test.dart: detail-error-blazeOrange-1.6x-synthetic
03:34 +1467: C:/Users/Atharva Patil/Documents/projects/gymlog/test/upgrade/session_1_render_test.dart: detail-empty-blazeOrange-1.6x-synthetic
03:34 +1468: C:/Users/Atharva Patil/Documents/projects/gymlog/test/upgrade/session_1_render_test.dart: exercise-blazeOrange-1.6x-synthetic
03:34 +1469: C:/Users/Atharva Patil/Documents/projects/gymlog/test/upgrade/session_1_render_test.dart: exercise-no-estimate-blazeOrange-1.6x-synthetic
03:35 +1470: C:/Users/Atharva Patil/Documents/projects/gymlog/test/upgrade/session_1_render_test.dart: progress-blazeOrange-1.6x-synthetic
03:35 +1471: C:/Users/Atharva Patil/Documents/projects/gymlog/test/upgrade/session_1_render_test.dart: progress-low-blazeOrange-1.6x-synthetic
03:35 +1472: C:/Users/Atharva Patil/Documents/projects/gymlog/test/upgrade/session_1_render_test.dart: progress-empty-blazeOrange-1.6x-synthetic
03:35 +1473: C:/Users/Atharva Patil/Documents/projects/gymlog/test/upgrade/session_1_render_test.dart: roles-blazeOrange-1.6x-synthetic
03:35 +1474: C:/Users/Atharva Patil/Documents/projects/gymlog/test/upgrade/session_1_render_test.dart: (tearDownAll)
03:35 +1474: All tests passed!

✅ verify passed - desired state is mechanically confirmed.
