
▸ check inline GoogleFonts

▸ check non-semantic AppColors in migrated screens
▸ format
Formatted 374 files (0 changed) in 3.86 seconds.

▸ analyze
Analyzing gymlog...                                             
No issues found! (ran in 61.5s)

▸ custom_lint
Analyzing...

No issues found!

▸ test
00:00 +0: loading C:/Users/Atharva Patil/Documents/projects/gymlog/test/a11y_wrapper_single_node_test.dart
00:00 +0: C:/Users/Atharva Patil/Documents/projects/gymlog/test/a11y_wrapper_single_node_test.dart: ProLockPill publishes a single semantic node with its label
00:01 +1: C:/Users/Atharva Patil/Documents/projects/gymlog/test/accessibility_atomic_12_test.dart: ATOMIC-12 Accessibility & Screen-Reader Qualification SetRow renders single coherent semantic label with custom actions
00:01 +2: C:/Users/Atharva Patil/Documents/projects/gymlog/test/accessibility_atomic_12_test.dart: ATOMIC-12 Accessibility & Screen-Reader Qualification SetRow renders single coherent semantic label with custom actions
00:01 +3: C:/Users/Atharva Patil/Documents/projects/gymlog/test/accessibility_atomic_12_test.dart: ATOMIC-12 Accessibility & Screen-Reader Qualification SetRow renders single coherent semantic label with custom actions
00:01 +4: C:/Users/Atharva Patil/Documents/projects/gymlog/test/accessibility_atomic_12_test.dart: ATOMIC-12 Accessibility & Screen-Reader Qualification SetRow renders single coherent semantic label with custom actions
00:01 +5: C:/Users/Atharva Patil/Documents/projects/gymlog/test/accessibility_core_journey_test.dart: SetRow interactive elements meet 48dp touch target requirements
00:01 +6: C:/Users/Atharva Patil/Documents/projects/gymlog/test/accessibility_core_journey_test.dart: SetRow interactive elements meet 48dp touch target requirements
00:02 +7: C:/Users/Atharva Patil/Documents/projects/gymlog/test/accessibility_core_journey_test.dart: SetRow interactive elements meet 48dp touch target requirements
00:02 +8: C:/Users/Atharva Patil/Documents/projects/gymlog/test/accessibility_core_journey_test.dart: SetRow interactive elements meet 48dp touch target requirements
00:02 +9: C:/Users/Atharva Patil/Documents/projects/gymlog/test/accessibility_core_journey_test.dart: SetRow interactive elements meet 48dp touch target requirements
00:02 +10: C:/Users/Atharva Patil/Documents/projects/gymlog/test/accessibility_core_journey_test.dart: SetRow interactive elements meet 48dp touch target requirements
00:03 +11: C:/Users/Atharva Patil/Documents/projects/gymlog/test/accessibility_target_size_test.dart: _FilterChipButton in ExerciseSelectionScreen is at least 48dp tall
00:03 +11: C:/Users/Atharva Patil/Documents/projects/gymlog/test/accessibility_core_journey_test.dart: RestOverrideChip meets 48dp touch target requirements
WARNING (drift): It looks like you've created the database class AppDatabase multiple times. When these two databases use the same QueryExecutor, race conditions will occur and might corrupt the database. 
Try to follow the advice at https://drift.simonbinder.eu/faq/#using-the-database or, if you know what you're doing, set driftRuntimeOptions.dontWarnAboutMultipleDatabases = true
Here is the stacktrace from when the database was opened a second time:
#0      GeneratedDatabase._handleInstantiated (package:drift/src/runtime/api/db_base.dart:96:30)
#1      GeneratedDatabase._whenConstructed (package:drift/src/runtime/api/db_base.dart:73:12)
#2      new GeneratedDatabase (package:drift/src/runtime/api/db_base.dart:64:5)
#3      new _$AppDatabase (package:gymlog/core/database/database.g.dart:4170:36)
#4      new AppDatabase.forTesting (package:gymlog/core/database/database.dart)
#5      main.<anonymous closure> (file:///C:/Users/Atharva%20Patil/Documents/projects/gymlog/test/accessibility_core_journey_test.dart:41:22)
#6      Declarer._runSetUps.<anonymous closure> (package:test_api/src/backend/declarer.dart:439:61)
#7      Future.forEach.<anonymous closure> (dart:async/future.dart:674:26)
#8      Future.doWhile.<anonymous closure> (dart:async/future.dart:732:26)
#9      StackZoneSpecification._registerUnaryCallback.<anonymous closure>.<anonymous closure> (package:stack_trace/src/stack_zone_specification.dart:127:36)
#10     StackZoneSpecification._run (package:stack_trace/src/stack_zone_specification.dart:207:15)
#11     StackZoneSpecification._registerUnaryCallback.<anonymous closure> (package:stack_trace/src/stack_zone_specification.dart:127:24)
#12     _rootRunUnary (dart:async/zone_root.dart:48:47)
#13     _CustomZone.runUnary (dart:async/zone.dart:733:19)
#14     _CustomZone.runUnaryGuarded (dart:async/zone.dart:633:7)
#15     _CustomZone.bindUnaryCallbackGuarded.<anonymous closure> (dart:async/zone.dart:671:26)
#16     Future.doWhile (dart:async/future.dart:749:18)
#17     Future.forEach (dart:async/future.dart:672:12)
#18     Declarer._runSetUps (package:test_api/src/backend/declarer.dart:439:18)
#19     Declarer.test.<anonymous closure>.<anonymous closure> (package:test_api/src/backend/declarer.dart:252:21)
#20     _rootRun (dart:async/zone_root.dart:35:13)
#21     _CustomZone.run (dart:async/zone.dart:726:19)
#22     _runZoned (dart:async/zone_api.dart:166:6)
#23     runZoned (dart:async/zone_api.dart:92:10)
#24     Declarer.test.<anonymous closure> (package:test_api/src/backend/declarer.dart:250:17)
#25     Invoker._waitForOutstandingCallbacks.<anonymous closure> (package:test_api/src/backend/invoker.dart:318:17)
#26     _rootRun (dart:async/zone_root.dart:35:13)
#27     _CustomZone.run (dart:async/zone.dart:726:19)
#28     _runZoned (dart:async/zone_api.dart:166:6)
#29     runZoned (dart:async/zone_api.dart:92:10)
#30     Invoker._waitForOutstandingCallbacks (package:test_api/src/backend/invoker.dart:314:5)
#31     Invoker._onRun.<anonymous closure>.<anonymous closure>.<anonymous closure> (package:test_api/src/backend/invoker.dart:457:21)
<asynchronous suspension>
This warning will only appear on debug builds.
00:03 +12: C:/Users/Atharva Patil/Documents/projects/gymlog/test/accessibility_target_size_test.dart: _FilterChipButton in ExerciseSelectionScreen is at least 48dp tall
00:03 +12: C:/Users/Atharva Patil/Documents/projects/gymlog/test/accessibility_core_journey_test.dart: RestOverride sheet elements meet 48dp touch target requirements
WARNING (drift): It looks like you've created the database class AppDatabase multiple times. When these two databases use the same QueryExecutor, race conditions will occur and might corrupt the database. 
Try to follow the advice at https://drift.simonbinder.eu/faq/#using-the-database or, if you know what you're doing, set driftRuntimeOptions.dontWarnAboutMultipleDatabases = true
Here is the stacktrace from when the database was opened a second time:
#0      GeneratedDatabase._handleInstantiated (package:drift/src/runtime/api/db_base.dart:96:30)
#1      GeneratedDatabase._whenConstructed (package:drift/src/runtime/api/db_base.dart:73:12)
#2      new GeneratedDatabase (package:drift/src/runtime/api/db_base.dart:64:5)
#3      new _$AppDatabase (package:gymlog/core/database/database.g.dart:4170:36)
#4      new AppDatabase.forTesting (package:gymlog/core/database/database.dart)
#5      main.<anonymous closure> (file:///C:/Users/Atharva%20Patil/Documents/projects/gymlog/test/accessibility_core_journey_test.dart:41:22)
#6      Declarer._runSetUps.<anonymous closure> (package:test_api/src/backend/declarer.dart:439:61)
#7      Future.forEach.<anonymous closure> (dart:async/future.dart:674:26)
#8      Future.doWhile.<anonymous closure> (dart:async/future.dart:732:26)
#9      StackZoneSpecification._registerUnaryCallback.<anonymous closure>.<anonymous closure> (package:stack_trace/src/stack_zone_specification.dart:127:36)
#10     StackZoneSpecification._run (package:stack_trace/src/stack_zone_specification.dart:207:15)
#11     StackZoneSpecification._registerUnaryCallback.<anonymous closure> (package:stack_trace/src/stack_zone_specification.dart:127:24)
#12     _rootRunUnary (dart:async/zone_root.dart:48:47)
#13     _CustomZone.runUnary (dart:async/zone.dart:733:19)
#14     _CustomZone.runUnaryGuarded (dart:async/zone.dart:633:7)
#15     _CustomZone.bindUnaryCallbackGuarded.<anonymous closure> (dart:async/zone.dart:671:26)
#16     Future.doWhile (dart:async/future.dart:749:18)
#17     Future.forEach (dart:async/future.dart:672:12)
#18     Declarer._runSetUps (package:test_api/src/backend/declarer.dart:439:18)
#19     Declarer.test.<anonymous closure>.<anonymous closure> (package:test_api/src/backend/declarer.dart:252:21)
#20     _rootRun (dart:async/zone_root.dart:35:13)
#21     _CustomZone.run (dart:async/zone.dart:726:19)
#22     _runZoned (dart:async/zone_api.dart:166:6)
#23     runZoned (dart:async/zone_api.dart:92:10)
#24     Declarer.test.<anonymous closure> (package:test_api/src/backend/declarer.dart:250:17)
#25     Invoker._waitForOutstandingCallbacks.<anonymous closure> (package:test_api/src/backend/invoker.dart:318:17)
#26     _rootRun (dart:async/zone_root.dart:35:13)
#27     _CustomZone.run (dart:async/zone.dart:726:19)
#28     _runZoned (dart:async/zone_api.dart:166:6)
#29     runZoned (dart:async/zone_api.dart:92:10)
#30     Invoker._waitForOutstandingCallbacks (package:test_api/src/backend/invoker.dart:314:5)
#31     Invoker._onRun.<anonymous closure>.<anonymous closure>.<anonymous closure> (package:test_api/src/backend/invoker.dart:457:21)
<asynchronous suspension>
This warning will only appear on debug builds.
00:03 +13: C:/Users/Atharva Patil/Documents/projects/gymlog/test/accessibility_target_size_test.dart: _FilterChipButton in ExerciseSelectionScreen is at least 48dp tall
00:03 +13: C:/Users/Atharva Patil/Documents/projects/gymlog/test/accessibility_core_journey_test.dart: RestTimerBar action buttons meet 48dp height requirement
WARNING (drift): It looks like you've created the database class AppDatabase multiple times. When these two databases use the same QueryExecutor, race conditions will occur and might corrupt the database. 
Try to follow the advice at https://drift.simonbinder.eu/faq/#using-the-database or, if you know what you're doing, set driftRuntimeOptions.dontWarnAboutMultipleDatabases = true
Here is the stacktrace from when the database was opened a second time:
#0      GeneratedDatabase._handleInstantiated (package:drift/src/runtime/api/db_base.dart:96:30)
#1      GeneratedDatabase._whenConstructed (package:drift/src/runtime/api/db_base.dart:73:12)
#2      new GeneratedDatabase (package:drift/src/runtime/api/db_base.dart:64:5)
#3      new _$AppDatabase (package:gymlog/core/database/database.g.dart:4170:36)
#4      new AppDatabase.forTesting (package:gymlog/core/database/database.dart)
#5      main.<anonymous closure> (file:///C:/Users/Atharva%20Patil/Documents/projects/gymlog/test/accessibility_core_journey_test.dart:41:22)
#6      Declarer._runSetUps.<anonymous closure> (package:test_api/src/backend/declarer.dart:439:61)
#7      Future.forEach.<anonymous closure> (dart:async/future.dart:674:26)
#8      Future.doWhile.<anonymous closure> (dart:async/future.dart:732:26)
#9      StackZoneSpecification._registerUnaryCallback.<anonymous closure>.<anonymous closure> (package:stack_trace/src/stack_zone_specification.dart:127:36)
#10     StackZoneSpecification._run (package:stack_trace/src/stack_zone_specification.dart:207:15)
#11     StackZoneSpecification._registerUnaryCallback.<anonymous closure> (package:stack_trace/src/stack_zone_specification.dart:127:24)
#12     _rootRunUnary (dart:async/zone_root.dart:48:47)
#13     _CustomZone.runUnary (dart:async/zone.dart:733:19)
#14     _CustomZone.runUnaryGuarded (dart:async/zone.dart:633:7)
#15     _CustomZone.bindUnaryCallbackGuarded.<anonymous closure> (dart:async/zone.dart:671:26)
#16     Future.doWhile (dart:async/future.dart:749:18)
#17     Future.forEach (dart:async/future.dart:672:12)
#18     Declarer._runSetUps (package:test_api/src/backend/declarer.dart:439:18)
#19     Declarer.test.<anonymous closure>.<anonymous closure> (package:test_api/src/backend/declarer.dart:252:21)
#20     _rootRun (dart:async/zone_root.dart:35:13)
#21     _CustomZone.run (dart:async/zone.dart:726:19)
#22     _runZoned (dart:async/zone_api.dart:166:6)
#23     runZoned (dart:async/zone_api.dart:92:10)
#24     Declarer.test.<anonymous closure> (package:test_api/src/backend/declarer.dart:250:17)
#25     Invoker._waitForOutstandingCallbacks.<anonymous closure> (package:test_api/src/backend/invoker.dart:318:17)
#26     _rootRun (dart:async/zone_root.dart:35:13)
#27     _CustomZone.run (dart:async/zone.dart:726:19)
#28     _runZoned (dart:async/zone_api.dart:166:6)
#29     runZoned (dart:async/zone_api.dart:92:10)
#30     Invoker._waitForOutstandingCallbacks (package:test_api/src/backend/invoker.dart:314:5)
#31     Invoker._onRun.<anonymous closure>.<anonymous closure>.<anonymous closure> (package:test_api/src/backend/invoker.dart:457:21)
<asynchronous suspension>
This warning will only appear on debug builds.
00:03 +14: C:/Users/Atharva Patil/Documents/projects/gymlog/test/accessibility_target_size_test.dart: _FilterChipButton in ExerciseSelectionScreen is at least 48dp tall
00:04 +14: C:/Users/Atharva Patil/Documents/projects/gymlog/test/accessibility_core_journey_test.dart: ActiveWorkoutScreen renders correctly at 200% text scale without overflow
WARNING (drift): It looks like you've created the database class AppDatabase multiple times. When these two databases use the same QueryExecutor, race conditions will occur and might corrupt the database. 
Try to follow the advice at https://drift.simonbinder.eu/faq/#using-the-database or, if you know what you're doing, set driftRuntimeOptions.dontWarnAboutMultipleDatabases = true
Here is the stacktrace from when the database was opened a second time:
#0      GeneratedDatabase._handleInstantiated (package:drift/src/runtime/api/db_base.dart:96:30)
#1      GeneratedDatabase._whenConstructed (package:drift/src/runtime/api/db_base.dart:73:12)
#2      new GeneratedDatabase (package:drift/src/runtime/api/db_base.dart:64:5)
#3      new _$AppDatabase (package:gymlog/core/database/database.g.dart:4170:36)
#4      new AppDatabase.forTesting (package:gymlog/core/database/database.dart)
#5      main.<anonymous closure> (file:///C:/Users/Atharva%20Patil/Documents/projects/gymlog/test/accessibility_core_journey_test.dart:41:22)
#6      Declarer._runSetUps.<anonymous closure> (package:test_api/src/backend/declarer.dart:439:61)
#7      Future.forEach.<anonymous closure> (dart:async/future.dart:674:26)
#8      Future.doWhile.<anonymous closure> (dart:async/future.dart:732:26)
#9      StackZoneSpecification._registerUnaryCallback.<anonymous closure>.<anonymous closure> (package:stack_trace/src/stack_zone_specification.dart:127:36)
#10     StackZoneSpecification._run (package:stack_trace/src/stack_zone_specification.dart:207:15)
#11     StackZoneSpecification._registerUnaryCallback.<anonymous closure> (package:stack_trace/src/stack_zone_specification.dart:127:24)
#12     _rootRunUnary (dart:async/zone_root.dart:48:47)
#13     _CustomZone.runUnary (dart:async/zone.dart:733:19)
#14     _CustomZone.runUnaryGuarded (dart:async/zone.dart:633:7)
#15     _CustomZone.bindUnaryCallbackGuarded.<anonymous closure> (dart:async/zone.dart:671:26)
#16     Future.doWhile (dart:async/future.dart:749:18)
#17     Future.forEach (dart:async/future.dart:672:12)
#18     Declarer._runSetUps (package:test_api/src/backend/declarer.dart:439:18)
#19     Declarer.test.<anonymous closure>.<anonymous closure> (package:test_api/src/backend/declarer.dart:252:21)
#20     _rootRun (dart:async/zone_root.dart:35:13)
#21     _CustomZone.run (dart:async/zone.dart:726:19)
#22     _runZoned (dart:async/zone_api.dart:166:6)
#23     runZoned (dart:async/zone_api.dart:92:10)
#24     Declarer.test.<anonymous closure> (package:test_api/src/backend/declarer.dart:250:17)
#25     Invoker._waitForOutstandingCallbacks.<anonymous closure> (package:test_api/src/backend/invoker.dart:318:17)
#26     _rootRun (dart:async/zone_root.dart:35:13)
#27     _CustomZone.run (dart:async/zone.dart:726:19)
#28     _runZoned (dart:async/zone_api.dart:166:6)
#29     runZoned (dart:async/zone_api.dart:92:10)
#30     Invoker._waitForOutstandingCallbacks (package:test_api/src/backend/invoker.dart:314:5)
#31     Invoker._onRun.<anonymous closure>.<anonymous closure>.<anonymous closure> (package:test_api/src/backend/invoker.dart:457:21)
<asynchronous suspension>
This warning will only appear on debug builds.
00:04 +15: C:/Users/Atharva Patil/Documents/projects/gymlog/test/accessibility_target_size_test.dart: _FilterChipButton in ExerciseSelectionScreen is at least 48dp tall
00:04 +16: C:/Users/Atharva Patil/Documents/projects/gymlog/test/active_workout_atomic_03_test.dart: ATOMIC-03 Active Workout & Card Geometry Suite 1. CompactRestChip visual height 34 & intrinsic width
00:04 +17: C:/Users/Atharva Patil/Documents/projects/gymlog/test/accessibility_target_size_test.dart: Legal links in AuthScreen flow inline and expose link semantics
00:04 +18: C:/Users/Atharva Patil/Documents/projects/gymlog/test/active_workout_atomic_03_test.dart: ATOMIC-03 Active Workout & Card Geometry Suite 2. CompactRestChip touch target minimum 48x48
00:04 +19: C:/Users/Atharva Patil/Documents/projects/gymlog/test/active_workout_atomic_04_test.dart: ATOMIC-04 Reversible Deletion & Replacement Policy Suite 1. deletion returns complete snapshot
00:04 +20: C:/Users/Atharva Patil/Documents/projects/gymlog/test/active_workout_atomic_03_test.dart: ATOMIC-03 Active Workout & Card Geometry Suite 3. SetRow cells have minHeight 48 and SetRow minHeight 56
00:04 +21: C:/Users/Atharva Patil/Documents/projects/gymlog/test/active_workout_atomic_03_test.dart: ATOMIC-03 Active Workout & Card Geometry Suite 3. SetRow cells have minHeight 48 and SetRow minHeight 56
00:04 +22: C:/Users/Atharva Patil/Documents/projects/gymlog/test/active_workout_atomic_03_test.dart: ATOMIC-03 Active Workout & Card Geometry Suite 3. SetRow cells have minHeight 48 and SetRow minHeight 56
00:04 +23: C:/Users/Atharva Patil/Documents/projects/gymlog/test/active_workout_atomic_03_test.dart: ATOMIC-03 Active Workout & Card Geometry Suite 3. SetRow cells have minHeight 48 and SetRow minHeight 56
00:04 +24: C:/Users/Atharva Patil/Documents/projects/gymlog/test/active_workout_atomic_03_test.dart: ATOMIC-03 Active Workout & Card Geometry Suite 3. SetRow cells have minHeight 48 and SetRow minHeight 56
00:05 +25: C:/Users/Atharva Patil/Documents/projects/gymlog/test/active_workout_atomic_03_test.dart: ATOMIC-03 Active Workout & Card Geometry Suite 3. SetRow cells have minHeight 48 and SetRow minHeight 56
00:05 +26: C:/Users/Atharva Patil/Documents/projects/gymlog/test/active_workout_atomic_04_test.dart: ATOMIC-04 Reversible Deletion & Replacement Policy Suite 6. replacement Cancel changes nothing
00:05 +27: C:/Users/Atharva Patil/Documents/projects/gymlog/test/active_workout_atomic_03_test.dart: ATOMIC-03 Active Workout & Card Geometry Suite 4. Reps-only column behavior hides weight column
00:05 +28: C:/Users/Atharva Patil/Documents/projects/gymlog/test/active_workout_atomic_03_test.dart: ATOMIC-03 Active Workout & Card Geometry Suite 4. Reps-only column behavior hides weight column
00:05 +29: C:/Users/Atharva Patil/Documents/projects/gymlog/test/active_workout_atomic_04_test.dart: ATOMIC-04 Reversible Deletion & Replacement Policy Suite 8. compatible replacement preserves values
00:05 +30: C:/Users/Atharva Patil/Documents/projects/gymlog/test/active_workout_atomic_03_test.dart: ATOMIC-03 Active Workout & Card Geometry Suite 5. showAppSnackBar renders floating snackbar with radius 14
00:05 +31: C:/Users/Atharva Patil/Documents/projects/gymlog/test/active_workout_atomic_03_test.dart: ATOMIC-03 Active Workout & Card Geometry Suite 5. showAppSnackBar renders floating snackbar with radius 14
00:05 +32: C:/Users/Atharva Patil/Documents/projects/gymlog/test/active_workout_atomic_03_test.dart: ATOMIC-03 Active Workout & Card Geometry Suite 6. showAppSnackBar clears rest timer bar offset when active
00:05 +33: C:/Users/Atharva Patil/Documents/projects/gymlog/test/active_workout_draft_upgrade_test.dart: ATOMIC-RC3-05 Workout Draft and Routine Upgrades 1. WorkoutDraftStore upgrades legacy exercises via name inference on parse
00:05 +34: C:/Users/Atharva Patil/Documents/projects/gymlog/test/active_workout_draft_upgrade_test.dart: ATOMIC-RC3-05 Workout Draft and Routine Upgrades 2. ActiveWorkoutNotifier resumeDraft upgrades draft against database metadata
00:06 +35: C:/Users/Atharva Patil/Documents/projects/gymlog/test/active_workout_header_test.dart: ActiveWorkoutHeader normal layout renders elapsed time once at 1.0x
00:07 +36: C:/Users/Atharva Patil/Documents/projects/gymlog/test/active_workout_header_test.dart: ActiveWorkoutHeader normal layout renders elapsed time once at 1.0x
00:07 +37: C:/Users/Atharva Patil/Documents/projects/gymlog/test/active_workout_large_text_test.dart: ActiveWorkout large-text header pumps at 390x844 1.0x
00:07 +38: C:/Users/Atharva Patil/Documents/projects/gymlog/test/active_workout_large_text_test.dart: ActiveWorkout large-text header pumps at 390x844 1.0x
00:07 +39: C:/Users/Atharva Patil/Documents/projects/gymlog/test/active_workout_large_text_test.dart: ActiveWorkout large-text header pumps at 390x844 1.0x
00:07 +40: C:/Users/Atharva Patil/Documents/projects/gymlog/test/active_workout_large_text_test.dart: ActiveWorkout large-text header pumps at 390x844 1.0x
00:07 +41: C:/Users/Atharva Patil/Documents/projects/gymlog/test/active_workout_large_text_test.dart: ActiveWorkout large-text header pumps at 390x844 1.0x
00:07 +42: C:/Users/Atharva Patil/Documents/projects/gymlog/test/active_workout_large_text_test.dart: ActiveWorkout large-text header pumps at 390x844 1.0x
00:07 +43: C:/Users/Atharva Patil/Documents/projects/gymlog/test/active_workout_large_text_test.dart: ActiveWorkout large-text header pumps at 390x844 1.0x
00:07 +44: C:/Users/Atharva Patil/Documents/projects/gymlog/test/active_workout_large_text_test.dart: ActiveWorkout large-text header pumps at 390x844 1.0x
00:07 +45: C:/Users/Atharva Patil/Documents/projects/gymlog/test/active_workout_large_text_test.dart: ActiveWorkout large-text header pumps at 390x844 1.0x
00:07 +46: C:/Users/Atharva Patil/Documents/projects/gymlog/test/active_workout_large_text_test.dart: ActiveWorkout large-text header pumps at 390x844 1.0x
00:07 +47: C:/Users/Atharva Patil/Documents/projects/gymlog/test/active_workout_large_text_test.dart: ActiveWorkout large-text header pumps at 390x844 1.0x
00:07 +48: C:/Users/Atharva Patil/Documents/projects/gymlog/test/active_workout_large_text_test.dart: ActiveWorkout large-text header pumps at 390x844 1.0x
00:07 +49: C:/Users/Atharva Patil/Documents/projects/gymlog/test/active_workout_large_text_test.dart: ActiveWorkout large-text header pumps at 390x844 1.0x
00:07 +50: C:/Users/Atharva Patil/Documents/projects/gymlog/test/active_workout_large_text_test.dart: ActiveWorkout large-text header pumps at 390x844 1.0x
00:07 +51: C:/Users/Atharva Patil/Documents/projects/gymlog/test/active_workout_large_text_test.dart: ActiveWorkout large-text header pumps at 390x844 1.0x
00:08 +52: C:/Users/Atharva Patil/Documents/projects/gymlog/test/active_workout_large_text_test.dart: ActiveWorkout large-text header pumps at 390x844 1.0x
00:08 +53: C:/Users/Atharva Patil/Documents/projects/gymlog/test/active_workout_large_text_test.dart: ActiveWorkout large-text header pumps at 390x844 1.0x
00:08 +54: C:/Users/Atharva Patil/Documents/projects/gymlog/test/active_workout_large_text_test.dart: ActiveWorkout large-text header pumps at 390x844 1.0x
00:08 +55: C:/Users/Atharva Patil/Documents/projects/gymlog/test/active_workout_large_text_test.dart: ActiveWorkout large-text header pumps at 390x844 1.0x
00:08 +56: C:/Users/Atharva Patil/Documents/projects/gymlog/test/active_workout_minimize_test.dart: ActiveWorkoutScreen minimize handle has tap gesture, semantics and pops router
00:09 +57: C:/Users/Atharva Patil/Documents/projects/gymlog/test/active_workout_minimize_test.dart: ActiveWorkoutScreen minimize handle has tap gesture, semantics and pops router
00:09 +58: C:/Users/Atharva Patil/Documents/projects/gymlog/test/active_workout_minimize_test.dart: ActiveWorkoutScreen minimize handle has tap gesture, semantics and pops router
00:09 +59: C:/Users/Atharva Patil/Documents/projects/gymlog/test/active_workout_minimize_test.dart: ActiveWorkoutScreen minimize handle has tap gesture, semantics and pops router
00:09 +59: C:/Users/Atharva Patil/Documents/projects/gymlog/test/active_workout_persistence_fail_closed_test.dart: ATOMIC-RC3-01 Persistence Fail Closed Suite 1. Transaction failure retains state and draft
[finishWorkout] transaction failed: Exception: Simulated database write error
00:09 +60: C:/Users/Atharva Patil/Documents/projects/gymlog/test/active_workout_minimize_test.dart: ActiveWorkoutScreen minimize handle has tap gesture, semantics and pops router
00:09 +61: C:/Users/Atharva Patil/Documents/projects/gymlog/test/active_workout_minimize_test.dart: ActiveWorkoutScreen minimize handle has tap gesture, semantics and pops router
00:09 +61: C:/Users/Atharva Patil/Documents/projects/gymlog/test/active_workout_persistence_fail_closed_test.dart: ATOMIC-RC3-01 Persistence Fail Closed Suite 3. Edited-workout failure retains state
[saveEditedWorkout] transaction failed: Exception: Simulated database edit error
00:09 +62: C:/Users/Atharva Patil/Documents/projects/gymlog/test/active_workout_minimize_test.dart: ActiveWorkoutScreen minimize handle has tap gesture, semantics and pops router
00:10 +63: C:/Users/Atharva Patil/Documents/projects/gymlog/test/active_workout_set_invariants_test.dart: ATOMIC-RC3-02 Set State Invariants Suite 1. Clearing weight sets it to null, clearing reps sets it to 0
00:10 +64: C:/Users/Atharva Patil/Documents/projects/gymlog/test/active_workout_set_invariants_test.dart: ATOMIC-RC3-02 Set State Invariants Suite 2. Direct notifier cannot complete invalid set
00:10 +65: C:/Users/Atharva Patil/Documents/projects/gymlog/test/active_workout_set_invariants_test.dart: ATOMIC-RC3-02 Set State Invariants Suite 3. Untouched weighted placeholder is not meaningful
00:10 +66: C:/Users/Atharva Patil/Documents/projects/gymlog/test/active_workout_set_invariants_test.dart: ATOMIC-RC3-02 Set State Invariants Suite 4. Reps-only / duration sets normalize weight to null, distance normalizes reps to 0
00:11 +67: C:/Users/Atharva Patil/Documents/projects/gymlog/test/active_workout_set_row_test.dart: PREVIOUS column shows "15kg x 12" when prior data exists
00:11 +67: C:/Users/Atharva Patil/Documents/projects/gymlog/test/active_workout_start_test.dart: startWorkout backfills unique ids for exercises passed without one
[WorkoutDraftStore] save failed: Binding has not yet been initialized.
The "instance" getter on the ServicesBinding binding mixin is only available once that binding has been initialized.
Typically, this is done by calling "WidgetsFlutterBinding.ensureInitialized()" or "runApp()" (the latter calls the former). Typically this call is done in the "void main()" method. The "ensureInitialized" method is idempotent; calling it multiple times is not harmful. After calling that method, the "instance" getter will return the binding.
In a test, one can call "TestWidgetsFlutterBinding.ensureInitialized()" as the first line in the test's "main()" method to initialize the binding.
If ServicesBinding is a custom binding mixin, there must also be a custom binding class, like WidgetsFlutterBinding, but that mixes in the selected binding, and that is the class that must be constructed before using the "instance" getter.
00:11 +68: C:/Users/Atharva Patil/Documents/projects/gymlog/test/active_workout_set_row_test.dart: PREVIOUS column shows "15kg x 12" when prior data exists
00:11 +68: C:/Users/Atharva Patil/Documents/projects/gymlog/test/active_workout_start_test.dart: startWorkout preserves ids that callers already set
[WorkoutDraftStore] save failed: Binding has not yet been initialized.
The "instance" getter on the ServicesBinding binding mixin is only available once that binding has been initialized.
Typically, this is done by calling "WidgetsFlutterBinding.ensureInitialized()" or "runApp()" (the latter calls the former). Typically this call is done in the "void main()" method. The "ensureInitialized" method is idempotent; calling it multiple times is not harmful. After calling that method, the "instance" getter will return the binding.
In a test, one can call "TestWidgetsFlutterBinding.ensureInitialized()" as the first line in the test's "main()" method to initialize the binding.
If ServicesBinding is a custom binding mixin, there must also be a custom binding class, like WidgetsFlutterBinding, but that mixes in the selected binding, and that is the class that must be constructed before using the "instance" getter.
00:11 +69: C:/Users/Atharva Patil/Documents/projects/gymlog/test/active_workout_set_row_test.dart: PREVIOUS column shows "15kg x 12" when prior data exists
00:12 +70: C:/Users/Atharva Patil/Documents/projects/gymlog/test/active_workout_set_row_test.dart: PREVIOUS column shows "15kg x 12" when prior data exists
00:12 +71: C:/Users/Atharva Patil/Documents/projects/gymlog/test/active_workout_set_row_test.dart: PREVIOUS column shows "15kg x 12" when prior data exists
00:12 +72: C:/Users/Atharva Patil/Documents/projects/gymlog/test/active_workout_set_row_test.dart: PREVIOUS column shows "15kg x 12" when prior data exists
00:12 +73: C:/Users/Atharva Patil/Documents/projects/gymlog/test/analytics/metric_aware_pr_test.dart: ATOMIC-07: PR Detection Engine Detects weighted e1RM PRs and Max Weight PRs
00:12 +74: C:/Users/Atharva Patil/Documents/projects/gymlog/test/analytics/metric_aware_pr_test.dart: ATOMIC-07: PR Detection Engine Detects weighted e1RM PRs and Max Weight PRs
00:12 +75: C:/Users/Atharva Patil/Documents/projects/gymlog/test/analytics/metric_aware_pr_test.dart: ATOMIC-07: PR Detection Engine Detects weighted e1RM PRs and Max Weight PRs
00:12 +76: C:/Users/Atharva Patil/Documents/projects/gymlog/test/active_workout_set_row_test.dart: normal set shows its 1-based number in the SET column
00:12 +77: C:/Users/Atharva Patil/Documents/projects/gymlog/test/active_workout_set_row_test.dart: normal set shows its 1-based number in the SET column
00:12 +78: C:/Users/Atharva Patil/Documents/projects/gymlog/test/active_workout_set_row_test.dart: normal set shows its 1-based number in the SET column
00:12 +79: C:/Users/Atharva Patil/Documents/projects/gymlog/test/analytics/metric_aware_pr_test.dart: ATOMIC-07: PR Detection Engine Assisted exercises do not award max weight PR for higher assistance
00:12 +80: C:/Users/Atharva Patil/Documents/projects/gymlog/test/active_workout_set_row_test.dart: no inline "kg" label and no "×" divider on the row
00:12 +81: C:/Users/Atharva Patil/Documents/projects/gymlog/test/active_workout_set_row_test.dart: no inline "kg" label and no "×" divider on the row
00:12 +82: C:/Users/Atharva Patil/Documents/projects/gymlog/test/analytics/metric_aware_pr_test.dart: ATOMIC-07: PR Detection Engine Editing or deleting a PR recalculates later history
00:13 +83: C:/Users/Atharva Patil/Documents/projects/gymlog/test/auth/account_isolation_test.dart: (setUpAll)
00:13 +83: C:/Users/Atharva Patil/Documents/projects/gymlog/test/auth/account_isolation_test.dart: account A workouts hidden from account B
00:13 +84: C:/Users/Atharva Patil/Documents/projects/gymlog/test/auth/account_isolation_test.dart: account A drafts hidden from B
[WorkoutDraftStore] Ignoring draft from different user (user-a vs user-b)
00:13 +85: C:/Users/Atharva Patil/Documents/projects/gymlog/test/auth/account_isolation_test.dart: account A sync queue not uploaded as B
00:13 +86: C:/Users/Atharva Patil/Documents/projects/gymlog/test/auth/account_isolation_test.dart: custom exercises isolation policy
00:13 +87: C:/Users/Atharva Patil/Documents/projects/gymlog/test/auth/account_isolation_test.dart: pending sync warning and offline sign-out / restart flow
00:13 +88: C:/Users/Atharva Patil/Documents/projects/gymlog/test/auth/account_isolation_test.dart: (tearDownAll)
00:13 +88: C:/Users/Atharva Patil/Documents/projects/gymlog/test/auth/auth_screen_behavior_test.dart: AuthScreen Behavior Tests (AUTH-01 to AUTH-20) AUTH-01: Initial screen contains one primary CTA
00:14 +89: C:/Users/Atharva Patil/Documents/projects/gymlog/test/auth/auth_screen_behavior_test.dart: AuthScreen Behavior Tests (AUTH-01 to AUTH-20) AUTH-01: Initial screen contains one primary CTA
00:14 +90: C:/Users/Atharva Patil/Documents/projects/gymlog/test/auth/auth_screen_behavior_test.dart: AuthScreen Behavior Tests (AUTH-01 to AUTH-20) AUTH-01: Initial screen contains one primary CTA
00:14 +91: C:/Users/Atharva Patil/Documents/projects/gymlog/test/auth/auth_screen_behavior_test.dart: AuthScreen Behavior Tests (AUTH-01 to AUTH-20) AUTH-01: Initial screen contains one primary CTA
00:14 +92: C:/Users/Atharva Patil/Documents/projects/gymlog/test/auth/auth_screen_behavior_test.dart: AuthScreen Behavior Tests (AUTH-01 to AUTH-20) AUTH-01: Initial screen contains one primary CTA
00:14 +93: C:/Users/Atharva Patil/Documents/projects/gymlog/test/auth/auth_screen_behavior_test.dart: AuthScreen Behavior Tests (AUTH-01 to AUTH-20) AUTH-01: Initial screen contains one primary CTA
00:14 +94: C:/Users/Atharva Patil/Documents/projects/gymlog/test/auth/auth_screen_behavior_test.dart: AuthScreen Behavior Tests (AUTH-01 to AUTH-20) AUTH-01: Initial screen contains one primary CTA
00:14 +95: C:/Users/Atharva Patil/Documents/projects/gymlog/test/auth/auth_screen_behavior_test.dart: AuthScreen Behavior Tests (AUTH-01 to AUTH-20) AUTH-01: Initial screen contains one primary CTA
00:14 +96: C:/Users/Atharva Patil/Documents/projects/gymlog/test/auth/auth_screen_behavior_test.dart: AuthScreen Behavior Tests (AUTH-01 to AUTH-20) AUTH-01: Initial screen contains one primary CTA
00:14 +97: C:/Users/Atharva Patil/Documents/projects/gymlog/test/auth/auth_screen_behavior_test.dart: AuthScreen Behavior Tests (AUTH-01 to AUTH-20) AUTH-01: Initial screen contains one primary CTA
00:14 +98: C:/Users/Atharva Patil/Documents/projects/gymlog/test/auth/auth_screen_behavior_test.dart: AuthScreen Behavior Tests (AUTH-01 to AUTH-20) AUTH-01: Initial screen contains one primary CTA
00:14 +99: C:/Users/Atharva Patil/Documents/projects/gymlog/test/auth/auth_screen_behavior_test.dart: AuthScreen Behavior Tests (AUTH-01 to AUTH-20) AUTH-01: Initial screen contains one primary CTA
00:14 +100: C:/Users/Atharva Patil/Documents/projects/gymlog/test/auth/auth_screen_behavior_test.dart: AuthScreen Behavior Tests (AUTH-01 to AUTH-20) AUTH-01: Initial screen contains one primary CTA
00:14 +101: C:/Users/Atharva Patil/Documents/projects/gymlog/test/auth/auth_screen_behavior_test.dart: AuthScreen Behavior Tests (AUTH-01 to AUTH-20) AUTH-01: Initial screen contains one primary CTA
00:14 +102: C:/Users/Atharva Patil/Documents/projects/gymlog/test/auth/auth_screen_behavior_test.dart: AuthScreen Behavior Tests (AUTH-01 to AUTH-20) AUTH-01: Initial screen contains one primary CTA
00:14 +103: C:/Users/Atharva Patil/Documents/projects/gymlog/test/auth/auth_screen_behavior_test.dart: AuthScreen Behavior Tests (AUTH-01 to AUTH-20) AUTH-01: Initial screen contains one primary CTA
00:14 +104: C:/Users/Atharva Patil/Documents/projects/gymlog/test/auth/auth_screen_behavior_test.dart: AuthScreen Behavior Tests (AUTH-01 to AUTH-20) AUTH-01: Initial screen contains one primary CTA
00:14 +105: C:/Users/Atharva Patil/Documents/projects/gymlog/test/auth/auth_screen_behavior_test.dart: AuthScreen Behavior Tests (AUTH-01 to AUTH-20) AUTH-01: Initial screen contains one primary CTA
00:14 +106: C:/Users/Atharva Patil/Documents/projects/gymlog/test/auth/auth_screen_behavior_test.dart: AuthScreen Behavior Tests (AUTH-01 to AUTH-20) AUTH-01: Initial screen contains one primary CTA
00:14 +107: C:/Users/Atharva Patil/Documents/projects/gymlog/test/auth/auth_screen_behavior_test.dart: AuthScreen Behavior Tests (AUTH-01 to AUTH-20) AUTH-01: Initial screen contains one primary CTA
00:14 +108: C:/Users/Atharva Patil/Documents/projects/gymlog/test/auth/auth_screen_behavior_test.dart: AuthScreen Behavior Tests (AUTH-01 to AUTH-20) AUTH-01: Initial screen contains one primary CTA
00:14 +109: C:/Users/Atharva Patil/Documents/projects/gymlog/test/auth/auth_screen_behavior_test.dart: AuthScreen Behavior Tests (AUTH-01 to AUTH-20) AUTH-01: Initial screen contains one primary CTA
00:14 +110: C:/Users/Atharva Patil/Documents/projects/gymlog/test/auth/auth_screen_behavior_test.dart: AuthScreen Behavior Tests (AUTH-01 to AUTH-20) AUTH-01: Initial screen contains one primary CTA
00:14 +111: C:/Users/Atharva Patil/Documents/projects/gymlog/test/auth/auth_screen_behavior_test.dart: AuthScreen Behavior Tests (AUTH-01 to AUTH-20) AUTH-01: Initial screen contains one primary CTA
00:14 +112: C:/Users/Atharva Patil/Documents/projects/gymlog/test/auth/auth_screen_behavior_test.dart: AuthScreen Behavior Tests (AUTH-01 to AUTH-20) AUTH-01: Initial screen contains one primary CTA
00:14 +113: C:/Users/Atharva Patil/Documents/projects/gymlog/test/auth/auth_screen_behavior_test.dart: AuthScreen Behavior Tests (AUTH-01 to AUTH-20) AUTH-01: Initial screen contains one primary CTA
00:14 +114: C:/Users/Atharva Patil/Documents/projects/gymlog/test/auth/auth_screen_behavior_test.dart: AuthScreen Behavior Tests (AUTH-01 to AUTH-20) AUTH-01: Initial screen contains one primary CTA
00:15 +115: C:/Users/Atharva Patil/Documents/projects/gymlog/test/auth/auth_screen_behavior_test.dart: AuthScreen Behavior Tests (AUTH-01 to AUTH-20) AUTH-01: Initial screen contains one primary CTA
00:15 +116: C:/Users/Atharva Patil/Documents/projects/gymlog/test/auth/auth_screen_behavior_test.dart: AuthScreen Behavior Tests (AUTH-01 to AUTH-20) AUTH-01: Initial screen contains one primary CTA
00:15 +117: C:/Users/Atharva Patil/Documents/projects/gymlog/test/auth/auth_screen_behavior_test.dart: AuthScreen Behavior Tests (AUTH-01 to AUTH-20) AUTH-01: Initial screen contains one primary CTA
00:15 +118: C:/Users/Atharva Patil/Documents/projects/gymlog/test/chart_axis_format_test.dart: BrandedLineChart.yAxisUnit renders unit suffix on both Y axes
00:15 +119: C:/Users/Atharva Patil/Documents/projects/gymlog/test/chart_axis_format_test.dart: BrandedLineChart.yAxisUnit renders unit suffix on both Y axes
00:15 +120: C:/Users/Atharva Patil/Documents/projects/gymlog/test/chart_axis_format_test.dart: BrandedLineChart.yAxisUnit renders unit suffix on both Y axes
00:15 +121: C:/Users/Atharva Patil/Documents/projects/gymlog/test/chart_axis_format_test.dart: BrandedLineChart.yAxisUnit renders unit suffix on both Y axes
00:16 +122: C:/Users/Atharva Patil/Documents/projects/gymlog/test/chart_axis_format_test.dart: BrandedLineChart.yAxisUnit renders unit suffix on both Y axes
00:16 +123: C:/Users/Atharva Patil/Documents/projects/gymlog/test/chart_axis_format_test.dart: BrandedLineChart.yAxisUnit renders unit suffix on both Y axes
00:16 +123: C:/Users/Atharva Patil/Documents/projects/gymlog/test/auth/auth_screen_behavior_test.dart: AuthScreen Behavior Tests (AUTH-01 to AUTH-20) AUTH-07: Network failure shows recovery copy
[Auth] failure=network
00:16 +124: C:/Users/Atharva Patil/Documents/projects/gymlog/test/chart_axis_format_test.dart: BrandedLineChart.yAxisUnit renders unit suffix on both Y axes
00:16 +124: C:/Users/Atharva Patil/Documents/projects/gymlog/test/auth/auth_screen_behavior_test.dart: AuthScreen Behavior Tests (AUTH-01 to AUTH-20) AUTH-08: Configuration failure does not expose SHA-1 or ApiException 10
[Auth] failure=configuration code=google_android_configuration
00:16 +125: C:/Users/Atharva Patil/Documents/projects/gymlog/test/chart_axis_format_test.dart: BrandedLineChart.yAxisUnit renders unit suffix on both Y axes
00:16 +125: C:/Users/Atharva Patil/Documents/projects/gymlog/test/auth/auth_screen_behavior_test.dart: AuthScreen Behavior Tests (AUTH-01 to AUTH-20) AUTH-09: Unknown error shows generic safe copy
[Auth] failure=unknown
00:16 +126: C:/Users/Atharva Patil/Documents/projects/gymlog/test/chart_axis_format_test.dart: BrandedLineChart.yAxisUnit renders unit suffix on both Y axes
00:16 +127: C:/Users/Atharva Patil/Documents/projects/gymlog/test/chart_axis_format_test.dart: BrandedLineChart.yAxisUnit renders unit suffix on both Y axes
00:16 +128: C:/Users/Atharva Patil/Documents/projects/gymlog/test/chart_density_test.dart: BrandedLineChart 300-point performance and grid density vertical grid interval scales with labelStep rather than 1 per point
00:16 +129: C:/Users/Atharva Patil/Documents/projects/gymlog/test/chart_density_test.dart: BrandedLineChart 300-point performance and grid density vertical grid interval scales with labelStep rather than 1 per point
00:16 +130: C:/Users/Atharva Patil/Documents/projects/gymlog/test/chart_density_test.dart: BrandedLineChart 300-point performance and grid density vertical grid interval scales with labelStep rather than 1 per point
00:16 +131: C:/Users/Atharva Patil/Documents/projects/gymlog/test/chart_density_test.dart: BrandedLineChart 300-point performance and grid density vertical grid interval scales with labelStep rather than 1 per point
00:16 +132: C:/Users/Atharva Patil/Documents/projects/gymlog/test/chart_density_test.dart: BrandedLineChart 300-point performance and grid density vertical grid interval scales with labelStep rather than 1 per point
00:16 +133: C:/Users/Atharva Patil/Documents/projects/gymlog/test/chart_density_test.dart: BrandedLineChart 300-point performance and grid density vertical grid interval scales with labelStep rather than 1 per point
00:16 +134: C:/Users/Atharva Patil/Documents/projects/gymlog/test/chart_density_test.dart: BrandedLineChart 300-point performance and grid density vertical grid interval scales with labelStep rather than 1 per point
00:16 +135: C:/Users/Atharva Patil/Documents/projects/gymlog/test/commerce_and_deletion_test.dart: Account Deletion Service & UI Guidance Idempotency — wipes local storage and finishes safely even when user is null (signed out)
00:17 +136: C:/Users/Atharva Patil/Documents/projects/gymlog/test/commerce_and_deletion_test.dart: Account Deletion Service & UI Guidance Idempotency — wipes local storage and finishes safely even when user is null (signed out)
[ExercisesDao] Hydration v9 complete: 822 exercises.
00:17 +137: C:/Users/Atharva Patil/Documents/projects/gymlog/test/auth/auth_screen_behavior_test.dart: AuthScreen Behavior Tests (AUTH-01 to AUTH-20) AUTH-21 (AU-C): Cancel affordance appears while signing in and returns the screen to idle
00:17 +138: C:/Users/Atharva Patil/Documents/projects/gymlog/test/commerce_and_deletion_test.dart: Account Deletion Service & UI Guidance Wipes local databases, secure preferences and settings on deletion
00:17 +138: C:/Users/Atharva Patil/Documents/projects/gymlog/test/auth/auth_screen_behavior_test.dart: AuthScreen Behavior Tests (AUTH-01 to AUTH-20) AUTH-22 (AU-C): Timeout failure surfaces honest recovery copy
[Auth] failure=timeout
00:17 +139: C:/Users/Atharva Patil/Documents/projects/gymlog/test/commerce_and_deletion_test.dart: Account Deletion Service & UI Guidance Wipes local databases, secure preferences and settings on deletion
[ExercisesDao] Hydration v9 complete: 822 exercises.
00:17 +140: C:/Users/Atharva Patil/Documents/projects/gymlog/test/commerce_and_deletion_test.dart: Premium Service Entitlements & Caching isPremiumProvider returns false when no user is signed in
00:17 +141: C:/Users/Atharva Patil/Documents/projects/gymlog/test/commerce_and_deletion_test.dart: Premium Service Entitlements & Caching isPremiumProvider falls back to local user profile when CustomerInfo stream has no value (offline launch)
00:17 +142: C:/Users/Atharva Patil/Documents/projects/gymlog/test/commerce_and_deletion_test.dart: Premium Service Entitlements & Caching isPremiumProvider respects active entitlements from CustomerInfo over local SQLite profile
00:17 +143: C:/Users/Atharva Patil/Documents/projects/gymlog/test/commerce_and_deletion_test.dart: (tearDownAll)
00:18 +143: C:/Users/Atharva Patil/Documents/projects/gymlog/test/compile_surface_test.dart: full app graph compiles
00:19 +144: C:/Users/Atharva Patil/Documents/projects/gymlog/test/core/app_startup_test.dart: GymLogApp builds without throwing when cloud is not ready
00:19 +145: C:/Users/Atharva Patil/Documents/projects/gymlog/test/core/app_startup_test.dart: GymLogApp builds without throwing when cloud is not ready
00:19 +146: C:/Users/Atharva Patil/Documents/projects/gymlog/test/core/app_startup_test.dart: GymLogApp builds without throwing when cloud is not ready
00:19 +147: C:/Users/Atharva Patil/Documents/projects/gymlog/test/core/app_startup_test.dart: GymLogApp builds without throwing when cloud is not ready
00:19 +148: C:/Users/Atharva Patil/Documents/projects/gymlog/test/core/app_startup_test.dart: GymLogApp builds without throwing when cloud is not ready
00:19 +149: C:/Users/Atharva Patil/Documents/projects/gymlog/test/core/app_startup_test.dart: GymLogApp builds without throwing when cloud is not ready
00:19 +150: C:/Users/Atharva Patil/Documents/projects/gymlog/test/core/app_startup_test.dart: GymLogApp builds without throwing when cloud is not ready
00:19 +151: C:/Users/Atharva Patil/Documents/projects/gymlog/test/core/app_startup_test.dart: GymLogApp builds without throwing when cloud is not ready
00:19 +152: C:/Users/Atharva Patil/Documents/projects/gymlog/test/core/app_startup_test.dart: GymLogApp builds without throwing when cloud is not ready
00:19 +153: C:/Users/Atharva Patil/Documents/projects/gymlog/test/core/app_startup_test.dart: GymLogApp builds without throwing when cloud is not ready
00:19 +154: C:/Users/Atharva Patil/Documents/projects/gymlog/test/core/app_startup_test.dart: GymLogApp builds without throwing when cloud is not ready
00:19 +155: C:/Users/Atharva Patil/Documents/projects/gymlog/test/core/app_startup_test.dart: GymLogApp builds without throwing when cloud is not ready
00:19 +156: C:/Users/Atharva Patil/Documents/projects/gymlog/test/core/app_startup_test.dart: GymLogApp builds without throwing when cloud is not ready
00:19 +157: C:/Users/Atharva Patil/Documents/projects/gymlog/test/core/app_startup_test.dart: GymLogApp builds without throwing when cloud is not ready
00:19 +158: C:/Users/Atharva Patil/Documents/projects/gymlog/test/core/app_startup_test.dart: GymLogApp builds without throwing when cloud is not ready
00:20 +159: C:/Users/Atharva Patil/Documents/projects/gymlog/test/core/app_startup_test.dart: GymLogApp builds without throwing when cloud is not ready
00:20 +160: C:/Users/Atharva Patil/Documents/projects/gymlog/test/core/app_startup_test.dart: GymLogApp builds without throwing when cloud is not ready
00:20 +161: C:/Users/Atharva Patil/Documents/projects/gymlog/test/core/app_startup_test.dart: GymLogApp builds without throwing when cloud is not ready
00:20 +162: C:/Users/Atharva Patil/Documents/projects/gymlog/test/core/app_startup_test.dart: GymLogApp builds without throwing when cloud is not ready
00:20 +163: C:/Users/Atharva Patil/Documents/projects/gymlog/test/core/app_startup_test.dart: GymLogApp builds without throwing when cloud is not ready
00:20 +164: C:/Users/Atharva Patil/Documents/projects/gymlog/test/core/app_startup_test.dart: GymLogApp builds without throwing when cloud is not ready
00:21 +165: C:/Users/Atharva Patil/Documents/projects/gymlog/test/core/app_startup_test.dart: router is constructable without Supabase being initialized
00:22 +166: C:/Users/Atharva Patil/Documents/projects/gymlog/test/core/premium/library_quota_test.dart: the free-tier dead end a new free user CAN import the featured 6-day program
00:22 +167: C:/Users/Atharva Patil/Documents/projects/gymlog/test/core/premium/library_quota_test.dart: the free-tier dead end program size does not consume routine slots
00:22 +168: C:/Users/Atharva Patil/Documents/projects/gymlog/test/core/premium/library_quota_test.dart: program slot the second program is where the paywall lands
00:22 +169: C:/Users/Atharva Patil/Documents/projects/gymlog/test/core/premium/library_quota_test.dart: program slot Pro is never gated
00:22 +170: C:/Users/Atharva Patil/Documents/projects/gymlog/test/core/premium/library_quota_test.dart: program slot hasUsedFreeProgramSlot tracks the cap
00:22 +171: C:/Users/Atharva Patil/Documents/projects/gymlog/test/core/premium/library_quota_test.dart: completing an owned program is always free even when both caps are already exhausted
00:22 +172: C:/Users/Atharva Patil/Documents/projects/gymlog/test/core/premium/library_quota_test.dart: standalone routines fills exactly to the cap
00:22 +173: C:/Users/Atharva Patil/Documents/projects/gymlog/test/core/premium/library_quota_test.dart: standalone routines blocks the one that would overflow
00:22 +174: C:/Users/Atharva Patil/Documents/projects/gymlog/test/core/premium/library_quota_test.dart: standalone routines checks the whole batch, not one at a time
00:22 +175: C:/Users/Atharva Patil/Documents/projects/gymlog/test/core/premium/library_quota_test.dart: standalone routines remaining slots never go negative for grandfathered users
00:22 +176: C:/Users/Atharva Patil/Documents/projects/gymlog/test/core/premium/library_quota_test.dart: copy allowed has no blocking copy
00:22 +177: C:/Users/Atharva Patil/Documents/projects/gymlog/test/core/premium/library_quota_test.dart: copy every blocked verdict has copy
00:22 +178: C:/Users/Atharva Patil/Documents/projects/gymlog/test/core/router_deeplink_test.dart: deep link without extra loads the exercise by id instead of crashing
00:23 +179: C:/Users/Atharva Patil/Documents/projects/gymlog/test/core/router_deeplink_test.dart: deep link without extra loads the exercise by id instead of crashing
00:23 +180: C:/Users/Atharva Patil/Documents/projects/gymlog/test/core/router_deeplink_test.dart: deep link without extra loads the exercise by id instead of crashing
00:23 +181: C:/Users/Atharva Patil/Documents/projects/gymlog/test/core/router_deeplink_test.dart: deep link without extra loads the exercise by id instead of crashing
00:23 +182: C:/Users/Atharva Patil/Documents/projects/gymlog/test/core/router_deeplink_test.dart: deep link without extra loads the exercise by id instead of crashing
00:23 +183: C:/Users/Atharva Patil/Documents/projects/gymlog/test/core/router_deeplink_test.dart: deep link without extra loads the exercise by id instead of crashing
00:23 +184: C:/Users/Atharva Patil/Documents/projects/gymlog/test/core/router_deeplink_test.dart: deep link without extra loads the exercise by id instead of crashing
00:23 +185: C:/Users/Atharva Patil/Documents/projects/gymlog/test/core/router_deeplink_test.dart: deep link without extra loads the exercise by id instead of crashing
00:23 +186: C:/Users/Atharva Patil/Documents/projects/gymlog/test/core/router_deeplink_test.dart: deep link without extra loads the exercise by id instead of crashing
00:23 +187: C:/Users/Atharva Patil/Documents/projects/gymlog/test/core/router_deeplink_test.dart: deep link without extra loads the exercise by id instead of crashing
00:23 +188: C:/Users/Atharva Patil/Documents/projects/gymlog/test/core/router_deeplink_test.dart: deep link without extra loads the exercise by id instead of crashing
00:23 +189: C:/Users/Atharva Patil/Documents/projects/gymlog/test/core/router_deeplink_test.dart: deep link without extra loads the exercise by id instead of crashing
00:23 +190: C:/Users/Atharva Patil/Documents/projects/gymlog/test/core/router_deeplink_test.dart: deep link without extra loads the exercise by id instead of crashing
00:23 +191: C:/Users/Atharva Patil/Documents/projects/gymlog/test/core/router_deeplink_test.dart: deep link without extra loads the exercise by id instead of crashing
00:23 +192: C:/Users/Atharva Patil/Documents/projects/gymlog/test/core/router_deeplink_test.dart: deep link without extra loads the exercise by id instead of crashing
00:23 +193: C:/Users/Atharva Patil/Documents/projects/gymlog/test/core/router_deeplink_test.dart: deep link without extra loads the exercise by id instead of crashing
00:23 +194: C:/Users/Atharva Patil/Documents/projects/gymlog/test/core/router_deeplink_test.dart: deep link without extra loads the exercise by id instead of crashing
00:23 +195: C:/Users/Atharva Patil/Documents/projects/gymlog/test/core/router_deeplink_test.dart: deep link without extra loads the exercise by id instead of crashing
00:23 +196: C:/Users/Atharva Patil/Documents/projects/gymlog/test/core/router_deeplink_test.dart: deep link without extra loads the exercise by id instead of crashing
00:25 +197: C:/Users/Atharva Patil/Documents/projects/gymlog/test/core/router_deeplink_test.dart: deep link without extra loads the exercise by id instead of crashing
00:25 +198: C:/Users/Atharva Patil/Documents/projects/gymlog/test/core/router_deeplink_test.dart: deep link without extra loads the exercise by id instead of crashing
00:25 +199: C:/Users/Atharva Patil/Documents/projects/gymlog/test/core/router_deeplink_test.dart: deep link without extra loads the exercise by id instead of crashing
00:25 +200: C:/Users/Atharva Patil/Documents/projects/gymlog/test/core/router_deeplink_test.dart: deep link without extra loads the exercise by id instead of crashing
00:25 +201: C:/Users/Atharva Patil/Documents/projects/gymlog/test/core/router_deeplink_test.dart: deep link without extra loads the exercise by id instead of crashing
00:25 +202: C:/Users/Atharva Patil/Documents/projects/gymlog/test/core/router_deeplink_test.dart: deep link without extra loads the exercise by id instead of crashing
00:25 +203: C:/Users/Atharva Patil/Documents/projects/gymlog/test/core/router_deeplink_test.dart: deep link without extra loads the exercise by id instead of crashing
00:25 +204: C:/Users/Atharva Patil/Documents/projects/gymlog/test/core/router_deeplink_test.dart: deep link without extra loads the exercise by id instead of crashing
00:25 +205: C:/Users/Atharva Patil/Documents/projects/gymlog/test/core/router_deeplink_test.dart: deep link without extra loads the exercise by id instead of crashing
00:25 +206: C:/Users/Atharva Patil/Documents/projects/gymlog/test/core/router_deeplink_test.dart: deep link without extra loads the exercise by id instead of crashing
00:25 +207: C:/Users/Atharva Patil/Documents/projects/gymlog/test/core/router_deeplink_test.dart: deep link without extra loads the exercise by id instead of crashing
00:25 +208: C:/Users/Atharva Patil/Documents/projects/gymlog/test/core/router_deeplink_test.dart: deep link without extra loads the exercise by id instead of crashing
00:25 +209: C:/Users/Atharva Patil/Documents/projects/gymlog/test/core/router_deeplink_test.dart: deep link without extra loads the exercise by id instead of crashing
00:25 +210: C:/Users/Atharva Patil/Documents/projects/gymlog/test/core/router_deeplink_test.dart: deep link without extra loads the exercise by id instead of crashing
00:26 +211: C:/Users/Atharva Patil/Documents/projects/gymlog/test/core/router_deeplink_test.dart: deep link without extra loads the exercise by id instead of crashing
00:26 +212: C:/Users/Atharva Patil/Documents/projects/gymlog/test/core/router_deeplink_test.dart: deep link without extra loads the exercise by id instead of crashing
00:26 +213: C:/Users/Atharva Patil/Documents/projects/gymlog/test/das1_delete_completion_test.dart: DAS-1 Delete Account Completion Honesty full success shows permanent-deletion copy and routes to auth
00:26 +214: C:/Users/Atharva Patil/Documents/projects/gymlog/test/das1_delete_completion_test.dart: DAS-1 Delete Account Completion Honesty full success shows permanent-deletion copy and routes to auth
00:26 +215: C:/Users/Atharva Patil/Documents/projects/gymlog/test/das1_delete_completion_test.dart: DAS-1 Delete Account Completion Honesty full success shows permanent-deletion copy and routes to auth
00:26 +216: C:/Users/Atharva Patil/Documents/projects/gymlog/test/das1_delete_completion_test.dart: DAS-1 Delete Account Completion Honesty full success shows permanent-deletion copy and routes to auth
00:26 +217: C:/Users/Atharva Patil/Documents/projects/gymlog/test/das1_delete_completion_test.dart: DAS-1 Delete Account Completion Honesty full success shows permanent-deletion copy and routes to auth
00:28 +218: C:/Users/Atharva Patil/Documents/projects/gymlog/test/das1_delete_completion_test.dart: DAS-1 Delete Account Completion Honesty full success shows permanent-deletion copy and routes to auth
00:28 +219: C:/Users/Atharva Patil/Documents/projects/gymlog/test/das1_delete_completion_test.dart: DAS-1 Delete Account Completion Honesty full success shows permanent-deletion copy and routes to auth
00:29 +220: C:/Users/Atharva Patil/Documents/projects/gymlog/test/das1_delete_completion_test.dart: DAS-1 Delete Account Completion Honesty full success shows permanent-deletion copy and routes to auth
00:29 +221: C:/Users/Atharva Patil/Documents/projects/gymlog/test/das1_delete_completion_test.dart: DAS-1 Delete Account Completion Honesty full success shows permanent-deletion copy and routes to auth
00:29 +222: C:/Users/Atharva Patil/Documents/projects/gymlog/test/delivery_diagnostics_test.dart: Tapping Version AppActionRow 5 times throws controlled StateError
00:30 +223: C:/Users/Atharva Patil/Documents/projects/gymlog/test/delivery_diagnostics_test.dart: Tapping Version AppActionRow 5 times throws controlled StateError
00:30 +224: C:/Users/Atharva Patil/Documents/projects/gymlog/test/delivery_diagnostics_test.dart: Tapping Version AppActionRow 5 times throws controlled StateError
00:30 +225: C:/Users/Atharva Patil/Documents/projects/gymlog/test/delivery_diagnostics_test.dart: Tapping Version AppActionRow 5 times throws controlled StateError
00:30 +226: C:/Users/Atharva Patil/Documents/projects/gymlog/test/delivery_diagnostics_test.dart: Tapping Version AppActionRow 5 times throws controlled StateError
00:32 +227: C:/Users/Atharva Patil/Documents/projects/gymlog/test/delivery_diagnostics_test.dart: Tapping Version AppActionRow 5 times throws controlled StateError
00:32 +228: C:/Users/Atharva Patil/Documents/projects/gymlog/test/delivery_diagnostics_test.dart: Tapping Version AppActionRow 5 times throws controlled StateError
00:33 +229: C:/Users/Atharva Patil/Documents/projects/gymlog/test/delivery_diagnostics_test.dart: Tapping Version AppActionRow 5 times throws controlled StateError
00:33 +230: C:/Users/Atharva Patil/Documents/projects/gymlog/test/delivery_diagnostics_test.dart: Tapping Version AppActionRow 5 times throws controlled StateError
00:33 +231: C:/Users/Atharva Patil/Documents/projects/gymlog/test/delivery_diagnostics_test.dart: Tapping Version AppActionRow 5 times throws controlled StateError
00:33 +232: C:/Users/Atharva Patil/Documents/projects/gymlog/test/delivery_diagnostics_test.dart: Tapping Version AppActionRow 5 times throws controlled StateError
00:34 +232: C:/Users/Atharva Patil/Documents/projects/gymlog/test/exercises_hydration_test.dart: ATOMIC-RC3-04 Exercises Hydration Engine v9 1. Runs hydration and converts raw types when v9 key is missing
[ExercisesDao] Hydration v9 complete: 822 exercises.
00:34 +233: C:/Users/Atharva Patil/Documents/projects/gymlog/test/delivery_diagnostics_test.dart: Tapping Version AppActionRow 5 times throws controlled StateError
00:34 +234: C:/Users/Atharva Patil/Documents/projects/gymlog/test/delivery_diagnostics_test.dart: Tapping Version AppActionRow 5 times throws controlled StateError
00:35 +235: C:/Users/Atharva Patil/Documents/projects/gymlog/test/delivery_diagnostics_test.dart: Tapping Version AppActionRow 5 times throws controlled StateError
00:35 +236: C:/Users/Atharva Patil/Documents/projects/gymlog/test/exercise_detail_polish_test.dart: worked-muscle chips distinguish primary and secondary targets
00:36 +237: C:/Users/Atharva Patil/Documents/projects/gymlog/test/exercise_hero_transition_test.dart: Library(browse:true) row renders a Hero with tag exercise-hero-<id>
00:37 +238: C:/Users/Atharva Patil/Documents/projects/gymlog/test/exercise_hero_transition_test.dart: Library(browse:true) row renders a Hero with tag exercise-hero-<id>
00:37 +239: C:/Users/Atharva Patil/Documents/projects/gymlog/test/exercise_selection_polish_test.dart: ExerciseSelectionScreen filters catalog and handles caching correctly
00:37 +240: C:/Users/Atharva Patil/Documents/projects/gymlog/test/exercise_selection_polish_test.dart: ExerciseSelectionScreen filters catalog and handles caching correctly
00:37 +241: C:/Users/Atharva Patil/Documents/projects/gymlog/test/exercise_selection_polish_test.dart: ExerciseSelectionScreen filters catalog and handles caching correctly
00:37 +242: C:/Users/Atharva Patil/Documents/projects/gymlog/test/exercise_selection_polish_test.dart: ExerciseSelectionScreen filters catalog and handles caching correctly
00:37 +243: C:/Users/Atharva Patil/Documents/projects/gymlog/test/exercise_selection_polish_test.dart: ExerciseSelectionScreen filters catalog and handles caching correctly
00:37 +244: C:/Users/Atharva Patil/Documents/projects/gymlog/test/exercise_selection_polish_test.dart: ExerciseSelectionScreen filters catalog and handles caching correctly
00:38 +245: C:/Users/Atharva Patil/Documents/projects/gymlog/test/expiry_symptom_test.dart: timer expiry does not trigger Set removed snackbar
00:39 +246: C:/Users/Atharva Patil/Documents/projects/gymlog/test/explore_catalog_integrity_test.dart: every importable Explore catalog exercise exists in the library
00:39 +247: C:/Users/Atharva Patil/Documents/projects/gymlog/test/explore_catalog_integrity_test.dart: conditioning-note slots are intentionally excluded from lookup
00:39 +248: C:/Users/Atharva Patil/Documents/projects/gymlog/test/explore_catalog_integrity_test.dart: every template is in a known category, non-empty, and well-formed
00:39 +249: C:/Users/Atharva Patil/Documents/projects/gymlog/test/explore_catalog_integrity_test.dart: every template day label matches the Day N - pattern or is a known exception
00:39 +250: C:/Users/Atharva Patil/Documents/projects/gymlog/test/explore_contrast_guard_test.dart: dark surface text tokens meet WCAG AA (4.5:1) on their surfaces
00:39 +251: C:/Users/Atharva Patil/Documents/projects/gymlog/test/explore_contrast_guard_test.dart: intermediate levelColor is never the brand accent hue
00:40 +252: C:/Users/Atharva Patil/Documents/projects/gymlog/test/export_share_previews_test.dart: (setUpAll)
00:40 +252: C:/Users/Atharva Patil/Documents/projects/gymlog/test/export_share_previews_test.dart: Export 1080x1920 preview PNGs for visual inspection
00:41 +253: C:/Users/Atharva Patil/Documents/projects/gymlog/test/export_share_previews_test.dart: Export 1080x1920 preview PNGs for visual inspection
00:41 +254: C:/Users/Atharva Patil/Documents/projects/gymlog/test/export_share_previews_test.dart: Export 1080x1920 preview PNGs for visual inspection
00:41 +255: C:/Users/Atharva Patil/Documents/projects/gymlog/test/export_share_previews_test.dart: Export 1080x1920 preview PNGs for visual inspection
00:42 +256: C:/Users/Atharva Patil/Documents/projects/gymlog/test/export_share_previews_test.dart: Export 1080x1920 preview PNGs for visual inspection
00:43 +257: C:/Users/Atharva Patil/Documents/projects/gymlog/test/export_share_previews_test.dart: Export 1080x1920 preview PNGs for visual inspection
00:43 +258: C:/Users/Atharva Patil/Documents/projects/gymlog/test/export_share_previews_test.dart: Export 1080x1920 preview PNGs for visual inspection
00:43 +259: C:/Users/Atharva Patil/Documents/projects/gymlog/test/export_share_previews_test.dart: Export 1080x1920 preview PNGs for visual inspection
00:43 +260: C:/Users/Atharva Patil/Documents/projects/gymlog/test/export_share_previews_test.dart: Export 1080x1920 preview PNGs for visual inspection
00:43 +261: C:/Users/Atharva Patil/Documents/projects/gymlog/test/export_share_previews_test.dart: Export 1080x1920 preview PNGs for visual inspection
00:43 +262: C:/Users/Atharva Patil/Documents/projects/gymlog/test/features/auth/onboarding_weekly_goal_step_test.dart: StepWeeklyGoal preview consistency goal 1 previews 1 of 1 workout completed at 100%
00:44 +263: C:/Users/Atharva Patil/Documents/projects/gymlog/test/features/auth/onboarding_weekly_goal_step_test.dart: StepWeeklyGoal preview consistency goal 2 previews 2 of 2 workouts completed
00:44 +264: C:/Users/Atharva Patil/Documents/projects/gymlog/test/features/auth/onboarding_weekly_goal_step_test.dart: StepWeeklyGoal preview consistency goal 3 previews 2 of 3 workouts completed
00:44 +265: C:/Users/Atharva Patil/Documents/projects/gymlog/test/features/auth/onboarding_weekly_goal_step_test.dart: StepWeeklyGoal preview consistency goal 7 previews 2 of 7 workouts completed
00:44 +266: C:/Users/Atharva Patil/Documents/projects/gymlog/test/features/auth/onboarding_weekly_goal_step_test.dart: StepWeeklyGoal preview consistency tapping goal 1 updates caption and ring together
00:44 +267: C:/Users/Atharva Patil/Documents/projects/gymlog/test/features/routines/domain/ai_exercise_reconciler_test.dart: AiExerciseReconciler - Exercise Matching resolves exact match to verified status
00:44 +268: C:/Users/Atharva Patil/Documents/projects/gymlog/test/features/routines/domain/ai_exercise_reconciler_test.dart: AiExerciseReconciler - Exercise Matching resolves common gym acronyms and aliases via Tier 1 dictionary
00:44 +269: C:/Users/Atharva Patil/Documents/projects/gymlog/test/features/routines/domain/ai_exercise_reconciler_test.dart: AiExerciseReconciler - Exercise Matching strictly preserves equipment isolation (DB vs Barbell)
00:44 +270: C:/Users/Atharva Patil/Documents/projects/gymlog/test/features/routines/domain/ai_exercise_reconciler_test.dart: AiExerciseReconciler - Exercise Matching marks novel or non-existent exercises as unmatched without dropping them
00:44 +271: C:/Users/Atharva Patil/Documents/projects/gymlog/test/features/routines/domain/ai_exercise_reconciler_test.dart: AiExerciseReconciler - Exercise Matching strips coach styles and fuses compound words to match catalog (N1-Style Cross-Body Triceps Extension)
00:44 +272: C:/Users/Atharva Patil/Documents/projects/gymlog/test/features/routines/domain/ai_exercise_reconciler_test.dart: AiExerciseReconciler - Exercise Matching strips muscle annotations and maps cable y-raise to catalog lateral raise
00:44 +273: C:/Users/Atharva Patil/Documents/projects/gymlog/test/features/routines/domain/ai_exercise_reconciler_test.dart: AiExerciseReconciler - Exercise Matching strips superset tags and duration from raw exercise names
00:44 +274: C:/Users/Atharva Patil/Documents/projects/gymlog/test/features/routines/domain/ai_exercise_reconciler_test.dart: AiExerciseReconciler - Exercise Matching provides intelligent catalog suggestions for near-miss lifts like Larsen Press
00:44 +275: C:/Users/Atharva Patil/Documents/projects/gymlog/test/features/routines/domain/ai_exercise_reconciler_test.dart: AiExerciseReconciler - Numeric Sets & Reps & Weight Conversion parses rep ranges by picking representative midpoint
00:44 +276: C:/Users/Atharva Patil/Documents/projects/gymlog/test/features/routines/domain/ai_exercise_reconciler_test.dart: AiExerciseReconciler - Numeric Sets & Reps & Weight Conversion converts weight from lbs to kg when preferred unit is kg
00:44 +277: C:/Users/Atharva Patil/Documents/projects/gymlog/test/features/routines/domain/ai_exercise_reconciler_test.dart: AiExerciseReconciler - Numeric Sets & Reps & Weight Conversion preserves kg weight when target unit is kg
00:44 +278: C:/Users/Atharva Patil/Documents/projects/gymlog/test/features/routines/domain/ai_exercise_reconciler_test.dart: AiExerciseReconciler - Numeric Sets & Reps & Weight Conversion flags isDefaultedSets as true when sets is omitted in raw input
00:44 +279: C:/Users/Atharva Patil/Documents/projects/gymlog/test/features/routines/domain/ai_exercise_reconciler_test.dart: AiExerciseReconciler - Multi-Day Routine Structure reconciles multi-day routine preserving day groupings
00:45 +280: C:/Users/Atharva Patil/Documents/projects/gymlog/test/features/routines/domain/exercise_resolver_test.dart: normalisation lowercases and strips punctuation
00:45 +281: C:/Users/Atharva Patil/Documents/projects/gymlog/test/features/routines/domain/exercise_resolver_test.dart: normalisation base form drops the equipment parenthetical
00:45 +282: C:/Users/Atharva Patil/Documents/projects/gymlog/test/features/routines/domain/exercise_resolver_test.dart: resolve matches an exact name
00:45 +283: C:/Users/Atharva Patil/Documents/projects/gymlog/test/features/routines/domain/exercise_resolver_test.dart: resolve matches regardless of case and punctuation
00:45 +284: C:/Users/Atharva Patil/Documents/projects/gymlog/test/features/routines/domain/exercise_resolver_test.dart: resolve matches across an equipment parenthetical
00:45 +285: C:/Users/Atharva Patil/Documents/projects/gymlog/test/features/routines/domain/exercise_resolver_test.dart: resolve prefers the shortest qualifying candidate
00:45 +286: C:/Users/Atharva Patil/Documents/projects/gymlog/test/features/routines/domain/exercise_resolver_test.dart: resolve returns null rather than guessing wrong
00:45 +287: C:/Users/Atharva Patil/Documents/projects/gymlog/test/features/routines/domain/exercise_resolver_test.dart: resolve a single shared word is not enough to match
00:45 +288: C:/Users/Atharva Patil/Documents/projects/gymlog/test/features/routines/domain/exercise_resolver_test.dart: resolve known aliases collapse onto one exercise
00:45 +289: C:/Users/Atharva Patil/Documents/projects/gymlog/test/features/routines/domain/exercise_resolver_test.dart: resolve an alias pointing at nothing is ignored, not fatal
00:45 +290: C:/Users/Atharva Patil/Documents/projects/gymlog/test/features/routines/domain/exercise_resolver_test.dart: resolve repeat lookups are memoised to the same instance
00:45 +291: C:/Users/Atharva Patil/Documents/projects/gymlog/test/features/routines/domain/exercise_resolver_test.dart: resolve an empty catalog resolves nothing without throwing
00:45 +292: C:/Users/Atharva Patil/Documents/projects/gymlog/test/features/routines/domain/exercise_resolver_test.dart: unresolvedNames reports only the gaps
00:45 +293: C:/Users/Atharva Patil/Documents/projects/gymlog/test/features/routines/domain/exercise_resolver_test.dart: muscleProfileFor a push day does not report leg muscles
00:45 +294: C:/Users/Atharva Patil/Documents/projects/gymlog/test/features/routines/domain/exercise_resolver_test.dart: muscleProfileFor secondary never duplicates a primary group
00:45 +295: C:/Users/Atharva Patil/Documents/projects/gymlog/test/features/routines/domain/exercise_resolver_test.dart: muscleProfileFor unresolvable slots are skipped, not fatal
00:45 +296: C:/Users/Atharva Patil/Documents/projects/gymlog/test/features/routines/domain/exercise_resolver_test.dart: muscleProfileFor an all-unresolvable day yields an empty profile
00:45 +297: C:/Users/Atharva Patil/Documents/projects/gymlog/test/features/routines/domain/exercise_resolver_test.dart: muscleProfileFor two different days produce different profiles
00:45 +298: C:/Users/Atharva Patil/Documents/projects/gymlog/test/features/routines/domain/exercise_resolver_test.dart: exerciseIdsFor returns ids in slot order and skips gaps
00:45 +299: C:/Users/Atharva Patil/Documents/projects/gymlog/test/features/routines/presentation/ai_routine_import_screen_test.dart: AiRoutineImportScreen renders segmented control and photo mode initially
00:46 +300: C:/Users/Atharva Patil/Documents/projects/gymlog/test/features/routines/presentation/ai_routine_import_screen_test.dart: AiRoutineImportScreen renders segmented control and photo mode initially
00:46 +301: C:/Users/Atharva Patil/Documents/projects/gymlog/test/features/routines/presentation/ai_routine_import_screen_test.dart: AiRoutineImportScreen renders segmented control and photo mode initially
00:46 +302: C:/Users/Atharva Patil/Documents/projects/gymlog/test/features/routines/presentation/ai_routine_import_screen_test.dart: AiRoutineImportScreen renders segmented control and photo mode initially
00:46 +303: C:/Users/Atharva Patil/Documents/projects/gymlog/test/features/routines/presentation/ai_routine_import_screen_test.dart: AiRoutineImportScreen renders segmented control and photo mode initially
00:46 +304: C:/Users/Atharva Patil/Documents/projects/gymlog/test/features/routines/presentation/ai_routine_import_screen_test.dart: AiRoutineImportScreen renders segmented control and photo mode initially
00:46 +305: C:/Users/Atharva Patil/Documents/projects/gymlog/test/features/routines/presentation/ai_routine_import_screen_test.dart: AiRoutineImportScreen renders segmented control and photo mode initially
00:46 +306: C:/Users/Atharva Patil/Documents/projects/gymlog/test/features/routines/presentation/ai_routine_import_screen_test.dart: AiRoutineImportScreen renders segmented control and photo mode initially
00:46 +307: C:/Users/Atharva Patil/Documents/projects/gymlog/test/features/routines/presentation/ai_routine_import_screen_test.dart: AiRoutineImportScreen renders segmented control and photo mode initially
00:46 +308: C:/Users/Atharva Patil/Documents/projects/gymlog/test/features/routines/presentation/ai_routine_import_screen_test.dart: AiRoutineImportScreen renders segmented control and photo mode initially
00:46 +309: C:/Users/Atharva Patil/Documents/projects/gymlog/test/features/routines/presentation/ai_routine_import_screen_test.dart: AiRoutineImportScreen renders segmented control and photo mode initially
00:46 +310: C:/Users/Atharva Patil/Documents/projects/gymlog/test/features/routines/presentation/ai_routine_import_screen_test.dart: AiRoutineImportScreen renders segmented control and photo mode initially
00:47 +311: C:/Users/Atharva Patil/Documents/projects/gymlog/test/features/routines/presentation/ai_routine_review_screen_test.dart: AiRoutineReviewScreen renders reconciled exercises and badges
00:47 +312: C:/Users/Atharva Patil/Documents/projects/gymlog/test/features/routines/presentation/ai_routine_review_screen_test.dart: AiRoutineReviewScreen renders reconciled exercises and badges
00:47 +313: C:/Users/Atharva Patil/Documents/projects/gymlog/test/features/routines/presentation/ai_routine_review_screen_test.dart: AiRoutineReviewScreen renders reconciled exercises and badges
00:47 +314: C:/Users/Atharva Patil/Documents/projects/gymlog/test/features/routines/presentation/ai_routine_review_screen_test.dart: AiRoutineReviewScreen renders reconciled exercises and badges
00:47 +315: C:/Users/Atharva Patil/Documents/projects/gymlog/test/features/routines/presentation/ai_routine_review_screen_test.dart: AiRoutineReviewScreen renders reconciled exercises and badges
00:47 +316: C:/Users/Atharva Patil/Documents/projects/gymlog/test/features/routines/presentation/ai_routine_review_screen_test.dart: AiRoutineReviewScreen renders reconciled exercises and badges
00:47 +317: C:/Users/Atharva Patil/Documents/projects/gymlog/test/features/routines/presentation/ai_routine_review_screen_test.dart: AiRoutineReviewScreen renders reconciled exercises and badges
00:47 +318: C:/Users/Atharva Patil/Documents/projects/gymlog/test/features/routines/presentation/ai_routine_review_screen_test.dart: AiRoutineReviewScreen renders reconciled exercises and badges
00:47 +319: C:/Users/Atharva Patil/Documents/projects/gymlog/test/features/routines/presentation/ai_routine_review_screen_test.dart: AiRoutineReviewScreen renders reconciled exercises and badges
00:47 +320: C:/Users/Atharva Patil/Documents/projects/gymlog/test/features/routines/presentation/ai_routine_review_screen_test.dart: AiRoutineReviewScreen renders reconciled exercises and badges
00:47 +321: C:/Users/Atharva Patil/Documents/projects/gymlog/test/features/routines/presentation/ai_routine_review_screen_test.dart: AiRoutineReviewScreen renders reconciled exercises and badges
00:47 +322: C:/Users/Atharva Patil/Documents/projects/gymlog/test/features/routines/presentation/ai_routine_review_screen_test.dart: AiRoutineReviewScreen renders reconciled exercises and badges
00:47 +323: C:/Users/Atharva Patil/Documents/projects/gymlog/test/features/routines/presentation/ai_routine_review_screen_test.dart: AiRoutineReviewScreen renders reconciled exercises and badges
00:47 +324: C:/Users/Atharva Patil/Documents/projects/gymlog/test/features/routines/presentation/ai_routine_review_screen_test.dart: AiRoutineReviewScreen renders reconciled exercises and badges
00:47 +325: C:/Users/Atharva Patil/Documents/projects/gymlog/test/features/routines/presentation/ai_routine_review_screen_test.dart: AiRoutineReviewScreen renders reconciled exercises and badges
00:47 +326: C:/Users/Atharva Patil/Documents/projects/gymlog/test/features/routines/presentation/ai_routine_review_screen_test.dart: AiRoutineReviewScreen renders reconciled exercises and badges
00:47 +327: C:/Users/Atharva Patil/Documents/projects/gymlog/test/features/routines/presentation/ai_routine_review_screen_test.dart: AiRoutineReviewScreen renders reconciled exercises and badges
00:47 +328: C:/Users/Atharva Patil/Documents/projects/gymlog/test/features/routines/presentation/ai_routine_review_screen_test.dart: AiRoutineReviewScreen renders reconciled exercises and badges
00:47 +329: C:/Users/Atharva Patil/Documents/projects/gymlog/test/features/routines/presentation/ai_routine_review_screen_test.dart: AiRoutineReviewScreen renders reconciled exercises and badges
00:47 +330: C:/Users/Atharva Patil/Documents/projects/gymlog/test/features/routines/presentation/ai_routine_review_screen_test.dart: AiRoutineReviewScreen renders reconciled exercises and badges
00:47 +331: C:/Users/Atharva Patil/Documents/projects/gymlog/test/features/routines/presentation/ai_routine_review_screen_test.dart: AiRoutineReviewScreen renders reconciled exercises and badges
00:48 +332: C:/Users/Atharva Patil/Documents/projects/gymlog/test/features/routines/presentation/ai_routine_review_screen_test.dart: AiRoutineReviewScreen renders reconciled exercises and badges
00:48 +333: C:/Users/Atharva Patil/Documents/projects/gymlog/test/features/routines/presentation/ai_routine_review_screen_test.dart: AiRoutineReviewScreen renders reconciled exercises and badges
00:48 +334: C:/Users/Atharva Patil/Documents/projects/gymlog/test/features/routines/presentation/ai_routine_review_screen_test.dart: AiRoutineReviewScreen stepper increments set count
00:48 +335: C:/Users/Atharva Patil/Documents/projects/gymlog/test/features/routines/presentation/ai_routine_review_screen_test.dart: AiRoutineReviewScreen stepper increments set count
00:48 +336: C:/Users/Atharva Patil/Documents/projects/gymlog/test/features/routines/presentation/ai_routine_review_screen_test.dart: AiRoutineReviewScreen stepper increments set count
00:48 +337: C:/Users/Atharva Patil/Documents/projects/gymlog/test/features/routines/presentation/ai_routine_review_screen_test.dart: AiRoutineReviewScreen stepper increments set count
00:49 +338: C:/Users/Atharva Patil/Documents/projects/gymlog/test/features/routines/presentation/ai_routine_review_screen_test.dart: AiRoutineReviewScreen stepper increments set count
00:49 +339: C:/Users/Atharva Patil/Documents/projects/gymlog/test/features/routines/presentation/providers/explore_filters_test.dart: applyExploreFilters no filters returns everything
00:49 +340: C:/Users/Atharva Patil/Documents/projects/gymlog/test/features/routines/presentation/providers/explore_filters_test.dart: applyExploreFilters an empty filter set is reported as empty
00:49 +341: C:/Users/Atharva Patil/Documents/projects/gymlog/test/features/routines/presentation/providers/explore_filters_test.dart: applyExploreFilters search finds routines by exercise name
00:49 +342: C:/Users/Atharva Patil/Documents/projects/gymlog/test/features/routines/presentation/providers/explore_filters_test.dart: applyExploreFilters a nonsense query returns nothing rather than everything
00:49 +343: C:/Users/Atharva Patil/Documents/projects/gymlog/test/features/routines/presentation/providers/explore_filters_test.dart: applyExploreFilters level filter keeps only matching routines
00:49 +344: C:/Users/Atharva Patil/Documents/projects/gymlog/test/features/routines/presentation/providers/explore_filters_test.dart: applyExploreFilters duration filter keeps only matching bands
00:49 +345: C:/Users/Atharva Patil/Documents/projects/gymlog/test/features/routines/presentation/providers/explore_filters_test.dart: applyExploreFilters filters compose
00:49 +346: C:/Users/Atharva Patil/Documents/projects/gymlog/test/features/routines/presentation/providers/explore_filters_test.dart: applyExploreFilters activeCount tracks how many constraints are on
00:49 +347: C:/Users/Atharva Patil/Documents/projects/gymlog/test/features/routines/presentation/providers/explore_filters_test.dart: applyExploreFilters clearing equipment removes the constraint
00:49 +348: C:/Users/Atharva Patil/Documents/projects/gymlog/test/features/routines/presentation/widgets/explore_preview_sheet_test.dart: RoutinePreviewSheet renders routine details, exercises, and muscle map
00:50 +349: C:/Users/Atharva Patil/Documents/projects/gymlog/test/features/routines/presentation/widgets/explore_preview_sheet_test.dart: RoutinePreviewSheet renders routine details, exercises, and muscle map
00:50 +350: C:/Users/Atharva Patil/Documents/projects/gymlog/test/features/routines/presentation/widgets/explore_preview_sheet_test.dart: RoutinePreviewSheet renders routine details, exercises, and muscle map
00:50 +351: C:/Users/Atharva Patil/Documents/projects/gymlog/test/features/routines/presentation/widgets/explore_preview_sheet_test.dart: RoutinePreviewSheet renders routine details, exercises, and muscle map
00:50 +352: C:/Users/Atharva Patil/Documents/projects/gymlog/test/features/routines/presentation/widgets/explore_preview_sheet_test.dart: RoutinePreviewSheet renders routine details, exercises, and muscle map
00:50 +353: C:/Users/Atharva Patil/Documents/projects/gymlog/test/features/routines/presentation/widgets/explore_preview_sheet_test.dart: RoutinePreviewSheet renders routine details, exercises, and muscle map
00:50 +354: C:/Users/Atharva Patil/Documents/projects/gymlog/test/features/routines/presentation/widgets/explore_preview_sheet_test.dart: RoutinePreviewSheet renders routine details, exercises, and muscle map
00:50 +355: C:/Users/Atharva Patil/Documents/projects/gymlog/test/features/routines/presentation/widgets/explore_preview_sheet_test.dart: RoutinePreviewSheet renders routine details, exercises, and muscle map
00:50 +356: C:/Users/Atharva Patil/Documents/projects/gymlog/test/features/routines/presentation/widgets/explore_preview_sheet_test.dart: RoutinePreviewSheet renders routine details, exercises, and muscle map
00:50 +357: C:/Users/Atharva Patil/Documents/projects/gymlog/test/features/routines/presentation/widgets/explore_preview_sheet_test.dart: RoutinePreviewSheet renders routine details, exercises, and muscle map
00:50 +358: C:/Users/Atharva Patil/Documents/projects/gymlog/test/features/routines/presentation/widgets/explore_preview_sheet_test.dart: RoutinePreviewSheet renders routine details, exercises, and muscle map
00:50 +359: C:/Users/Atharva Patil/Documents/projects/gymlog/test/features/routines/presentation/widgets/explore_preview_sheet_test.dart: RoutinePreviewSheet renders routine details, exercises, and muscle map
00:50 +360: C:/Users/Atharva Patil/Documents/projects/gymlog/test/features/routines/presentation/widgets/explore_preview_sheet_test.dart: RoutinePreviewSheet renders routine details, exercises, and muscle map
00:50 +361: C:/Users/Atharva Patil/Documents/projects/gymlog/test/features/routines/presentation/widgets/explore_preview_sheet_test.dart: RoutinePreviewSheet renders routine details, exercises, and muscle map
00:50 +362: C:/Users/Atharva Patil/Documents/projects/gymlog/test/features/routines/presentation/widgets/explore_preview_sheet_test.dart: RoutinePreviewSheet renders routine details, exercises, and muscle map
00:50 +363: C:/Users/Atharva Patil/Documents/projects/gymlog/test/features/routines/presentation/widgets/explore_preview_sheet_test.dart: RoutinePreviewSheet renders routine details, exercises, and muscle map
00:50 +364: C:/Users/Atharva Patil/Documents/projects/gymlog/test/features/routines/presentation/widgets/explore_preview_sheet_test.dart: RoutinePreviewSheet renders routine details, exercises, and muscle map
00:50 +365: C:/Users/Atharva Patil/Documents/projects/gymlog/test/features/routines/presentation/widgets/explore_preview_sheet_test.dart: RoutinePreviewSheet renders routine details, exercises, and muscle map
00:50 +366: C:/Users/Atharva Patil/Documents/projects/gymlog/test/features/routines/presentation/widgets/explore_preview_sheet_test.dart: RoutinePreviewSheet renders routine details, exercises, and muscle map
00:50 +367: C:/Users/Atharva Patil/Documents/projects/gymlog/test/features/routines/presentation/widgets/explore_preview_sheet_test.dart: RoutinePreviewSheet renders routine details, exercises, and muscle map
00:50 +368: C:/Users/Atharva Patil/Documents/projects/gymlog/test/features/routines/presentation/widgets/explore_preview_sheet_test.dart: RoutinePreviewSheet renders routine details, exercises, and muscle map
00:50 +369: C:/Users/Atharva Patil/Documents/projects/gymlog/test/features/routines/presentation/widgets/explore_preview_sheet_test.dart: RoutinePreviewSheet renders routine details, exercises, and muscle map
00:50 +370: C:/Users/Atharva Patil/Documents/projects/gymlog/test/features/routines/presentation/widgets/explore_preview_sheet_test.dart: RoutinePreviewSheet renders routine details, exercises, and muscle map
00:50 +371: C:/Users/Atharva Patil/Documents/projects/gymlog/test/features/routines/presentation/widgets/explore_preview_sheet_test.dart: RoutinePreviewSheet renders routine details, exercises, and muscle map
00:50 +372: C:/Users/Atharva Patil/Documents/projects/gymlog/test/features/routines/presentation/widgets/explore_preview_sheet_test.dart: RoutinePreviewSheet renders routine details, exercises, and muscle map
00:50 +373: C:/Users/Atharva Patil/Documents/projects/gymlog/test/features/routines/presentation/widgets/explore_preview_sheet_test.dart: RoutinePreviewSheet renders routine details, exercises, and muscle map
00:50 +374: C:/Users/Atharva Patil/Documents/projects/gymlog/test/features/routines/presentation/widgets/explore_preview_sheet_test.dart: RoutinePreviewSheet renders routine details, exercises, and muscle map
00:50 +375: C:/Users/Atharva Patil/Documents/projects/gymlog/test/features/routines/presentation/widgets/explore_preview_sheet_test.dart: RoutinePreviewSheet renders routine details, exercises, and muscle map
00:50 +376: C:/Users/Atharva Patil/Documents/projects/gymlog/test/features/routines/presentation/widgets/explore_preview_sheet_test.dart: RoutinePreviewSheet renders routine details, exercises, and muscle map
00:50 +377: C:/Users/Atharva Patil/Documents/projects/gymlog/test/features/routines/presentation/widgets/explore_preview_sheet_test.dart: RoutinePreviewSheet renders routine details, exercises, and muscle map
00:51 +378: C:/Users/Atharva Patil/Documents/projects/gymlog/test/features/routines/presentation/widgets/explore_preview_sheet_test.dart: RoutinePreviewSheet renders routine details, exercises, and muscle map
00:51 +379: C:/Users/Atharva Patil/Documents/projects/gymlog/test/features/routines/presentation/widgets/explore_preview_sheet_test.dart: RoutinePreviewSheet renders routine details, exercises, and muscle map
00:51 +380: C:/Users/Atharva Patil/Documents/projects/gymlog/test/features/routines/presentation/widgets/explore_preview_sheet_test.dart: RoutinePreviewSheet renders routine details, exercises, and muscle map
00:51 +381: C:/Users/Atharva Patil/Documents/projects/gymlog/test/features/routines/presentation/widgets/explore_preview_sheet_test.dart: RoutinePreviewSheet renders routine details, exercises, and muscle map
00:51 +382: C:/Users/Atharva Patil/Documents/projects/gymlog/test/features/routines/presentation/widgets/explore_preview_sheet_test.dart: RoutinePreviewSheet renders routine details, exercises, and muscle map
00:51 +383: C:/Users/Atharva Patil/Documents/projects/gymlog/test/features/routines/presentation/widgets/explore_preview_sheet_test.dart: RoutinePreviewSheet renders routine details, exercises, and muscle map
00:51 +384: C:/Users/Atharva Patil/Documents/projects/gymlog/test/features/routines/presentation/widgets/explore_preview_sheet_test.dart: RoutinePreviewSheet renders routine details, exercises, and muscle map
00:51 +385: C:/Users/Atharva Patil/Documents/projects/gymlog/test/features/routines/presentation/widgets/explore_preview_sheet_test.dart: RoutinePreviewSheet renders routine details, exercises, and muscle map
00:51 +386: C:/Users/Atharva Patil/Documents/projects/gymlog/test/features/routines/presentation/widgets/explore_preview_sheet_test.dart: RoutinePreviewSheet renders routine details, exercises, and muscle map
unhandled element <style/>; Picture key: Svg loader
00:52 +387: C:/Users/Atharva Patil/Documents/projects/gymlog/test/features/routines/presentation/widgets/explore_preview_sheet_test.dart: RoutinePreviewSheet shows View in My Routines when isOwned is true
00:52 +388: C:/Users/Atharva Patil/Documents/projects/gymlog/test/features/workout/presentation/screens/active_workout_hold_timer_integration_test.dart: ExerciseBlock renders TIMER column and triggers HoldTimer
00:52 +389: C:/Users/Atharva Patil/Documents/projects/gymlog/test/features/workout/presentation/screens/active_workout_hold_timer_integration_test.dart: ExerciseBlock renders TIMER column and triggers HoldTimer
00:54 +390: C:/Users/Atharva Patil/Documents/projects/gymlog/test/features/workout/presentation/screens/active_workout_hold_timer_integration_test.dart: ExerciseBlock renders TIMER column and triggers HoldTimer
00:54 +391: C:/Users/Atharva Patil/Documents/projects/gymlog/test/features/workout/presentation/screens/active_workout_hold_timer_integration_test.dart: ExerciseBlock renders TIMER column and triggers HoldTimer
00:54 +392: C:/Users/Atharva Patil/Documents/projects/gymlog/test/features/workout/presentation/screens/active_workout_hold_timer_integration_test.dart: ExerciseBlock renders TIMER column and triggers HoldTimer
00:54 +393: C:/Users/Atharva Patil/Documents/projects/gymlog/test/features/workout/presentation/widgets/set_row_hold_timer_test.dart: SetRow Hold Timer Integration Tests renders play icon trigger and TextField for duration measurementType
00:55 +394: C:/Users/Atharva Patil/Documents/projects/gymlog/test/features/workout/pr_celebration_overlay_test.dart: PR celebration overlay Keep Going stays fully on-screen on a short viewport with large text and many PRs
00:55 +395: C:/Users/Atharva Patil/Documents/projects/gymlog/test/features/workout/pr_celebration_overlay_test.dart: PR celebration overlay Keep Going stays fully on-screen on a short viewport with large text and many PRs
00:55 +396: C:/Users/Atharva Patil/Documents/projects/gymlog/test/features/workout/pr_celebration_overlay_test.dart: PR celebration overlay Keep Going stays fully on-screen on a short viewport with large text and many PRs
00:55 +397: C:/Users/Atharva Patil/Documents/projects/gymlog/test/features/workout/pr_celebration_overlay_test.dart: PR celebration overlay Keep Going stays fully on-screen on a short viewport with large text and many PRs
00:55 +398: C:/Users/Atharva Patil/Documents/projects/gymlog/test/features/workout/pr_celebration_overlay_test.dart: PR celebration overlay Keep Going stays fully on-screen on a short viewport with large text and many PRs
00:55 +399: C:/Users/Atharva Patil/Documents/projects/gymlog/test/features/workout/pr_celebration_overlay_test.dart: PR celebration overlay Keep Going stays fully on-screen on a short viewport with large text and many PRs
00:55 +400: C:/Users/Atharva Patil/Documents/projects/gymlog/test/features/workout/pr_celebration_overlay_test.dart: PR celebration overlay Keep Going stays fully on-screen on a short viewport with large text and many PRs
00:55 +401: C:/Users/Atharva Patil/Documents/projects/gymlog/test/features/workout/presentation/widgets/set_row_hold_timer_test.dart: SetRow Hold Timer Integration Tests running timer pill does not overflow on 320px narrow viewport
00:55 +402: C:/Users/Atharva Patil/Documents/projects/gymlog/test/features/workout/pr_celebration_overlay_test.dart: PR celebration overlay Keep Going respects the bottom system inset (3-button nav edge-to-edge)
00:55 +402: loading C:/Users/Atharva Patil/Documents/projects/gymlog/test/golden/active_workout_header_golden_test.dart
Warning: A tag was used that wasn't specified in dart_test.yaml.
  golden was used in the suite itself

00:55 +403: C:/Users/Atharva Patil/Documents/projects/gymlog/test/golden/active_workout_header_golden_test.dart: ActiveWorkoutHeader renders correctly per theme (normal layout) (variant: Windows)
00:55 +404: C:/Users/Atharva Patil/Documents/projects/gymlog/test/golden/active_workout_header_golden_test.dart: ActiveWorkoutHeader renders correctly per theme (normal layout) (variant: Windows)
00:56 +405: C:/Users/Atharva Patil/Documents/projects/gymlog/test/golden/active_workout_header_golden_test.dart: ActiveWorkoutHeader renders correctly per theme (normal layout) (variant: Windows)
00:56 +406: C:/Users/Atharva Patil/Documents/projects/gymlog/test/golden/active_workout_header_golden_test.dart: ActiveWorkoutHeader renders correctly per theme (normal layout) (variant: Windows)
00:57 +407: C:/Users/Atharva Patil/Documents/projects/gymlog/test/golden/auth_screen_golden_test.dart: AuthScreen Golden Tests 1. Dark Purple Palette 390x844
00:57 +407: loading C:/Users/Atharva Patil/Documents/projects/gymlog/test/golden/muscle_load_bar_golden_test.dart
Warning: A tag was used that wasn't specified in dart_test.yaml.
  golden was used in the suite itself

00:57 +408: C:/Users/Atharva Patil/Documents/projects/gymlog/test/golden/auth_screen_golden_test.dart: AuthScreen Golden Tests 1. Dark Purple Palette 390x844
00:58 +409: C:/Users/Atharva Patil/Documents/projects/gymlog/test/golden/auth_screen_golden_test.dart: AuthScreen Golden Tests 1. Dark Purple Palette 390x844
00:58 +409: loading C:/Users/Atharva Patil/Documents/projects/gymlog/test/golden/muscle_map_golden_test.dart
Warning: A tag was used that wasn't specified in dart_test.yaml.
  golden was used in the suite itself

00:58 +410: C:/Users/Atharva Patil/Documents/projects/gymlog/test/golden/auth_screen_golden_test.dart: AuthScreen Golden Tests 1. Dark Purple Palette 390x844
00:58 +411: C:/Users/Atharva Patil/Documents/projects/gymlog/test/golden/muscle_load_bar_golden_test.dart: MuscleLoadBar renders in all six accent palettes (variant: Windows)
00:59 +412: C:/Users/Atharva Patil/Documents/projects/gymlog/test/golden/muscle_load_bar_golden_test.dart: MuscleLoadBar renders in all six accent palettes (variant: Windows)
00:59 +413: C:/Users/Atharva Patil/Documents/projects/gymlog/test/golden/muscle_load_bar_golden_test.dart: MuscleLoadBar renders in all six accent palettes (variant: Windows)
00:59 +414: C:/Users/Atharva Patil/Documents/projects/gymlog/test/golden/muscle_load_bar_golden_test.dart: MuscleLoadBar renders in all six accent palettes (variant: Windows)
00:59 +415: C:/Users/Atharva Patil/Documents/projects/gymlog/test/golden/muscle_map_golden_test.dart: MuscleMap front-only male highlights Chest and Triceps (variant: Windows)
00:59 +416: C:/Users/Atharva Patil/Documents/projects/gymlog/test/golden/muscle_map_golden_test.dart: MuscleMap front-only male highlights Chest and Triceps (variant: Windows)
00:59 +417: C:/Users/Atharva Patil/Documents/projects/gymlog/test/golden/muscle_map_golden_test.dart: MuscleMap front-only male highlights Chest and Triceps (variant: Windows)
00:59 +418: C:/Users/Atharva Patil/Documents/projects/gymlog/test/golden/muscle_map_golden_test.dart: MuscleMap front-only male highlights Chest and Triceps (variant: Windows)
00:59 +419: C:/Users/Atharva Patil/Documents/projects/gymlog/test/golden/muscle_map_golden_test.dart: MuscleMap front-only male highlights Chest and Triceps (variant: Windows)
00:59 +420: C:/Users/Atharva Patil/Documents/projects/gymlog/test/golden/muscle_map_golden_test.dart: MuscleMap front-only male highlights Chest and Triceps (variant: Windows)
00:59 +421: C:/Users/Atharva Patil/Documents/projects/gymlog/test/golden/muscle_map_golden_test.dart: MuscleMap front-only male highlights Chest and Triceps (variant: Windows)
00:59 +422: C:/Users/Atharva Patil/Documents/projects/gymlog/test/golden/muscle_map_golden_test.dart: MuscleMap front-only male highlights Chest and Triceps (variant: Windows)
01:00 +423: C:/Users/Atharva Patil/Documents/projects/gymlog/test/golden/muscle_map_golden_test.dart: MuscleMap front-only male highlights Chest and Triceps (variant: Windows)
unhandled element <style/>; Picture key: Svg loader
01:00 +424: C:/Users/Atharva Patil/Documents/projects/gymlog/test/golden/auth_screen_golden_test.dart: AuthScreen Golden Tests 10. Text Scale 2.0
01:00 +425: C:/Users/Atharva Patil/Documents/projects/gymlog/test/golden/muscle_map_golden_test.dart: MuscleMap front-only male highlights Chest and Triceps (variant: CI)
01:01 +426: C:/Users/Atharva Patil/Documents/projects/gymlog/test/golden/auth_screen_golden_test.dart: AuthScreen Golden Tests 11. Loading State
01:01 +427: C:/Users/Atharva Patil/Documents/projects/gymlog/test/golden/muscle_map_golden_test.dart: MuscleMap front+back female highlights Back and Biceps (variant: Windows)
01:01 +428: C:/Users/Atharva Patil/Documents/projects/gymlog/test/golden/muscle_map_golden_test.dart: MuscleMap front+back female highlights Back and Biceps (variant: Windows)
01:01 +428: C:/Users/Atharva Patil/Documents/projects/gymlog/test/golden/auth_screen_golden_test.dart: AuthScreen Golden Tests 13. Offline Snackbar
[Auth] failure=network
01:01 +429: C:/Users/Atharva Patil/Documents/projects/gymlog/test/golden/muscle_map_golden_test.dart: MuscleMap front+back female highlights Back and Biceps (variant: Windows)
01:01 +429: loading C:/Users/Atharva Patil/Documents/projects/gymlog/test/golden/nav_bar_golden_test.dart
Warning: A tag was used that wasn't specified in dart_test.yaml.
  golden was used in the suite itself

01:02 +429: C:/Users/Atharva Patil/Documents/projects/gymlog/test/golden/auth_screen_golden_test.dart: AuthScreen Golden Tests 14. Configuration-error Snackbar
[Auth] failure=configuration code=google_android_configuration
01:02 +430: C:/Users/Atharva Patil/Documents/projects/gymlog/test/golden/auth_screen_golden_test.dart: AuthScreen Golden Tests 14. Configuration-error Snackbar
01:02 +431: C:/Users/Atharva Patil/Documents/projects/gymlog/test/golden/nav_bar_golden_test.dart: BottomNavBar — all palettes, tab 0 selected, standard sizes (variant: Windows)
01:02 +432: C:/Users/Atharva Patil/Documents/projects/gymlog/test/golden/nav_bar_golden_test.dart: BottomNavBar — all palettes, tab 0 selected, standard sizes (variant: Windows)
01:02 +432: loading C:/Users/Atharva Patil/Documents/projects/gymlog/test/golden/onboarding_steps_golden_test.dart
Warning: A tag was used that wasn't specified in dart_test.yaml.
  golden was used in the suite itself

01:02 +433: C:/Users/Atharva Patil/Documents/projects/gymlog/test/golden/nav_bar_golden_test.dart: BottomNavBar — all palettes, tab 0 selected, standard sizes (variant: Windows)
01:03 +434: C:/Users/Atharva Patil/Documents/projects/gymlog/test/golden/nav_bar_golden_test.dart: BottomNavBar — all palettes, tab 0 selected, standard sizes (variant: Windows)
01:04 +435: C:/Users/Atharva Patil/Documents/projects/gymlog/test/golden/onboarding_steps_golden_test.dart: StepAge renders per theme (variant: Windows)
01:05 +435: loading C:/Users/Atharva Patil/Documents/projects/gymlog/test/golden/pr_celebration_golden_test.dart
Warning: A tag was used that wasn't specified in dart_test.yaml.
  golden was used in the suite itself

01:05 +436: C:/Users/Atharva Patil/Documents/projects/gymlog/test/golden/onboarding_steps_golden_test.dart: StepAge renders per theme (variant: Windows)
01:05 +437: C:/Users/Atharva Patil/Documents/projects/gymlog/test/golden/onboarding_steps_golden_test.dart: StepAge renders per theme (variant: Windows)
01:05 +437: loading C:/Users/Atharva Patil/Documents/projects/gymlog/test/golden/segmented_control_golden_test.dart
Warning: A tag was used that wasn't specified in dart_test.yaml.
  golden was used in the suite itself

01:05 +438: C:/Users/Atharva Patil/Documents/projects/gymlog/test/golden/pr_celebration_golden_test.dart: PrCelebrationCard renders per theme (variant: Windows)
01:06 +439: C:/Users/Atharva Patil/Documents/projects/gymlog/test/golden/pr_celebration_golden_test.dart: PrCelebrationCard renders per theme (variant: Windows)
01:06 +440: C:/Users/Atharva Patil/Documents/projects/gymlog/test/golden/pr_celebration_golden_test.dart: PrCelebrationCard renders per theme (variant: Windows)
01:06 +441: C:/Users/Atharva Patil/Documents/projects/gymlog/test/golden/pr_celebration_golden_test.dart: PrCelebrationCard renders per theme (variant: Windows)
01:07 +442: C:/Users/Atharva Patil/Documents/projects/gymlog/test/golden/pr_celebration_golden_test.dart: PrCelebrationCard renders per theme (variant: Windows)
01:07 +443: C:/Users/Atharva Patil/Documents/projects/gymlog/test/golden/pr_celebration_golden_test.dart: PrCelebrationCard renders per theme (variant: Windows)
01:07 +444: C:/Users/Atharva Patil/Documents/projects/gymlog/test/golden/pr_celebration_golden_test.dart: PrCelebrationCard renders per theme (variant: Windows)
01:07 +445: C:/Users/Atharva Patil/Documents/projects/gymlog/test/golden/pr_celebration_golden_test.dart: PrCelebrationCard renders per theme (variant: Windows)
01:07 +446: C:/Users/Atharva Patil/Documents/projects/gymlog/test/golden/pr_celebration_golden_test.dart: PrCelebrationCard renders per theme (variant: Windows)
01:08 +447: C:/Users/Atharva Patil/Documents/projects/gymlog/test/golden/onboarding_steps_golden_test.dart: StepAge at 100 renders per theme (regression: 3 digits must not wrap) (variant: CI)
01:08 +448: C:/Users/Atharva Patil/Documents/projects/gymlog/test/golden/nav_bar_golden_test.dart: BottomNavBar — tablet 600x1024 (variant: Windows)
01:08 +449: C:/Users/Atharva Patil/Documents/projects/gymlog/test/golden/segmented_control_golden_test.dart: SegmentedControl renders correctly per theme (variant: CI)
01:08 +450: C:/Users/Atharva Patil/Documents/projects/gymlog/test/golden/onboarding_steps_golden_test.dart: StepWeeklyGoal renders per theme (variant: Windows)
01:08 +451: C:/Users/Atharva Patil/Documents/projects/gymlog/test/golden/onboarding_steps_golden_test.dart: StepWeeklyGoal renders per theme (variant: Windows)
01:09 +452: C:/Users/Atharva Patil/Documents/projects/gymlog/test/golden/pr_celebration_golden_test.dart: PrCelebrationCard renders per theme (variant: CI)
01:09 +453: C:/Users/Atharva Patil/Documents/projects/gymlog/test/golden/pr_celebration_golden_test.dart: PrCelebrationCard renders per theme (variant: CI)
01:09 +454: C:/Users/Atharva Patil/Documents/projects/gymlog/test/golden/onboarding_steps_golden_test.dart: StepWeeklyGoal renders per theme (variant: CI)
01:09 +455: C:/Users/Atharva Patil/Documents/projects/gymlog/test/golden/onboarding_steps_golden_test.dart: StepWeeklyGoal renders per theme (variant: CI)
01:09 +456: C:/Users/Atharva Patil/Documents/projects/gymlog/test/golden/pr_celebration_golden_test.dart: PrCelebrationCard fits a short viewport with a bottom inset (3-button nav edge-to-edge) — Keep Going must stay on-screen (variant: Windows)
01:09 +457: C:/Users/Atharva Patil/Documents/projects/gymlog/test/golden/pr_celebration_golden_test.dart: PrCelebrationCard fits a short viewport with a bottom inset (3-button nav edge-to-edge) — Keep Going must stay on-screen (variant: Windows)
01:09 +458: C:/Users/Atharva Patil/Documents/projects/gymlog/test/golden/pr_celebration_golden_test.dart: PrCelebrationCard fits a short viewport with a bottom inset (3-button nav edge-to-edge) — Keep Going must stay on-screen (variant: Windows)
01:10 +459: C:/Users/Atharva Patil/Documents/projects/gymlog/test/golden/pr_celebration_golden_test.dart: PrCelebrationCard fits a short viewport with a bottom inset (3-button nav edge-to-edge) — Keep Going must stay on-screen (variant: Windows)
01:10 +460: C:/Users/Atharva Patil/Documents/projects/gymlog/test/golden/nav_bar_golden_test.dart: BottomNavBar — geometry and layout nav bar has 3 tab items
01:10 +461: C:/Users/Atharva Patil/Documents/projects/gymlog/test/golden/pr_celebration_golden_test.dart: PrCelebrationCard fits a short viewport with a bottom inset (3-button nav edge-to-edge) — Keep Going must stay on-screen (variant: CI)
01:11 +462: loading C:/Users/Atharva Patil/Documents/projects/gymlog/test/golden/share_cards_golden_test.dart
Warning: A tag was used that wasn't specified in dart_test.yaml.
  golden was used in the suite itself

01:11 +462: C:/Users/Atharva Patil/Documents/projects/gymlog/test/golden/share_cards_golden_test.dart: DELT Share Card - Monument Variant across all themes (variant: Windows)
01:12 +463: C:/Users/Atharva Patil/Documents/projects/gymlog/test/golden/share_cards_golden_test.dart: DELT Share Card - Monument Variant across all themes (variant: Windows)
01:12 +464: C:/Users/Atharva Patil/Documents/projects/gymlog/test/golden/share_cards_golden_test.dart: DELT Share Card - Monument Variant across all themes (variant: Windows)
01:12 +465: C:/Users/Atharva Patil/Documents/projects/gymlog/test/golden/share_cards_golden_test.dart: DELT Share Card - Monument Variant across all themes (variant: Windows)
01:12 +466: C:/Users/Atharva Patil/Documents/projects/gymlog/test/golden/share_cards_golden_test.dart: DELT Share Card - Monument Variant across all themes (variant: Windows)
01:12 +467: C:/Users/Atharva Patil/Documents/projects/gymlog/test/golden/share_cards_golden_test.dart: DELT Share Card - Monument Variant across all themes (variant: Windows)
01:12 +468: C:/Users/Atharva Patil/Documents/projects/gymlog/test/golden/share_cards_golden_test.dart: DELT Share Card - Monument Variant across all themes (variant: Windows)
01:12 +469: C:/Users/Atharva Patil/Documents/projects/gymlog/test/golden/share_cards_golden_test.dart: DELT Share Card - Monument Variant across all themes (variant: Windows)
01:12 +470: C:/Users/Atharva Patil/Documents/projects/gymlog/test/golden/share_cards_golden_test.dart: DELT Share Card - Monument Variant across all themes (variant: Windows)
01:12 +471: C:/Users/Atharva Patil/Documents/projects/gymlog/test/golden/share_cards_golden_test.dart: DELT Share Card - Monument Variant across all themes (variant: Windows)
01:12 +472: C:/Users/Atharva Patil/Documents/projects/gymlog/test/golden/share_cards_golden_test.dart: DELT Share Card - Monument Variant across all themes (variant: Windows)
01:12 +473: C:/Users/Atharva Patil/Documents/projects/gymlog/test/golden/share_cards_golden_test.dart: DELT Share Card - Monument Variant across all themes (variant: Windows)
01:13 +474: C:/Users/Atharva Patil/Documents/projects/gymlog/test/golden/share_cards_golden_test.dart: DELT Share Card - Monument Variant across all themes (variant: Windows)
01:13 +475: C:/Users/Atharva Patil/Documents/projects/gymlog/test/golden/share_cards_golden_test.dart: DELT Share Card - Monument Variant across all themes (variant: Windows)
01:13 +476: C:/Users/Atharva Patil/Documents/projects/gymlog/test/golden/share_cards_golden_test.dart: DELT Share Card - Monument Variant across all themes (variant: Windows)
01:13 +477: C:/Users/Atharva Patil/Documents/projects/gymlog/test/golden/share_cards_golden_test.dart: DELT Share Card - Monument Variant across all themes (variant: Windows)
01:13 +478: C:/Users/Atharva Patil/Documents/projects/gymlog/test/golden/share_cards_golden_test.dart: DELT Share Card - Monument Variant across all themes (variant: Windows)
01:13 +479: C:/Users/Atharva Patil/Documents/projects/gymlog/test/golden/share_cards_golden_test.dart: DELT Share Card - Monument Variant across all themes (variant: Windows)
01:13 +480: C:/Users/Atharva Patil/Documents/projects/gymlog/test/golden/share_cards_golden_test.dart: DELT Share Card - Monument Variant across all themes (variant: Windows)
01:13 +481: C:/Users/Atharva Patil/Documents/projects/gymlog/test/golden/share_cards_golden_test.dart: DELT Share Card - Monument Variant across all themes (variant: Windows)
01:14 +482: C:/Users/Atharva Patil/Documents/projects/gymlog/test/golden/share_cards_golden_test.dart: DELT Share Card - Monument Variant across all themes (variant: CI)
01:14 +483: C:/Users/Atharva Patil/Documents/projects/gymlog/test/golden/share_cards_golden_test.dart: DELT Share Card - Technical Variant (variant: Windows)
01:14 +484: C:/Users/Atharva Patil/Documents/projects/gymlog/test/golden/share_cards_golden_test.dart: DELT Share Card - Technical Variant (variant: CI)
01:15 +485: C:/Users/Atharva Patil/Documents/projects/gymlog/test/golden/share_cards_golden_test.dart: DELT Share Card - Sticker Variant (Alpha Background) (variant: Windows)
01:15 +486: C:/Users/Atharva Patil/Documents/projects/gymlog/test/golden/share_cards_golden_test.dart: DELT Share Card - Sticker Variant (Alpha Background) (variant: Windows)
01:15 +487: C:/Users/Atharva Patil/Documents/projects/gymlog/test/golden/share_cards_golden_test.dart: DELT Share Card - Sticker Variant (Alpha Background) (variant: Windows)
01:15 +488: C:/Users/Atharva Patil/Documents/projects/gymlog/test/golden/share_cards_golden_test.dart: DELT Share Card - Sticker Variant (Alpha Background) (variant: Windows)
01:15 +489: C:/Users/Atharva Patil/Documents/projects/gymlog/test/golden/share_cards_golden_test.dart: DELT Share Card - Sticker Variant (Alpha Background) (variant: Windows)
01:15 +490: C:/Users/Atharva Patil/Documents/projects/gymlog/test/import/csv_codec_test.dart: CsvCodec.parse strips a leading UTF-8 BOM
01:15 +491: C:/Users/Atharva Patil/Documents/projects/gymlog/test/golden/share_cards_golden_test.dart: DELT Share Card - Sticker Variant (Alpha Background) (variant: CI)
01:15 +492: C:/Users/Atharva Patil/Documents/projects/gymlog/test/golden/share_cards_golden_test.dart: DELT Share Card - Sticker Variant (Alpha Background) (variant: CI)
01:15 +493: C:/Users/Atharva Patil/Documents/projects/gymlog/test/golden/share_cards_golden_test.dart: DELT Share Card - Sticker Variant (Alpha Background) (variant: CI)
01:15 +494: C:/Users/Atharva Patil/Documents/projects/gymlog/test/golden/share_cards_golden_test.dart: DELT Share Card - Sticker Variant (Alpha Background) (variant: CI)
01:15 +495: C:/Users/Atharva Patil/Documents/projects/gymlog/test/golden/share_cards_golden_test.dart: DELT Share Card - Sticker Variant (Alpha Background) (variant: CI)
01:15 +496: C:/Users/Atharva Patil/Documents/projects/gymlog/test/golden/share_cards_golden_test.dart: DELT Share Card - Sticker Variant (Alpha Background) (variant: CI)
01:16 +497: C:/Users/Atharva Patil/Documents/projects/gymlog/test/import/exercise_matcher_test.dart: exact match (case-insensitive)
01:16 +498: C:/Users/Atharva Patil/Documents/projects/gymlog/test/import/exercise_matcher_test.dart: word-order independent: parenthetical ↔ prefixed equipment
01:16 +499: C:/Users/Atharva Patil/Documents/projects/gymlog/test/import/exercise_matcher_test.dart: equipment is preserved (no cross-equipment link)
01:16 +500: C:/Users/Atharva Patil/Documents/projects/gymlog/test/import/exercise_matcher_test.dart: equipment-less import name links to the single movement match
01:16 +501: C:/Users/Atharva Patil/Documents/projects/gymlog/test/import/exercise_matcher_test.dart: returns null when the movement is unknown
01:16 +502: C:/Users/Atharva Patil/Documents/projects/gymlog/test/import/exercise_matcher_test.dart: movementKey strips equipment and ignores word order
01:16 +503: C:/Users/Atharva Patil/Documents/projects/gymlog/test/import/exercise_matcher_test.dart: equipFromName reads parenthetical or prefixed equipment
01:16 +504: C:/Users/Atharva Patil/Documents/projects/gymlog/test/import/export_roundtrip_test.dart: (setUpAll)
01:16 +504: C:/Users/Atharva Patil/Documents/projects/gymlog/test/import/export_roundtrip_test.dart: ATOMIC-06: Lossless GymLog v2 Import/Export Round-Trip Round-trip invariant: decode(encode(workout)) preserves full history
WARNING (drift): It looks like you've created the database class AppDatabase multiple times. When these two databases use the same QueryExecutor, race conditions will occur and might corrupt the database. 
Try to follow the advice at https://drift.simonbinder.eu/faq/#using-the-database or, if you know what you're doing, set driftRuntimeOptions.dontWarnAboutMultipleDatabases = true
Here is the stacktrace from when the database was opened a second time:
#0      GeneratedDatabase._handleInstantiated (package:drift/src/runtime/api/db_base.dart:96:30)
#1      GeneratedDatabase._whenConstructed (package:drift/src/runtime/api/db_base.dart:73:12)
#2      new GeneratedDatabase (package:drift/src/runtime/api/db_base.dart:64:5)
#3      new _$AppDatabase (package:gymlog/core/database/database.g.dart:4170:36)
#4      new AppDatabase.forTesting (package:gymlog/core/database/database.dart)
#5      main.<anonymous closure>.<anonymous closure> (file:///C:/Users/Atharva%20Patil/Documents/projects/gymlog/test/import/export_roundtrip_test.dart:199:31)
<asynchronous suspension>
#6      Declarer.test.<anonymous closure>.<anonymous closure> (package:test_api/src/backend/declarer.dart:253:15)
<asynchronous suspension>
#7      Declarer.test.<anonymous closure> (package:test_api/src/backend/declarer.dart:250:11)
<asynchronous suspension>
#8      Invoker._waitForOutstandingCallbacks.<anonymous closure> (package:test_api/src/backend/invoker.dart:318:9)
<asynchronous suspension>
This warning will only appear on debug builds.
01:17 +505: C:/Users/Atharva Patil/Documents/projects/gymlog/test/import/export_roundtrip_test.dart: ATOMIC-06: Lossless GymLog v2 Import/Export Round-Trip v1 GymLog CSV remains readable
01:17 +506: C:/Users/Atharva Patil/Documents/projects/gymlog/test/import/export_roundtrip_test.dart: ATOMIC-06: Lossless GymLog v2 Import/Export Round-Trip unsupported future version throws explicit ImportException
01:17 +507: C:/Users/Atharva Patil/Documents/projects/gymlog/test/import/export_roundtrip_test.dart: ATOMIC-06: Lossless GymLog v2 Import/Export Round-Trip missing required v2 columns throws explicit ImportException
01:17 +508: C:/Users/Atharva Patil/Documents/projects/gymlog/test/import/export_roundtrip_test.dart: (tearDownAll)
01:18 +508: C:/Users/Atharva Patil/Documents/projects/gymlog/test/import/import_cluster_regression_test.dart: (setUpAll)
01:18 +508: C:/Users/Atharva Patil/Documents/projects/gymlog/test/import/import_cluster_regression_test.dart: CP-A: GymLog v2 rows are metric-validated (no silent garbage) a weight_and_reps row missing weight warns and skips
01:18 +509: C:/Users/Atharva Patil/Documents/projects/gymlog/test/import/import_cluster_regression_test.dart: CP-A: GymLog v2 rows are metric-validated (no silent garbage) a reps_only row missing reps warns and skips
01:18 +510: C:/Users/Atharva Patil/Documents/projects/gymlog/test/import/import_cluster_regression_test.dart: CP-B: UTC export dates come back as local wall-clock UTC-suffixed startedAt is converted to local on parse
01:18 +511: C:/Users/Atharva Patil/Documents/projects/gymlog/test/import/import_cluster_regression_test.dart: CP-C: case-insensitive session grouping same workout name in different case collapses to one session
01:18 +512: C:/Users/Atharva Patil/Documents/projects/gymlog/test/import/import_cluster_regression_test.dart: IM-A: kg is the default assumed unit parser defaults a unitless Strong file to kg
01:18 +513: C:/Users/Atharva Patil/Documents/projects/gymlog/test/import/import_cluster_regression_test.dart: IM-B: progress counts only importable sessions a duplicate does not move the progress counter
01:18 +514: C:/Users/Atharva Patil/Documents/projects/gymlog/test/import/import_cluster_regression_test.dart: IM-B: progress counts only importable sessions two fresh sessions report 2 of 2
01:18 +515: C:/Users/Atharva Patil/Documents/projects/gymlog/test/import/import_cluster_regression_test.dart: IM-C: cancel mid-import returns partial result isCancelled after the first session stops the rest
01:18 +516: C:/Users/Atharva Patil/Documents/projects/gymlog/test/import/import_cluster_regression_test.dart: IM-H: custom exercises roll back with a failing session a failed session transaction leaves no orphan custom exercise
01:18 +517: C:/Users/Atharva Patil/Documents/projects/gymlog/test/import/import_cluster_regression_test.dart: IM-I: honest partial-import reporting first session commits, second fails, partial result kept
01:18 +518: C:/Users/Atharva Patil/Documents/projects/gymlog/test/import/import_cluster_regression_test.dart: IM-2: template CSV round-trips template parses as GymLog v2 with one weight_and_reps set
01:18 +519: C:/Users/Atharva Patil/Documents/projects/gymlog/test/import/import_cluster_regression_test.dart: (tearDownAll)
01:18 +519: C:/Users/Atharva Patil/Documents/projects/gymlog/test/import/import_screen_polish_test.dart: _Banner renders with AppRadius.cardAll and semantic label
01:19 +520: C:/Users/Atharva Patil/Documents/projects/gymlog/test/import/import_screen_polish_test.dart: _Banner renders with AppRadius.cardAll and semantic label
01:19 +521: C:/Users/Atharva Patil/Documents/projects/gymlog/test/import/import_screen_polish_test.dart: _Banner renders with AppRadius.cardAll and semantic label
01:19 +522: C:/Users/Atharva Patil/Documents/projects/gymlog/test/import/import_service_test.dart: re-importing the same file is idempotent
01:19 +523: C:/Users/Atharva Patil/Documents/projects/gymlog/test/import/import_service_test.dart: re-importing the same file is idempotent
01:19 +524: C:/Users/Atharva Patil/Documents/projects/gymlog/test/import/import_service_test.dart: preview reports the same shape without writing anything
01:19 +525: C:/Users/Atharva Patil/Documents/projects/gymlog/test/import/import_screen_polish_test.dart: _UnitChooser renders with custom height, color tokens, and semantics
01:20 +526: C:/Users/Atharva Patil/Documents/projects/gymlog/test/import/muscle_taxonomy_test.dart: parent groups exist and are ordered
01:20 +527: C:/Users/Atharva Patil/Documents/projects/gymlog/test/import/muscle_taxonomy_test.dart: specific muscle resolves to its parent group
01:20 +528: C:/Users/Atharva Patil/Documents/projects/gymlog/test/import/muscle_taxonomy_test.dart: specific muscle resolves to its coarse region
01:20 +529: C:/Users/Atharva Patil/Documents/projects/gymlog/test/import/muscle_taxonomy_test.dart: parent → child lists are populated (e.g. Back)
01:20 +530: C:/Users/Atharva Patil/Documents/projects/gymlog/test/import/muscle_taxonomy_test.dart: unknown muscle falls back gracefully
01:20 +531: C:/Users/Atharva Patil/Documents/projects/gymlog/test/import/workout_csv_parser_test.dart: Hevy parses sessions, sets, and kg volume from a real export
01:20 +532: C:/Users/Atharva Patil/Documents/projects/gymlog/test/import/workout_csv_parser_test.dart: Hevy respects the explicit set_type column (no warmups here)
01:20 +533: C:/Users/Atharva Patil/Documents/projects/gymlog/test/import/workout_csv_parser_test.dart: Hevy orders sets 0-based and contiguous within each exercise
01:20 +534: C:/Users/Atharva Patil/Documents/projects/gymlog/test/import/workout_csv_parser_test.dart: Hevy reads weight_lbs header variant and converts to kg
01:20 +535: C:/Users/Atharva Patil/Documents/projects/gymlog/test/import/workout_csv_parser_test.dart: Strong parses semicolon export and converts lbs → kg
01:20 +536: C:/Users/Atharva Patil/Documents/projects/gymlog/test/import/workout_csv_parser_test.dart: Strong infers warmups from the Notes column
01:20 +537: C:/Users/Atharva Patil/Documents/projects/gymlog/test/import/workout_csv_parser_test.dart: Strong derives session end time from Workout Duration
01:20 +538: C:/Users/Atharva Patil/Documents/projects/gymlog/test/import/workout_csv_parser_test.dart: Strong flags an assumed unit when Weight Unit column is missing
01:20 +539: C:/Users/Atharva Patil/Documents/projects/gymlog/test/import/workout_csv_parser_test.dart: cross-check Hevy and Strong files describe the same training volume
01:20 +540: C:/Users/Atharva Patil/Documents/projects/gymlog/test/import/workout_csv_parser_test.dart: errors throws on an unrecognised header
01:20 +541: C:/Users/Atharva Patil/Documents/projects/gymlog/test/import/workout_csv_parser_test.dart: errors throws on an empty file
01:21 +542: C:/Users/Atharva Patil/Documents/projects/gymlog/test/legal_consistency_test.dart: Legal URLs are valid and secure HTTPS links
01:22 +543: C:/Users/Atharva Patil/Documents/projects/gymlog/test/muscle_load_bar_accent_test.dart: legend dots equal the higgsfield (Volt, app default) ramp
01:22 +543 -1: C:/Users/Atharva Patil/Documents/projects/gymlog/test/muscle_load_bar_accent_test.dart: legend dots equal the higgsfield (Volt, app default) ramp
01:22 +543 -1: C:/Users/Atharva Patil/Documents/projects/gymlog/test/no_ai_slop_copy_test.dart: no em/en dashes in lib copy (comments stripped) [E]
  Expected: empty
    Actual: [
              'lib\\features\\routines\\presentation\\widgets\\training_launchpad.dart:451: \'${page * 4 + 1}–${(page * 4 + 4).clamp(0, matches.length)} of ${matches.length}\','
            ]
  Em/en dashes found in app copy:
  lib\features\routines\presentation\widgets\training_launchpad.dart:451: '${page * 4 + 1}–${(page * 4 + 4).clamp(0, matches.length)} of ${matches.length}',
  
  package:matcher                                     expect
  package:flutter_test/src/widget_tester.dart 473:18  expect
  test\no_ai_slop_copy_test.dart 32:5                 main.<fn>
  
01:22 +544 -1: C:/Users/Atharva Patil/Documents/projects/gymlog/test/muscle_load_bar_accent_test.dart: legend dots equal the neonPurple ramp
01:22 +545 -1: C:/Users/Atharva Patil/Documents/projects/gymlog/test/muscle_load_bar_accent_test.dart: no legend dot uses the legacy static purple literal
01:23 +546 -1: C:/Users/Atharva Patil/Documents/projects/gymlog/test/muscle_load_bar_accent_test.dart: legend caps at 3 items and shows +N overflow text
01:23 +547 -1: C:/Users/Atharva Patil/Documents/projects/gymlog/test/muscle_load_bar_accent_test.dart: empty entries render nothing
01:23 +548 -1: C:/Users/Atharva Patil/Documents/projects/gymlog/test/no_equipment_logging_certification_test.dart: ATOMIC-RC3-06 No-Equipment Logging End-to-End Certification Logs push-up and pull-up exercises without weight and exports cleanly
01:23 +549 -1: C:/Users/Atharva Patil/Documents/projects/gymlog/test/performance/bounded_cache_and_startup_test.dart: (setUpAll)
01:23 +549 -1: C:/Users/Atharva Patil/Documents/projects/gymlog/test/performance/bounded_cache_and_startup_test.dart: ATOMIC-11: Bounded Exercise Media Cache & Nonblocking Startup 1. Cache object limit is configured to 160 objects
01:24 +550 -1: C:/Users/Atharva Patil/Documents/projects/gymlog/test/performance/bounded_cache_and_startup_test.dart: ATOMIC-11: Bounded Exercise Media Cache & Nonblocking Startup 2. Maintenance policy runs safely
[ExerciseMediaCacheManager] cache dir resolve error: MissingPluginException(No implementation found for method getTemporaryDirectory on channel plugins.flutter.io/path_provider)
01:24 +551 -1: C:/Users/Atharva Patil/Documents/projects/gymlog/test/performance/bounded_cache_and_startup_test.dart: ATOMIC-11: Bounded Exercise Media Cache & Nonblocking Startup 3. Reduced-motion GIF behavior renders static poster/frame
01:24 +552 -1: C:/Users/Atharva Patil/Documents/projects/gymlog/test/performance/bounded_cache_and_startup_test.dart: ATOMIC-11: Bounded Exercise Media Cache & Nonblocking Startup 3. Reduced-motion GIF behavior renders static poster/frame
01:24 +553 -1: C:/Users/Atharva Patil/Documents/projects/gymlog/test/performance/bounded_cache_and_startup_test.dart: ATOMIC-11: Bounded Exercise Media Cache & Nonblocking Startup 3. Reduced-motion GIF behavior renders static poster/frame
01:24 +554 -1: C:/Users/Atharva Patil/Documents/projects/gymlog/test/performance/bounded_cache_and_startup_test.dart: ATOMIC-11: Bounded Exercise Media Cache & Nonblocking Startup 3. Reduced-motion GIF behavior renders static poster/frame
01:24 +555 -1: C:/Users/Atharva Patil/Documents/projects/gymlog/test/performance/bounded_cache_and_startup_test.dart: ATOMIC-11: Bounded Exercise Media Cache & Nonblocking Startup 3. Reduced-motion GIF behavior renders static poster/frame
01:24 +556 -1: C:/Users/Atharva Patil/Documents/projects/gymlog/test/performance/bounded_cache_and_startup_test.dart: ATOMIC-11: Bounded Exercise Media Cache & Nonblocking Startup 3. Reduced-motion GIF behavior renders static poster/frame
01:24 +557 -1: C:/Users/Atharva Patil/Documents/projects/gymlog/test/performance/bounded_cache_and_startup_test.dart: ATOMIC-11: Bounded Exercise Media Cache & Nonblocking Startup 3. Reduced-motion GIF behavior renders static poster/frame
01:24 +558 -1: C:/Users/Atharva Patil/Documents/projects/gymlog/test/performance/bounded_cache_and_startup_test.dart: ATOMIC-11: Bounded Exercise Media Cache & Nonblocking Startup 3. Reduced-motion GIF behavior renders static poster/frame
01:24 +559 -1: C:/Users/Atharva Patil/Documents/projects/gymlog/test/performance/bounded_cache_and_startup_test.dart: ATOMIC-11: Bounded Exercise Media Cache & Nonblocking Startup 4. Cancellation on widget unmount leaves no memory leak
01:24 +560 -1: C:/Users/Atharva Patil/Documents/projects/gymlog/test/performance/bounded_cache_and_startup_test.dart: ATOMIC-11: Bounded Exercise Media Cache & Nonblocking Startup 5. Offline startup proceeds immediately without cloud
01:24 +561 -1: C:/Users/Atharva Patil/Documents/projects/gymlog/test/performance/bounded_cache_and_startup_test.dart: ATOMIC-11: Bounded Exercise Media Cache & Nonblocking Startup 6. RevenueCat timeout fallback does not block launch
01:24 +562 -1: C:/Users/Atharva Patil/Documents/projects/gymlog/test/performance/bounded_cache_and_startup_test.dart: ATOMIC-11: Bounded Exercise Media Cache & Nonblocking Startup 7. Supabase timeout leads to remoteDegraded state without crashing
01:24 +563 -1: C:/Users/Atharva Patil/Documents/projects/gymlog/test/performance/bounded_cache_and_startup_test.dart: ATOMIC-11: Bounded Exercise Media Cache & Nonblocking Startup 8. Database migration failure triggers migrationFailure status
01:24 +564 -1: C:/Users/Atharva Patil/Documents/projects/gymlog/test/performance/bounded_cache_and_startup_test.dart: ATOMIC-11: Bounded Exercise Media Cache & Nonblocking Startup 9. Startup trace metrics targets (cold launch first frame <= 1.5s)
01:24 +565 -1: C:/Users/Atharva Patil/Documents/projects/gymlog/test/performance/bounded_cache_and_startup_test.dart: ATOMIC-11: Bounded Exercise Media Cache & Nonblocking Startup 10. Memory timeline does not show unbounded growth with static decodes
01:24 +566 -1: C:/Users/Atharva Patil/Documents/projects/gymlog/test/performance/bounded_cache_and_startup_test.dart: (tearDownAll)
01:25 +566 -1: C:/Users/Atharva Patil/Documents/projects/gymlog/test/pressable_scale_test.dart: forwards taps to the child (does not steal the gesture)
01:26 +567 -1: C:/Users/Atharva Patil/Documents/projects/gymlog/test/profile/help_report_form_test.dart: UX-95-03 — Adaptive Help report form renders fields at default text scale
01:26 +568 -1: C:/Users/Atharva Patil/Documents/projects/gymlog/test/profile/help_report_form_test.dart: UX-95-03 — Adaptive Help report form renders fields at default text scale
01:26 +569 -1: C:/Users/Atharva Patil/Documents/projects/gymlog/test/profile/help_report_form_test.dart: UX-95-03 — Adaptive Help report form renders fields at default text scale
01:27 +570 -1: C:/Users/Atharva Patil/Documents/projects/gymlog/test/profile_cluster_polish_test.dart: ProfileAvatar fallback displays display name letter
01:27 +571 -1: C:/Users/Atharva Patil/Documents/projects/gymlog/test/profile_cluster_polish_test.dart: ProfileAvatar fallback displays display name letter
01:27 +572 -1: C:/Users/Atharva Patil/Documents/projects/gymlog/test/profile_cluster_polish_test.dart: WeeklyBarChart low-data comparison view dynamic colors
01:27 +573 -1: C:/Users/Atharva Patil/Documents/projects/gymlog/test/profile_sync_service_test.dart: submitDisplayName writes local immediately and pushes to remote on success
01:27 +574 -1: C:/Users/Atharva Patil/Documents/projects/gymlog/test/profile_cluster_polish_test.dart: PremiumPaywall UI headline resolves and sheet themes dynamically
01:27 +575 -1: C:/Users/Atharva Patil/Documents/projects/gymlog/test/profile_cluster_polish_test.dart: PremiumPaywall UI headline resolves and sheet themes dynamically
01:27 +575 -1: C:/Users/Atharva Patil/Documents/projects/gymlog/test/profile_sync_service_test.dart: submitDisplayName keeps local + queues when remote is offline, retry delivers later
[ProfileSyncService] Remote sync failed: Exception: offline
#0      FakeRemote.upsert (file:///C:/Users/Atharva%20Patil/Documents/projects/gymlog/test/profile_sync_service_test.dart:38:19)
#1      ProfileSyncService._flushPendingOrThrow (package:gymlog/core/services/profile_sync_service.dart:195:10)
<asynchronous suspension>
#2      ProfileSyncService.submitDisplayName (package:gymlog/core/services/profile_sync_service.dart:80:7)
<asynchronous suspension>
#3      main.<anonymous closure>.<anonymous closure> (file:///C:/Users/Atharva%20Patil/Documents/projects/gymlog/test/profile_sync_service_test.dart:101:7)
<asynchronous suspension>
#4      Declarer.test.<anonymous closure>.<anonymous closure> (package:test_api/src/backend/declarer.dart:253:15)
<asynchronous suspension>
#5      Declarer.test.<anonymous closure> (package:test_api/src/backend/declarer.dart:250:11)
<asynchronous suspension>
#6      Invoker._waitForOutstandingCallbacks.<anonymous closure> (package:test_api/src/backend/invoker.dart:318:9)
<asynchronous suspension>

01:27 +576 -1: C:/Users/Atharva Patil/Documents/projects/gymlog/test/profile_cluster_polish_test.dart: PremiumPaywall UI headline resolves and sheet themes dynamically
01:27 +577 -1: C:/Users/Atharva Patil/Documents/projects/gymlog/test/profile_cluster_polish_test.dart: PremiumPaywall UI headline resolves and sheet themes dynamically
01:27 +578 -1: C:/Users/Atharva Patil/Documents/projects/gymlog/test/profile_cluster_polish_test.dart: PremiumPaywall UI headline resolves and sheet themes dynamically
01:27 +579 -1: C:/Users/Atharva Patil/Documents/projects/gymlog/test/profile_cluster_polish_test.dart: PremiumPaywall UI headline resolves and sheet themes dynamically
01:27 +580 -1: C:/Users/Atharva Patil/Documents/projects/gymlog/test/profile_cluster_polish_test.dart: PremiumPaywall UI headline resolves and sheet themes dynamically
01:27 +581 -1: C:/Users/Atharva Patil/Documents/projects/gymlog/test/profile_cluster_polish_test.dart: PremiumPaywall UI headline resolves and sheet themes dynamically
01:27 +582 -1: C:/Users/Atharva Patil/Documents/projects/gymlog/test/profile_cluster_polish_test.dart: PremiumPaywall UI headline resolves and sheet themes dynamically
01:27 +583 -1: C:/Users/Atharva Patil/Documents/projects/gymlog/test/profile_cluster_polish_test.dart: PremiumPaywall UI headline resolves and sheet themes dynamically
01:27 +584 -1: C:/Users/Atharva Patil/Documents/projects/gymlog/test/profile_cluster_polish_test.dart: PremiumPaywall UI headline resolves and sheet themes dynamically
01:28 +585 -1: C:/Users/Atharva Patil/Documents/projects/gymlog/test/profile_cluster_polish_test.dart: OnboardingScreen resolves colors and borders under dark theme
01:28 +586 -1: C:/Users/Atharva Patil/Documents/projects/gymlog/test/profile_weekly_bar_chart_test.dart: ProfileGraphEmptyState renders title, subtitle and CTA
01:28 +587 -1: C:/Users/Atharva Patil/Documents/projects/gymlog/test/profile_weekly_bar_chart_test.dart: ProfileGraphEmptyState renders title, subtitle and CTA
01:28 +588 -1: C:/Users/Atharva Patil/Documents/projects/gymlog/test/profile_weekly_bar_chart_test.dart: ProfileGraphEmptyState renders title, subtitle and CTA
01:28 +589 -1: C:/Users/Atharva Patil/Documents/projects/gymlog/test/profile_weekly_bar_chart_test.dart: ProfileGraphEmptyState renders title, subtitle and CTA
01:28 +590 -1: C:/Users/Atharva Patil/Documents/projects/gymlog/test/profile_weekly_bar_chart_test.dart: ProfileGraphEmptyState renders title, subtitle and CTA
01:29 +591 -1: C:/Users/Atharva Patil/Documents/projects/gymlog/test/profile_weekly_bar_chart_test.dart: GraphKpiHeader shows latest value and "This week" caption always when data exists
01:29 +592 -1: C:/Users/Atharva Patil/Documents/projects/gymlog/test/profile_weekly_bar_chart_test.dart: GraphKpiHeader hides delta pill when fewer than 4 filled weeks have data
01:29 +593 -1: C:/Users/Atharva Patil/Documents/projects/gymlog/test/profile_weekly_bar_chart_test.dart: GraphKpiHeader shows delta pill once 4+ filled weeks have data
01:29 +594 -1: C:/Users/Atharva Patil/Documents/projects/gymlog/test/radius_token_test.dart: DeleteAccountScreen danger chip and _SectionCard use correct AppRadius tokens
01:29 +595 -1: C:/Users/Atharva Patil/Documents/projects/gymlog/test/radius_token_test.dart: DeleteAccountScreen danger chip and _SectionCard use correct AppRadius tokens
01:29 +596 -1: C:/Users/Atharva Patil/Documents/projects/gymlog/test/radius_token_test.dart: DeleteAccountScreen danger chip and _SectionCard use correct AppRadius tokens
01:29 +597 -1: C:/Users/Atharva Patil/Documents/projects/gymlog/test/radius_token_test.dart: DeleteAccountScreen danger chip and _SectionCard use correct AppRadius tokens
01:29 +598 -1: C:/Users/Atharva Patil/Documents/projects/gymlog/test/radius_token_test.dart: DeleteAccountScreen danger chip and _SectionCard use correct AppRadius tokens
01:29 +599 -1: C:/Users/Atharva Patil/Documents/projects/gymlog/test/radius_token_test.dart: DeleteAccountScreen danger chip and _SectionCard use correct AppRadius tokens
01:29 +600 -1: C:/Users/Atharva Patil/Documents/projects/gymlog/test/radius_token_test.dart: DeleteAccountScreen danger chip and _SectionCard use correct AppRadius tokens
01:30 +600 -1: C:/Users/Atharva Patil/Documents/projects/gymlog/test/reorder_exercise_test.dart: move first item down (A→index 2): B, C, A, D
[WorkoutDraftStore] save failed: Binding has not yet been initialized.
The "instance" getter on the ServicesBinding binding mixin is only available once that binding has been initialized.
Typically, this is done by calling "WidgetsFlutterBinding.ensureInitialized()" or "runApp()" (the latter calls the former). Typically this call is done in the "void main()" method. The "ensureInitialized" method is idempotent; calling it multiple times is not harmful. After calling that method, the "instance" getter will return the binding.
In a test, one can call "TestWidgetsFlutterBinding.ensureInitialized()" as the first line in the test's "main()" method to initialize the binding.
If ServicesBinding is a custom binding mixin, there must also be a custom binding class, like WidgetsFlutterBinding, but that mixes in the selected binding, and that is the class that must be constructed before using the "instance" getter.
[WorkoutDraftStore] save failed: Binding has not yet been initialized.
The "instance" getter on the ServicesBinding binding mixin is only available once that binding has been initialized.
Typically, this is done by calling "WidgetsFlutterBinding.ensureInitialized()" or "runApp()" (the latter calls the former). Typically this call is done in the "void main()" method. The "ensureInitialized" method is idempotent; calling it multiple times is not harmful. After calling that method, the "instance" getter will return the binding.
In a test, one can call "TestWidgetsFlutterBinding.ensureInitialized()" as the first line in the test's "main()" method to initialize the binding.
If ServicesBinding is a custom binding mixin, there must also be a custom binding class, like WidgetsFlutterBinding, but that mixes in the selected binding, and that is the class that must be constructed before using the "instance" getter.
01:30 +601 -1: C:/Users/Atharva Patil/Documents/projects/gymlog/test/radius_token_test.dart: DeleteAccountScreen danger chip and _SectionCard use correct AppRadius tokens
01:30 +601 -1: C:/Users/Atharva Patil/Documents/projects/gymlog/test/reorder_exercise_test.dart: move last item to front (D→index 0): D, A, B, C
[WorkoutDraftStore] save failed: Binding has not yet been initialized.
The "instance" getter on the ServicesBinding binding mixin is only available once that binding has been initialized.
Typically, this is done by calling "WidgetsFlutterBinding.ensureInitialized()" or "runApp()" (the latter calls the former). Typically this call is done in the "void main()" method. The "ensureInitialized" method is idempotent; calling it multiple times is not harmful. After calling that method, the "instance" getter will return the binding.
In a test, one can call "TestWidgetsFlutterBinding.ensureInitialized()" as the first line in the test's "main()" method to initialize the binding.
If ServicesBinding is a custom binding mixin, there must also be a custom binding class, like WidgetsFlutterBinding, but that mixes in the selected binding, and that is the class that must be constructed before using the "instance" getter.
[WorkoutDraftStore] save failed: Binding has not yet been initialized.
The "instance" getter on the ServicesBinding binding mixin is only available once that binding has been initialized.
Typically, this is done by calling "WidgetsFlutterBinding.ensureInitialized()" or "runApp()" (the latter calls the former). Typically this call is done in the "void main()" method. The "ensureInitialized" method is idempotent; calling it multiple times is not harmful. After calling that method, the "instance" getter will return the binding.
In a test, one can call "TestWidgetsFlutterBinding.ensureInitialized()" as the first line in the test's "main()" method to initialize the binding.
If ServicesBinding is a custom binding mixin, there must also be a custom binding class, like WidgetsFlutterBinding, but that mixes in the selected binding, and that is the class that must be constructed before using the "instance" getter.
01:30 +602 -1: C:/Users/Atharva Patil/Documents/projects/gymlog/test/radius_token_test.dart: DeleteAccountScreen danger chip and _SectionCard use correct AppRadius tokens
01:30 +603 -1: C:/Users/Atharva Patil/Documents/projects/gymlog/test/radius_token_test.dart: DeleteAccountScreen danger chip and _SectionCard use correct AppRadius tokens
01:30 +604 -1: C:/Users/Atharva Patil/Documents/projects/gymlog/test/radius_token_test.dart: DeleteAccountScreen danger chip and _SectionCard use correct AppRadius tokens
01:30 +605 -1: C:/Users/Atharva Patil/Documents/projects/gymlog/test/radius_token_test.dart: DeleteAccountScreen danger chip and _SectionCard use correct AppRadius tokens
01:30 +606 -1: C:/Users/Atharva Patil/Documents/projects/gymlog/test/radius_token_test.dart: DeleteAccountScreen danger chip and _SectionCard use correct AppRadius tokens
01:30 +607 -1: C:/Users/Atharva Patil/Documents/projects/gymlog/test/radius_token_test.dart: DeleteAccountScreen danger chip and _SectionCard use correct AppRadius tokens
01:30 +608 -1: C:/Users/Atharva Patil/Documents/projects/gymlog/test/radius_token_test.dart: DeleteAccountScreen danger chip and _SectionCard use correct AppRadius tokens
01:30 +608 -1: C:/Users/Atharva Patil/Documents/projects/gymlog/test/reorder_exercise_test.dart: move middle up (C→index 1): A, C, B, D
[WorkoutDraftStore] save failed: Binding has not yet been initialized.
The "instance" getter on the ServicesBinding binding mixin is only available once that binding has been initialized.
Typically, this is done by calling "WidgetsFlutterBinding.ensureInitialized()" or "runApp()" (the latter calls the former). Typically this call is done in the "void main()" method. The "ensureInitialized" method is idempotent; calling it multiple times is not harmful. After calling that method, the "instance" getter will return the binding.
In a test, one can call "TestWidgetsFlutterBinding.ensureInitialized()" as the first line in the test's "main()" method to initialize the binding.
If ServicesBinding is a custom binding mixin, there must also be a custom binding class, like WidgetsFlutterBinding, but that mixes in the selected binding, and that is the class that must be constructed before using the "instance" getter.
[WorkoutDraftStore] save failed: Binding has not yet been initialized.
The "instance" getter on the ServicesBinding binding mixin is only available once that binding has been initialized.
Typically, this is done by calling "WidgetsFlutterBinding.ensureInitialized()" or "runApp()" (the latter calls the former). Typically this call is done in the "void main()" method. The "ensureInitialized" method is idempotent; calling it multiple times is not harmful. After calling that method, the "instance" getter will return the binding.
In a test, one can call "TestWidgetsFlutterBinding.ensureInitialized()" as the first line in the test's "main()" method to initialize the binding.
If ServicesBinding is a custom binding mixin, there must also be a custom binding class, like WidgetsFlutterBinding, but that mixes in the selected binding, and that is the class that must be constructed before using the "instance" getter.
01:30 +609 -1: C:/Users/Atharva Patil/Documents/projects/gymlog/test/radius_token_test.dart: DeleteAccountScreen danger chip and _SectionCard use correct AppRadius tokens
01:30 +609 -1: C:/Users/Atharva Patil/Documents/projects/gymlog/test/reorder_exercise_test.dart: out-of-range oldIndex is ignored (no throw, order intact)
[WorkoutDraftStore] save failed: Binding has not yet been initialized.
The "instance" getter on the ServicesBinding binding mixin is only available once that binding has been initialized.
Typically, this is done by calling "WidgetsFlutterBinding.ensureInitialized()" or "runApp()" (the latter calls the former). Typically this call is done in the "void main()" method. The "ensureInitialized" method is idempotent; calling it multiple times is not harmful. After calling that method, the "instance" getter will return the binding.
In a test, one can call "TestWidgetsFlutterBinding.ensureInitialized()" as the first line in the test's "main()" method to initialize the binding.
If ServicesBinding is a custom binding mixin, there must also be a custom binding class, like WidgetsFlutterBinding, but that mixes in the selected binding, and that is the class that must be constructed before using the "instance" getter.
01:30 +610 -1: C:/Users/Atharva Patil/Documents/projects/gymlog/test/radius_token_test.dart: DeleteAccountScreen danger chip and _SectionCard use correct AppRadius tokens
01:31 +611 -1: C:/Users/Atharva Patil/Documents/projects/gymlog/test/reps_only_exercise_test.dart: ActiveWorkoutNotifier Reps-Only & Switching Logic adding reps-only exercise initializes weightKg to null
[WorkoutDraftStore] save failed: Binding has not yet been initialized.
The "instance" getter on the ServicesBinding binding mixin is only available once that binding has been initialized.
Typically, this is done by calling "WidgetsFlutterBinding.ensureInitialized()" or "runApp()" (the latter calls the former). Typically this call is done in the "void main()" method. The "ensureInitialized" method is idempotent; calling it multiple times is not harmful. After calling that method, the "instance" getter will return the binding.
In a test, one can call "TestWidgetsFlutterBinding.ensureInitialized()" as the first line in the test's "main()" method to initialize the binding.
If ServicesBinding is a custom binding mixin, there must also be a custom binding class, like WidgetsFlutterBinding, but that mixes in the selected binding, and that is the class that must be constructed before using the "instance" getter.
[WorkoutDraftStore] save failed: Binding has not yet been initialized.
The "instance" getter on the ServicesBinding binding mixin is only available once that binding has been initialized.
Typically, this is done by calling "WidgetsFlutterBinding.ensureInitialized()" or "runApp()" (the latter calls the former). Typically this call is done in the "void main()" method. The "ensureInitialized" method is idempotent; calling it multiple times is not harmful. After calling that method, the "instance" getter will return the binding.
In a test, one can call "TestWidgetsFlutterBinding.ensureInitialized()" as the first line in the test's "main()" method to initialize the binding.
If ServicesBinding is a custom binding mixin, there must also be a custom binding class, like WidgetsFlutterBinding, but that mixes in the selected binding, and that is the class that must be constructed before using the "instance" getter.
01:31 +612 -1: C:/Users/Atharva Patil/Documents/projects/gymlog/test/radius_token_test.dart: ExerciseSelectionScreen filter chip uses AppRadius.buttonSecondaryAll
01:31 +612 -1: C:/Users/Atharva Patil/Documents/projects/gymlog/test/reps_only_exercise_test.dart: ActiveWorkoutNotifier Reps-Only & Switching Logic adding weighted exercise initializes weightKg to 0.0
[WorkoutDraftStore] save failed: Binding has not yet been initialized.
The "instance" getter on the ServicesBinding binding mixin is only available once that binding has been initialized.
Typically, this is done by calling "WidgetsFlutterBinding.ensureInitialized()" or "runApp()" (the latter calls the former). Typically this call is done in the "void main()" method. The "ensureInitialized" method is idempotent; calling it multiple times is not harmful. After calling that method, the "instance" getter will return the binding.
In a test, one can call "TestWidgetsFlutterBinding.ensureInitialized()" as the first line in the test's "main()" method to initialize the binding.
If ServicesBinding is a custom binding mixin, there must also be a custom binding class, like WidgetsFlutterBinding, but that mixes in the selected binding, and that is the class that must be constructed before using the "instance" getter.
[WorkoutDraftStore] save failed: Binding has not yet been initialized.
The "instance" getter on the ServicesBinding binding mixin is only available once that binding has been initialized.
Typically, this is done by calling "WidgetsFlutterBinding.ensureInitialized()" or "runApp()" (the latter calls the former). Typically this call is done in the "void main()" method. The "ensureInitialized" method is idempotent; calling it multiple times is not harmful. After calling that method, the "instance" getter will return the binding.
In a test, one can call "TestWidgetsFlutterBinding.ensureInitialized()" as the first line in the test's "main()" method to initialize the binding.
If ServicesBinding is a custom binding mixin, there must also be a custom binding class, like WidgetsFlutterBinding, but that mixes in the selected binding, and that is the class that must be constructed before using the "instance" getter.
01:31 +613 -1: C:/Users/Atharva Patil/Documents/projects/gymlog/test/radius_token_test.dart: ExerciseSelectionScreen filter chip uses AppRadius.buttonSecondaryAll
01:31 +613 -1: C:/Users/Atharva Patil/Documents/projects/gymlog/test/reps_only_exercise_test.dart: ActiveWorkoutNotifier Reps-Only & Switching Logic switching between weighted and reps-only respects target measurementType
[WorkoutDraftStore] save failed: Binding has not yet been initialized.
The "instance" getter on the ServicesBinding binding mixin is only available once that binding has been initialized.
Typically, this is done by calling "WidgetsFlutterBinding.ensureInitialized()" or "runApp()" (the latter calls the former). Typically this call is done in the "void main()" method. The "ensureInitialized" method is idempotent; calling it multiple times is not harmful. After calling that method, the "instance" getter will return the binding.
In a test, one can call "TestWidgetsFlutterBinding.ensureInitialized()" as the first line in the test's "main()" method to initialize the binding.
If ServicesBinding is a custom binding mixin, there must also be a custom binding class, like WidgetsFlutterBinding, but that mixes in the selected binding, and that is the class that must be constructed before using the "instance" getter.
[WorkoutDraftStore] save failed: Binding has not yet been initialized.
The "instance" getter on the ServicesBinding binding mixin is only available once that binding has been initialized.
Typically, this is done by calling "WidgetsFlutterBinding.ensureInitialized()" or "runApp()" (the latter calls the former). Typically this call is done in the "void main()" method. The "ensureInitialized" method is idempotent; calling it multiple times is not harmful. After calling that method, the "instance" getter will return the binding.
In a test, one can call "TestWidgetsFlutterBinding.ensureInitialized()" as the first line in the test's "main()" method to initialize the binding.
If ServicesBinding is a custom binding mixin, there must also be a custom binding class, like WidgetsFlutterBinding, but that mixes in the selected binding, and that is the class that must be constructed before using the "instance" getter.
[WorkoutDraftStore] save failed: Binding has not yet been initialized.
The "instance" getter on the ServicesBinding binding mixin is only available once that binding has been initialized.
Typically, this is done by calling "WidgetsFlutterBinding.ensureInitialized()" or "runApp()" (the latter calls the former). Typically this call is done in the "void main()" method. The "ensureInitialized" method is idempotent; calling it multiple times is not harmful. After calling that method, the "instance" getter will return the binding.
In a test, one can call "TestWidgetsFlutterBinding.ensureInitialized()" as the first line in the test's "main()" method to initialize the binding.
If ServicesBinding is a custom binding mixin, there must also be a custom binding class, like WidgetsFlutterBinding, but that mixes in the selected binding, and that is the class that must be constructed before using the "instance" getter.
[WorkoutDraftStore] save failed: Binding has not yet been initialized.
The "instance" getter on the ServicesBinding binding mixin is only available once that binding has been initialized.
Typically, this is done by calling "WidgetsFlutterBinding.ensureInitialized()" or "runApp()" (the latter calls the former). Typically this call is done in the "void main()" method. The "ensureInitialized" method is idempotent; calling it multiple times is not harmful. After calling that method, the "instance" getter will return the binding.
In a test, one can call "TestWidgetsFlutterBinding.ensureInitialized()" as the first line in the test's "main()" method to initialize the binding.
If ServicesBinding is a custom binding mixin, there must also be a custom binding class, like WidgetsFlutterBinding, but that mixes in the selected binding, and that is the class that must be constructed before using the "instance" getter.
01:31 +614 -1: C:/Users/Atharva Patil/Documents/projects/gymlog/test/radius_token_test.dart: ExerciseSelectionScreen filter chip uses AppRadius.buttonSecondaryAll
01:31 +614 -1: C:/Users/Atharva Patil/Documents/projects/gymlog/test/reps_only_exercise_test.dart: ActiveWorkoutNotifier Reps-Only & Switching Logic sessionTotals volume calculation ignores null weights
[WorkoutDraftStore] save failed: Binding has not yet been initialized.
The "instance" getter on the ServicesBinding binding mixin is only available once that binding has been initialized.
Typically, this is done by calling "WidgetsFlutterBinding.ensureInitialized()" or "runApp()" (the latter calls the former). Typically this call is done in the "void main()" method. The "ensureInitialized" method is idempotent; calling it multiple times is not harmful. After calling that method, the "instance" getter will return the binding.
In a test, one can call "TestWidgetsFlutterBinding.ensureInitialized()" as the first line in the test's "main()" method to initialize the binding.
If ServicesBinding is a custom binding mixin, there must also be a custom binding class, like WidgetsFlutterBinding, but that mixes in the selected binding, and that is the class that must be constructed before using the "instance" getter.
[WorkoutDraftStore] save failed: Binding has not yet been initialized.
The "instance" getter on the ServicesBinding binding mixin is only available once that binding has been initialized.
Typically, this is done by calling "WidgetsFlutterBinding.ensureInitialized()" or "runApp()" (the latter calls the former). Typically this call is done in the "void main()" method. The "ensureInitialized" method is idempotent; calling it multiple times is not harmful. After calling that method, the "instance" getter will return the binding.
In a test, one can call "TestWidgetsFlutterBinding.ensureInitialized()" as the first line in the test's "main()" method to initialize the binding.
If ServicesBinding is a custom binding mixin, there must also be a custom binding class, like WidgetsFlutterBinding, but that mixes in the selected binding, and that is the class that must be constructed before using the "instance" getter.
[WorkoutDraftStore] save failed: Binding has not yet been initialized.
The "instance" getter on the ServicesBinding binding mixin is only available once that binding has been initialized.
Typically, this is done by calling "WidgetsFlutterBinding.ensureInitialized()" or "runApp()" (the latter calls the former). Typically this call is done in the "void main()" method. The "ensureInitialized" method is idempotent; calling it multiple times is not harmful. After calling that method, the "instance" getter will return the binding.
In a test, one can call "TestWidgetsFlutterBinding.ensureInitialized()" as the first line in the test's "main()" method to initialize the binding.
If ServicesBinding is a custom binding mixin, there must also be a custom binding class, like WidgetsFlutterBinding, but that mixes in the selected binding, and that is the class that must be constructed before using the "instance" getter.
[WorkoutDraftStore] save failed: Binding has not yet been initialized.
The "instance" getter on the ServicesBinding binding mixin is only available once that binding has been initialized.
Typically, this is done by calling "WidgetsFlutterBinding.ensureInitialized()" or "runApp()" (the latter calls the former). Typically this call is done in the "void main()" method. The "ensureInitialized" method is idempotent; calling it multiple times is not harmful. After calling that method, the "instance" getter will return the binding.
In a test, one can call "TestWidgetsFlutterBinding.ensureInitialized()" as the first line in the test's "main()" method to initialize the binding.
If ServicesBinding is a custom binding mixin, there must also be a custom binding class, like WidgetsFlutterBinding, but that mixes in the selected binding, and that is the class that must be constructed before using the "instance" getter.
[WorkoutDraftStore] save failed: Binding has not yet been initialized.
The "instance" getter on the ServicesBinding binding mixin is only available once that binding has been initialized.
Typically, this is done by calling "WidgetsFlutterBinding.ensureInitialized()" or "runApp()" (the latter calls the former). Typically this call is done in the "void main()" method. The "ensureInitialized" method is idempotent; calling it multiple times is not harmful. After calling that method, the "instance" getter will return the binding.
In a test, one can call "TestWidgetsFlutterBinding.ensureInitialized()" as the first line in the test's "main()" method to initialize the binding.
If ServicesBinding is a custom binding mixin, there must also be a custom binding class, like WidgetsFlutterBinding, but that mixes in the selected binding, and that is the class that must be constructed before using the "instance" getter.
[WorkoutDraftStore] save failed: Binding has not yet been initialized.
The "instance" getter on the ServicesBinding binding mixin is only available once that binding has been initialized.
Typically, this is done by calling "WidgetsFlutterBinding.ensureInitialized()" or "runApp()" (the latter calls the former). Typically this call is done in the "void main()" method. The "ensureInitialized" method is idempotent; calling it multiple times is not harmful. After calling that method, the "instance" getter will return the binding.
01:31 +615 -1: C:/Users/Atharva Patil/Documents/projects/gymlog/test/radius_token_test.dart: ExerciseSelectionScreen filter chip uses AppRadius.buttonSecondaryAll
01:31 +616 -1: C:/Users/Atharva Patil/Documents/projects/gymlog/test/radius_token_test.dart: ExerciseSelectionScreen filter chip uses AppRadius.buttonSecondaryAll
01:31 +617 -1: C:/Users/Atharva Patil/Documents/projects/gymlog/test/radius_token_test.dart: ExerciseSelectionScreen filter chip uses AppRadius.buttonSecondaryAll
01:31 +618 -1: C:/Users/Atharva Patil/Documents/projects/gymlog/test/rest_preference_atomic_test.dart: ATOMIC-01 RestPreference & Normalization Suite 3. Custom maps to positive seconds
01:31 +619 -1: C:/Users/Atharva Patil/Documents/projects/gymlog/test/rest_preference_atomic_test.dart: ATOMIC-01 RestPreference & Normalization Suite 4. Null restores Default
01:31 +620 -1: C:/Users/Atharva Patil/Documents/projects/gymlog/test/radius_token_test.dart: HomeScreen initial skeleton uses AppRadius.card
01:31 +621 -1: C:/Users/Atharva Patil/Documents/projects/gymlog/test/radius_token_test.dart: HomeScreen initial skeleton uses AppRadius.card
01:31 +622 -1: C:/Users/Atharva Patil/Documents/projects/gymlog/test/radius_token_test.dart: HomeScreen initial skeleton uses AppRadius.card
01:31 +623 -1: C:/Users/Atharva Patil/Documents/projects/gymlog/test/radius_token_test.dart: HomeScreen initial skeleton uses AppRadius.card
══╡ EXCEPTION CAUGHT BY FLUTTER TEST FRAMEWORK ╞════════════════════════════════════════════════════
The following TestFailure was thrown running a test:
Expected: exactly one matching candidate
  Actual: _WidgetPredicateWidgetFinder:<Found 0 widgets with widget matching predicate: []>
   Which: means none were found but one was expected

When the exception was thrown, this was the stack:
#4      main.<anonymous closure> (file:///C:/Users/Atharva%20Patil/Documents/projects/gymlog/test/radius_token_test.dart:181:5)
<asynchronous suspension>
#5      testWidgets.<anonymous closure>.<anonymous closure> (package:flutter_test/src/widget_tester.dart:192:15)
<asynchronous suspension>
#6      TestWidgetsFlutterBinding._runTestBody (package:flutter_test/src/binding.dart:1952:5)
<asynchronous suspension>
<asynchronous suspension>
(elided one frame from package:stack_trace)

This was caught by the test expectation on the following line:
  file:///C:/Users/Atharva%20Patil/Documents/projects/gymlog/test/radius_token_test.dart line 181
The test description was:
  HomeScreen initial skeleton uses AppRadius.card
════════════════════════════════════════════════════════════════════════════════════════════════════
01:32 +623 -2: C:/Users/Atharva Patil/Documents/projects/gymlog/test/rest_preference_atomic_test.dart: ATOMIC-01 RestPreference & Normalization Suite 8. No production widget contains visible text None
01:32 +623 -2: C:/Users/Atharva Patil/Documents/projects/gymlog/test/radius_token_test.dart: HomeScreen initial skeleton uses AppRadius.card [E]
  Test failed. See exception logs above.
  The test description was: HomeScreen initial skeleton uses AppRadius.card
  
01:33 +624 -2: C:/Users/Atharva Patil/Documents/projects/gymlog/test/rest_preference_atomic_test.dart: ATOMIC-01 RestPreference & Normalization Suite 8. No production widget contains visible text None
01:33 +625 -2: C:/Users/Atharva Patil/Documents/projects/gymlog/test/rest_preference_atomic_test.dart: ATOMIC-01 RestPreference & Normalization Suite 9. Draft round trip preserves all three states
01:33 +626 -2: C:/Users/Atharva Patil/Documents/projects/gymlog/test/rest_preference_atomic_test.dart: ATOMIC-01 RestPreference & Normalization Suite 10. Legacy stored values restore safely
01:33 +627 -2: C:/Users/Atharva Patil/Documents/projects/gymlog/test/rest_timer_expired_resume_test.dart: resumeFromEndTime with an expired endTime fires TimerExpiredEvent
01:34 +628 -2: C:/Users/Atharva Patil/Documents/projects/gymlog/test/rest_timer_expired_resume_test.dart: resumeFromEndTime with an expired endTime fires TimerExpiredEvent
01:34 +629 -2: C:/Users/Atharva Patil/Documents/projects/gymlog/test/rest_timer_expired_resume_test.dart: resumeFromEndTime with an expired endTime fires TimerExpiredEvent
01:34 +630 -2: C:/Users/Atharva Patil/Documents/projects/gymlog/test/rest_timer_override_test.dart: GymLog P0-04 Rest Timer Override & Precedence Suite new-workout starts without copying previous workout overrides
01:34 +631 -2: C:/Users/Atharva Patil/Documents/projects/gymlog/test/rest_timer_override_test.dart: GymLog P0-04 Rest Timer Override & Precedence Suite background/resume: timer expired while backgrounded triggers finish on sync
01:34 +632 -2: C:/Users/Atharva Patil/Documents/projects/gymlog/test/rest_timer_override_test.dart: GymLog P0-04 Rest Timer Override & Precedence Suite active timer change rule: mutating override does not alter already-running timer deadline
01:34 +633 -2: C:/Users/Atharva Patil/Documents/projects/gymlog/test/rest_timer_override_test.dart: GymLog P0-04 Rest Timer Override & Precedence Suite process-death: restores override and running timer context successfully
01:34 +634 -2: C:/Users/Atharva Patil/Documents/projects/gymlog/test/rest_timer_override_test.dart: GymLog P0-04 Rest Timer Override & Precedence Suite idempotency: multiple start, cancel, and skip calls behave predictably
01:34 +635 -2: C:/Users/Atharva Patil/Documents/projects/gymlog/test/rest_timer_override_test.dart: GymLog P0-04 Rest Timer Override & Precedence Suite boundaries: custom overrides are clamped inside user UI picker sheets
01:35 +636 -2: C:/Users/Atharva Patil/Documents/projects/gymlog/test/rest_time_sheet_atomic_test.dart: ATOMIC-02 RestTimeSheet Suite 1. no None or Matches default in sheet
01:35 +637 -2: C:/Users/Atharva Patil/Documents/projects/gymlog/test/rest_time_sheet_atomic_test.dart: ATOMIC-02 RestTimeSheet Suite 1. no None or Matches default in sheet
01:35 +638 -2: C:/Users/Atharva Patil/Documents/projects/gymlog/test/rest_time_sheet_atomic_test.dart: ATOMIC-02 RestTimeSheet Suite 1. no None or Matches default in sheet
01:36 +639 -2: C:/Users/Atharva Patil/Documents/projects/gymlog/test/routine_detail_scroll_and_loading_test.dart: RoutineDetailScreen loaded view uses AlwaysScrollableScrollPhysics
01:36 +640 -2: C:/Users/Atharva Patil/Documents/projects/gymlog/test/routine_detail_scroll_and_loading_test.dart: RoutineDetailScreen loaded view uses AlwaysScrollableScrollPhysics
01:36 +641 -2: C:/Users/Atharva Patil/Documents/projects/gymlog/test/routine_detail_scroll_and_loading_test.dart: RoutineDetailScreen loaded view uses AlwaysScrollableScrollPhysics
01:36 +642 -2: C:/Users/Atharva Patil/Documents/projects/gymlog/test/routine_detail_scroll_and_loading_test.dart: RoutineDetailScreen loaded view uses AlwaysScrollableScrollPhysics
01:36 +643 -2: C:/Users/Atharva Patil/Documents/projects/gymlog/test/routine_detail_scroll_and_loading_test.dart: RoutineDetailScreen loaded view uses AlwaysScrollableScrollPhysics
01:37 +644 -2: C:/Users/Atharva Patil/Documents/projects/gymlog/test/routine_detail_scroll_and_loading_test.dart: RoutineDetailScreen loaded view uses AlwaysScrollableScrollPhysics
01:37 +645 -2: C:/Users/Atharva Patil/Documents/projects/gymlog/test/routine_detail_scroll_and_loading_test.dart: RoutineDetailScreen loaded view uses AlwaysScrollableScrollPhysics
01:37 +646 -2: C:/Users/Atharva Patil/Documents/projects/gymlog/test/routine_editor_reorder_test.dart: full list renders through a drag and reorders correctly
01:37 +647 -2: C:/Users/Atharva Patil/Documents/projects/gymlog/test/routine_volume_error_state_test.dart: failed volume stream renders error+retry, never a zeroed volume graph
01:37 +648 -2: C:/Users/Atharva Patil/Documents/projects/gymlog/test/routine_volume_error_state_test.dart: failed volume stream renders error+retry, never a zeroed volume graph
01:38 +649 -2: C:/Users/Atharva Patil/Documents/projects/gymlog/test/routine_editor_reorder_test.dart: RoutineEditorScreen reorders exercises and respects bounds
01:39 +650 -2: C:/Users/Atharva Patil/Documents/projects/gymlog/test/screens_theme_test.dart: Screens Theme Verification Tests HomeScreen renders under multiple accents
01:41 +651 -2: C:/Users/Atharva Patil/Documents/projects/gymlog/test/screens_theme_test.dart: Screens Theme Verification Tests HomeScreen renders under multiple accents
01:42 +652 -2: C:/Users/Atharva Patil/Documents/projects/gymlog/test/screens_theme_test.dart: Screens Theme Verification Tests HomeScreen renders under multiple accents
01:42 +653 -2: C:/Users/Atharva Patil/Documents/projects/gymlog/test/screens_theme_test.dart: Screens Theme Verification Tests HomeScreen renders under multiple accents
01:42 +654 -2: C:/Users/Atharva Patil/Documents/projects/gymlog/test/screens_theme_test.dart: Screens Theme Verification Tests HomeScreen renders under multiple accents
01:43 +655 -2: C:/Users/Atharva Patil/Documents/projects/gymlog/test/screens_theme_test.dart: Screens Theme Verification Tests HomeScreen renders under multiple accents
01:43 +656 -2: C:/Users/Atharva Patil/Documents/projects/gymlog/test/screens_theme_test.dart: Screens Theme Verification Tests HomeScreen renders under multiple accents
01:43 +657 -2: C:/Users/Atharva Patil/Documents/projects/gymlog/test/screens_theme_test.dart: Screens Theme Verification Tests HomeScreen renders under multiple accents
01:44 +658 -2: C:/Users/Atharva Patil/Documents/projects/gymlog/test/screens_theme_test.dart: Screens Theme Verification Tests HomeScreen renders under multiple accents
01:46 +659 -2: C:/Users/Atharva Patil/Documents/projects/gymlog/test/screens_theme_test.dart: Screens Theme Verification Tests HomeScreen renders under multiple accents
01:46 +660 -2: C:/Users/Atharva Patil/Documents/projects/gymlog/test/screens_theme_test.dart: Screens Theme Verification Tests HomeScreen renders under multiple accents
01:46 +661 -2: C:/Users/Atharva Patil/Documents/projects/gymlog/test/screens_theme_test.dart: Screens Theme Verification Tests HomeScreen renders under multiple accents
01:46 +662 -2: C:/Users/Atharva Patil/Documents/projects/gymlog/test/screens_theme_test.dart: Screens Theme Verification Tests HomeScreen renders under multiple accents
01:46 +663 -2: C:/Users/Atharva Patil/Documents/projects/gymlog/test/screens_theme_test.dart: Screens Theme Verification Tests HomeScreen renders under multiple accents
01:46 +664 -2: C:/Users/Atharva Patil/Documents/projects/gymlog/test/screens_theme_test.dart: Screens Theme Verification Tests HomeScreen renders under multiple accents
01:46 +665 -2: C:/Users/Atharva Patil/Documents/projects/gymlog/test/screens_theme_test.dart: Screens Theme Verification Tests HomeScreen renders under multiple accents
01:46 +666 -2: C:/Users/Atharva Patil/Documents/projects/gymlog/test/screens_theme_test.dart: Screens Theme Verification Tests HomeScreen renders under multiple accents
01:46 +667 -2: C:/Users/Atharva Patil/Documents/projects/gymlog/test/screens_theme_test.dart: Screens Theme Verification Tests HomeScreen renders under multiple accents
01:46 +668 -2: C:/Users/Atharva Patil/Documents/projects/gymlog/test/screens_theme_test.dart: Screens Theme Verification Tests HomeScreen renders under multiple accents
01:46 +669 -2: C:/Users/Atharva Patil/Documents/projects/gymlog/test/screens_theme_test.dart: Screens Theme Verification Tests HomeScreen renders under multiple accents
01:46 +670 -2: C:/Users/Atharva Patil/Documents/projects/gymlog/test/screens_theme_test.dart: Screens Theme Verification Tests HomeScreen renders under multiple accents
01:47 +671 -2: C:/Users/Atharva Patil/Documents/projects/gymlog/test/screens_theme_test.dart: Screens Theme Verification Tests HomeScreen renders under multiple accents
01:47 +672 -2: C:/Users/Atharva Patil/Documents/projects/gymlog/test/screens_theme_test.dart: Screens Theme Verification Tests HomeScreen renders under multiple accents
01:47 +673 -2: C:/Users/Atharva Patil/Documents/projects/gymlog/test/screens_theme_test.dart: Screens Theme Verification Tests HomeScreen renders under multiple accents
01:47 +674 -2: C:/Users/Atharva Patil/Documents/projects/gymlog/test/screens_theme_test.dart: Screens Theme Verification Tests HomeScreen renders under multiple accents
01:47 +675 -2: C:/Users/Atharva Patil/Documents/projects/gymlog/test/screens_theme_test.dart: Screens Theme Verification Tests HomeScreen renders under multiple accents
01:47 +676 -2: C:/Users/Atharva Patil/Documents/projects/gymlog/test/screens_theme_test.dart: Screens Theme Verification Tests HomeScreen renders under multiple accents
01:48 +677 -2: C:/Users/Atharva Patil/Documents/projects/gymlog/test/screens_theme_test.dart: Screens Theme Verification Tests HomeScreen renders under multiple accents
01:48 +678 -2: C:/Users/Atharva Patil/Documents/projects/gymlog/test/screens_theme_test.dart: Screens Theme Verification Tests HomeScreen renders under multiple accents
01:48 +679 -2: C:/Users/Atharva Patil/Documents/projects/gymlog/test/screens_theme_test.dart: Screens Theme Verification Tests HomeScreen renders under multiple accents
01:48 +680 -2: C:/Users/Atharva Patil/Documents/projects/gymlog/test/screens_theme_test.dart: Screens Theme Verification Tests HomeScreen renders under multiple accents
01:48 +681 -2: C:/Users/Atharva Patil/Documents/projects/gymlog/test/screens_theme_test.dart: Screens Theme Verification Tests HomeScreen renders under multiple accents
01:48 +682 -2: C:/Users/Atharva Patil/Documents/projects/gymlog/test/screens_theme_test.dart: Screens Theme Verification Tests HomeScreen renders under multiple accents
01:48 +683 -2: C:/Users/Atharva Patil/Documents/projects/gymlog/test/screens_theme_test.dart: Screens Theme Verification Tests HomeScreen renders under multiple accents
01:48 +684 -2: C:/Users/Atharva Patil/Documents/projects/gymlog/test/screens_theme_test.dart: Screens Theme Verification Tests HomeScreen renders under multiple accents
01:48 +684 -2: C:/Users/Atharva Patil/Documents/projects/gymlog/test/shared/draft_recovery_test.dart: UX-95-02 — Safe Draft Recovery store.loadSnapshot handles corrupted payload internally
[WorkoutDraftStore] Corrupted or invalid draft payload: FormatException: Unterminated string (at character 30)
{"corrupted: no closing brace
                             ^
. Clearing draft.
01:48 +685 -2: C:/Users/Atharva Patil/Documents/projects/gymlog/test/screens_theme_test.dart: Screens Theme Verification Tests HomeScreen renders under multiple accents
01:48 +686 -2: C:/Users/Atharva Patil/Documents/projects/gymlog/test/screens_theme_test.dart: Screens Theme Verification Tests HomeScreen renders under multiple accents
01:48 +687 -2: C:/Users/Atharva Patil/Documents/projects/gymlog/test/screens_theme_test.dart: Screens Theme Verification Tests HomeScreen renders under multiple accents
01:48 +688 -2: C:/Users/Atharva Patil/Documents/projects/gymlog/test/screens_theme_test.dart: Screens Theme Verification Tests HomeScreen renders under multiple accents
01:48 +689 -2: C:/Users/Atharva Patil/Documents/projects/gymlog/test/screens_theme_test.dart: Screens Theme Verification Tests HomeScreen renders under multiple accents
══╡ EXCEPTION CAUGHT BY FLUTTER TEST FRAMEWORK ╞════════════════════════════════════════════════════
The following assertion was thrown running a test:
pumpAndSettle timed out

When the exception was thrown, this was the stack:
#0      WidgetTester.pumpAndSettle.<anonymous closure> (package:flutter_test/src/widget_tester.dart:717:11)
<asynchronous suspension>
#1      TestAsyncUtils.guard.<anonymous closure> (package:flutter_test/src/test_async_utils.dart:130:27)
<asynchronous suspension>
#2      main.<anonymous closure>.<anonymous closure> (file:///C:/Users/Atharva%20Patil/Documents/projects/gymlog/test/screens_theme_test.dart:95:9)
<asynchronous suspension>
#3      testWidgets.<anonymous closure>.<anonymous closure> (package:flutter_test/src/widget_tester.dart:192:15)
<asynchronous suspension>
#4      TestWidgetsFlutterBinding._runTestBody (package:flutter_test/src/binding.dart:1952:5)
<asynchronous suspension>
<asynchronous suspension>
(elided one frame from package:stack_trace)

The test description was:
  HomeScreen renders under multiple accents
════════════════════════════════════════════════════════════════════════════════════════════════════
01:48 +689 -3: C:/Users/Atharva Patil/Documents/projects/gymlog/test/set_row_measurement_types_test.dart: R6 — Inline validation tapping check with empty required fields does NOT call onToggleComplete
01:48 +689 -3: C:/Users/Atharva Patil/Documents/projects/gymlog/test/screens_theme_test.dart: Screens Theme Verification Tests HomeScreen renders under multiple accents [E]
  Test failed. See exception logs above.
  The test description was: HomeScreen renders under multiple accents
  
Warning: At least one test in this suite creates an HttpClient. When running a test suite that uses
TestWidgetsFlutterBinding, all HTTP requests will return status code 400, and no network request
will actually be made. Any test expecting a real network connection and status code will fail.
To test code that needs an HttpClient, provide your own HttpClient implementation to the code under
test, so that your test can consistently provide a testable response to the code under test.
01:48 +690 -3: C:/Users/Atharva Patil/Documents/projects/gymlog/test/screens_theme_test.dart: Screens Theme Verification Tests WorkoutDetailScreen renders under multiple accents
01:49 +691 -3: C:/Users/Atharva Patil/Documents/projects/gymlog/test/screens_theme_test.dart: Screens Theme Verification Tests WorkoutDetailScreen renders under multiple accents
01:49 +692 -3: C:/Users/Atharva Patil/Documents/projects/gymlog/test/screens_theme_test.dart: Screens Theme Verification Tests WorkoutDetailScreen renders under multiple accents
01:49 +693 -3: C:/Users/Atharva Patil/Documents/projects/gymlog/test/screens_theme_test.dart: Screens Theme Verification Tests WorkoutDetailScreen renders under multiple accents
01:49 +694 -3: C:/Users/Atharva Patil/Documents/projects/gymlog/test/screens_theme_test.dart: Screens Theme Verification Tests WorkoutDetailScreen renders under multiple accents
01:49 +695 -3: C:/Users/Atharva Patil/Documents/projects/gymlog/test/screens_theme_test.dart: Screens Theme Verification Tests WorkoutDetailScreen renders under multiple accents
01:49 +696 -3: C:/Users/Atharva Patil/Documents/projects/gymlog/test/set_row_measurement_types_test.dart: R8 — Focus order and keyboard actions distance: the single (weight-slot) field has TextInputAction.next
01:49 +697 -3: C:/Users/Atharva Patil/Documents/projects/gymlog/test/screens_theme_test.dart: Screens Theme Verification Tests RoutineDetailScreen renders under multiple accents
01:49 +698 -3: C:/Users/Atharva Patil/Documents/projects/gymlog/test/screens_theme_test.dart: Screens Theme Verification Tests RoutineDetailScreen renders under multiple accents
01:49 +699 -3: C:/Users/Atharva Patil/Documents/projects/gymlog/test/screens_theme_test.dart: Screens Theme Verification Tests RoutineDetailScreen renders under multiple accents
01:49 +700 -3: C:/Users/Atharva Patil/Documents/projects/gymlog/test/set_row_measurement_types_test.dart: Previous label formatting duration shows "60s"
01:49 +701 -3: C:/Users/Atharva Patil/Documents/projects/gymlog/test/screens_theme_test.dart: Screens Theme Verification Tests ExerciseDetailScreen renders under multiple accents
01:50 +702 -3: C:/Users/Atharva Patil/Documents/projects/gymlog/test/screens_theme_test.dart: Screens Theme Verification Tests ExerciseDetailScreen renders under multiple accents
01:50 +703 -3: C:/Users/Atharva Patil/Documents/projects/gymlog/test/screens_theme_test.dart: Screens Theme Verification Tests ExerciseDetailScreen renders under multiple accents
01:50 +704 -3: C:/Users/Atharva Patil/Documents/projects/gymlog/test/screens_theme_test.dart: Screens Theme Verification Tests ExerciseDetailScreen renders under multiple accents
01:50 +705 -3: C:/Users/Atharva Patil/Documents/projects/gymlog/test/set_row_measurement_types_test.dart: Previous-session backfill on complete weightAndReps: backfills both weight and reps
01:50 +706 -3: C:/Users/Atharva Patil/Documents/projects/gymlog/test/screens_theme_test.dart: Screens Theme Verification Tests DeleteAccountScreen renders under multiple accents
01:51 +707 -3: C:/Users/Atharva Patil/Documents/projects/gymlog/test/screens_theme_test.dart: Screens Theme Verification Tests DeleteAccountScreen renders under multiple accents
01:51 +708 -3: C:/Users/Atharva Patil/Documents/projects/gymlog/test/screens_theme_test.dart: Screens Theme Verification Tests DeleteAccountScreen renders under multiple accents
01:51 +709 -3: C:/Users/Atharva Patil/Documents/projects/gymlog/test/screens_theme_test.dart: Screens Theme Verification Tests DeleteAccountScreen renders under multiple accents
01:51 +710 -3: C:/Users/Atharva Patil/Documents/projects/gymlog/test/screens_theme_test.dart: Screens Theme Verification Tests DeleteAccountScreen renders under multiple accents
01:51 +711 -3: C:/Users/Atharva Patil/Documents/projects/gymlog/test/screens_theme_test.dart: Screens Theme Verification Tests DeleteAccountScreen renders under multiple accents
01:51 +712 -3: C:/Users/Atharva Patil/Documents/projects/gymlog/test/screens_theme_test.dart: Screens Theme Verification Tests DeleteAccountScreen renders under multiple accents
01:51 +713 -3: C:/Users/Atharva Patil/Documents/projects/gymlog/test/screens_theme_test.dart: Screens Theme Verification Tests DeleteAccountScreen renders under multiple accents
01:51 +714 -3: C:/Users/Atharva Patil/Documents/projects/gymlog/test/screens_theme_test.dart: Screens Theme Verification Tests DeleteAccountScreen renders under multiple accents
01:51 +715 -3: C:/Users/Atharva Patil/Documents/projects/gymlog/test/screens_theme_test.dart: Screens Theme Verification Tests DeleteAccountScreen renders under multiple accents
01:51 +716 -3: C:/Users/Atharva Patil/Documents/projects/gymlog/test/screens_theme_test.dart: Screens Theme Verification Tests ImportScreen renders under multiple accents
01:51 +717 -3: C:/Users/Atharva Patil/Documents/projects/gymlog/test/screens_theme_test.dart: Screens Theme Verification Tests ActiveWorkoutScreen renders under multiple accents
01:52 +718 -3: C:/Users/Atharva Patil/Documents/projects/gymlog/test/sign_out_outcome_test.dart: SignOutCoordinator.execute outcome reports cloudSignOutFailed when the Supabase sign-out throws
01:52 +719 -3: C:/Users/Atharva Patil/Documents/projects/gymlog/test/sign_out_outcome_test.dart: SignOutCoordinator.execute outcome reports complete when both cloud sign-outs succeed
01:52 +720 -3: C:/Users/Atharva Patil/Documents/projects/gymlog/test/sign_out_outcome_test.dart: SignOutCoordinator.execute outcome returns complete without touching cloud when no user is signed in
01:53 +721 -3: C:/Users/Atharva Patil/Documents/projects/gymlog/test/skeleton_radii_test.dart: WorkoutHistoryCardSkeleton thumbnail uses AppRadius.thumbnail
01:54 +722 -3: C:/Users/Atharva Patil/Documents/projects/gymlog/test/skeleton_radii_test.dart: WorkoutHistoryCardSkeleton thumbnail uses AppRadius.thumbnail
01:54 +723 -3: C:/Users/Atharva Patil/Documents/projects/gymlog/test/skeleton_radii_test.dart: WorkoutHistoryCardSkeleton thumbnail uses AppRadius.thumbnail
01:54 +724 -3: C:/Users/Atharva Patil/Documents/projects/gymlog/test/skeleton_radii_test.dart: WorkoutHistoryCardSkeleton thumbnail uses AppRadius.thumbnail
01:54 +725 -3: C:/Users/Atharva Patil/Documents/projects/gymlog/test/skeleton_radii_test.dart: RoutineDetailScreen skeleton uses correct tokenized radii
01:54 +726 -3: C:/Users/Atharva Patil/Documents/projects/gymlog/test/skeleton_radii_test.dart: WorkoutScreen routines skeleton uses correct tokenized radii
01:55 +727 -3: C:/Users/Atharva Patil/Documents/projects/gymlog/test/sync/sync_quarantine_and_monotonic_test.dart: corrupt payload is quarantined and does not abort pull of good objects
[SyncEngine] Quarantined object session:corrupt (reason: decodeFailure)
01:55 +728 -3: C:/Users/Atharva Patil/Documents/projects/gymlog/test/sync/sync_quarantine_and_monotonic_test.dart: unsupported schema version is quarantined
[SyncEngine] Quarantined object session:s_future (reason: unsupportedVersion)
[SyncEngine] Quarantined object session:s_future (reason: unsupportedVersion)
01:55 +729 -3: C:/Users/Atharva Patil/Documents/projects/gymlog/test/sync/sync_quarantine_and_monotonic_test.dart: quarantined object is removed from outbox and does not retry on every sync
[SyncEngine] Quarantined object session:bad_obj (reason: decodeFailure)
01:55 +730 -3: C:/Users/Atharva Patil/Documents/projects/gymlog/test/sync/sync_quarantine_and_monotonic_test.dart: outbox coalesces multiple edits for (userId, entityType, entityId)
01:55 +731 -3: C:/Users/Atharva Patil/Documents/projects/gymlog/test/sync/sync_quarantine_and_monotonic_test.dart: duplicate operation is idempotent
[SyncEngine] Quarantined object session:s1 (reason: localConstraintFailure)
01:55 +732 -3: C:/Users/Atharva Patil/Documents/projects/gymlog/test/sync/sync_quarantine_and_monotonic_test.dart: stale revision reports conflict and clock skew does not decide winner
[SyncEngine] Quarantined object session:s1 (reason: localConstraintFailure)
01:55 +733 -3: C:/Users/Atharva Patil/Documents/projects/gymlog/test/sync_engine_test.dart: (setUpAll)
01:55 +733 -3: C:/Users/Atharva Patil/Documents/projects/gymlog/test/sync/sync_quarantine_and_monotonic_test.dart: account ownership mismatch is quarantined
[SyncEngine] Quarantined object session:s1 (reason: ownershipMismatch)
[SyncEngine] Quarantined object session:s1 (reason: ownershipMismatch)
01:55 +734 -3: C:/Users/Atharva Patil/Documents/projects/gymlog/test/sync_engine_test.dart: codec round-trips and actually compresses repetitive JSON
01:55 +735 -3: C:/Users/Atharva Patil/Documents/projects/gymlog/test/sync_engine_test.dart: codec round-trips and actually compresses repetitive JSON
01:55 +736 -3: C:/Users/Atharva Patil/Documents/projects/gymlog/test/sync_engine_test.dart: codec round-trips and actually compresses repetitive JSON
01:55 +737 -3: C:/Users/Atharva Patil/Documents/projects/gymlog/test/sync_engine_test.dart: enqueueSession queues one row; syncNow uploads and clears it
01:56 +738 -3: C:/Users/Atharva Patil/Documents/projects/gymlog/test/sync_engine_test.dart: offline keeps the queue; a later retry delivers it
[SyncEngine] push failed: Exception: offline
01:56 +739 -3: C:/Users/Atharva Patil/Documents/projects/gymlog/test/sync_engine_test.dart: re-enqueuing the same session coalesces to one queued row
01:56 +740 -3: C:/Users/Atharva Patil/Documents/projects/gymlog/test/sync_engine_test.dart: session round-trip: push, wipe local, pull, rehydrate
01:56 +741 -3: C:/Users/Atharva Patil/Documents/projects/gymlog/test/sync_engine_test.dart: batches large queues across multiple push calls
01:56 +742 -3: C:/Users/Atharva Patil/Documents/projects/gymlog/test/sync_engine_test.dart: batches large queues across multiple push calls
01:57 +743 -3: C:/Users/Atharva Patil/Documents/projects/gymlog/test/sync_engine_test.dart: batches large queues across multiple push calls
01:57 +744 -3: C:/Users/Atharva Patil/Documents/projects/gymlog/test/sync_engine_test.dart: batches large queues across multiple push calls
01:57 +745 -3: C:/Users/Atharva Patil/Documents/projects/gymlog/test/sync_engine_test.dart: batches large queues across multiple push calls
01:57 +746 -3: C:/Users/Atharva Patil/Documents/projects/gymlog/test/sync_engine_test.dart: batches large queues across multiple push calls
01:57 +747 -3: C:/Users/Atharva Patil/Documents/projects/gymlog/test/sync_engine_test.dart: batches large queues across multiple push calls
01:57 +748 -3: C:/Users/Atharva Patil/Documents/projects/gymlog/test/sync_engine_test.dart: batches large queues across multiple push calls
01:57 +749 -3: C:/Users/Atharva Patil/Documents/projects/gymlog/test/sync_engine_test.dart: batches large queues across multiple push calls
01:57 +750 -3: C:/Users/Atharva Patil/Documents/projects/gymlog/test/sync_engine_test.dart: batches large queues across multiple push calls
01:57 +751 -3: C:/Users/Atharva Patil/Documents/projects/gymlog/test/sync_engine_test.dart: batches large queues across multiple push calls
01:57 +752 -3: C:/Users/Atharva Patil/Documents/projects/gymlog/test/sync_engine_test.dart: batches large queues across multiple push calls
01:57 +753 -3: C:/Users/Atharva Patil/Documents/projects/gymlog/test/sync_engine_test.dart: batches large queues across multiple push calls
01:57 +754 -3: C:/Users/Atharva Patil/Documents/projects/gymlog/test/sync_engine_test.dart: batches large queues across multiple push calls
01:57 +755 -3: C:/Users/Atharva Patil/Documents/projects/gymlog/test/sync_engine_test.dart: batches large queues across multiple push calls
01:57 +756 -3: C:/Users/Atharva Patil/Documents/projects/gymlog/test/sync_engine_test.dart: batches large queues across multiple push calls
01:57 +757 -3: C:/Users/Atharva Patil/Documents/projects/gymlog/test/sync_engine_test.dart: batches large queues across multiple push calls
01:57 +758 -3: C:/Users/Atharva Patil/Documents/projects/gymlog/test/sync_engine_test.dart: batches large queues across multiple push calls
01:57 +759 -3: C:/Users/Atharva Patil/Documents/projects/gymlog/test/sync_engine_test.dart: batches large queues across multiple push calls
01:58 +760 -3: C:/Users/Atharva Patil/Documents/projects/gymlog/test/sync_engine_test.dart: batches large queues across multiple push calls
01:58 +761 -3: C:/Users/Atharva Patil/Documents/projects/gymlog/test/sync_engine_test.dart: batches large queues across multiple push calls
01:58 +762 -3: C:/Users/Atharva Patil/Documents/projects/gymlog/test/sync_engine_test.dart: batches large queues across multiple push calls
01:58 +763 -3: C:/Users/Atharva Patil/Documents/projects/gymlog/test/sync_engine_test.dart: batches large queues across multiple push calls
01:58 +764 -3: C:/Users/Atharva Patil/Documents/projects/gymlog/test/sync_engine_test.dart: routines creating a routine auto-enqueues it (DAO-level coverage)
01:59 +765 -3: C:/Users/Atharva Patil/Documents/projects/gymlog/test/sync_engine_test.dart: routines routine round-trip: push, wipe local, pull, rehydrate
01:59 +766 -3: C:/Users/Atharva Patil/Documents/projects/gymlog/test/sync_engine_test.dart: routines deleting a routine queues a tombstone
01:59 +767 -3: C:/Users/Atharva Patil/Documents/projects/gymlog/test/sync_engine_test.dart: routines pulling a deleted routine deletes it locally without re-enqueuing tombstone
01:59 +768 -3: C:/Users/Atharva Patil/Documents/projects/gymlog/test/sync_engine_test.dart: preferences round-trip restores weight unit + rest seconds
01:59 +769 -3: C:/Users/Atharva Patil/Documents/projects/gymlog/test/sync_engine_test.dart: (tearDownAll)
01:59 +769 -3: C:/Users/Atharva Patil/Documents/projects/gymlog/test/ui_p0_01_device_acceptance_test.dart: UI-P0-01 Complete Device Acceptance & Geometry Test Suite DEV-01 & DEV-03: No-equipment vs Assisted Machine layout
02:00 +770 -3: C:/Users/Atharva Patil/Documents/projects/gymlog/test/undoable_delete_test.dart: showUndoableDelete shows snackbar, handles Undo, and commits on expire/hide
02:00 +771 -3: C:/Users/Atharva Patil/Documents/projects/gymlog/test/undoable_delete_test.dart: showUndoableDelete shows snackbar, handles Undo, and commits on expire/hide
02:00 +772 -3: C:/Users/Atharva Patil/Documents/projects/gymlog/test/undoable_delete_test.dart: showUndoableDelete shows snackbar, handles Undo, and commits on expire/hide
02:00 +773 -3: C:/Users/Atharva Patil/Documents/projects/gymlog/test/undoable_delete_test.dart: showUndoableDelete shows snackbar, handles Undo, and commits on expire/hide
02:02 +774 -3: C:/Users/Atharva Patil/Documents/projects/gymlog/test/upgrade/error_reassurance_render_test.dart: async-error-higgsfield-1.0x-synthetic
02:02 +775 -3: C:/Users/Atharva Patil/Documents/projects/gymlog/test/upgrade/error_reassurance_render_test.dart: async-error-higgsfield-1.0x-synthetic
02:02 +776 -3: C:/Users/Atharva Patil/Documents/projects/gymlog/test/upgrade/error_reassurance_render_test.dart: async-error-higgsfield-1.0x-synthetic
02:02 +777 -3: C:/Users/Atharva Patil/Documents/projects/gymlog/test/upgrade/error_reassurance_render_test.dart: async-error-higgsfield-1.0x-synthetic
02:02 +778 -3: C:/Users/Atharva Patil/Documents/projects/gymlog/test/upgrade/error_reassurance_render_test.dart: async-error-higgsfield-1.0x-synthetic
02:02 +779 -3: C:/Users/Atharva Patil/Documents/projects/gymlog/test/upgrade/error_reassurance_render_test.dart: async-error-higgsfield-1.0x-synthetic
02:02 +780 -3: C:/Users/Atharva Patil/Documents/projects/gymlog/test/upgrade/error_reassurance_render_test.dart: async-error-higgsfield-1.0x-synthetic
02:02 +781 -3: C:/Users/Atharva Patil/Documents/projects/gymlog/test/upgrade/error_reassurance_render_test.dart: async-error-higgsfield-1.0x-synthetic
02:02 +782 -3: C:/Users/Atharva Patil/Documents/projects/gymlog/test/upgrade/error_reassurance_render_test.dart: async-error-higgsfield-1.0x-synthetic
02:02 +783 -3: C:/Users/Atharva Patil/Documents/projects/gymlog/test/upgrade/error_reassurance_render_test.dart: async-error-higgsfield-1.0x-synthetic
02:02 +784 -3: C:/Users/Atharva Patil/Documents/projects/gymlog/test/upgrade/error_reassurance_render_test.dart: async-error-higgsfield-1.0x-synthetic
02:02 +785 -3: C:/Users/Atharva Patil/Documents/projects/gymlog/test/upgrade/error_reassurance_render_test.dart: async-error-higgsfield-1.0x-synthetic
02:02 +786 -3: C:/Users/Atharva Patil/Documents/projects/gymlog/test/upgrade/error_reassurance_render_test.dart: async-error-higgsfield-1.0x-synthetic
02:02 +787 -3: C:/Users/Atharva Patil/Documents/projects/gymlog/test/upgrade/error_reassurance_render_test.dart: async-error-higgsfield-1.0x-synthetic
02:02 +788 -3: C:/Users/Atharva Patil/Documents/projects/gymlog/test/upgrade/error_reassurance_render_test.dart: async-error-higgsfield-1.0x-synthetic
02:02 +789 -3: C:/Users/Atharva Patil/Documents/projects/gymlog/test/upgrade/error_reassurance_render_test.dart: async-error-higgsfield-1.0x-synthetic
02:02 +790 -3: C:/Users/Atharva Patil/Documents/projects/gymlog/test/upgrade/error_reassurance_test.dart: async-error does not guarantee storage integrity on an error
02:02 +791 -3: C:/Users/Atharva Patil/Documents/projects/gymlog/test/upgrade/error_reassurance_test.dart: async-error does not guarantee storage integrity on an error
02:02 +792 -3: C:/Users/Atharva Patil/Documents/projects/gymlog/test/upgrade/error_reassurance_test.dart: async-error does not guarantee storage integrity on an error
02:02 +793 -3: C:/Users/Atharva Patil/Documents/projects/gymlog/test/upgrade/error_reassurance_test.dart: async-error does not guarantee storage integrity on an error
02:02 +794 -3: C:/Users/Atharva Patil/Documents/projects/gymlog/test/upgrade/error_reassurance_test.dart: async-error does not guarantee storage integrity on an error
02:02 +795 -3: C:/Users/Atharva Patil/Documents/projects/gymlog/test/upgrade/error_reassurance_test.dart: async-error does not guarantee storage integrity on an error
02:02 +796 -3: C:/Users/Atharva Patil/Documents/projects/gymlog/test/upgrade/error_reassurance_test.dart: async-error does not guarantee storage integrity on an error
02:02 +797 -3: C:/Users/Atharva Patil/Documents/projects/gymlog/test/upgrade/error_reassurance_test.dart: async-error does not guarantee storage integrity on an error
02:02 +798 -3: C:/Users/Atharva Patil/Documents/projects/gymlog/test/upgrade/session_1_correctness_test.dart: pace celebration converts current and previous spoken pace
02:03 +799 -3: C:/Users/Atharva Patil/Documents/projects/gymlog/test/upgrade/session_1_correctness_test.dart: pace celebration converts current and previous spoken pace
02:03 +800 -3: C:/Users/Atharva Patil/Documents/projects/gymlog/test/upgrade/session_1_correctness_test.dart: pace celebration converts current and previous spoken pace
02:03 +801 -3: C:/Users/Atharva Patil/Documents/projects/gymlog/test/upgrade/session_1_correctness_test.dart: pace celebration converts current and previous spoken pace
02:03 +802 -3: C:/Users/Atharva Patil/Documents/projects/gymlog/test/upgrade/session_1_correctness_test.dart: pace celebration converts current and previous spoken pace
02:03 +803 -3: C:/Users/Atharva Patil/Documents/projects/gymlog/test/upgrade/error_reassurance_render_test.dart: roles-higgsfield-1.0x-synthetic
02:04 +804 -3: C:/Users/Atharva Patil/Documents/projects/gymlog/test/upgrade/error_reassurance_test.dart: offline sync status does not claim a completed save or guaranteed backup
02:04 +805 -3: C:/Users/Atharva Patil/Documents/projects/gymlog/test/upgrade/error_reassurance_test.dart: offline sync status does not claim a completed save or guaranteed backup
02:04 +806 -3: C:/Users/Atharva Patil/Documents/projects/gymlog/test/upgrade/error_reassurance_render_test.dart: offline-higgsfield-1.0x-synthetic
02:04 +807 -3: C:/Users/Atharva Patil/Documents/projects/gymlog/test/upgrade/error_reassurance_render_test.dart: offline-higgsfield-1.0x-synthetic
02:04 +808 -3: C:/Users/Atharva Patil/Documents/projects/gymlog/test/upgrade/error_reassurance_test.dart: storage-free describes successful saves without instant/guaranteed backup claims
02:05 +809 -3: C:/Users/Atharva Patil/Documents/projects/gymlog/test/upgrade/error_reassurance_test.dart: storage-free describes successful saves without instant/guaranteed backup claims
02:05 +810 -3: C:/Users/Atharva Patil/Documents/projects/gymlog/test/upgrade/session_1_render_test.dart: header-weighted-higgsfield-1.0x-synthetic
02:05 +811 -3: C:/Users/Atharva Patil/Documents/projects/gymlog/test/upgrade/session_1_render_test.dart: header-weighted-higgsfield-1.0x-synthetic
02:05 +812 -3: C:/Users/Atharva Patil/Documents/projects/gymlog/test/upgrade/session_1_render_test.dart: header-weighted-higgsfield-1.0x-synthetic
02:05 +813 -3: C:/Users/Atharva Patil/Documents/projects/gymlog/test/upgrade/session_1_render_test.dart: header-weighted-higgsfield-1.0x-synthetic
02:06 +814 -3: C:/Users/Atharva Patil/Documents/projects/gymlog/test/upgrade/session_1_render_test.dart: header-weighted-higgsfield-1.0x-synthetic
02:06 +815 -3: C:/Users/Atharva Patil/Documents/projects/gymlog/test/upgrade/session_1_render_test.dart: header-weighted-higgsfield-1.0x-synthetic
02:06 +816 -3: C:/Users/Atharva Patil/Documents/projects/gymlog/test/upgrade/error_reassurance_render_test.dart: storage-free-higgsfield-1.0x-synthetic
02:06 +817 -3: C:/Users/Atharva Patil/Documents/projects/gymlog/test/upgrade/error_reassurance_render_test.dart: storage-free-higgsfield-1.0x-synthetic
02:06 +818 -3: C:/Users/Atharva Patil/Documents/projects/gymlog/test/upgrade/session_1_correctness_test.dart: finish review does not announce completion before save
02:06 +819 -3: C:/Users/Atharva Patil/Documents/projects/gymlog/test/upgrade/session_1_correctness_test.dart: finish review does not announce completion before save
02:06 +820 -3: C:/Users/Atharva Patil/Documents/projects/gymlog/test/upgrade/session_1_correctness_test.dart: finish review does not announce completion before save
02:06 +821 -3: C:/Users/Atharva Patil/Documents/projects/gymlog/test/upgrade/error_reassurance_render_test.dart: storage-pro-higgsfield-1.0x-synthetic
02:06 +822 -3: C:/Users/Atharva Patil/Documents/projects/gymlog/test/upgrade/error_reassurance_render_test.dart: storage-pro-higgsfield-1.0x-synthetic
02:06 +823 -3: C:/Users/Atharva Patil/Documents/projects/gymlog/test/upgrade/error_reassurance_render_test.dart: storage-pro-higgsfield-1.0x-synthetic
02:06 +824 -3: C:/Users/Atharva Patil/Documents/projects/gymlog/test/upgrade/error_reassurance_render_test.dart: storage-pro-higgsfield-1.0x-synthetic
02:06 +825 -3: C:/Users/Atharva Patil/Documents/projects/gymlog/test/upgrade/error_reassurance_render_test.dart: storage-pro-higgsfield-1.0x-synthetic
02:06 +826 -3: C:/Users/Atharva Patil/Documents/projects/gymlog/test/upgrade/session_1_render_test.dart: finish-weighted-higgsfield-1.0x-synthetic
02:06 +827 -3: C:/Users/Atharva Patil/Documents/projects/gymlog/test/upgrade/session_1_render_test.dart: finish-weighted-higgsfield-1.0x-synthetic
02:07 +828 -3: C:/Users/Atharva Patil/Documents/projects/gymlog/test/upgrade/session_1_render_test.dart: finish-weighted-higgsfield-1.0x-synthetic
02:07 +829 -3: C:/Users/Atharva Patil/Documents/projects/gymlog/test/upgrade/session_1_render_test.dart: finish-weighted-higgsfield-1.0x-synthetic
02:07 +830 -3: C:/Users/Atharva Patil/Documents/projects/gymlog/test/upgrade/error_reassurance_render_test.dart: routine-error-higgsfield-1.6x-synthetic
02:07 +831 -3: C:/Users/Atharva Patil/Documents/projects/gymlog/test/upgrade/session_1_render_test.dart: finish-reps-higgsfield-1.0x-synthetic
02:07 +832 -3: C:/Users/Atharva Patil/Documents/projects/gymlog/test/upgrade/error_reassurance_render_test.dart: roles-higgsfield-1.6x-synthetic
02:07 +833 -3: C:/Users/Atharva Patil/Documents/projects/gymlog/test/upgrade/session_1_render_test.dart: finish-timed-higgsfield-1.0x-synthetic
02:07 +834 -3: C:/Users/Atharva Patil/Documents/projects/gymlog/test/upgrade/error_reassurance_render_test.dart: offline-higgsfield-1.6x-synthetic
02:07 +835 -3: C:/Users/Atharva Patil/Documents/projects/gymlog/test/upgrade/error_reassurance_render_test.dart: offline-higgsfield-1.6x-synthetic
02:07 +836 -3: C:/Users/Atharva Patil/Documents/projects/gymlog/test/upgrade/session_1_render_test.dart: pr-higgsfield-1.0x-synthetic
02:07 +837 -3: C:/Users/Atharva Patil/Documents/projects/gymlog/test/upgrade/error_reassurance_render_test.dart: sync-error-higgsfield-1.6x-synthetic
02:08 +838 -3: C:/Users/Atharva Patil/Documents/projects/gymlog/test/upgrade/error_reassurance_render_test.dart: sync-error-higgsfield-1.6x-synthetic
02:08 +839 -3: C:/Users/Atharva Patil/Documents/projects/gymlog/test/upgrade/session_1_render_test.dart: share-monument-higgsfield-1.0x-synthetic
02:08 +840 -3: C:/Users/Atharva Patil/Documents/projects/gymlog/test/upgrade/error_reassurance_render_test.dart: storage-free-higgsfield-1.6x-synthetic
02:08 +841 -3: C:/Users/Atharva Patil/Documents/projects/gymlog/test/upgrade/error_reassurance_render_test.dart: storage-free-higgsfield-1.6x-synthetic
02:08 +842 -3: C:/Users/Atharva Patil/Documents/projects/gymlog/test/upgrade/error_reassurance_render_test.dart: storage-free-higgsfield-1.6x-synthetic
02:08 +843 -3: C:/Users/Atharva Patil/Documents/projects/gymlog/test/upgrade/session_1_render_test.dart: share-duration-monument-higgsfield-1.0x-synthetic
02:08 +844 -3: C:/Users/Atharva Patil/Documents/projects/gymlog/test/upgrade/error_reassurance_render_test.dart: storage-pro-higgsfield-1.6x-synthetic
02:08 +845 -3: C:/Users/Atharva Patil/Documents/projects/gymlog/test/upgrade/error_reassurance_render_test.dart: storage-pro-higgsfield-1.6x-synthetic
02:09 +846 -3: C:/Users/Atharva Patil/Documents/projects/gymlog/test/upgrade/error_reassurance_render_test.dart: storage-pro-higgsfield-1.6x-synthetic
02:09 +847 -3: C:/Users/Atharva Patil/Documents/projects/gymlog/test/upgrade/error_reassurance_render_test.dart: storage-pro-higgsfield-1.6x-synthetic
02:09 +848 -3: C:/Users/Atharva Patil/Documents/projects/gymlog/test/upgrade/session_2_acceptance_render_test.dart: home-chosen-higgsfield-1.0x-synthetic
02:09 +849 -3: C:/Users/Atharva Patil/Documents/projects/gymlog/test/upgrade/session_2_acceptance_render_test.dart: home-chosen-higgsfield-1.0x-synthetic
02:09 +850 -3: C:/Users/Atharva Patil/Documents/projects/gymlog/test/upgrade/session_2_acceptance_render_test.dart: home-chosen-higgsfield-1.0x-synthetic
02:09 +851 -3: C:/Users/Atharva Patil/Documents/projects/gymlog/test/upgrade/session_2_acceptance_render_test.dart: home-chosen-higgsfield-1.0x-synthetic
02:09 +852 -3: C:/Users/Atharva Patil/Documents/projects/gymlog/test/upgrade/session_2_acceptance_render_test.dart: home-chosen-higgsfield-1.0x-synthetic
02:09 +853 -3: C:/Users/Atharva Patil/Documents/projects/gymlog/test/upgrade/session_2_acceptance_render_test.dart: home-chosen-higgsfield-1.0x-synthetic
02:09 +854 -3: C:/Users/Atharva Patil/Documents/projects/gymlog/test/upgrade/session_2_acceptance_render_test.dart: home-chosen-higgsfield-1.0x-synthetic
02:09 +855 -3: C:/Users/Atharva Patil/Documents/projects/gymlog/test/upgrade/session_2_acceptance_render_test.dart: home-chosen-higgsfield-1.0x-synthetic
02:09 +856 -3: C:/Users/Atharva Patil/Documents/projects/gymlog/test/upgrade/session_2_acceptance_render_test.dart: home-chosen-higgsfield-1.0x-synthetic
02:09 +857 -3: C:/Users/Atharva Patil/Documents/projects/gymlog/test/upgrade/session_2_acceptance_render_test.dart: home-chosen-higgsfield-1.0x-synthetic
02:09 +858 -3: C:/Users/Atharva Patil/Documents/projects/gymlog/test/upgrade/session_2_acceptance_render_test.dart: home-chosen-higgsfield-1.0x-synthetic
02:10 +859 -3: C:/Users/Atharva Patil/Documents/projects/gymlog/test/upgrade/session_2_acceptance_render_test.dart: home-chosen-higgsfield-1.0x-synthetic
02:10 +860 -3: C:/Users/Atharva Patil/Documents/projects/gymlog/test/upgrade/session_2_acceptance_render_test.dart: home-chosen-higgsfield-1.0x-synthetic
02:10 +861 -3: C:/Users/Atharva Patil/Documents/projects/gymlog/test/upgrade/session_2_acceptance_render_test.dart: home-chosen-higgsfield-1.0x-synthetic
02:10 +862 -3: C:/Users/Atharva Patil/Documents/projects/gymlog/test/upgrade/session_2_acceptance_render_test.dart: home-chosen-higgsfield-1.0x-synthetic
02:10 +863 -3: C:/Users/Atharva Patil/Documents/projects/gymlog/test/upgrade/session_2_acceptance_render_test.dart: home-chosen-higgsfield-1.0x-synthetic
02:10 +864 -3: C:/Users/Atharva Patil/Documents/projects/gymlog/test/upgrade/session_2_acceptance_render_test.dart: home-chosen-higgsfield-1.0x-synthetic
02:10 +865 -3: C:/Users/Atharva Patil/Documents/projects/gymlog/test/upgrade/session_2_acceptance_render_test.dart: home-chosen-higgsfield-1.0x-synthetic
02:11 +866 -3: C:/Users/Atharva Patil/Documents/projects/gymlog/test/upgrade/session_2_acceptance_render_test.dart: home-chosen-higgsfield-1.0x-synthetic
02:11 +867 -3: C:/Users/Atharva Patil/Documents/projects/gymlog/test/upgrade/session_2_acceptance_render_test.dart: home-chosen-higgsfield-1.0x-synthetic
02:11 +868 -3: C:/Users/Atharva Patil/Documents/projects/gymlog/test/upgrade/session_2_acceptance_render_test.dart: home-chosen-higgsfield-1.0x-synthetic
02:11 +869 -3: C:/Users/Atharva Patil/Documents/projects/gymlog/test/upgrade/session_2_acceptance_render_test.dart: home-chosen-higgsfield-1.0x-synthetic
02:11 +870 -3: C:/Users/Atharva Patil/Documents/projects/gymlog/test/upgrade/session_2_acceptance_render_test.dart: home-chosen-higgsfield-1.0x-synthetic
02:11 +871 -3: C:/Users/Atharva Patil/Documents/projects/gymlog/test/upgrade/session_2_acceptance_render_test.dart: home-chosen-higgsfield-1.0x-synthetic
02:11 +872 -3: C:/Users/Atharva Patil/Documents/projects/gymlog/test/upgrade/session_2_acceptance_render_test.dart: home-chosen-higgsfield-1.0x-synthetic
02:11 +873 -3: C:/Users/Atharva Patil/Documents/projects/gymlog/test/upgrade/session_2_acceptance_render_test.dart: home-chosen-higgsfield-1.0x-synthetic
02:11 +874 -3: C:/Users/Atharva Patil/Documents/projects/gymlog/test/upgrade/session_2_acceptance_render_test.dart: home-chosen-higgsfield-1.0x-synthetic
02:11 +875 -3: C:/Users/Atharva Patil/Documents/projects/gymlog/test/upgrade/session_2_acceptance_render_test.dart: home-chosen-higgsfield-1.0x-synthetic
02:11 +876 -3: C:/Users/Atharva Patil/Documents/projects/gymlog/test/upgrade/session_2_acceptance_render_test.dart: home-chosen-higgsfield-1.0x-synthetic
02:11 +877 -3: C:/Users/Atharva Patil/Documents/projects/gymlog/test/upgrade/session_2_acceptance_render_test.dart: home-chosen-higgsfield-1.0x-synthetic
02:11 +878 -3: C:/Users/Atharva Patil/Documents/projects/gymlog/test/upgrade/session_2_acceptance_render_test.dart: home-chosen-higgsfield-1.0x-synthetic
02:11 +879 -3: C:/Users/Atharva Patil/Documents/projects/gymlog/test/upgrade/session_2_acceptance_render_test.dart: home-chosen-higgsfield-1.0x-synthetic
02:11 +880 -3: C:/Users/Atharva Patil/Documents/projects/gymlog/test/upgrade/session_2_acceptance_render_test.dart: home-chosen-higgsfield-1.0x-synthetic
02:11 +881 -3: C:/Users/Atharva Patil/Documents/projects/gymlog/test/upgrade/session_2_acceptance_render_test.dart: home-chosen-higgsfield-1.0x-synthetic
02:12 +882 -3: C:/Users/Atharva Patil/Documents/projects/gymlog/test/upgrade/session_2_acceptance_render_test.dart: home-chosen-higgsfield-1.0x-synthetic
02:12 +883 -3: C:/Users/Atharva Patil/Documents/projects/gymlog/test/upgrade/session_2_acceptance_render_test.dart: home-chosen-higgsfield-1.0x-synthetic
02:12 +884 -3: C:/Users/Atharva Patil/Documents/projects/gymlog/test/upgrade/session_2_launchpad_test.dart: home choice read failure is distinct from no choice
02:12 +885 -3: C:/Users/Atharva Patil/Documents/projects/gymlog/test/upgrade/session_2_launchpad_test.dart: home choice read failure is distinct from no choice
02:12 +886 -3: C:/Users/Atharva Patil/Documents/projects/gymlog/test/upgrade/error_reassurance_render_test.dart: sync-error-neonPurple-1.6x-synthetic
02:12 +887 -3: C:/Users/Atharva Patil/Documents/projects/gymlog/test/upgrade/error_reassurance_render_test.dart: sync-error-neonPurple-1.6x-synthetic
02:12 +888 -3: C:/Users/Atharva Patil/Documents/projects/gymlog/test/upgrade/session_2_acceptance_render_test.dart: library-chosen-higgsfield-1.0x-synthetic
02:12 +889 -3: C:/Users/Atharva Patil/Documents/projects/gymlog/test/upgrade/session_2_acceptance_render_test.dart: library-chosen-higgsfield-1.0x-synthetic
02:12 +890 -3: C:/Users/Atharva Patil/Documents/projects/gymlog/test/upgrade/session_2_launchpad_test.dart: home uses explicit choice and one-tap Change
02:12 +891 -3: C:/Users/Atharva Patil/Documents/projects/gymlog/test/upgrade/session_2_launchpad_test.dart: home uses explicit choice and one-tap Change
02:12 +892 -3: C:/Users/Atharva Patil/Documents/projects/gymlog/test/upgrade/session_2_launchpad_test.dart: home uses explicit choice and one-tap Change
02:12 +893 -3: C:/Users/Atharva Patil/Documents/projects/gymlog/test/upgrade/session_2_launchpad_test.dart: home uses explicit choice and one-tap Change
02:12 +894 -3: C:/Users/Atharva Patil/Documents/projects/gymlog/test/upgrade/session_2_launchpad_test.dart: home uses explicit choice and one-tap Change
02:12 +895 -3: C:/Users/Atharva Patil/Documents/projects/gymlog/test/upgrade/session_2_launchpad_test.dart: home uses explicit choice and one-tap Change
02:13 +896 -3: C:/Users/Atharva Patil/Documents/projects/gymlog/test/upgrade/session_2_launchpad_test.dart: home uses explicit choice and one-tap Change
02:13 +897 -3: C:/Users/Atharva Patil/Documents/projects/gymlog/test/upgrade/session_2_launchpad_test.dart: home uses explicit choice and one-tap Change
02:13 +898 -3: C:/Users/Atharva Patil/Documents/projects/gymlog/test/upgrade/session_2_launchpad_test.dart: home uses explicit choice and one-tap Change
02:13 +899 -3: C:/Users/Atharva Patil/Documents/projects/gymlog/test/upgrade/session_2_launchpad_test.dart: home uses explicit choice and one-tap Change
02:13 +900 -3: C:/Users/Atharva Patil/Documents/projects/gymlog/test/upgrade/session_2_launchpad_test.dart: home uses explicit choice and one-tap Change
02:13 +901 -3: C:/Users/Atharva Patil/Documents/projects/gymlog/test/upgrade/session_2_acceptance_render_test.dart: home-deleted-choice-higgsfield-1.0x-synthetic
02:13 +902 -3: C:/Users/Atharva Patil/Documents/projects/gymlog/test/upgrade/session_2_acceptance_render_test.dart: home-deleted-choice-higgsfield-1.0x-synthetic
02:13 +903 -3: C:/Users/Atharva Patil/Documents/projects/gymlog/test/upgrade/session_2_acceptance_render_test.dart: home-deleted-choice-higgsfield-1.0x-synthetic
02:13 +904 -3: C:/Users/Atharva Patil/Documents/projects/gymlog/test/upgrade/session_2_acceptance_render_test.dart: home-deleted-choice-higgsfield-1.0x-synthetic
02:13 +905 -3: C:/Users/Atharva Patil/Documents/projects/gymlog/test/upgrade/session_2_acceptance_render_test.dart: home-deleted-choice-higgsfield-1.0x-synthetic
02:13 +906 -3: C:/Users/Atharva Patil/Documents/projects/gymlog/test/upgrade/session_2_launchpad_test.dart: home never chooses the first routine by inference
02:13 +907 -3: C:/Users/Atharva Patil/Documents/projects/gymlog/test/upgrade/session_2_launchpad_test.dart: home never chooses the first routine by inference
02:13 +908 -3: C:/Users/Atharva Patil/Documents/projects/gymlog/test/upgrade/error_reassurance_render_test.dart: routine-error-white-1.0x-synthetic
02:13 +909 -3: C:/Users/Atharva Patil/Documents/projects/gymlog/test/upgrade/error_reassurance_render_test.dart: routine-error-white-1.0x-synthetic
02:13 +910 -3: C:/Users/Atharva Patil/Documents/projects/gymlog/test/upgrade/session_2_acceptance_render_test.dart: library-deleted-choice-higgsfield-1.0x-synthetic
02:13 +911 -3: C:/Users/Atharva Patil/Documents/projects/gymlog/test/upgrade/session_2_acceptance_render_test.dart: library-deleted-choice-higgsfield-1.0x-synthetic
02:13 +912 -3: C:/Users/Atharva Patil/Documents/projects/gymlog/test/upgrade/session_2_acceptance_render_test.dart: library-deleted-choice-higgsfield-1.0x-synthetic
02:13 +913 -3: C:/Users/Atharva Patil/Documents/projects/gymlog/test/upgrade/session_2_acceptance_render_test.dart: library-deleted-choice-higgsfield-1.0x-synthetic
02:13 +914 -3: C:/Users/Atharva Patil/Documents/projects/gymlog/test/upgrade/session_1_render_test.dart: share-distance-monument-higgsfield-1.6x-synthetic
02:13 +915 -3: C:/Users/Atharva Patil/Documents/projects/gymlog/test/upgrade/error_reassurance_render_test.dart: offline-white-1.0x-synthetic
02:13 +916 -3: C:/Users/Atharva Patil/Documents/projects/gymlog/test/upgrade/error_reassurance_render_test.dart: offline-white-1.0x-synthetic
02:13 +917 -3: C:/Users/Atharva Patil/Documents/projects/gymlog/test/upgrade/error_reassurance_render_test.dart: offline-white-1.0x-synthetic
02:13 +918 -3: C:/Users/Atharva Patil/Documents/projects/gymlog/test/upgrade/error_reassurance_render_test.dart: offline-white-1.0x-synthetic
02:13 +919 -3: C:/Users/Atharva Patil/Documents/projects/gymlog/test/upgrade/session_2_acceptance_render_test.dart: home-empty-choice-higgsfield-1.0x-synthetic
02:13 +920 -3: C:/Users/Atharva Patil/Documents/projects/gymlog/test/upgrade/session_2_launchpad_test.dart: library labels a one-set plan in the singular
02:14 +921 -3: C:/Users/Atharva Patil/Documents/projects/gymlog/test/upgrade/session_2_launchpad_test.dart: library labels a one-set plan in the singular
02:14 +922 -3: C:/Users/Atharva Patil/Documents/projects/gymlog/test/upgrade/error_reassurance_render_test.dart: sync-error-white-1.0x-synthetic
02:14 +923 -3: C:/Users/Atharva Patil/Documents/projects/gymlog/test/upgrade/error_reassurance_render_test.dart: sync-error-white-1.0x-synthetic
02:14 +924 -3: C:/Users/Atharva Patil/Documents/projects/gymlog/test/upgrade/error_reassurance_render_test.dart: sync-error-white-1.0x-synthetic
02:14 +925 -3: C:/Users/Atharva Patil/Documents/projects/gymlog/test/upgrade/session_2_acceptance_render_test.dart: library-empty-choice-higgsfield-1.0x-synthetic
02:14 +926 -3: C:/Users/Atharva Patil/Documents/projects/gymlog/test/upgrade/session_2_launchpad_test.dart: library guards an emptied chosen plan
02:14 +927 -3: C:/Users/Atharva Patil/Documents/projects/gymlog/test/upgrade/session_1_render_test.dart: detail-higgsfield-1.6x-synthetic
02:14 +928 -3: C:/Users/Atharva Patil/Documents/projects/gymlog/test/upgrade/error_reassurance_render_test.dart: storage-free-white-1.0x-synthetic
02:14 +929 -3: C:/Users/Atharva Patil/Documents/projects/gymlog/test/upgrade/error_reassurance_render_test.dart: storage-free-white-1.0x-synthetic
02:14 +930 -3: C:/Users/Atharva Patil/Documents/projects/gymlog/test/upgrade/error_reassurance_render_test.dart: storage-free-white-1.0x-synthetic
02:14 +931 -3: C:/Users/Atharva Patil/Documents/projects/gymlog/test/upgrade/session_2_launchpad_test.dart: library choice read failure is distinct from no choice
02:14 +932 -3: C:/Users/Atharva Patil/Documents/projects/gymlog/test/upgrade/session_2_acceptance_render_test.dart: library-new-user-higgsfield-1.0x-synthetic
02:14 +933 -3: C:/Users/Atharva Patil/Documents/projects/gymlog/test/upgrade/session_2_acceptance_render_test.dart: library-new-user-higgsfield-1.0x-synthetic
02:14 +934 -3: C:/Users/Atharva Patil/Documents/projects/gymlog/test/upgrade/error_reassurance_render_test.dart: storage-pro-white-1.0x-synthetic
02:14 +935 -3: C:/Users/Atharva Patil/Documents/projects/gymlog/test/upgrade/error_reassurance_render_test.dart: storage-pro-white-1.0x-synthetic
02:14 +936 -3: C:/Users/Atharva Patil/Documents/projects/gymlog/test/upgrade/session_2_launchpad_test.dart: library uses explicit choice and one-tap Change
02:14 +937 -3: C:/Users/Atharva Patil/Documents/projects/gymlog/test/upgrade/session_2_launchpad_test.dart: library uses explicit choice and one-tap Change
02:14 +938 -3: C:/Users/Atharva Patil/Documents/projects/gymlog/test/upgrade/session_2_launchpad_test.dart: library uses explicit choice and one-tap Change
02:15 +939 -3: C:/Users/Atharva Patil/Documents/projects/gymlog/test/upgrade/session_2_launchpad_test.dart: library uses explicit choice and one-tap Change
02:15 +940 -3: C:/Users/Atharva Patil/Documents/projects/gymlog/test/upgrade/session_2_launchpad_test.dart: library uses explicit choice and one-tap Change
02:15 +941 -3: C:/Users/Atharva Patil/Documents/projects/gymlog/test/upgrade/session_2_acceptance_render_test.dart: library-no-routine-higgsfield-1.0x-synthetic
02:15 +942 -3: C:/Users/Atharva Patil/Documents/projects/gymlog/test/upgrade/session_2_acceptance_render_test.dart: library-no-routine-higgsfield-1.0x-synthetic
02:15 +943 -3: C:/Users/Atharva Patil/Documents/projects/gymlog/test/upgrade/session_1_render_test.dart: progress-low-higgsfield-1.6x-synthetic
02:15 +944 -3: C:/Users/Atharva Patil/Documents/projects/gymlog/test/upgrade/session_2_launchpad_test.dart: library never chooses the first routine by inference
02:15 +945 -3: C:/Users/Atharva Patil/Documents/projects/gymlog/test/upgrade/session_2_launchpad_test.dart: library never chooses the first routine by inference
02:15 +946 -3: C:/Users/Atharva Patil/Documents/projects/gymlog/test/upgrade/session_2_launchpad_test.dart: library never chooses the first routine by inference
02:15 +947 -3: C:/Users/Atharva Patil/Documents/projects/gymlog/test/upgrade/session_2_acceptance_render_test.dart: home-inactive-return-higgsfield-1.0x-synthetic
02:15 +948 -3: C:/Users/Atharva Patil/Documents/projects/gymlog/test/upgrade/session_2_acceptance_render_test.dart: home-inactive-return-higgsfield-1.0x-synthetic
02:15 +949 -3: C:/Users/Atharva Patil/Documents/projects/gymlog/test/upgrade/session_2_acceptance_render_test.dart: home-inactive-return-higgsfield-1.0x-synthetic
02:15 +950 -3: C:/Users/Atharva Patil/Documents/projects/gymlog/test/upgrade/session_2_launchpad_test.dart: library shows a deleted choice without replacing it
02:15 +951 -3: C:/Users/Atharva Patil/Documents/projects/gymlog/test/upgrade/session_2_launchpad_test.dart: library shows a deleted choice without replacing it
02:15 +952 -3: C:/Users/Atharva Patil/Documents/projects/gymlog/test/upgrade/session_2_launchpad_test.dart: library shows a deleted choice without replacing it
02:15 +953 -3: C:/Users/Atharva Patil/Documents/projects/gymlog/test/upgrade/session_2_launchpad_test.dart: library shows a deleted choice without replacing it
02:15 +954 -3: C:/Users/Atharva Patil/Documents/projects/gymlog/test/upgrade/session_2_acceptance_render_test.dart: library-inactive-return-higgsfield-1.0x-synthetic
02:15 +955 -3: C:/Users/Atharva Patil/Documents/projects/gymlog/test/upgrade/session_2_acceptance_render_test.dart: library-inactive-return-higgsfield-1.0x-synthetic
02:15 +956 -3: C:/Users/Atharva Patil/Documents/projects/gymlog/test/upgrade/session_2_acceptance_render_test.dart: library-inactive-return-higgsfield-1.0x-synthetic
02:15 +957 -3: C:/Users/Atharva Patil/Documents/projects/gymlog/test/upgrade/error_reassurance_render_test.dart: offline-white-1.6x-synthetic
02:15 +958 -3: C:/Users/Atharva Patil/Documents/projects/gymlog/test/upgrade/error_reassurance_render_test.dart: offline-white-1.6x-synthetic
02:15 +959 -3: C:/Users/Atharva Patil/Documents/projects/gymlog/test/upgrade/session_2_launchpad_test.dart: Empty Library prioritizes browsing and avoids duplicate errors
02:15 +960 -3: C:/Users/Atharva Patil/Documents/projects/gymlog/test/upgrade/session_2_launchpad_test.dart: Empty Library prioritizes browsing and avoids duplicate errors
02:15 +961 -3: C:/Users/Atharva Patil/Documents/projects/gymlog/test/upgrade/session_2_launchpad_test.dart: Empty Library prioritizes browsing and avoids duplicate errors
02:15 +962 -3: C:/Users/Atharva Patil/Documents/projects/gymlog/test/upgrade/error_reassurance_render_test.dart: sync-error-white-1.6x-synthetic
02:15 +963 -3: C:/Users/Atharva Patil/Documents/projects/gymlog/test/upgrade/error_reassurance_render_test.dart: sync-error-white-1.6x-synthetic
02:15 +964 -3: C:/Users/Atharva Patil/Documents/projects/gymlog/test/upgrade/session_2_acceptance_render_test.dart: library-low-data-higgsfield-1.0x-synthetic
02:16 +965 -3: C:/Users/Atharva Patil/Documents/projects/gymlog/test/upgrade/session_2_launchpad_test.dart: Change exposes the selected choice to assistive technology
02:16 +966 -3: C:/Users/Atharva Patil/Documents/projects/gymlog/test/upgrade/session_2_launchpad_test.dart: Change exposes the selected choice to assistive technology
02:16 +967 -3: C:/Users/Atharva Patil/Documents/projects/gymlog/test/upgrade/error_reassurance_render_test.dart: storage-free-white-1.6x-synthetic
02:16 +968 -3: C:/Users/Atharva Patil/Documents/projects/gymlog/test/upgrade/error_reassurance_render_test.dart: storage-free-white-1.6x-synthetic
02:16 +969 -3: C:/Users/Atharva Patil/Documents/projects/gymlog/test/upgrade/error_reassurance_render_test.dart: storage-free-white-1.6x-synthetic
02:16 +970 -3: C:/Users/Atharva Patil/Documents/projects/gymlog/test/upgrade/session_2_launchpad_test.dart: Home preserves freestyle during library read failure and deleted-only state
02:16 +971 -3: C:/Users/Atharva Patil/Documents/projects/gymlog/test/upgrade/session_2_launchpad_test.dart: Home preserves freestyle during library read failure and deleted-only state
02:16 +972 -3: C:/Users/Atharva Patil/Documents/projects/gymlog/test/upgrade/session_2_launchpad_test.dart: Home preserves freestyle during library read failure and deleted-only state
02:16 +973 -3: C:/Users/Atharva Patil/Documents/projects/gymlog/test/upgrade/session_2_launchpad_test.dart: Home preserves freestyle during library read failure and deleted-only state
02:16 +974 -3: C:/Users/Atharva Patil/Documents/projects/gymlog/test/upgrade/error_reassurance_render_test.dart: storage-pro-white-1.6x-synthetic
02:16 +975 -3: C:/Users/Atharva Patil/Documents/projects/gymlog/test/upgrade/session_2_acceptance_render_test.dart: home-previous-error-higgsfield-1.0x-synthetic
02:16 +976 -3: C:/Users/Atharva Patil/Documents/projects/gymlog/test/upgrade/session_2_acceptance_render_test.dart: home-previous-error-higgsfield-1.0x-synthetic
02:16 +977 -3: C:/Users/Atharva Patil/Documents/projects/gymlog/test/upgrade/session_2_acceptance_render_test.dart: home-previous-error-higgsfield-1.0x-synthetic
02:16 +978 -3: C:/Users/Atharva Patil/Documents/projects/gymlog/test/upgrade/session_2_launchpad_test.dart: Change uses bounded searchable choices and preserves choice on read failure
02:16 +979 -3: C:/Users/Atharva Patil/Documents/projects/gymlog/test/upgrade/session_2_launchpad_test.dart: Change uses bounded searchable choices and preserves choice on read failure
02:16 +980 -3: C:/Users/Atharva Patil/Documents/projects/gymlog/test/upgrade/session_2_launchpad_test.dart: Change uses bounded searchable choices and preserves choice on read failure
02:16 +981 -3: C:/Users/Atharva Patil/Documents/projects/gymlog/test/upgrade/session_2_launchpad_test.dart: Change uses bounded searchable choices and preserves choice on read failure
02:16 +982 -3: C:/Users/Atharva Patil/Documents/projects/gymlog/test/upgrade/session_2_launchpad_test.dart: Change uses bounded searchable choices and preserves choice on read failure
02:16 +983 -3: C:/Users/Atharva Patil/Documents/projects/gymlog/test/upgrade/session_2_launchpad_test.dart: Change uses bounded searchable choices and preserves choice on read failure
02:17 +984 -3: C:/Users/Atharva Patil/Documents/projects/gymlog/test/upgrade/session_2_launchpad_test.dart: Change uses bounded searchable choices and preserves choice on read failure
02:17 +985 -3: C:/Users/Atharva Patil/Documents/projects/gymlog/test/upgrade/session_2_launchpad_test.dart: Change uses bounded searchable choices and preserves choice on read failure
02:17 +986 -3: C:/Users/Atharva Patil/Documents/projects/gymlog/test/upgrade/session_2_launchpad_test.dart: Change uses bounded searchable choices and preserves choice on read failure
02:17 +987 -3: C:/Users/Atharva Patil/Documents/projects/gymlog/test/upgrade/session_2_launchpad_test.dart: Change uses bounded searchable choices and preserves choice on read failure
02:17 +988 -3: C:/Users/Atharva Patil/Documents/projects/gymlog/test/upgrade/session_2_launchpad_test.dart: Change uses bounded searchable choices and preserves choice on read failure
02:17 +989 -3: C:/Users/Atharva Patil/Documents/projects/gymlog/test/upgrade/session_2_launchpad_test.dart: Change uses bounded searchable choices and preserves choice on read failure
02:17 +990 -3: C:/Users/Atharva Patil/Documents/projects/gymlog/test/upgrade/session_2_launchpad_test.dart: Change uses bounded searchable choices and preserves choice on read failure
02:17 +991 -3: C:/Users/Atharva Patil/Documents/projects/gymlog/test/upgrade/error_reassurance_render_test.dart: offline-neonCyan-1.0x-synthetic
02:17 +992 -3: C:/Users/Atharva Patil/Documents/projects/gymlog/test/upgrade/error_reassurance_render_test.dart: offline-neonCyan-1.0x-synthetic
02:17 +993 -3: C:/Users/Atharva Patil/Documents/projects/gymlog/test/upgrade/session_2_acceptance_render_test.dart: library-choice-error-higgsfield-1.0x-synthetic
02:17 +994 -3: C:/Users/Atharva Patil/Documents/projects/gymlog/test/upgrade/session_2_acceptance_render_test.dart: library-choice-error-higgsfield-1.0x-synthetic
02:17 +995 -3: C:/Users/Atharva Patil/Documents/projects/gymlog/test/upgrade/session_2_acceptance_render_test.dart: library-choice-error-higgsfield-1.0x-synthetic
02:17 +996 -3: C:/Users/Atharva Patil/Documents/projects/gymlog/test/upgrade/session_2_acceptance_render_test.dart: library-choice-error-higgsfield-1.0x-synthetic
02:17 +997 -3: C:/Users/Atharva Patil/Documents/projects/gymlog/test/upgrade/error_reassurance_render_test.dart: sync-error-neonCyan-1.0x-synthetic
02:17 +998 -3: C:/Users/Atharva Patil/Documents/projects/gymlog/test/upgrade/error_reassurance_render_test.dart: sync-error-neonCyan-1.0x-synthetic
02:17 +999 -3: C:/Users/Atharva Patil/Documents/projects/gymlog/test/upgrade/session_2_launchpad_test.dart: Home keeps freestyle and History secondary and accessible
02:17 +1000 -3: C:/Users/Atharva Patil/Documents/projects/gymlog/test/upgrade/session_2_launchpad_test.dart: Home keeps freestyle and History secondary and accessible
02:17 +1001 -3: C:/Users/Atharva Patil/Documents/projects/gymlog/test/upgrade/session_2_acceptance_render_test.dart: home-loading-higgsfield-1.0x-synthetic
02:17 +1002 -3: C:/Users/Atharva Patil/Documents/projects/gymlog/test/upgrade/error_reassurance_render_test.dart: storage-free-neonCyan-1.0x-synthetic
02:17 +1003 -3: C:/Users/Atharva Patil/Documents/projects/gymlog/test/upgrade/error_reassurance_render_test.dart: storage-free-neonCyan-1.0x-synthetic
02:17 +1004 -3: C:/Users/Atharva Patil/Documents/projects/gymlog/test/upgrade/error_reassurance_render_test.dart: storage-free-neonCyan-1.0x-synthetic
02:17 +1005 -3: C:/Users/Atharva Patil/Documents/projects/gymlog/test/upgrade/error_reassurance_render_test.dart: storage-free-neonCyan-1.0x-synthetic
02:18 +1006 -3: C:/Users/Atharva Patil/Documents/projects/gymlog/test/upgrade/session_2_launchpad_test.dart: Home has no guilt language on an inactive return
02:18 +1007 -3: C:/Users/Atharva Patil/Documents/projects/gymlog/test/upgrade/session_2_acceptance_render_test.dart: home-chosen-higgsfield-1.6x-synthetic
02:18 +1008 -3: C:/Users/Atharva Patil/Documents/projects/gymlog/test/upgrade/session_2_acceptance_render_test.dart: home-chosen-higgsfield-1.6x-synthetic
02:18 +1009 -3: C:/Users/Atharva Patil/Documents/projects/gymlog/test/upgrade/session_2_acceptance_render_test.dart: home-chosen-higgsfield-1.6x-synthetic
02:18 +1010 -3: C:/Users/Atharva Patil/Documents/projects/gymlog/test/upgrade/session_2_acceptance_render_test.dart: home-chosen-higgsfield-1.6x-synthetic
02:18 +1011 -3: C:/Users/Atharva Patil/Documents/projects/gymlog/test/upgrade/session_2_acceptance_render_test.dart: home-chosen-higgsfield-1.6x-synthetic
02:18 +1012 -3: C:/Users/Atharva Patil/Documents/projects/gymlog/test/upgrade/session_2_acceptance_render_test.dart: home-chosen-higgsfield-1.6x-synthetic
02:18 +1013 -3: C:/Users/Atharva Patil/Documents/projects/gymlog/test/upgrade/session_2_launchpad_test.dart: Change selection updates both launch surfaces and persists
02:18 +1014 -3: C:/Users/Atharva Patil/Documents/projects/gymlog/test/upgrade/session_2_launchpad_test.dart: Change selection updates both launch surfaces and persists
02:18 +1015 -3: C:/Users/Atharva Patil/Documents/projects/gymlog/test/upgrade/session_2_launchpad_test.dart: Change selection updates both launch surfaces and persists
02:18 +1016 -3: C:/Users/Atharva Patil/Documents/projects/gymlog/test/upgrade/session_2_launchpad_test.dart: Change selection updates both launch surfaces and persists
02:18 +1017 -3: C:/Users/Atharva Patil/Documents/projects/gymlog/test/upgrade/session_2_launchpad_test.dart: Change selection updates both launch surfaces and persists
02:18 +1018 -3: C:/Users/Atharva Patil/Documents/projects/gymlog/test/upgrade/session_2_acceptance_render_test.dart: library-chosen-higgsfield-1.6x-synthetic
02:18 +1019 -3: C:/Users/Atharva Patil/Documents/projects/gymlog/test/upgrade/session_2_acceptance_render_test.dart: library-chosen-higgsfield-1.6x-synthetic
02:18 +1020 -3: C:/Users/Atharva Patil/Documents/projects/gymlog/test/upgrade/error_reassurance_render_test.dart: routine-error-neonCyan-1.6x-synthetic
02:18 +1021 -3: C:/Users/Atharva Patil/Documents/projects/gymlog/test/upgrade/error_reassurance_render_test.dart: routine-error-neonCyan-1.6x-synthetic
02:18 +1022 -3: C:/Users/Atharva Patil/Documents/projects/gymlog/test/upgrade/session_2_launchpad_test.dart: Library groups the program and quiets creation
02:18 +1023 -3: C:/Users/Atharva Patil/Documents/projects/gymlog/test/upgrade/session_2_launchpad_test.dart: Library groups the program and quiets creation
02:18 +1024 -3: C:/Users/Atharva Patil/Documents/projects/gymlog/test/upgrade/session_2_launchpad_test.dart: Library groups the program and quiets creation
02:18 +1025 -3: C:/Users/Atharva Patil/Documents/projects/gymlog/test/upgrade/session_2_acceptance_render_test.dart: home-no-choice-higgsfield-1.6x-synthetic
02:18 +1026 -3: C:/Users/Atharva Patil/Documents/projects/gymlog/test/upgrade/session_1_render_test.dart: header-weighted-neonPurple-1.6x-synthetic
02:18 +1027 -3: C:/Users/Atharva Patil/Documents/projects/gymlog/test/upgrade/error_reassurance_render_test.dart: offline-neonCyan-1.6x-synthetic
02:19 +1028 -3: C:/Users/Atharva Patil/Documents/projects/gymlog/test/upgrade/error_reassurance_render_test.dart: offline-neonCyan-1.6x-synthetic
02:19 +1029 -3: C:/Users/Atharva Patil/Documents/projects/gymlog/test/upgrade/session_2_acceptance_render_test.dart: library-no-choice-higgsfield-1.6x-synthetic
02:19 +1030 -3: C:/Users/Atharva Patil/Documents/projects/gymlog/test/upgrade/session_1_render_test.dart: header-timed-neonPurple-1.6x-synthetic
02:19 +1031 -3: C:/Users/Atharva Patil/Documents/projects/gymlog/test/upgrade/error_reassurance_render_test.dart: sync-error-neonCyan-1.6x-synthetic
02:19 +1032 -3: C:/Users/Atharva Patil/Documents/projects/gymlog/test/upgrade/error_reassurance_render_test.dart: sync-error-neonCyan-1.6x-synthetic
02:19 +1033 -3: C:/Users/Atharva Patil/Documents/projects/gymlog/test/upgrade/error_reassurance_render_test.dart: sync-error-neonCyan-1.6x-synthetic
02:19 +1034 -3: C:/Users/Atharva Patil/Documents/projects/gymlog/test/upgrade/error_reassurance_render_test.dart: sync-error-neonCyan-1.6x-synthetic
02:19 +1035 -3: C:/Users/Atharva Patil/Documents/projects/gymlog/test/upgrade/session_1_render_test.dart: finish-weighted-neonPurple-1.6x-synthetic
02:19 +1036 -3: C:/Users/Atharva Patil/Documents/projects/gymlog/test/upgrade/session_2_acceptance_render_test.dart: library-deleted-choice-higgsfield-1.6x-synthetic
02:19 +1037 -3: C:/Users/Atharva Patil/Documents/projects/gymlog/test/upgrade/error_reassurance_render_test.dart: storage-free-neonCyan-1.6x-synthetic
02:19 +1038 -3: C:/Users/Atharva Patil/Documents/projects/gymlog/test/upgrade/error_reassurance_render_test.dart: storage-free-neonCyan-1.6x-synthetic
02:19 +1039 -3: C:/Users/Atharva Patil/Documents/projects/gymlog/test/upgrade/session_2_acceptance_render_test.dart: home-empty-choice-higgsfield-1.6x-synthetic
02:19 +1040 -3: C:/Users/Atharva Patil/Documents/projects/gymlog/test/upgrade/session_2_acceptance_render_test.dart: home-empty-choice-higgsfield-1.6x-synthetic
02:19 +1041 -3: C:/Users/Atharva Patil/Documents/projects/gymlog/test/upgrade/error_reassurance_render_test.dart: storage-pro-neonCyan-1.6x-synthetic
02:19 +1042 -3: C:/Users/Atharva Patil/Documents/projects/gymlog/test/upgrade/error_reassurance_render_test.dart: storage-pro-neonCyan-1.6x-synthetic
02:20 +1043 -3: C:/Users/Atharva Patil/Documents/projects/gymlog/test/upgrade/session_2_acceptance_render_test.dart: library-empty-choice-higgsfield-1.6x-synthetic
02:20 +1044 -3: C:/Users/Atharva Patil/Documents/projects/gymlog/test/upgrade/session_1_render_test.dart: pr-neonPurple-1.6x-synthetic
02:20 +1045 -3: C:/Users/Atharva Patil/Documents/projects/gymlog/test/upgrade/error_reassurance_render_test.dart: async-error-neonMagenta-1.0x-synthetic
02:20 +1046 -3: C:/Users/Atharva Patil/Documents/projects/gymlog/test/upgrade/session_2_acceptance_render_test.dart: home-new-user-higgsfield-1.6x-synthetic
02:20 +1047 -3: C:/Users/Atharva Patil/Documents/projects/gymlog/test/upgrade/session_2_acceptance_render_test.dart: home-new-user-higgsfield-1.6x-synthetic
02:20 +1048 -3: C:/Users/Atharva Patil/Documents/projects/gymlog/test/upgrade/session_2_acceptance_render_test.dart: home-new-user-higgsfield-1.6x-synthetic
02:20 +1049 -3: C:/Users/Atharva Patil/Documents/projects/gymlog/test/upgrade/session_1_render_test.dart: share-monument-neonPurple-1.6x-synthetic
02:20 +1050 -3: C:/Users/Atharva Patil/Documents/projects/gymlog/test/upgrade/error_reassurance_render_test.dart: detail-error-neonMagenta-1.0x-synthetic
02:20 +1051 -3: C:/Users/Atharva Patil/Documents/projects/gymlog/test/upgrade/session_2_acceptance_render_test.dart: library-new-user-higgsfield-1.6x-synthetic
02:20 +1052 -3: C:/Users/Atharva Patil/Documents/projects/gymlog/test/upgrade/session_2_acceptance_render_test.dart: library-new-user-higgsfield-1.6x-synthetic
02:20 +1053 -3: C:/Users/Atharva Patil/Documents/projects/gymlog/test/upgrade/error_reassurance_render_test.dart: routine-error-neonMagenta-1.0x-synthetic
02:20 +1054 -3: C:/Users/Atharva Patil/Documents/projects/gymlog/test/upgrade/session_1_render_test.dart: share-sticker-neonPurple-1.6x-synthetic
02:20 +1055 -3: C:/Users/Atharva Patil/Documents/projects/gymlog/test/upgrade/session_2_acceptance_render_test.dart: home-no-routine-higgsfield-1.6x-synthetic
02:20 +1056 -3: C:/Users/Atharva Patil/Documents/projects/gymlog/test/upgrade/session_2_acceptance_render_test.dart: home-no-routine-higgsfield-1.6x-synthetic
02:20 +1057 -3: C:/Users/Atharva Patil/Documents/projects/gymlog/test/upgrade/session_2_acceptance_render_test.dart: home-no-routine-higgsfield-1.6x-synthetic
02:20 +1058 -3: C:/Users/Atharva Patil/Documents/projects/gymlog/test/upgrade/error_reassurance_render_test.dart: offline-neonMagenta-1.0x-synthetic
02:20 +1059 -3: C:/Users/Atharva Patil/Documents/projects/gymlog/test/upgrade/error_reassurance_render_test.dart: offline-neonMagenta-1.0x-synthetic
02:20 +1060 -3: C:/Users/Atharva Patil/Documents/projects/gymlog/test/upgrade/error_reassurance_render_test.dart: offline-neonMagenta-1.0x-synthetic
02:20 +1061 -3: C:/Users/Atharva Patil/Documents/projects/gymlog/test/upgrade/error_reassurance_render_test.dart: offline-neonMagenta-1.0x-synthetic
02:20 +1062 -3: C:/Users/Atharva Patil/Documents/projects/gymlog/test/upgrade/session_1_render_test.dart: share-distance-monument-neonPurple-1.6x-synthetic
02:20 +1063 -3: C:/Users/Atharva Patil/Documents/projects/gymlog/test/upgrade/session_2_acceptance_render_test.dart: home-inactive-return-higgsfield-1.6x-synthetic
02:20 +1064 -3: C:/Users/Atharva Patil/Documents/projects/gymlog/test/upgrade/session_2_acceptance_render_test.dart: home-inactive-return-higgsfield-1.6x-synthetic
02:20 +1065 -3: C:/Users/Atharva Patil/Documents/projects/gymlog/test/upgrade/error_reassurance_render_test.dart: sync-error-neonMagenta-1.0x-synthetic
02:20 +1066 -3: C:/Users/Atharva Patil/Documents/projects/gymlog/test/upgrade/error_reassurance_render_test.dart: sync-error-neonMagenta-1.0x-synthetic
02:20 +1067 -3: C:/Users/Atharva Patil/Documents/projects/gymlog/test/upgrade/session_2_launch_actions_test.dart: account switch during routine lookup cannot launch old-account content
02:20 +1068 -3: C:/Users/Atharva Patil/Documents/projects/gymlog/test/upgrade/session_2_acceptance_render_test.dart: library-inactive-return-higgsfield-1.6x-synthetic
02:20 +1069 -3: C:/Users/Atharva Patil/Documents/projects/gymlog/test/upgrade/session_2_acceptance_render_test.dart: library-inactive-return-higgsfield-1.6x-synthetic
02:20 +1070 -3: C:/Users/Atharva Patil/Documents/projects/gymlog/test/upgrade/session_2_acceptance_render_test.dart: library-inactive-return-higgsfield-1.6x-synthetic
02:21 +1071 -3: C:/Users/Atharva Patil/Documents/projects/gymlog/test/upgrade/session_2_acceptance_render_test.dart: library-inactive-return-higgsfield-1.6x-synthetic
02:21 +1072 -3: C:/Users/Atharva Patil/Documents/projects/gymlog/test/upgrade/session_2_acceptance_render_test.dart: library-inactive-return-higgsfield-1.6x-synthetic
02:21 +1073 -3: C:/Users/Atharva Patil/Documents/projects/gymlog/test/upgrade/session_2_acceptance_render_test.dart: library-inactive-return-higgsfield-1.6x-synthetic
02:21 +1074 -3: C:/Users/Atharva Patil/Documents/projects/gymlog/test/upgrade/session_2_acceptance_render_test.dart: library-inactive-return-higgsfield-1.6x-synthetic
02:21 +1075 -3: C:/Users/Atharva Patil/Documents/projects/gymlog/test/upgrade/session_2_acceptance_render_test.dart: library-inactive-return-higgsfield-1.6x-synthetic
02:21 +1076 -3: C:/Users/Atharva Patil/Documents/projects/gymlog/test/upgrade/error_reassurance_render_test.dart: storage-free-neonMagenta-1.0x-synthetic
02:21 +1077 -3: C:/Users/Atharva Patil/Documents/projects/gymlog/test/upgrade/session_1_render_test.dart: share-pace-sticker-neonPurple-1.6x-synthetic
02:21 +1078 -3: C:/Users/Atharva Patil/Documents/projects/gymlog/test/upgrade/session_2_acceptance_render_test.dart: home-low-data-higgsfield-1.6x-synthetic
02:21 +1079 -3: C:/Users/Atharva Patil/Documents/projects/gymlog/test/upgrade/error_reassurance_render_test.dart: storage-pro-neonMagenta-1.0x-synthetic
02:21 +1080 -3: C:/Users/Atharva Patil/Documents/projects/gymlog/test/upgrade/error_reassurance_render_test.dart: storage-pro-neonMagenta-1.0x-synthetic
02:21 +1081 -3: C:/Users/Atharva Patil/Documents/projects/gymlog/test/upgrade/error_reassurance_render_test.dart: storage-pro-neonMagenta-1.0x-synthetic
02:21 +1082 -3: C:/Users/Atharva Patil/Documents/projects/gymlog/test/upgrade/error_reassurance_render_test.dart: storage-pro-neonMagenta-1.0x-synthetic
02:21 +1083 -3: C:/Users/Atharva Patil/Documents/projects/gymlog/test/upgrade/session_1_render_test.dart: detail-empty-neonPurple-1.6x-synthetic
02:21 +1084 -3: C:/Users/Atharva Patil/Documents/projects/gymlog/test/upgrade/session_2_acceptance_render_test.dart: home-error-higgsfield-1.6x-synthetic
02:21 +1085 -3: C:/Users/Atharva Patil/Documents/projects/gymlog/test/upgrade/session_2_acceptance_render_test.dart: home-error-higgsfield-1.6x-synthetic
02:21 +1086 -3: C:/Users/Atharva Patil/Documents/projects/gymlog/test/upgrade/session_2_acceptance_render_test.dart: home-error-higgsfield-1.6x-synthetic
02:21 +1087 -3: C:/Users/Atharva Patil/Documents/projects/gymlog/test/upgrade/session_1_render_test.dart: exercise-neonPurple-1.6x-synthetic
02:21 +1088 -3: C:/Users/Atharva Patil/Documents/projects/gymlog/test/upgrade/error_reassurance_render_test.dart: detail-error-neonMagenta-1.6x-synthetic
02:21 +1089 -3: C:/Users/Atharva Patil/Documents/projects/gymlog/test/upgrade/session_2_acceptance_render_test.dart: library-error-higgsfield-1.6x-synthetic
02:21 +1090 -3: C:/Users/Atharva Patil/Documents/projects/gymlog/test/upgrade/session_2_acceptance_render_test.dart: library-error-higgsfield-1.6x-synthetic
02:21 +1091 -3: C:/Users/Atharva Patil/Documents/projects/gymlog/test/upgrade/error_reassurance_render_test.dart: routine-error-neonMagenta-1.6x-synthetic
02:21 +1092 -3: C:/Users/Atharva Patil/Documents/projects/gymlog/test/upgrade/session_1_render_test.dart: progress-neonPurple-1.6x-synthetic
02:21 +1093 -3: C:/Users/Atharva Patil/Documents/projects/gymlog/test/upgrade/session_2_acceptance_render_test.dart: home-previous-error-higgsfield-1.6x-synthetic
02:22 +1094 -3: C:/Users/Atharva Patil/Documents/projects/gymlog/test/upgrade/session_2_acceptance_render_test.dart: home-previous-error-higgsfield-1.6x-synthetic
02:22 +1095 -3: C:/Users/Atharva Patil/Documents/projects/gymlog/test/upgrade/session_2_acceptance_render_test.dart: home-previous-error-higgsfield-1.6x-synthetic
02:22 +1096 -3: C:/Users/Atharva Patil/Documents/projects/gymlog/test/upgrade/error_reassurance_render_test.dart: offline-neonMagenta-1.6x-synthetic
02:22 +1097 -3: C:/Users/Atharva Patil/Documents/projects/gymlog/test/upgrade/error_reassurance_render_test.dart: offline-neonMagenta-1.6x-synthetic
02:22 +1098 -3: C:/Users/Atharva Patil/Documents/projects/gymlog/test/upgrade/error_reassurance_render_test.dart: offline-neonMagenta-1.6x-synthetic
02:22 +1099 -3: C:/Users/Atharva Patil/Documents/projects/gymlog/test/upgrade/session_2_acceptance_render_test.dart: library-previous-error-higgsfield-1.6x-synthetic
02:22 +1100 -3: C:/Users/Atharva Patil/Documents/projects/gymlog/test/upgrade/session_1_render_test.dart: header-weighted-white-1.0x-synthetic
02:22 +1101 -3: C:/Users/Atharva Patil/Documents/projects/gymlog/test/upgrade/error_reassurance_render_test.dart: sync-error-neonMagenta-1.6x-synthetic
02:22 +1102 -3: C:/Users/Atharva Patil/Documents/projects/gymlog/test/upgrade/error_reassurance_render_test.dart: sync-error-neonMagenta-1.6x-synthetic
02:22 +1103 -3: C:/Users/Atharva Patil/Documents/projects/gymlog/test/upgrade/error_reassurance_render_test.dart: sync-error-neonMagenta-1.6x-synthetic
02:22 +1104 -3: C:/Users/Atharva Patil/Documents/projects/gymlog/test/upgrade/error_reassurance_render_test.dart: sync-error-neonMagenta-1.6x-synthetic
02:22 +1105 -3: C:/Users/Atharva Patil/Documents/projects/gymlog/test/upgrade/session_2_acceptance_render_test.dart: library-choice-error-higgsfield-1.6x-synthetic
02:22 +1106 -3: C:/Users/Atharva Patil/Documents/projects/gymlog/test/upgrade/session_2_acceptance_render_test.dart: library-choice-error-higgsfield-1.6x-synthetic
02:22 +1107 -3: C:/Users/Atharva Patil/Documents/projects/gymlog/test/upgrade/error_reassurance_render_test.dart: storage-free-neonMagenta-1.6x-synthetic
02:22 +1108 -3: C:/Users/Atharva Patil/Documents/projects/gymlog/test/upgrade/error_reassurance_render_test.dart: storage-free-neonMagenta-1.6x-synthetic
02:22 +1109 -3: C:/Users/Atharva Patil/Documents/projects/gymlog/test/upgrade/session_2_acceptance_render_test.dart: home-loading-higgsfield-1.6x-synthetic
02:22 +1110 -3: C:/Users/Atharva Patil/Documents/projects/gymlog/test/upgrade/session_2_acceptance_render_test.dart: home-loading-higgsfield-1.6x-synthetic
02:22 +1111 -3: C:/Users/Atharva Patil/Documents/projects/gymlog/test/upgrade/error_reassurance_render_test.dart: storage-pro-neonMagenta-1.6x-synthetic
02:23 +1112 -3: C:/Users/Atharva Patil/Documents/projects/gymlog/test/upgrade/error_reassurance_render_test.dart: storage-pro-neonMagenta-1.6x-synthetic
02:23 +1113 -3: C:/Users/Atharva Patil/Documents/projects/gymlog/test/upgrade/error_reassurance_render_test.dart: storage-pro-neonMagenta-1.6x-synthetic
02:23 +1114 -3: C:/Users/Atharva Patil/Documents/projects/gymlog/test/upgrade/session_2_acceptance_render_test.dart: home-chosen-neonPurple-1.0x-synthetic
02:23 +1115 -3: C:/Users/Atharva Patil/Documents/projects/gymlog/test/upgrade/session_2_acceptance_render_test.dart: home-chosen-neonPurple-1.0x-synthetic
02:23 +1116 -3: C:/Users/Atharva Patil/Documents/projects/gymlog/test/upgrade/session_2_acceptance_render_test.dart: home-chosen-neonPurple-1.0x-synthetic
02:23 +1117 -3: C:/Users/Atharva Patil/Documents/projects/gymlog/test/upgrade/session_2_acceptance_render_test.dart: home-chosen-neonPurple-1.0x-synthetic
02:23 +1118 -3: C:/Users/Atharva Patil/Documents/projects/gymlog/test/upgrade/session_2_acceptance_render_test.dart: home-chosen-neonPurple-1.0x-synthetic
02:23 +1119 -3: C:/Users/Atharva Patil/Documents/projects/gymlog/test/upgrade/session_2_acceptance_render_test.dart: home-chosen-neonPurple-1.0x-synthetic
02:23 +1120 -3: C:/Users/Atharva Patil/Documents/projects/gymlog/test/upgrade/session_2_acceptance_render_test.dart: home-chosen-neonPurple-1.0x-synthetic
02:23 +1121 -3: C:/Users/Atharva Patil/Documents/projects/gymlog/test/upgrade/session_2_render_test.dart: before/home-returning-higgsfield-1.0x-synthetic
02:23 +1122 -3: C:/Users/Atharva Patil/Documents/projects/gymlog/test/upgrade/session_2_render_test.dart: before/home-returning-higgsfield-1.0x-synthetic
02:23 +1123 -3: C:/Users/Atharva Patil/Documents/projects/gymlog/test/upgrade/session_2_render_test.dart: before/home-returning-higgsfield-1.0x-synthetic
02:23 +1124 -3: C:/Users/Atharva Patil/Documents/projects/gymlog/test/upgrade/session_2_render_test.dart: before/home-returning-higgsfield-1.0x-synthetic
02:23 +1125 -3: C:/Users/Atharva Patil/Documents/projects/gymlog/test/upgrade/session_2_render_test.dart: before/home-returning-higgsfield-1.0x-synthetic
02:23 +1126 -3: C:/Users/Atharva Patil/Documents/projects/gymlog/test/upgrade/session_2_render_test.dart: before/home-returning-higgsfield-1.0x-synthetic
02:23 +1127 -3: C:/Users/Atharva Patil/Documents/projects/gymlog/test/upgrade/session_2_render_test.dart: before/home-returning-higgsfield-1.0x-synthetic
02:23 +1128 -3: C:/Users/Atharva Patil/Documents/projects/gymlog/test/upgrade/session_2_render_test.dart: before/home-returning-higgsfield-1.0x-synthetic
02:23 +1129 -3: C:/Users/Atharva Patil/Documents/projects/gymlog/test/upgrade/session_2_render_test.dart: before/home-returning-higgsfield-1.0x-synthetic
02:23 +1130 -3: C:/Users/Atharva Patil/Documents/projects/gymlog/test/upgrade/session_2_render_test.dart: before/home-returning-higgsfield-1.0x-synthetic
02:23 +1131 -3: C:/Users/Atharva Patil/Documents/projects/gymlog/test/upgrade/session_2_render_test.dart: before/home-returning-higgsfield-1.0x-synthetic
02:23 +1132 -3: C:/Users/Atharva Patil/Documents/projects/gymlog/test/upgrade/session_2_render_test.dart: before/home-returning-higgsfield-1.0x-synthetic
02:23 +1133 -3: C:/Users/Atharva Patil/Documents/projects/gymlog/test/upgrade/session_2_render_test.dart: before/home-returning-higgsfield-1.0x-synthetic
02:23 +1134 -3: C:/Users/Atharva Patil/Documents/projects/gymlog/test/upgrade/session_2_render_test.dart: before/home-returning-higgsfield-1.0x-synthetic
02:23 +1135 -3: C:/Users/Atharva Patil/Documents/projects/gymlog/test/upgrade/session_2_render_test.dart: before/home-returning-higgsfield-1.0x-synthetic
02:24 +1136 -3: C:/Users/Atharva Patil/Documents/projects/gymlog/test/upgrade/session_2_render_test.dart: before/home-returning-higgsfield-1.0x-synthetic
02:24 +1137 -3: C:/Users/Atharva Patil/Documents/projects/gymlog/test/upgrade/session_2_render_test.dart: before/home-returning-higgsfield-1.0x-synthetic
02:24 +1138 -3: C:/Users/Atharva Patil/Documents/projects/gymlog/test/upgrade/session_2_render_test.dart: before/home-returning-higgsfield-1.0x-synthetic
02:24 +1139 -3: C:/Users/Atharva Patil/Documents/projects/gymlog/test/upgrade/session_2_render_test.dart: before/home-returning-higgsfield-1.0x-synthetic
02:24 +1140 -3: C:/Users/Atharva Patil/Documents/projects/gymlog/test/upgrade/session_2_render_test.dart: before/home-returning-higgsfield-1.0x-synthetic
02:24 +1141 -3: C:/Users/Atharva Patil/Documents/projects/gymlog/test/upgrade/session_2_render_test.dart: before/home-returning-higgsfield-1.0x-synthetic
02:24 +1142 -3: C:/Users/Atharva Patil/Documents/projects/gymlog/test/upgrade/session_2_render_test.dart: before/home-returning-higgsfield-1.0x-synthetic
02:24 +1143 -3: C:/Users/Atharva Patil/Documents/projects/gymlog/test/upgrade/session_2_render_test.dart: before/home-returning-higgsfield-1.0x-synthetic
02:24 +1144 -3: C:/Users/Atharva Patil/Documents/projects/gymlog/test/upgrade/session_2_render_test.dart: before/home-returning-higgsfield-1.0x-synthetic
02:24 +1145 -3: C:/Users/Atharva Patil/Documents/projects/gymlog/test/upgrade/session_2_render_test.dart: before/home-returning-higgsfield-1.0x-synthetic
02:24 +1146 -3: C:/Users/Atharva Patil/Documents/projects/gymlog/test/upgrade/session_2_render_test.dart: before/home-returning-higgsfield-1.0x-synthetic
02:24 +1147 -3: C:/Users/Atharva Patil/Documents/projects/gymlog/test/upgrade/session_2_render_test.dart: before/home-returning-higgsfield-1.0x-synthetic
02:24 +1148 -3: C:/Users/Atharva Patil/Documents/projects/gymlog/test/upgrade/session_2_render_test.dart: before/home-returning-higgsfield-1.0x-synthetic
02:24 +1149 -3: C:/Users/Atharva Patil/Documents/projects/gymlog/test/upgrade/session_2_render_test.dart: before/home-returning-higgsfield-1.0x-synthetic
02:24 +1150 -3: C:/Users/Atharva Patil/Documents/projects/gymlog/test/upgrade/session_2_render_test.dart: before/home-returning-higgsfield-1.0x-synthetic
02:24 +1151 -3: C:/Users/Atharva Patil/Documents/projects/gymlog/test/upgrade/session_2_render_test.dart: before/home-returning-higgsfield-1.0x-synthetic
02:24 +1152 -3: C:/Users/Atharva Patil/Documents/projects/gymlog/test/upgrade/session_2_render_test.dart: before/home-returning-higgsfield-1.0x-synthetic
02:24 +1153 -3: C:/Users/Atharva Patil/Documents/projects/gymlog/test/upgrade/session_2_render_test.dart: before/home-returning-higgsfield-1.0x-synthetic
02:24 +1154 -3: C:/Users/Atharva Patil/Documents/projects/gymlog/test/upgrade/session_2_render_test.dart: before/home-returning-higgsfield-1.0x-synthetic
02:25 +1155 -3: C:/Users/Atharva Patil/Documents/projects/gymlog/test/upgrade/session_2_render_test.dart: before/home-returning-higgsfield-1.0x-synthetic
02:25 +1156 -3: C:/Users/Atharva Patil/Documents/projects/gymlog/test/upgrade/session_2_render_test.dart: before/home-returning-higgsfield-1.0x-synthetic
02:25 +1157 -3: C:/Users/Atharva Patil/Documents/projects/gymlog/test/upgrade/session_2_render_test.dart: before/home-returning-higgsfield-1.0x-synthetic
02:25 +1158 -3: C:/Users/Atharva Patil/Documents/projects/gymlog/test/upgrade/session_2_render_test.dart: before/home-returning-higgsfield-1.0x-synthetic
02:25 +1159 -3: C:/Users/Atharva Patil/Documents/projects/gymlog/test/upgrade/session_2_render_test.dart: before/home-returning-higgsfield-1.0x-synthetic
02:25 +1160 -3: C:/Users/Atharva Patil/Documents/projects/gymlog/test/upgrade/session_2_render_test.dart: before/home-returning-higgsfield-1.0x-synthetic
02:25 +1161 -3: C:/Users/Atharva Patil/Documents/projects/gymlog/test/upgrade/session_2_render_test.dart: before/home-returning-higgsfield-1.0x-synthetic
02:25 +1162 -3: C:/Users/Atharva Patil/Documents/projects/gymlog/test/upgrade/session_2_render_test.dart: before/home-returning-higgsfield-1.0x-synthetic
02:25 +1163 -3: C:/Users/Atharva Patil/Documents/projects/gymlog/test/upgrade/session_2_render_test.dart: before/home-returning-higgsfield-1.0x-synthetic
02:25 +1164 -3: C:/Users/Atharva Patil/Documents/projects/gymlog/test/upgrade/session_2_render_test.dart: before/home-returning-higgsfield-1.0x-synthetic
02:25 +1165 -3: C:/Users/Atharva Patil/Documents/projects/gymlog/test/upgrade/session_2_render_test.dart: before/home-returning-higgsfield-1.0x-synthetic
02:25 +1166 -3: C:/Users/Atharva Patil/Documents/projects/gymlog/test/upgrade/session_2_render_test.dart: before/home-returning-higgsfield-1.0x-synthetic
02:25 +1167 -3: C:/Users/Atharva Patil/Documents/projects/gymlog/test/upgrade/session_2_render_test.dart: before/home-returning-higgsfield-1.0x-synthetic
02:25 +1168 -3: C:/Users/Atharva Patil/Documents/projects/gymlog/test/upgrade/error_reassurance_render_test.dart: sync-error-blazeOrange-1.6x-synthetic
02:25 +1169 -3: C:/Users/Atharva Patil/Documents/projects/gymlog/test/upgrade/session_2_acceptance_render_test.dart: home-inactive-return-neonPurple-1.0x-synthetic
02:25 +1170 -3: C:/Users/Atharva Patil/Documents/projects/gymlog/test/upgrade/session_1_render_test.dart: header-reps-white-1.6x-synthetic
02:25 +1171 -3: C:/Users/Atharva Patil/Documents/projects/gymlog/test/upgrade/error_reassurance_render_test.dart: storage-free-blazeOrange-1.6x-synthetic
02:25 +1172 -3: C:/Users/Atharva Patil/Documents/projects/gymlog/test/upgrade/error_reassurance_render_test.dart: storage-free-blazeOrange-1.6x-synthetic
02:25 +1173 -3: C:/Users/Atharva Patil/Documents/projects/gymlog/test/upgrade/error_reassurance_render_test.dart: storage-free-blazeOrange-1.6x-synthetic
02:25 +1174 -3: C:/Users/Atharva Patil/Documents/projects/gymlog/test/upgrade/error_reassurance_render_test.dart: storage-free-blazeOrange-1.6x-synthetic
02:25 +1175 -3: C:/Users/Atharva Patil/Documents/projects/gymlog/test/upgrade/session_2_render_test.dart: before/library-returning-higgsfield-1.0x-synthetic
02:25 +1176 -3: C:/Users/Atharva Patil/Documents/projects/gymlog/test/upgrade/session_2_render_test.dart: before/library-returning-higgsfield-1.0x-synthetic
02:26 +1177 -3: C:/Users/Atharva Patil/Documents/projects/gymlog/test/upgrade/session_2_render_test.dart: before/library-returning-higgsfield-1.0x-synthetic
02:26 +1178 -3: C:/Users/Atharva Patil/Documents/projects/gymlog/test/upgrade/session_2_render_test.dart: before/library-returning-higgsfield-1.0x-synthetic
02:26 +1179 -3: C:/Users/Atharva Patil/Documents/projects/gymlog/test/upgrade/error_reassurance_render_test.dart: storage-pro-blazeOrange-1.6x-synthetic
02:26 +1180 -3: C:/Users/Atharva Patil/Documents/projects/gymlog/test/upgrade/session_2_acceptance_render_test.dart: library-low-data-neonPurple-1.0x-synthetic
02:26 +1181 -3: C:/Users/Atharva Patil/Documents/projects/gymlog/test/upgrade/session_1_render_test.dart: finish-reps-white-1.6x-synthetic
02:26 +1182 -3: C:/Users/Atharva Patil/Documents/projects/gymlog/test/upgrade/session_2_render_test.dart: before/home-inactive-higgsfield-1.0x-synthetic
02:26 +1183 -3: C:/Users/Atharva Patil/Documents/projects/gymlog/test/upgrade/session_2_render_test.dart: before/home-inactive-higgsfield-1.0x-synthetic
02:26 +1184 -3: C:/Users/Atharva Patil/Documents/projects/gymlog/test/upgrade/session_2_render_test.dart: before/home-inactive-higgsfield-1.0x-synthetic
02:26 +1185 -3: C:/Users/Atharva Patil/Documents/projects/gymlog/test/upgrade/session_2_acceptance_render_test.dart: library-error-neonPurple-1.0x-synthetic
02:26 +1186 -3: C:/Users/Atharva Patil/Documents/projects/gymlog/test/upgrade/session_1_render_test.dart: finish-distance-white-1.6x-synthetic
02:26 +1187 -3: C:/Users/Atharva Patil/Documents/projects/gymlog/test/upgrade/session_2_render_test.dart: before/library-inactive-higgsfield-1.0x-synthetic
02:26 +1188 -3: C:/Users/Atharva Patil/Documents/projects/gymlog/test/upgrade/session_2_render_test.dart: before/library-inactive-higgsfield-1.0x-synthetic
02:26 +1189 -3: C:/Users/Atharva Patil/Documents/projects/gymlog/test/upgrade/session_2_acceptance_render_test.dart: home-previous-error-neonPurple-1.0x-synthetic
02:26 +1190 -3: C:/Users/Atharva Patil/Documents/projects/gymlog/test/upgrade/session_1_render_test.dart: pr-pace-white-1.6x-synthetic
02:26 +1191 -3: C:/Users/Atharva Patil/Documents/projects/gymlog/test/upgrade/session_2_render_test.dart: before/home-empty-higgsfield-1.0x-synthetic
02:26 +1192 -3: C:/Users/Atharva Patil/Documents/projects/gymlog/test/upgrade/session_2_acceptance_render_test.dart: library-previous-error-neonPurple-1.0x-synthetic
02:26 +1193 -3: C:/Users/Atharva Patil/Documents/projects/gymlog/test/upgrade/session_2_acceptance_render_test.dart: library-previous-error-neonPurple-1.0x-synthetic
02:26 +1194 -3: C:/Users/Atharva Patil/Documents/projects/gymlog/test/upgrade/session_2_acceptance_render_test.dart: library-previous-error-neonPurple-1.0x-synthetic
02:26 +1195 -3: C:/Users/Atharva Patil/Documents/projects/gymlog/test/upgrade/session_2_render_test.dart: before/library-empty-higgsfield-1.0x-synthetic
02:26 +1196 -3: C:/Users/Atharva Patil/Documents/projects/gymlog/test/upgrade/session_1_render_test.dart: share-sticker-white-1.6x-synthetic
02:26 +1197 -3: C:/Users/Atharva Patil/Documents/projects/gymlog/test/upgrade/session_2_acceptance_render_test.dart: home-choice-error-neonPurple-1.0x-synthetic
02:26 +1198 -3: C:/Users/Atharva Patil/Documents/projects/gymlog/test/upgrade/session_2_acceptance_render_test.dart: home-choice-error-neonPurple-1.0x-synthetic
02:27 +1199 -3: C:/Users/Atharva Patil/Documents/projects/gymlog/test/upgrade/session_2_render_test.dart: before/home-noRoutine-higgsfield-1.0x-synthetic
02:27 +1200 -3: C:/Users/Atharva Patil/Documents/projects/gymlog/test/upgrade/session_1_render_test.dart: share-duration-technical-white-1.6x-synthetic
02:27 +1201 -3: C:/Users/Atharva Patil/Documents/projects/gymlog/test/upgrade/session_2_acceptance_render_test.dart: library-choice-error-neonPurple-1.0x-synthetic
02:27 +1202 -3: C:/Users/Atharva Patil/Documents/projects/gymlog/test/upgrade/session_2_acceptance_render_test.dart: library-choice-error-neonPurple-1.0x-synthetic
02:27 +1203 -3: C:/Users/Atharva Patil/Documents/projects/gymlog/test/upgrade/session_2_acceptance_render_test.dart: library-choice-error-neonPurple-1.0x-synthetic
02:27 +1204 -3: C:/Users/Atharva Patil/Documents/projects/gymlog/test/upgrade/session_1_render_test.dart: share-distance-monument-white-1.6x-synthetic
02:27 +1205 -3: C:/Users/Atharva Patil/Documents/projects/gymlog/test/upgrade/session_2_render_test.dart: before/home-lowData-higgsfield-1.0x-synthetic
02:27 +1206 -3: C:/Users/Atharva Patil/Documents/projects/gymlog/test/upgrade/session_2_acceptance_render_test.dart: home-loading-neonPurple-1.0x-synthetic
02:27 +1207 -3: C:/Users/Atharva Patil/Documents/projects/gymlog/test/upgrade/session_2_acceptance_render_test.dart: home-loading-neonPurple-1.0x-synthetic
02:27 +1208 -3: C:/Users/Atharva Patil/Documents/projects/gymlog/test/upgrade/session_2_render_test.dart: before/library-lowData-higgsfield-1.0x-synthetic
02:27 +1209 -3: C:/Users/Atharva Patil/Documents/projects/gymlog/test/upgrade/session_2_render_test.dart: before/library-lowData-higgsfield-1.0x-synthetic
02:27 +1210 -3: C:/Users/Atharva Patil/Documents/projects/gymlog/test/upgrade/session_2_acceptance_render_test.dart: library-loading-neonPurple-1.0x-synthetic
02:27 +1211 -3: C:/Users/Atharva Patil/Documents/projects/gymlog/test/upgrade/session_2_acceptance_render_test.dart: library-loading-neonPurple-1.0x-synthetic
02:27 +1212 -3: C:/Users/Atharva Patil/Documents/projects/gymlog/test/upgrade/session_2_render_test.dart: before/home-error-higgsfield-1.0x-synthetic
02:27 +1213 -3: C:/Users/Atharva Patil/Documents/projects/gymlog/test/upgrade/session_2_render_test.dart: before/home-error-higgsfield-1.0x-synthetic
02:27 +1214 -3: C:/Users/Atharva Patil/Documents/projects/gymlog/test/upgrade/session_2_acceptance_render_test.dart: home-chosen-neonPurple-1.6x-synthetic
02:27 +1215 -3: C:/Users/Atharva Patil/Documents/projects/gymlog/test/upgrade/session_2_acceptance_render_test.dart: home-chosen-neonPurple-1.6x-synthetic
02:27 +1216 -3: C:/Users/Atharva Patil/Documents/projects/gymlog/test/upgrade/session_2_acceptance_render_test.dart: home-chosen-neonPurple-1.6x-synthetic
02:27 +1217 -3: C:/Users/Atharva Patil/Documents/projects/gymlog/test/upgrade/session_2_acceptance_render_test.dart: home-chosen-neonPurple-1.6x-synthetic
02:27 +1218 -3: C:/Users/Atharva Patil/Documents/projects/gymlog/test/upgrade/session_2_render_test.dart: before/home-returning-higgsfield-1.6x-synthetic
02:27 +1219 -3: C:/Users/Atharva Patil/Documents/projects/gymlog/test/upgrade/session_2_render_test.dart: before/home-returning-higgsfield-1.6x-synthetic
02:28 +1220 -3: C:/Users/Atharva Patil/Documents/projects/gymlog/test/upgrade/session_2_render_test.dart: before/home-returning-higgsfield-1.6x-synthetic
02:28 +1221 -3: C:/Users/Atharva Patil/Documents/projects/gymlog/test/upgrade/session_2_render_test.dart: before/home-returning-higgsfield-1.6x-synthetic
02:28 +1222 -3: C:/Users/Atharva Patil/Documents/projects/gymlog/test/upgrade/session_2_render_test.dart: before/home-returning-higgsfield-1.6x-synthetic
02:28 +1223 -3: C:/Users/Atharva Patil/Documents/projects/gymlog/test/upgrade/session_2_render_test.dart: before/home-returning-higgsfield-1.6x-synthetic
02:28 +1224 -3: C:/Users/Atharva Patil/Documents/projects/gymlog/test/upgrade/session_2_render_test.dart: before/home-returning-higgsfield-1.6x-synthetic
02:28 +1225 -3: C:/Users/Atharva Patil/Documents/projects/gymlog/test/upgrade/session_2_acceptance_render_test.dart: home-no-choice-neonPurple-1.6x-synthetic
02:28 +1226 -3: C:/Users/Atharva Patil/Documents/projects/gymlog/test/upgrade/session_2_acceptance_render_test.dart: home-no-choice-neonPurple-1.6x-synthetic
02:28 +1227 -3: C:/Users/Atharva Patil/Documents/projects/gymlog/test/upgrade/session_2_acceptance_render_test.dart: home-no-choice-neonPurple-1.6x-synthetic
02:28 +1228 -3: C:/Users/Atharva Patil/Documents/projects/gymlog/test/upgrade/session_2_acceptance_render_test.dart: home-no-choice-neonPurple-1.6x-synthetic
02:28 +1229 -3: C:/Users/Atharva Patil/Documents/projects/gymlog/test/upgrade/session_2_acceptance_render_test.dart: home-no-choice-neonPurple-1.6x-synthetic
02:28 +1230 -3: C:/Users/Atharva Patil/Documents/projects/gymlog/test/upgrade/session_2_acceptance_render_test.dart: home-no-choice-neonPurple-1.6x-synthetic
02:28 +1231 -3: C:/Users/Atharva Patil/Documents/projects/gymlog/test/upgrade/session_2_acceptance_render_test.dart: home-no-choice-neonPurple-1.6x-synthetic
02:28 +1232 -3: C:/Users/Atharva Patil/Documents/projects/gymlog/test/upgrade/session_1_render_test.dart: exercise-no-estimate-white-1.6x-synthetic
02:28 +1233 -3: C:/Users/Atharva Patil/Documents/projects/gymlog/test/upgrade/session_2_render_test.dart: before/library-returning-higgsfield-1.6x-synthetic
02:28 +1234 -3: C:/Users/Atharva Patil/Documents/projects/gymlog/test/upgrade/session_2_render_test.dart: before/library-returning-higgsfield-1.6x-synthetic
02:28 +1235 -3: C:/Users/Atharva Patil/Documents/projects/gymlog/test/upgrade/session_2_render_test.dart: before/library-returning-higgsfield-1.6x-synthetic
02:28 +1236 -3: C:/Users/Atharva Patil/Documents/projects/gymlog/test/upgrade/session_2_render_test.dart: before/library-returning-higgsfield-1.6x-synthetic
02:28 +1237 -3: C:/Users/Atharva Patil/Documents/projects/gymlog/test/upgrade/session_2_acceptance_render_test.dart: home-deleted-choice-neonPurple-1.6x-synthetic
02:28 +1238 -3: C:/Users/Atharva Patil/Documents/projects/gymlog/test/upgrade/session_2_acceptance_render_test.dart: home-deleted-choice-neonPurple-1.6x-synthetic
02:28 +1239 -3: C:/Users/Atharva Patil/Documents/projects/gymlog/test/upgrade/session_2_render_test.dart: before/home-inactive-higgsfield-1.6x-synthetic
02:28 +1240 -3: C:/Users/Atharva Patil/Documents/projects/gymlog/test/upgrade/session_2_render_test.dart: before/home-inactive-higgsfield-1.6x-synthetic
02:28 +1241 -3: C:/Users/Atharva Patil/Documents/projects/gymlog/test/upgrade/session_2_acceptance_render_test.dart: library-deleted-choice-neonPurple-1.6x-synthetic
02:28 +1242 -3: C:/Users/Atharva Patil/Documents/projects/gymlog/test/upgrade/session_2_acceptance_render_test.dart: library-deleted-choice-neonPurple-1.6x-synthetic
02:28 +1243 -3: C:/Users/Atharva Patil/Documents/projects/gymlog/test/upgrade/session_2_acceptance_render_test.dart: library-deleted-choice-neonPurple-1.6x-synthetic
02:28 +1244 -3: C:/Users/Atharva Patil/Documents/projects/gymlog/test/upgrade/session_2_render_test.dart: before/library-inactive-higgsfield-1.6x-synthetic
02:28 +1245 -3: C:/Users/Atharva Patil/Documents/projects/gymlog/test/upgrade/session_1_render_test.dart: header-timed-neonCyan-1.0x-synthetic
02:28 +1246 -3: C:/Users/Atharva Patil/Documents/projects/gymlog/test/upgrade/session_2_acceptance_render_test.dart: home-empty-choice-neonPurple-1.6x-synthetic
02:28 +1247 -3: C:/Users/Atharva Patil/Documents/projects/gymlog/test/upgrade/session_2_acceptance_render_test.dart: home-empty-choice-neonPurple-1.6x-synthetic
02:28 +1248 -3: C:/Users/Atharva Patil/Documents/projects/gymlog/test/upgrade/session_2_render_test.dart: before/home-empty-higgsfield-1.6x-synthetic
02:28 +1249 -3: C:/Users/Atharva Patil/Documents/projects/gymlog/test/upgrade/session_1_render_test.dart: header-empty-neonCyan-1.0x-synthetic
02:29 +1250 -3: C:/Users/Atharva Patil/Documents/projects/gymlog/test/upgrade/session_2_acceptance_render_test.dart: library-empty-choice-neonPurple-1.6x-synthetic
02:29 +1251 -3: C:/Users/Atharva Patil/Documents/projects/gymlog/test/upgrade/session_2_acceptance_render_test.dart: library-empty-choice-neonPurple-1.6x-synthetic
02:29 +1252 -3: C:/Users/Atharva Patil/Documents/projects/gymlog/test/upgrade/session_1_render_test.dart: finish-weighted-neonCyan-1.0x-synthetic
02:29 +1253 -3: C:/Users/Atharva Patil/Documents/projects/gymlog/test/upgrade/session_2_render_test.dart: before/home-noRoutine-higgsfield-1.6x-synthetic
02:29 +1254 -3: C:/Users/Atharva Patil/Documents/projects/gymlog/test/upgrade/session_2_render_test.dart: before/home-noRoutine-higgsfield-1.6x-synthetic
02:29 +1255 -3: C:/Users/Atharva Patil/Documents/projects/gymlog/test/upgrade/session_1_render_test.dart: finish-reps-neonCyan-1.0x-synthetic
02:29 +1256 -3: C:/Users/Atharva Patil/Documents/projects/gymlog/test/upgrade/session_2_acceptance_render_test.dart: library-new-user-neonPurple-1.6x-synthetic
02:29 +1257 -3: C:/Users/Atharva Patil/Documents/projects/gymlog/test/upgrade/session_2_acceptance_render_test.dart: library-new-user-neonPurple-1.6x-synthetic
02:29 +1258 -3: C:/Users/Atharva Patil/Documents/projects/gymlog/test/upgrade/session_1_render_test.dart: finish-timed-neonCyan-1.0x-synthetic
02:29 +1259 -3: C:/Users/Atharva Patil/Documents/projects/gymlog/test/upgrade/session_2_render_test.dart: before/home-lowData-higgsfield-1.6x-synthetic
02:29 +1260 -3: C:/Users/Atharva Patil/Documents/projects/gymlog/test/upgrade/session_2_acceptance_render_test.dart: home-no-routine-neonPurple-1.6x-synthetic
02:29 +1261 -3: C:/Users/Atharva Patil/Documents/projects/gymlog/test/upgrade/session_2_acceptance_render_test.dart: home-no-routine-neonPurple-1.6x-synthetic
02:29 +1262 -3: C:/Users/Atharva Patil/Documents/projects/gymlog/test/upgrade/session_2_render_test.dart: before/library-lowData-higgsfield-1.6x-synthetic
02:29 +1263 -3: C:/Users/Atharva Patil/Documents/projects/gymlog/test/upgrade/session_1_render_test.dart: pr-neonCyan-1.0x-synthetic
02:29 +1264 -3: C:/Users/Atharva Patil/Documents/projects/gymlog/test/upgrade/session_2_acceptance_render_test.dart: library-no-routine-neonPurple-1.6x-synthetic
02:29 +1265 -3: C:/Users/Atharva Patil/Documents/projects/gymlog/test/upgrade/session_2_acceptance_render_test.dart: library-no-routine-neonPurple-1.6x-synthetic
02:29 +1266 -3: C:/Users/Atharva Patil/Documents/projects/gymlog/test/upgrade/session_1_render_test.dart: pr-pace-neonCyan-1.0x-synthetic
02:29 +1267 -3: C:/Users/Atharva Patil/Documents/projects/gymlog/test/upgrade/session_2_render_test.dart: before/library-error-higgsfield-1.6x-synthetic
02:29 +1268 -3: C:/Users/Atharva Patil/Documents/projects/gymlog/test/upgrade/session_2_render_test.dart: before/library-error-higgsfield-1.6x-synthetic
02:29 +1269 -3: C:/Users/Atharva Patil/Documents/projects/gymlog/test/upgrade/session_2_acceptance_render_test.dart: home-inactive-return-neonPurple-1.6x-synthetic
02:29 +1270 -3: C:/Users/Atharva Patil/Documents/projects/gymlog/test/upgrade/session_2_acceptance_render_test.dart: home-inactive-return-neonPurple-1.6x-synthetic
02:29 +1271 -3: C:/Users/Atharva Patil/Documents/projects/gymlog/test/upgrade/session_2_render_test.dart: before/home-returning-neonPurple-1.0x-synthetic
02:29 +1272 -3: C:/Users/Atharva Patil/Documents/projects/gymlog/test/upgrade/session_2_render_test.dart: before/home-returning-neonPurple-1.0x-synthetic
02:29 +1273 -3: C:/Users/Atharva Patil/Documents/projects/gymlog/test/upgrade/session_2_acceptance_render_test.dart: library-inactive-return-neonPurple-1.6x-synthetic
02:30 +1274 -3: C:/Users/Atharva Patil/Documents/projects/gymlog/test/upgrade/session_2_acceptance_render_test.dart: library-inactive-return-neonPurple-1.6x-synthetic
02:30 +1275 -3: C:/Users/Atharva Patil/Documents/projects/gymlog/test/upgrade/session_2_render_test.dart: before/library-returning-neonPurple-1.0x-synthetic
02:30 +1276 -3: C:/Users/Atharva Patil/Documents/projects/gymlog/test/upgrade/session_2_render_test.dart: before/library-returning-neonPurple-1.0x-synthetic
02:30 +1277 -3: C:/Users/Atharva Patil/Documents/projects/gymlog/test/upgrade/session_2_render_test.dart: before/library-returning-neonPurple-1.0x-synthetic
02:30 +1278 -3: C:/Users/Atharva Patil/Documents/projects/gymlog/test/upgrade/session_2_render_test.dart: before/library-returning-neonPurple-1.0x-synthetic
02:30 +1279 -3: C:/Users/Atharva Patil/Documents/projects/gymlog/test/upgrade/session_2_render_test.dart: before/library-returning-neonPurple-1.0x-synthetic
02:30 +1280 -3: C:/Users/Atharva Patil/Documents/projects/gymlog/test/upgrade/session_2_render_test.dart: before/library-returning-neonPurple-1.0x-synthetic
02:30 +1281 -3: C:/Users/Atharva Patil/Documents/projects/gymlog/test/upgrade/session_1_render_test.dart: share-distance-monument-neonCyan-1.0x-synthetic
02:30 +1282 -3: C:/Users/Atharva Patil/Documents/projects/gymlog/test/upgrade/session_2_acceptance_render_test.dart: library-low-data-neonPurple-1.6x-synthetic
02:30 +1283 -3: C:/Users/Atharva Patil/Documents/projects/gymlog/test/upgrade/session_2_acceptance_render_test.dart: library-low-data-neonPurple-1.6x-synthetic
02:30 +1284 -3: C:/Users/Atharva Patil/Documents/projects/gymlog/test/upgrade/session_2_render_test.dart: before/home-inactive-neonPurple-1.0x-synthetic
02:30 +1285 -3: C:/Users/Atharva Patil/Documents/projects/gymlog/test/upgrade/session_1_render_test.dart: share-distance-sticker-neonCyan-1.0x-synthetic
02:30 +1286 -3: C:/Users/Atharva Patil/Documents/projects/gymlog/test/upgrade/session_2_acceptance_render_test.dart: home-error-neonPurple-1.6x-synthetic
02:30 +1287 -3: C:/Users/Atharva Patil/Documents/projects/gymlog/test/upgrade/session_2_render_test.dart: before/library-inactive-neonPurple-1.0x-synthetic
02:30 +1288 -3: C:/Users/Atharva Patil/Documents/projects/gymlog/test/upgrade/session_2_render_test.dart: before/library-inactive-neonPurple-1.0x-synthetic
02:30 +1289 -3: C:/Users/Atharva Patil/Documents/projects/gymlog/test/upgrade/session_2_render_test.dart: before/library-inactive-neonPurple-1.0x-synthetic
02:30 +1290 -3: C:/Users/Atharva Patil/Documents/projects/gymlog/test/upgrade/session_2_acceptance_render_test.dart: library-error-neonPurple-1.6x-synthetic
02:30 +1291 -3: C:/Users/Atharva Patil/Documents/projects/gymlog/test/upgrade/session_1_render_test.dart: share-pace-sticker-neonCyan-1.0x-synthetic
02:30 +1292 -3: C:/Users/Atharva Patil/Documents/projects/gymlog/test/upgrade/session_2_render_test.dart: before/home-empty-neonPurple-1.0x-synthetic
02:30 +1293 -3: C:/Users/Atharva Patil/Documents/projects/gymlog/test/upgrade/session_2_acceptance_render_test.dart: home-previous-error-neonPurple-1.6x-synthetic
02:30 +1294 -3: C:/Users/Atharva Patil/Documents/projects/gymlog/test/upgrade/session_2_acceptance_render_test.dart: home-previous-error-neonPurple-1.6x-synthetic
02:30 +1295 -3: C:/Users/Atharva Patil/Documents/projects/gymlog/test/upgrade/session_2_acceptance_render_test.dart: home-previous-error-neonPurple-1.6x-synthetic
02:30 +1296 -3: C:/Users/Atharva Patil/Documents/projects/gymlog/test/upgrade/session_1_render_test.dart: detail-error-neonCyan-1.0x-synthetic
02:31 +1297 -3: C:/Users/Atharva Patil/Documents/projects/gymlog/test/upgrade/session_2_render_test.dart: before/home-noRoutine-neonPurple-1.0x-synthetic
02:31 +1298 -3: C:/Users/Atharva Patil/Documents/projects/gymlog/test/upgrade/session_2_acceptance_render_test.dart: library-previous-error-neonPurple-1.6x-synthetic
02:31 +1299 -3: C:/Users/Atharva Patil/Documents/projects/gymlog/test/upgrade/session_2_acceptance_render_test.dart: library-previous-error-neonPurple-1.6x-synthetic
02:31 +1300 -3: C:/Users/Atharva Patil/Documents/projects/gymlog/test/upgrade/session_2_render_test.dart: before/library-noRoutine-neonPurple-1.0x-synthetic
02:31 +1301 -3: C:/Users/Atharva Patil/Documents/projects/gymlog/test/upgrade/session_1_render_test.dart: exercise-neonCyan-1.0x-synthetic
02:31 +1302 -3: C:/Users/Atharva Patil/Documents/projects/gymlog/test/upgrade/session_2_acceptance_render_test.dart: home-choice-error-neonPurple-1.6x-synthetic
02:31 +1303 -3: C:/Users/Atharva Patil/Documents/projects/gymlog/test/upgrade/session_2_acceptance_render_test.dart: home-choice-error-neonPurple-1.6x-synthetic
02:31 +1304 -3: C:/Users/Atharva Patil/Documents/projects/gymlog/test/upgrade/session_1_render_test.dart: exercise-no-estimate-neonCyan-1.0x-synthetic
02:31 +1305 -3: C:/Users/Atharva Patil/Documents/projects/gymlog/test/upgrade/session_2_render_test.dart: before/library-lowData-neonPurple-1.0x-synthetic
02:31 +1306 -3: C:/Users/Atharva Patil/Documents/projects/gymlog/test/upgrade/session_2_acceptance_render_test.dart: library-choice-error-neonPurple-1.6x-synthetic
02:31 +1307 -3: C:/Users/Atharva Patil/Documents/projects/gymlog/test/upgrade/session_2_acceptance_render_test.dart: library-choice-error-neonPurple-1.6x-synthetic
02:31 +1308 -3: C:/Users/Atharva Patil/Documents/projects/gymlog/test/upgrade/session_2_acceptance_render_test.dart: library-choice-error-neonPurple-1.6x-synthetic
02:31 +1309 -3: C:/Users/Atharva Patil/Documents/projects/gymlog/test/upgrade/session_2_render_test.dart: before/home-error-neonPurple-1.0x-synthetic
02:31 +1310 -3: C:/Users/Atharva Patil/Documents/projects/gymlog/test/upgrade/session_1_render_test.dart: progress-empty-neonCyan-1.0x-synthetic
02:31 +1311 -3: C:/Users/Atharva Patil/Documents/projects/gymlog/test/upgrade/session_2_acceptance_render_test.dart: home-loading-neonPurple-1.6x-synthetic
02:31 +1312 -3: C:/Users/Atharva Patil/Documents/projects/gymlog/test/upgrade/session_2_acceptance_render_test.dart: home-loading-neonPurple-1.6x-synthetic
02:31 +1313 -3: C:/Users/Atharva Patil/Documents/projects/gymlog/test/upgrade/session_2_acceptance_render_test.dart: home-loading-neonPurple-1.6x-synthetic
02:31 +1314 -3: C:/Users/Atharva Patil/Documents/projects/gymlog/test/upgrade/session_2_render_test.dart: before/home-returning-neonPurple-1.6x-synthetic
02:31 +1315 -3: C:/Users/Atharva Patil/Documents/projects/gymlog/test/upgrade/session_2_render_test.dart: before/home-returning-neonPurple-1.6x-synthetic
02:32 +1316 -3: C:/Users/Atharva Patil/Documents/projects/gymlog/test/upgrade/session_2_render_test.dart: before/home-returning-neonPurple-1.6x-synthetic
02:32 +1317 -3: C:/Users/Atharva Patil/Documents/projects/gymlog/test/upgrade/session_2_render_test.dart: before/home-returning-neonPurple-1.6x-synthetic
02:32 +1318 -3: C:/Users/Atharva Patil/Documents/projects/gymlog/test/upgrade/session_2_render_test.dart: before/home-returning-neonPurple-1.6x-synthetic
02:32 +1319 -3: C:/Users/Atharva Patil/Documents/projects/gymlog/test/upgrade/session_2_acceptance_render_test.dart: home-chosen-white-1.0x-synthetic
02:32 +1320 -3: C:/Users/Atharva Patil/Documents/projects/gymlog/test/upgrade/session_2_acceptance_render_test.dart: home-chosen-white-1.0x-synthetic
02:32 +1321 -3: C:/Users/Atharva Patil/Documents/projects/gymlog/test/upgrade/session_2_acceptance_render_test.dart: home-chosen-white-1.0x-synthetic
02:32 +1322 -3: C:/Users/Atharva Patil/Documents/projects/gymlog/test/upgrade/session_2_render_test.dart: before/library-returning-neonPurple-1.6x-synthetic
02:32 +1323 -3: C:/Users/Atharva Patil/Documents/projects/gymlog/test/upgrade/session_1_render_test.dart: finish-weighted-neonCyan-1.6x-synthetic
02:32 +1324 -3: C:/Users/Atharva Patil/Documents/projects/gymlog/test/upgrade/session_2_acceptance_render_test.dart: library-chosen-white-1.0x-synthetic
02:32 +1325 -3: C:/Users/Atharva Patil/Documents/projects/gymlog/test/upgrade/session_2_render_test.dart: before/home-inactive-neonPurple-1.6x-synthetic
02:32 +1326 -3: C:/Users/Atharva Patil/Documents/projects/gymlog/test/upgrade/session_2_render_test.dart: before/home-inactive-neonPurple-1.6x-synthetic
02:32 +1327 -3: C:/Users/Atharva Patil/Documents/projects/gymlog/test/weekly_goal_sheet_test.dart: showWeeklyGoalSheet selecting a day updates weeklyGoalProvider and closes sheet
02:32 +1328 -3: C:/Users/Atharva Patil/Documents/projects/gymlog/test/weekly_goal_sheet_test.dart: showWeeklyGoalSheet selecting a day updates weeklyGoalProvider and closes sheet
02:32 +1329 -3: C:/Users/Atharva Patil/Documents/projects/gymlog/test/weekly_goal_sheet_test.dart: showWeeklyGoalSheet selecting a day updates weeklyGoalProvider and closes sheet
02:32 +1330 -3: C:/Users/Atharva Patil/Documents/projects/gymlog/test/weekly_goal_sheet_test.dart: showWeeklyGoalSheet selecting a day updates weeklyGoalProvider and closes sheet
02:33 +1331 -3: C:/Users/Atharva Patil/Documents/projects/gymlog/test/weekly_goal_sheet_test.dart: showWeeklyGoalSheet selecting a day updates weeklyGoalProvider and closes sheet
02:33 +1332 -3: C:/Users/Atharva Patil/Documents/projects/gymlog/test/weekly_goal_sheet_test.dart: showWeeklyGoalSheet selecting a day updates weeklyGoalProvider and closes sheet
02:33 +1333 -3: C:/Users/Atharva Patil/Documents/projects/gymlog/test/weekly_goal_sheet_test.dart: showWeeklyGoalSheet selecting a day updates weeklyGoalProvider and closes sheet
02:33 +1334 -3: C:/Users/Atharva Patil/Documents/projects/gymlog/test/weekly_goal_sheet_test.dart: showWeeklyGoalSheet selecting a day updates weeklyGoalProvider and closes sheet
02:33 +1335 -3: C:/Users/Atharva Patil/Documents/projects/gymlog/test/weekly_goal_sheet_test.dart: showWeeklyGoalSheet selecting a day updates weeklyGoalProvider and closes sheet
02:33 +1336 -3: C:/Users/Atharva Patil/Documents/projects/gymlog/test/weekly_goal_sheet_test.dart: showWeeklyGoalSheet selecting a day updates weeklyGoalProvider and closes sheet
02:33 +1337 -3: C:/Users/Atharva Patil/Documents/projects/gymlog/test/weekly_goal_sheet_test.dart: showWeeklyGoalSheet selecting a day updates weeklyGoalProvider and closes sheet
02:33 +1338 -3: C:/Users/Atharva Patil/Documents/projects/gymlog/test/weekly_goal_sheet_test.dart: showWeeklyGoalSheet selecting a day updates weeklyGoalProvider and closes sheet
02:33 +1339 -3: C:/Users/Atharva Patil/Documents/projects/gymlog/test/weekly_goal_sheet_test.dart: showWeeklyGoalSheet selecting a day updates weeklyGoalProvider and closes sheet
02:33 +1340 -3: C:/Users/Atharva Patil/Documents/projects/gymlog/test/weekly_goal_sheet_test.dart: showWeeklyGoalSheet selecting a day updates weeklyGoalProvider and closes sheet
02:33 +1341 -3: C:/Users/Atharva Patil/Documents/projects/gymlog/test/weekly_goal_sheet_test.dart: showWeeklyGoalSheet selecting a day updates weeklyGoalProvider and closes sheet
02:33 +1342 -3: C:/Users/Atharva Patil/Documents/projects/gymlog/test/weekly_goal_sheet_test.dart: showWeeklyGoalSheet selecting a day updates weeklyGoalProvider and closes sheet
02:33 +1343 -3: C:/Users/Atharva Patil/Documents/projects/gymlog/test/weekly_goal_sheet_test.dart: showWeeklyGoalSheet selecting a day updates weeklyGoalProvider and closes sheet
02:33 +1344 -3: C:/Users/Atharva Patil/Documents/projects/gymlog/test/weekly_goal_sheet_test.dart: showWeeklyGoalSheet selecting a day updates weeklyGoalProvider and closes sheet
02:33 +1345 -3: C:/Users/Atharva Patil/Documents/projects/gymlog/test/weekly_goal_sheet_test.dart: showWeeklyGoalSheet selecting a day updates weeklyGoalProvider and closes sheet
02:33 +1346 -3: C:/Users/Atharva Patil/Documents/projects/gymlog/test/weekly_goal_sheet_test.dart: showWeeklyGoalSheet selecting a day updates weeklyGoalProvider and closes sheet
02:34 +1347 -3: C:/Users/Atharva Patil/Documents/projects/gymlog/test/weekly_goal_sheet_test.dart: showWeeklyGoalSheet selecting a day updates weeklyGoalProvider and closes sheet
02:34 +1348 -3: C:/Users/Atharva Patil/Documents/projects/gymlog/test/weekly_goal_sheet_test.dart: showWeeklyGoalSheet selecting a day updates weeklyGoalProvider and closes sheet
02:34 +1349 -3: C:/Users/Atharva Patil/Documents/projects/gymlog/test/weekly_goal_sheet_test.dart: showWeeklyGoalSheet selecting a day updates weeklyGoalProvider and closes sheet
02:34 +1350 -3: C:/Users/Atharva Patil/Documents/projects/gymlog/test/weekly_goal_sheet_test.dart: showWeeklyGoalSheet selecting a day updates weeklyGoalProvider and closes sheet
02:34 +1351 -3: C:/Users/Atharva Patil/Documents/projects/gymlog/test/weekly_goal_sheet_test.dart: showWeeklyGoalSheet selecting a day updates weeklyGoalProvider and closes sheet
02:34 +1352 -3: C:/Users/Atharva Patil/Documents/projects/gymlog/test/weekly_goal_sheet_test.dart: showWeeklyGoalSheet selecting a day updates weeklyGoalProvider and closes sheet
02:34 +1353 -3: C:/Users/Atharva Patil/Documents/projects/gymlog/test/weekly_goal_sheet_test.dart: showWeeklyGoalSheet selecting a day updates weeklyGoalProvider and closes sheet
02:34 +1354 -3: C:/Users/Atharva Patil/Documents/projects/gymlog/test/weekly_goal_sheet_test.dart: showWeeklyGoalSheet selecting a day updates weeklyGoalProvider and closes sheet
02:34 +1355 -3: C:/Users/Atharva Patil/Documents/projects/gymlog/test/weekly_goal_sheet_test.dart: showWeeklyGoalSheet selecting a day updates weeklyGoalProvider and closes sheet
02:34 +1356 -3: C:/Users/Atharva Patil/Documents/projects/gymlog/test/weekly_goal_sheet_test.dart: showWeeklyGoalSheet selecting a day updates weeklyGoalProvider and closes sheet
02:34 +1357 -3: C:/Users/Atharva Patil/Documents/projects/gymlog/test/weekly_goal_sheet_test.dart: showWeeklyGoalSheet selecting a day updates weeklyGoalProvider and closes sheet
02:34 +1358 -3: C:/Users/Atharva Patil/Documents/projects/gymlog/test/weekly_goal_sheet_test.dart: showWeeklyGoalSheet selecting a day updates weeklyGoalProvider and closes sheet
02:34 +1359 -3: C:/Users/Atharva Patil/Documents/projects/gymlog/test/weekly_goal_sheet_test.dart: showWeeklyGoalSheet selecting a day updates weeklyGoalProvider and closes sheet
02:34 +1360 -3: C:/Users/Atharva Patil/Documents/projects/gymlog/test/upgrade/session_2_render_test.dart: chosen/library-returning-higgsfield-1.0x-synthetic
02:34 +1361 -3: C:/Users/Atharva Patil/Documents/projects/gymlog/test/upgrade/session_2_render_test.dart: chosen/library-returning-higgsfield-1.0x-synthetic
02:34 +1362 -3: C:/Users/Atharva Patil/Documents/projects/gymlog/test/upgrade/session_2_render_test.dart: chosen/library-returning-higgsfield-1.0x-synthetic
02:34 +1363 -3: C:/Users/Atharva Patil/Documents/projects/gymlog/test/upgrade/session_2_acceptance_render_test.dart: home-no-routine-white-1.0x-synthetic
02:34 +1364 -3: C:/Users/Atharva Patil/Documents/projects/gymlog/test/upgrade/session_2_acceptance_render_test.dart: home-no-routine-white-1.0x-synthetic
02:34 +1365 -3: C:/Users/Atharva Patil/Documents/projects/gymlog/test/upgrade/session_2_render_test.dart: chosen/home-inactive-higgsfield-1.0x-synthetic
02:34 +1366 -3: C:/Users/Atharva Patil/Documents/projects/gymlog/test/upgrade/session_1_render_test.dart: detail-error-neonCyan-1.6x-synthetic
02:34 +1367 -3: C:/Users/Atharva Patil/Documents/projects/gymlog/test/upgrade/session_2_acceptance_render_test.dart: library-no-routine-white-1.0x-synthetic
02:34 +1368 -3: C:/Users/Atharva Patil/Documents/projects/gymlog/test/upgrade/session_2_render_test.dart: chosen/library-inactive-higgsfield-1.0x-synthetic
02:34 +1369 -3: C:/Users/Atharva Patil/Documents/projects/gymlog/test/upgrade/session_2_render_test.dart: chosen/library-inactive-higgsfield-1.0x-synthetic
02:34 +1370 -3: C:/Users/Atharva Patil/Documents/projects/gymlog/test/upgrade/session_2_acceptance_render_test.dart: home-inactive-return-white-1.0x-synthetic
02:35 +1371 -3: C:/Users/Atharva Patil/Documents/projects/gymlog/test/upgrade/session_2_acceptance_render_test.dart: home-inactive-return-white-1.0x-synthetic
02:35 +1372 -3: C:/Users/Atharva Patil/Documents/projects/gymlog/test/upgrade/session_2_acceptance_render_test.dart: home-inactive-return-white-1.0x-synthetic
02:35 +1373 -3: C:/Users/Atharva Patil/Documents/projects/gymlog/test/upgrade/session_2_render_test.dart: chosen/library-empty-higgsfield-1.0x-synthetic
02:35 +1374 -3: C:/Users/Atharva Patil/Documents/projects/gymlog/test/upgrade/session_1_render_test.dart: exercise-no-estimate-neonCyan-1.6x-synthetic
02:35 +1375 -3: C:/Users/Atharva Patil/Documents/projects/gymlog/test/upgrade/session_2_acceptance_render_test.dart: library-inactive-return-white-1.0x-synthetic
02:35 +1376 -3: C:/Users/Atharva Patil/Documents/projects/gymlog/test/upgrade/session_2_acceptance_render_test.dart: library-inactive-return-white-1.0x-synthetic
02:35 +1377 -3: C:/Users/Atharva Patil/Documents/projects/gymlog/test/upgrade/session_2_acceptance_render_test.dart: library-inactive-return-white-1.0x-synthetic
02:35 +1378 -3: C:/Users/Atharva Patil/Documents/projects/gymlog/test/upgrade/session_2_render_test.dart: chosen/library-noRoutine-higgsfield-1.0x-synthetic
02:35 +1379 -3: C:/Users/Atharva Patil/Documents/projects/gymlog/test/upgrade/session_1_render_test.dart: progress-low-neonCyan-1.6x-synthetic
02:35 +1380 -3: C:/Users/Atharva Patil/Documents/projects/gymlog/test/upgrade/session_2_acceptance_render_test.dart: home-low-data-white-1.0x-synthetic
02:35 +1381 -3: C:/Users/Atharva Patil/Documents/projects/gymlog/test/upgrade/session_2_acceptance_render_test.dart: home-low-data-white-1.0x-synthetic
02:35 +1382 -3: C:/Users/Atharva Patil/Documents/projects/gymlog/test/upgrade/session_2_acceptance_render_test.dart: home-low-data-white-1.0x-synthetic
02:35 +1383 -3: C:/Users/Atharva Patil/Documents/projects/gymlog/test/upgrade/session_2_render_test.dart: chosen/library-lowData-higgsfield-1.0x-synthetic
02:35 +1384 -3: C:/Users/Atharva Patil/Documents/projects/gymlog/test/upgrade/session_1_render_test.dart: roles-neonCyan-1.6x-synthetic
02:35 +1385 -3: C:/Users/Atharva Patil/Documents/projects/gymlog/test/upgrade/session_2_acceptance_render_test.dart: library-low-data-white-1.0x-synthetic
02:35 +1386 -3: C:/Users/Atharva Patil/Documents/projects/gymlog/test/upgrade/session_2_acceptance_render_test.dart: library-low-data-white-1.0x-synthetic
02:35 +1387 -3: C:/Users/Atharva Patil/Documents/projects/gymlog/test/upgrade/session_2_acceptance_render_test.dart: library-low-data-white-1.0x-synthetic
02:35 +1388 -3: C:/Users/Atharva Patil/Documents/projects/gymlog/test/upgrade/session_2_render_test.dart: chosen/library-error-higgsfield-1.0x-synthetic
02:35 +1389 -3: C:/Users/Atharva Patil/Documents/projects/gymlog/test/upgrade/session_1_render_test.dart: header-reps-neonMagenta-1.0x-synthetic
02:35 +1390 -3: C:/Users/Atharva Patil/Documents/projects/gymlog/test/upgrade/session_2_acceptance_render_test.dart: home-error-white-1.0x-synthetic
02:35 +1391 -3: C:/Users/Atharva Patil/Documents/projects/gymlog/test/upgrade/session_2_acceptance_render_test.dart: home-error-white-1.0x-synthetic
02:35 +1392 -3: C:/Users/Atharva Patil/Documents/projects/gymlog/test/upgrade/session_1_render_test.dart: header-timed-neonMagenta-1.0x-synthetic
02:35 +1393 -3: C:/Users/Atharva Patil/Documents/projects/gymlog/test/upgrade/session_2_render_test.dart: chosen/library-returning-higgsfield-1.6x-synthetic
02:35 +1394 -3: C:/Users/Atharva Patil/Documents/projects/gymlog/test/upgrade/session_2_render_test.dart: chosen/library-returning-higgsfield-1.6x-synthetic
02:36 +1395 -3: C:/Users/Atharva Patil/Documents/projects/gymlog/test/upgrade/session_2_render_test.dart: chosen/library-returning-higgsfield-1.6x-synthetic
02:36 +1396 -3: C:/Users/Atharva Patil/Documents/projects/gymlog/test/upgrade/session_1_render_test.dart: header-empty-neonMagenta-1.0x-synthetic
02:36 +1397 -3: C:/Users/Atharva Patil/Documents/projects/gymlog/test/upgrade/session_2_acceptance_render_test.dart: home-previous-error-white-1.0x-synthetic
02:36 +1398 -3: C:/Users/Atharva Patil/Documents/projects/gymlog/test/upgrade/session_2_acceptance_render_test.dart: home-previous-error-white-1.0x-synthetic
02:36 +1399 -3: C:/Users/Atharva Patil/Documents/projects/gymlog/test/upgrade/session_2_acceptance_render_test.dart: home-previous-error-white-1.0x-synthetic
02:36 +1400 -3: C:/Users/Atharva Patil/Documents/projects/gymlog/test/upgrade/session_2_render_test.dart: chosen/library-inactive-higgsfield-1.6x-synthetic
02:36 +1401 -3: C:/Users/Atharva Patil/Documents/projects/gymlog/test/upgrade/session_1_render_test.dart: finish-reps-neonMagenta-1.0x-synthetic
02:36 +1402 -3: C:/Users/Atharva Patil/Documents/projects/gymlog/test/upgrade/session_2_acceptance_render_test.dart: library-previous-error-white-1.0x-synthetic
02:36 +1403 -3: C:/Users/Atharva Patil/Documents/projects/gymlog/test/upgrade/session_2_acceptance_render_test.dart: library-previous-error-white-1.0x-synthetic
02:36 +1404 -3: C:/Users/Atharva Patil/Documents/projects/gymlog/test/upgrade/session_1_render_test.dart: finish-timed-neonMagenta-1.0x-synthetic
02:36 +1405 -3: C:/Users/Atharva Patil/Documents/projects/gymlog/test/upgrade/session_2_render_test.dart: chosen/library-empty-higgsfield-1.6x-synthetic
02:36 +1406 -3: C:/Users/Atharva Patil/Documents/projects/gymlog/test/upgrade/session_2_acceptance_render_test.dart: home-choice-error-white-1.0x-synthetic
02:36 +1407 -3: C:/Users/Atharva Patil/Documents/projects/gymlog/test/upgrade/session_2_acceptance_render_test.dart: home-choice-error-white-1.0x-synthetic
02:36 +1408 -3: C:/Users/Atharva Patil/Documents/projects/gymlog/test/upgrade/session_2_acceptance_render_test.dart: home-choice-error-white-1.0x-synthetic
02:36 +1409 -3: C:/Users/Atharva Patil/Documents/projects/gymlog/test/upgrade/session_2_render_test.dart: chosen/library-noRoutine-higgsfield-1.6x-synthetic
02:36 +1410 -3: C:/Users/Atharva Patil/Documents/projects/gymlog/test/upgrade/session_1_render_test.dart: pr-neonMagenta-1.0x-synthetic
02:36 +1411 -3: C:/Users/Atharva Patil/Documents/projects/gymlog/test/upgrade/session_2_acceptance_render_test.dart: library-choice-error-white-1.0x-synthetic
02:36 +1412 -3: C:/Users/Atharva Patil/Documents/projects/gymlog/test/upgrade/session_2_acceptance_render_test.dart: library-choice-error-white-1.0x-synthetic
02:36 +1413 -3: C:/Users/Atharva Patil/Documents/projects/gymlog/test/upgrade/session_2_acceptance_render_test.dart: library-choice-error-white-1.0x-synthetic
02:36 +1414 -3: C:/Users/Atharva Patil/Documents/projects/gymlog/test/upgrade/session_2_acceptance_render_test.dart: library-choice-error-white-1.0x-synthetic
02:36 +1415 -3: C:/Users/Atharva Patil/Documents/projects/gymlog/test/upgrade/session_1_render_test.dart: share-monument-neonMagenta-1.0x-synthetic
02:36 +1416 -3: C:/Users/Atharva Patil/Documents/projects/gymlog/test/upgrade/session_2_render_test.dart: chosen/home-error-higgsfield-1.6x-synthetic
02:36 +1417 -3: C:/Users/Atharva Patil/Documents/projects/gymlog/test/upgrade/session_2_acceptance_render_test.dart: home-loading-white-1.0x-synthetic
02:36 +1418 -3: C:/Users/Atharva Patil/Documents/projects/gymlog/test/upgrade/session_2_acceptance_render_test.dart: home-loading-white-1.0x-synthetic
02:36 +1419 -3: C:/Users/Atharva Patil/Documents/projects/gymlog/test/upgrade/session_2_acceptance_render_test.dart: home-loading-white-1.0x-synthetic
02:36 +1420 -3: C:/Users/Atharva Patil/Documents/projects/gymlog/test/upgrade/session_2_acceptance_render_test.dart: home-loading-white-1.0x-synthetic
02:36 +1421 -3: C:/Users/Atharva Patil/Documents/projects/gymlog/test/upgrade/session_2_acceptance_render_test.dart: home-loading-white-1.0x-synthetic
02:36 +1422 -3: C:/Users/Atharva Patil/Documents/projects/gymlog/test/upgrade/session_2_acceptance_render_test.dart: home-loading-white-1.0x-synthetic
02:36 +1423 -3: C:/Users/Atharva Patil/Documents/projects/gymlog/test/upgrade/session_2_acceptance_render_test.dart: home-loading-white-1.0x-synthetic
02:36 +1424 -3: C:/Users/Atharva Patil/Documents/projects/gymlog/test/upgrade/session_2_acceptance_render_test.dart: home-loading-white-1.0x-synthetic
02:36 +1425 -3: C:/Users/Atharva Patil/Documents/projects/gymlog/test/upgrade/session_2_acceptance_render_test.dart: home-loading-white-1.0x-synthetic
02:36 +1426 -3: C:/Users/Atharva Patil/Documents/projects/gymlog/test/upgrade/session_2_acceptance_render_test.dart: home-loading-white-1.0x-synthetic
02:36 +1427 -3: C:/Users/Atharva Patil/Documents/projects/gymlog/test/upgrade/session_2_acceptance_render_test.dart: home-loading-white-1.0x-synthetic
02:37 +1428 -3: C:/Users/Atharva Patil/Documents/projects/gymlog/test/widget_test.dart: UI kit PrimaryButton renders label and fires onPressed
02:37 +1429 -3: C:/Users/Atharva Patil/Documents/projects/gymlog/test/widget_test.dart: UI kit PrimaryButton renders label and fires onPressed
02:37 +1430 -3: C:/Users/Atharva Patil/Documents/projects/gymlog/test/widget_test.dart: UI kit PrimaryButton renders label and fires onPressed
02:37 +1431 -3: C:/Users/Atharva Patil/Documents/projects/gymlog/test/widget_test.dart: UI kit PrimaryButton renders label and fires onPressed
02:37 +1432 -3: C:/Users/Atharva Patil/Documents/projects/gymlog/test/widget_test.dart: UI kit PrimaryButton renders label and fires onPressed
02:37 +1433 -3: C:/Users/Atharva Patil/Documents/projects/gymlog/test/widget_test.dart: UI kit PrimaryButton renders label and fires onPressed
02:37 +1434 -3: C:/Users/Atharva Patil/Documents/projects/gymlog/test/widget_test.dart: UI kit PrimaryButton renders label and fires onPressed
02:37 +1435 -3: C:/Users/Atharva Patil/Documents/projects/gymlog/test/widget_test.dart: UI kit PrimaryButton renders label and fires onPressed
02:37 +1436 -3: C:/Users/Atharva Patil/Documents/projects/gymlog/test/widget_test.dart: UI kit PrimaryButton renders label and fires onPressed
02:37 +1437 -3: C:/Users/Atharva Patil/Documents/projects/gymlog/test/widget_test.dart: UI kit PrimaryButton renders label and fires onPressed
02:37 +1438 -3: C:/Users/Atharva Patil/Documents/projects/gymlog/test/widget_test.dart: UI kit PrimaryButton renders label and fires onPressed
02:37 +1439 -3: C:/Users/Atharva Patil/Documents/projects/gymlog/test/widget_test.dart: UI kit PrimaryButton renders label and fires onPressed
02:37 +1440 -3: C:/Users/Atharva Patil/Documents/projects/gymlog/test/widget_test.dart: UI kit PrimaryButton renders label and fires onPressed
02:37 +1441 -3: C:/Users/Atharva Patil/Documents/projects/gymlog/test/widget_test.dart: UI kit PrimaryButton renders label and fires onPressed
02:37 +1442 -3: C:/Users/Atharva Patil/Documents/projects/gymlog/test/widget_test.dart: UI kit PrimaryButton renders label and fires onPressed
02:37 +1443 -3: C:/Users/Atharva Patil/Documents/projects/gymlog/test/widget_test.dart: UI kit PrimaryButton renders label and fires onPressed
02:37 +1444 -3: C:/Users/Atharva Patil/Documents/projects/gymlog/test/widget_test.dart: UI kit PrimaryButton renders label and fires onPressed
02:37 +1445 -3: C:/Users/Atharva Patil/Documents/projects/gymlog/test/widget_test.dart: UI kit PrimaryButton renders label and fires onPressed
02:37 +1446 -3: C:/Users/Atharva Patil/Documents/projects/gymlog/test/widget_test.dart: UI kit PrimaryButton renders label and fires onPressed
02:37 +1447 -3: C:/Users/Atharva Patil/Documents/projects/gymlog/test/widget_test.dart: UI kit PrimaryButton renders label and fires onPressed
02:37 +1448 -3: C:/Users/Atharva Patil/Documents/projects/gymlog/test/widget_test.dart: UI kit PrimaryButton renders label and fires onPressed
02:37 +1449 -3: C:/Users/Atharva Patil/Documents/projects/gymlog/test/widget_test.dart: UI kit PrimaryButton renders label and fires onPressed
02:37 +1450 -3: C:/Users/Atharva Patil/Documents/projects/gymlog/test/widget_test.dart: UI kit PrimaryButton renders label and fires onPressed
02:38 +1451 -3: C:/Users/Atharva Patil/Documents/projects/gymlog/test/widget_test.dart: UI kit PrimaryButton renders label and fires onPressed
02:38 +1452 -3: C:/Users/Atharva Patil/Documents/projects/gymlog/test/widget_test.dart: UI kit PrimaryButton renders label and fires onPressed
02:38 +1453 -3: C:/Users/Atharva Patil/Documents/projects/gymlog/test/widget_test.dart: UI kit PrimaryButton renders label and fires onPressed
02:38 +1454 -3: C:/Users/Atharva Patil/Documents/projects/gymlog/test/widget_test.dart: UI kit PrimaryButton renders label and fires onPressed
02:38 +1455 -3: C:/Users/Atharva Patil/Documents/projects/gymlog/test/widget_test.dart: UI kit PrimaryButton renders label and fires onPressed
02:38 +1456 -3: C:/Users/Atharva Patil/Documents/projects/gymlog/test/widget_test.dart: UI kit PrimaryButton renders label and fires onPressed
02:38 +1457 -3: C:/Users/Atharva Patil/Documents/projects/gymlog/test/widget_test.dart: UI kit PrimaryButton renders label and fires onPressed
02:38 +1458 -3: C:/Users/Atharva Patil/Documents/projects/gymlog/test/widget_test.dart: UI kit PrimaryButton renders label and fires onPressed
02:38 +1459 -3: C:/Users/Atharva Patil/Documents/projects/gymlog/test/widget_test.dart: UI kit PrimaryButton renders label and fires onPressed
02:38 +1460 -3: C:/Users/Atharva Patil/Documents/projects/gymlog/test/widget_test.dart: UI kit PrimaryButton renders label and fires onPressed
02:38 +1461 -3: C:/Users/Atharva Patil/Documents/projects/gymlog/test/widget_test.dart: UI kit PrimaryButton renders label and fires onPressed
02:38 +1462 -3: C:/Users/Atharva Patil/Documents/projects/gymlog/test/upgrade/session_2_acceptance_render_test.dart: library-deleted-choice-white-1.6x-synthetic
02:38 +1463 -3: C:/Users/Atharva Patil/Documents/projects/gymlog/test/upgrade/session_2_acceptance_render_test.dart: library-deleted-choice-white-1.6x-synthetic
02:38 +1464 -3: C:/Users/Atharva Patil/Documents/projects/gymlog/test/upgrade/session_2_acceptance_render_test.dart: library-deleted-choice-white-1.6x-synthetic
02:38 +1465 -3: C:/Users/Atharva Patil/Documents/projects/gymlog/test/upgrade/session_2_render_test.dart: sequence/home-error-higgsfield-1.0x-synthetic
02:38 +1466 -3: C:/Users/Atharva Patil/Documents/projects/gymlog/test/widget_test.dart: UI kit TogglePill reflects active state
02:38 +1467 -3: C:/Users/Atharva Patil/Documents/projects/gymlog/test/upgrade/session_1_render_test.dart: progress-neonMagenta-1.0x-synthetic
02:38 +1468 -3: C:/Users/Atharva Patil/Documents/projects/gymlog/test/upgrade/session_2_acceptance_render_test.dart: home-empty-choice-white-1.6x-synthetic
02:38 +1469 -3: C:/Users/Atharva Patil/Documents/projects/gymlog/test/upgrade/session_2_acceptance_render_test.dart: home-empty-choice-white-1.6x-synthetic
02:38 +1470 -3: C:/Users/Atharva Patil/Documents/projects/gymlog/test/upgrade/session_2_acceptance_render_test.dart: home-empty-choice-white-1.6x-synthetic
02:38 +1471 -3: C:/Users/Atharva Patil/Documents/projects/gymlog/test/upgrade/session_2_render_test.dart: sequence/home-returning-higgsfield-1.6x-synthetic
02:38 +1472 -3: C:/Users/Atharva Patil/Documents/projects/gymlog/test/upgrade/session_1_render_test.dart: progress-empty-neonMagenta-1.0x-synthetic
02:38 +1473 -3: C:/Users/Atharva Patil/Documents/projects/gymlog/test/upgrade/session_2_acceptance_render_test.dart: library-empty-choice-white-1.6x-synthetic
02:38 +1474 -3: C:/Users/Atharva Patil/Documents/projects/gymlog/test/upgrade/session_2_render_test.dart: sequence/library-returning-higgsfield-1.6x-synthetic
02:38 +1475 -3: C:/Users/Atharva Patil/Documents/projects/gymlog/test/upgrade/session_2_render_test.dart: sequence/library-returning-higgsfield-1.6x-synthetic
02:38 +1476 -3: C:/Users/Atharva Patil/Documents/projects/gymlog/test/upgrade/session_2_acceptance_render_test.dart: home-new-user-white-1.6x-synthetic
02:38 +1477 -3: C:/Users/Atharva Patil/Documents/projects/gymlog/test/upgrade/session_2_acceptance_render_test.dart: home-new-user-white-1.6x-synthetic
02:38 +1478 -3: C:/Users/Atharva Patil/Documents/projects/gymlog/test/upgrade/session_2_acceptance_render_test.dart: home-new-user-white-1.6x-synthetic
02:39 +1479 -3: C:/Users/Atharva Patil/Documents/projects/gymlog/test/upgrade/session_1_render_test.dart: header-reps-neonMagenta-1.6x-synthetic
02:39 +1480 -3: C:/Users/Atharva Patil/Documents/projects/gymlog/test/upgrade/session_2_render_test.dart: sequence/library-inactive-higgsfield-1.6x-synthetic
02:39 +1481 -3: C:/Users/Atharva Patil/Documents/projects/gymlog/test/upgrade/session_2_acceptance_render_test.dart: library-new-user-white-1.6x-synthetic
02:39 +1482 -3: C:/Users/Atharva Patil/Documents/projects/gymlog/test/upgrade/session_2_acceptance_render_test.dart: library-new-user-white-1.6x-synthetic
02:39 +1483 -3: C:/Users/Atharva Patil/Documents/projects/gymlog/test/upgrade/session_2_render_test.dart: sequence/home-empty-higgsfield-1.6x-synthetic
02:39 +1484 -3: C:/Users/Atharva Patil/Documents/projects/gymlog/test/upgrade/session_1_render_test.dart: header-distance-neonMagenta-1.6x-synthetic
02:39 +1485 -3: C:/Users/Atharva Patil/Documents/projects/gymlog/test/upgrade/session_2_acceptance_render_test.dart: home-no-routine-white-1.6x-synthetic
02:39 +1486 -3: C:/Users/Atharva Patil/Documents/projects/gymlog/test/upgrade/session_2_acceptance_render_test.dart: home-no-routine-white-1.6x-synthetic
02:39 +1487 -3: C:/Users/Atharva Patil/Documents/projects/gymlog/test/upgrade/session_2_acceptance_render_test.dart: home-no-routine-white-1.6x-synthetic
02:39 +1488 -3: C:/Users/Atharva Patil/Documents/projects/gymlog/test/upgrade/session_2_acceptance_render_test.dart: home-no-routine-white-1.6x-synthetic
02:39 +1489 -3: C:/Users/Atharva Patil/Documents/projects/gymlog/test/upgrade/session_1_render_test.dart: finish-weighted-neonMagenta-1.6x-synthetic
02:39 +1490 -3: C:/Users/Atharva Patil/Documents/projects/gymlog/test/upgrade/session_1_render_test.dart: finish-weighted-neonMagenta-1.6x-synthetic
02:39 +1491 -3: C:/Users/Atharva Patil/Documents/projects/gymlog/test/upgrade/session_2_acceptance_render_test.dart: library-no-routine-white-1.6x-synthetic
02:39 +1492 -3: C:/Users/Atharva Patil/Documents/projects/gymlog/test/upgrade/session_2_acceptance_render_test.dart: library-no-routine-white-1.6x-synthetic
02:39 +1493 -3: C:/Users/Atharva Patil/Documents/projects/gymlog/test/upgrade/session_1_render_test.dart: finish-reps-neonMagenta-1.6x-synthetic
02:39 +1494 -3: C:/Users/Atharva Patil/Documents/projects/gymlog/test/upgrade/session_1_render_test.dart: finish-reps-neonMagenta-1.6x-synthetic
02:39 +1495 -3: C:/Users/Atharva Patil/Documents/projects/gymlog/test/upgrade/session_2_acceptance_render_test.dart: home-inactive-return-white-1.6x-synthetic
02:39 +1496 -3: C:/Users/Atharva Patil/Documents/projects/gymlog/test/upgrade/session_2_acceptance_render_test.dart: home-inactive-return-white-1.6x-synthetic
02:39 +1497 -3: C:/Users/Atharva Patil/Documents/projects/gymlog/test/upgrade/session_2_acceptance_render_test.dart: home-inactive-return-white-1.6x-synthetic
02:39 +1498 -3: C:/Users/Atharva Patil/Documents/projects/gymlog/test/upgrade/session_1_render_test.dart: finish-timed-neonMagenta-1.6x-synthetic
02:39 +1499 -3: C:/Users/Atharva Patil/Documents/projects/gymlog/test/upgrade/session_2_render_test.dart: sequence/home-returning-neonPurple-1.0x-synthetic
02:39 +1500 -3: C:/Users/Atharva Patil/Documents/projects/gymlog/test/upgrade/session_2_acceptance_render_test.dart: library-inactive-return-white-1.6x-synthetic
02:39 +1501 -3: C:/Users/Atharva Patil/Documents/projects/gymlog/test/upgrade/session_2_acceptance_render_test.dart: library-inactive-return-white-1.6x-synthetic
02:39 +1502 -3: C:/Users/Atharva Patil/Documents/projects/gymlog/test/upgrade/session_2_render_test.dart: sequence/library-returning-neonPurple-1.0x-synthetic
02:39 +1503 -3: C:/Users/Atharva Patil/Documents/projects/gymlog/test/upgrade/session_2_render_test.dart: sequence/library-returning-neonPurple-1.0x-synthetic
02:39 +1504 -3: C:/Users/Atharva Patil/Documents/projects/gymlog/test/upgrade/session_2_acceptance_render_test.dart: home-low-data-white-1.6x-synthetic
02:40 +1505 -3: C:/Users/Atharva Patil/Documents/projects/gymlog/test/upgrade/session_2_acceptance_render_test.dart: home-low-data-white-1.6x-synthetic
02:40 +1506 -3: C:/Users/Atharva Patil/Documents/projects/gymlog/test/upgrade/session_2_render_test.dart: sequence/home-returning-neonPurple-1.6x-synthetic
02:40 +1507 -3: C:/Users/Atharva Patil/Documents/projects/gymlog/test/upgrade/session_1_render_test.dart: share-monument-neonMagenta-1.6x-synthetic
02:40 +1508 -3: C:/Users/Atharva Patil/Documents/projects/gymlog/test/upgrade/session_2_acceptance_render_test.dart: library-low-data-white-1.6x-synthetic
02:40 +1509 -3: C:/Users/Atharva Patil/Documents/projects/gymlog/test/upgrade/session_2_acceptance_render_test.dart: library-low-data-white-1.6x-synthetic
02:40 +1510 -3: C:/Users/Atharva Patil/Documents/projects/gymlog/test/upgrade/session_2_render_test.dart: sequence/library-returning-neonPurple-1.6x-synthetic
02:40 +1511 -3: C:/Users/Atharva Patil/Documents/projects/gymlog/test/upgrade/session_1_render_test.dart: share-sticker-neonMagenta-1.6x-synthetic
02:40 +1512 -3: C:/Users/Atharva Patil/Documents/projects/gymlog/test/upgrade/session_2_acceptance_render_test.dart: home-error-white-1.6x-synthetic
02:40 +1513 -3: C:/Users/Atharva Patil/Documents/projects/gymlog/test/upgrade/session_2_acceptance_render_test.dart: home-error-white-1.6x-synthetic
02:40 +1514 -3: C:/Users/Atharva Patil/Documents/projects/gymlog/test/upgrade/session_2_acceptance_render_test.dart: home-error-white-1.6x-synthetic
02:40 +1515 -3: C:/Users/Atharva Patil/Documents/projects/gymlog/test/upgrade/session_2_render_test.dart: chooser/library-returning-higgsfield-1.0x-synthetic
02:40 +1516 -3: C:/Users/Atharva Patil/Documents/projects/gymlog/test/upgrade/session_2_render_test.dart: chooser/library-returning-higgsfield-1.0x-synthetic
02:40 +1517 -3: C:/Users/Atharva Patil/Documents/projects/gymlog/test/upgrade/session_2_acceptance_render_test.dart: library-error-white-1.6x-synthetic
02:40 +1518 -3: C:/Users/Atharva Patil/Documents/projects/gymlog/test/upgrade/session_1_render_test.dart: share-duration-sticker-neonMagenta-1.6x-synthetic
02:40 +1519 -3: C:/Users/Atharva Patil/Documents/projects/gymlog/test/upgrade/session_1_render_test.dart: share-duration-sticker-neonMagenta-1.6x-synthetic
02:40 +1520 -3: C:/Users/Atharva Patil/Documents/projects/gymlog/test/upgrade/session_2_acceptance_render_test.dart: home-previous-error-white-1.6x-synthetic
02:40 +1521 -3: C:/Users/Atharva Patil/Documents/projects/gymlog/test/upgrade/session_2_acceptance_render_test.dart: home-previous-error-white-1.6x-synthetic
02:40 +1522 -3: C:/Users/Atharva Patil/Documents/projects/gymlog/test/upgrade/session_2_acceptance_render_test.dart: home-previous-error-white-1.6x-synthetic
02:40 +1523 -3: C:/Users/Atharva Patil/Documents/projects/gymlog/test/upgrade/session_2_render_test.dart: chooser/home-empty-higgsfield-1.0x-synthetic
02:40 +1524 -3: C:/Users/Atharva Patil/Documents/projects/gymlog/test/upgrade/session_1_render_test.dart: share-distance-technical-neonMagenta-1.6x-synthetic
02:40 +1525 -3: C:/Users/Atharva Patil/Documents/projects/gymlog/test/workout_draft_store_test.dart: WorkoutDraftStore P0-03 Resilience & Persistence Suite resumes workout identity and structure immediately after start
02:40 +1526 -3: C:/Users/Atharva Patil/Documents/projects/gymlog/test/upgrade/session_2_acceptance_render_test.dart: library-previous-error-white-1.6x-synthetic
02:40 +1527 -3: C:/Users/Atharva Patil/Documents/projects/gymlog/test/upgrade/session_2_acceptance_render_test.dart: library-previous-error-white-1.6x-synthetic
02:40 +1528 -3: C:/Users/Atharva Patil/Documents/projects/gymlog/test/upgrade/session_2_acceptance_render_test.dart: library-previous-error-white-1.6x-synthetic
02:40 +1529 -3: C:/Users/Atharva Patil/Documents/projects/gymlog/test/upgrade/session_2_acceptance_render_test.dart: library-previous-error-white-1.6x-synthetic
02:40 +1530 -3: C:/Users/Atharva Patil/Documents/projects/gymlog/test/upgrade/session_2_acceptance_render_test.dart: library-previous-error-white-1.6x-synthetic
02:40 +1531 -3: C:/Users/Atharva Patil/Documents/projects/gymlog/test/upgrade/session_2_acceptance_render_test.dart: library-previous-error-white-1.6x-synthetic
02:40 +1532 -3: C:/Users/Atharva Patil/Documents/projects/gymlog/test/upgrade/session_2_acceptance_render_test.dart: library-previous-error-white-1.6x-synthetic
02:40 +1532 -3: C:/Users/Atharva Patil/Documents/projects/gymlog/test/workout_draft_store_test.dart: WorkoutDraftStore P0-03 Resilience & Persistence Suite corrupt JSON payload fails safely, clears storage, and returns null
[WorkoutDraftStore] Corrupted or invalid draft payload: FormatException: Unexpected character (at character 2)
{invalid_json_payload: [incomplete
 ^
. Clearing draft.
02:40 +1533 -3: C:/Users/Atharva Patil/Documents/projects/gymlog/test/upgrade/session_2_acceptance_render_test.dart: library-previous-error-white-1.6x-synthetic
02:40 +1534 -3: C:/Users/Atharva Patil/Documents/projects/gymlog/test/upgrade/session_2_acceptance_render_test.dart: library-previous-error-white-1.6x-synthetic
02:40 +1534 -3: C:/Users/Atharva Patil/Documents/projects/gymlog/test/workout_draft_store_test.dart: WorkoutDraftStore P0-03 Resilience & Persistence Suite draft belonging to user_A cannot be loaded by user_B
[WorkoutDraftStore] Ignoring draft from different user (user-A vs user-B)
02:40 +1535 -3: C:/Users/Atharva Patil/Documents/projects/gymlog/test/upgrade/session_2_acceptance_render_test.dart: library-previous-error-white-1.6x-synthetic
02:40 +1535 -3: C:/Users/Atharva Patil/Documents/projects/gymlog/test/workout_draft_store_test.dart: WorkoutDraftStore P0-03 Resilience & Persistence Suite draft older than 24 hours is treated as stale and auto-cleared
[WorkoutDraftStore] Draft expired (>24h), clearing.
02:40 +1536 -3: C:/Users/Atharva Patil/Documents/projects/gymlog/test/upgrade/session_2_acceptance_render_test.dart: library-previous-error-white-1.6x-synthetic
02:40 +1537 -3: C:/Users/Atharva Patil/Documents/projects/gymlog/test/upgrade/session_2_acceptance_render_test.dart: library-previous-error-white-1.6x-synthetic
02:40 +1538 -3: C:/Users/Atharva Patil/Documents/projects/gymlog/test/upgrade/session_2_acceptance_render_test.dart: library-previous-error-white-1.6x-synthetic
02:40 +1539 -3: C:/Users/Atharva Patil/Documents/projects/gymlog/test/upgrade/session_2_acceptance_render_test.dart: library-previous-error-white-1.6x-synthetic
02:40 +1540 -3: C:/Users/Atharva Patil/Documents/projects/gymlog/test/upgrade/session_1_render_test.dart: share-pace-monument-neonMagenta-1.6x-synthetic
02:40 +1541 -3: C:/Users/Atharva Patil/Documents/projects/gymlog/test/upgrade/session_2_render_test.dart: chooser/home-lowData-higgsfield-1.0x-synthetic
02:41 +1542 -3: C:/Users/Atharva Patil/Documents/projects/gymlog/test/upgrade/session_2_acceptance_render_test.dart: home-choice-error-white-1.6x-synthetic
02:41 +1543 -3: C:/Users/Atharva Patil/Documents/projects/gymlog/test/upgrade/session_2_acceptance_render_test.dart: home-choice-error-white-1.6x-synthetic
02:41 +1544 -3: C:/Users/Atharva Patil/Documents/projects/gymlog/test/upgrade/session_2_acceptance_render_test.dart: home-choice-error-white-1.6x-synthetic
02:41 +1545 -3: C:/Users/Atharva Patil/Documents/projects/gymlog/test/upgrade/session_2_acceptance_render_test.dart: home-choice-error-white-1.6x-synthetic
02:41 +1546 -3: C:/Users/Atharva Patil/Documents/projects/gymlog/test/upgrade/session_2_acceptance_render_test.dart: home-choice-error-white-1.6x-synthetic
02:41 +1547 -3: C:/Users/Atharva Patil/Documents/projects/gymlog/test/upgrade/session_1_render_test.dart: detail-neonMagenta-1.6x-synthetic
02:41 +1548 -3: C:/Users/Atharva Patil/Documents/projects/gymlog/test/upgrade/session_1_render_test.dart: detail-neonMagenta-1.6x-synthetic
02:41 +1549 -3: C:/Users/Atharva Patil/Documents/projects/gymlog/test/upgrade/session_2_acceptance_render_test.dart: library-choice-error-white-1.6x-synthetic
02:41 +1550 -3: C:/Users/Atharva Patil/Documents/projects/gymlog/test/upgrade/session_2_acceptance_render_test.dart: library-choice-error-white-1.6x-synthetic
02:41 +1551 -3: C:/Users/Atharva Patil/Documents/projects/gymlog/test/upgrade/session_1_render_test.dart: detail-error-neonMagenta-1.6x-synthetic
02:41 +1552 -3: C:/Users/Atharva Patil/Documents/projects/gymlog/test/upgrade/session_2_render_test.dart: chooser/library-returning-higgsfield-1.6x-synthetic
02:41 +1553 -3: C:/Users/Atharva Patil/Documents/projects/gymlog/test/upgrade/session_2_acceptance_render_test.dart: home-loading-white-1.6x-synthetic
02:41 +1554 -3: C:/Users/Atharva Patil/Documents/projects/gymlog/test/upgrade/session_2_acceptance_render_test.dart: home-loading-white-1.6x-synthetic
02:41 +1555 -3: C:/Users/Atharva Patil/Documents/projects/gymlog/test/upgrade/session_2_render_test.dart: chooser/home-inactive-higgsfield-1.6x-synthetic
02:41 +1556 -3: C:/Users/Atharva Patil/Documents/projects/gymlog/test/upgrade/session_1_render_test.dart: exercise-neonMagenta-1.6x-synthetic
02:41 +1557 -3: C:/Users/Atharva Patil/Documents/projects/gymlog/test/upgrade/session_1_render_test.dart: exercise-neonMagenta-1.6x-synthetic
02:41 +1558 -3: C:/Users/Atharva Patil/Documents/projects/gymlog/test/upgrade/session_2_acceptance_render_test.dart: library-loading-white-1.6x-synthetic
02:41 +1559 -3: C:/Users/Atharva Patil/Documents/projects/gymlog/test/upgrade/session_2_render_test.dart: chooser/home-empty-higgsfield-1.6x-synthetic
02:41 +1560 -3: C:/Users/Atharva Patil/Documents/projects/gymlog/test/upgrade/session_1_render_test.dart: exercise-no-estimate-neonMagenta-1.6x-synthetic
02:41 +1561 -3: C:/Users/Atharva Patil/Documents/projects/gymlog/test/upgrade/session_2_acceptance_render_test.dart: home-chosen-neonCyan-1.0x-synthetic
02:41 +1562 -3: C:/Users/Atharva Patil/Documents/projects/gymlog/test/upgrade/session_2_acceptance_render_test.dart: home-chosen-neonCyan-1.0x-synthetic
02:41 +1563 -3: C:/Users/Atharva Patil/Documents/projects/gymlog/test/upgrade/session_2_acceptance_render_test.dart: home-chosen-neonCyan-1.0x-synthetic
02:41 +1564 -3: C:/Users/Atharva Patil/Documents/projects/gymlog/test/upgrade/session_2_acceptance_render_test.dart: home-chosen-neonCyan-1.0x-synthetic
02:41 +1565 -3: C:/Users/Atharva Patil/Documents/projects/gymlog/test/upgrade/session_2_acceptance_render_test.dart: home-chosen-neonCyan-1.0x-synthetic
02:41 +1566 -3: C:/Users/Atharva Patil/Documents/projects/gymlog/test/upgrade/session_2_acceptance_render_test.dart: home-chosen-neonCyan-1.0x-synthetic
02:41 +1567 -3: C:/Users/Atharva Patil/Documents/projects/gymlog/test/upgrade/session_2_acceptance_render_test.dart: home-chosen-neonCyan-1.0x-synthetic
02:41 +1568 -3: C:/Users/Atharva Patil/Documents/projects/gymlog/test/upgrade/session_1_render_test.dart: progress-empty-neonMagenta-1.6x-synthetic
02:41 +1569 -3: C:/Users/Atharva Patil/Documents/projects/gymlog/test/upgrade/session_1_render_test.dart: progress-empty-neonMagenta-1.6x-synthetic
02:41 +1570 -3: C:/Users/Atharva Patil/Documents/projects/gymlog/test/upgrade/session_2_acceptance_render_test.dart: library-chosen-neonCyan-1.0x-synthetic
02:42 +1571 -3: C:/Users/Atharva Patil/Documents/projects/gymlog/test/upgrade/session_2_acceptance_render_test.dart: library-chosen-neonCyan-1.0x-synthetic
02:42 +1572 -3: C:/Users/Atharva Patil/Documents/projects/gymlog/test/upgrade/session_2_acceptance_render_test.dart: library-chosen-neonCyan-1.0x-synthetic
02:42 +1573 -3: C:/Users/Atharva Patil/Documents/projects/gymlog/test/upgrade/session_2_acceptance_render_test.dart: library-chosen-neonCyan-1.0x-synthetic
02:42 +1574 -3: C:/Users/Atharva Patil/Documents/projects/gymlog/test/upgrade/session_2_acceptance_render_test.dart: library-chosen-neonCyan-1.0x-synthetic
02:42 +1575 -3: C:/Users/Atharva Patil/Documents/projects/gymlog/test/upgrade/session_2_render_test.dart: chooser/home-returning-neonPurple-1.0x-synthetic
02:42 +1576 -3: C:/Users/Atharva Patil/Documents/projects/gymlog/test/upgrade/session_1_render_test.dart: header-reps-blazeOrange-1.0x-synthetic
02:42 +1577 -3: C:/Users/Atharva Patil/Documents/projects/gymlog/test/upgrade/session_2_render_test.dart: chooser/library-returning-neonPurple-1.0x-synthetic
02:42 +1578 -3: C:/Users/Atharva Patil/Documents/projects/gymlog/test/upgrade/session_2_acceptance_render_test.dart: home-no-choice-neonCyan-1.0x-synthetic
02:42 +1579 -3: C:/Users/Atharva Patil/Documents/projects/gymlog/test/upgrade/session_2_acceptance_render_test.dart: home-no-choice-neonCyan-1.0x-synthetic
02:42 +1580 -3: C:/Users/Atharva Patil/Documents/projects/gymlog/test/upgrade/session_2_render_test.dart: chooser/home-returning-neonPurple-1.6x-synthetic
02:42 +1581 -3: C:/Users/Atharva Patil/Documents/projects/gymlog/test/upgrade/session_1_render_test.dart: header-distance-blazeOrange-1.0x-synthetic
02:42 +1582 -3: C:/Users/Atharva Patil/Documents/projects/gymlog/test/upgrade/session_2_acceptance_render_test.dart: library-no-choice-neonCyan-1.0x-synthetic
02:42 +1583 -3: C:/Users/Atharva Patil/Documents/projects/gymlog/test/upgrade/session_2_acceptance_render_test.dart: library-no-choice-neonCyan-1.0x-synthetic
02:42 +1584 -3: C:/Users/Atharva Patil/Documents/projects/gymlog/test/upgrade/session_2_acceptance_render_test.dart: library-no-choice-neonCyan-1.0x-synthetic
02:42 +1585 -3: C:/Users/Atharva Patil/Documents/projects/gymlog/test/upgrade/session_1_render_test.dart: finish-weighted-blazeOrange-1.0x-synthetic
02:42 +1586 -3: C:/Users/Atharva Patil/Documents/projects/gymlog/test/upgrade/session_2_acceptance_render_test.dart: home-deleted-choice-neonCyan-1.0x-synthetic
02:42 +1587 -3: C:/Users/Atharva Patil/Documents/projects/gymlog/test/upgrade/session_1_render_test.dart: finish-reps-blazeOrange-1.0x-synthetic
02:42 +1588 -3: C:/Users/Atharva Patil/Documents/projects/gymlog/test/upgrade/session_2_acceptance_render_test.dart: library-deleted-choice-neonCyan-1.0x-synthetic
02:42 +1589 -3: C:/Users/Atharva Patil/Documents/projects/gymlog/test/upgrade/session_2_acceptance_render_test.dart: library-deleted-choice-neonCyan-1.0x-synthetic
02:42 +1590 -3: C:/Users/Atharva Patil/Documents/projects/gymlog/test/workout_export_test.dart: exports v2 schema with 20 columns for completed sessions only
02:42 +1591 -3: C:/Users/Atharva Patil/Documents/projects/gymlog/test/workout_export_test.dart: exports v2 schema with 20 columns for completed sessions only
02:42 +1592 -3: C:/Users/Atharva Patil/Documents/projects/gymlog/test/workout_export_test.dart: exports v2 schema with 20 columns for completed sessions only
02:42 +1593 -3: C:/Users/Atharva Patil/Documents/projects/gymlog/test/workout_export_test.dart: exports v2 schema with 20 columns for completed sessions only
02:42 +1594 -3: C:/Users/Atharva Patil/Documents/projects/gymlog/test/workout_export_test.dart: exports v2 schema with 20 columns for completed sessions only
02:43 +1595 -3: C:/Users/Atharva Patil/Documents/projects/gymlog/test/upgrade/session_2_acceptance_render_test.dart: library-empty-choice-neonCyan-1.0x-synthetic
02:43 +1596 -3: C:/Users/Atharva Patil/Documents/projects/gymlog/test/upgrade/session_2_acceptance_render_test.dart: library-empty-choice-neonCyan-1.0x-synthetic
02:43 +1597 -3: C:/Users/Atharva Patil/Documents/projects/gymlog/test/upgrade/session_2_acceptance_render_test.dart: library-empty-choice-neonCyan-1.0x-synthetic
02:43 +1598 -3: C:/Users/Atharva Patil/Documents/projects/gymlog/test/upgrade/session_2_acceptance_render_test.dart: library-empty-choice-neonCyan-1.0x-synthetic
02:43 +1599 -3: C:/Users/Atharva Patil/Documents/projects/gymlog/test/workout_export_test.dart: empty database exports header only
02:43 +1600 -3: C:/Users/Atharva Patil/Documents/projects/gymlog/test/upgrade/session_1_render_test.dart: share-technical-blazeOrange-1.0x-synthetic
02:43 +1601 -3: C:/Users/Atharva Patil/Documents/projects/gymlog/test/upgrade/session_2_acceptance_render_test.dart: home-new-user-neonCyan-1.0x-synthetic
02:43 +1602 -3: C:/Users/Atharva Patil/Documents/projects/gymlog/test/upgrade/session_1_render_test.dart: share-sticker-blazeOrange-1.0x-synthetic
02:43 +1603 -3: C:/Users/Atharva Patil/Documents/projects/gymlog/test/upgrade/session_2_acceptance_render_test.dart: library-new-user-neonCyan-1.0x-synthetic
02:43 +1604 -3: C:/Users/Atharva Patil/Documents/projects/gymlog/test/upgrade/session_2_acceptance_render_test.dart: library-new-user-neonCyan-1.0x-synthetic
02:43 +1605 -3: C:/Users/Atharva Patil/Documents/projects/gymlog/test/upgrade/session_1_render_test.dart: share-duration-technical-blazeOrange-1.0x-synthetic
02:43 +1606 -3: C:/Users/Atharva Patil/Documents/projects/gymlog/test/upgrade/session_2_acceptance_render_test.dart: home-no-routine-neonCyan-1.0x-synthetic
02:43 +1607 -3: C:/Users/Atharva Patil/Documents/projects/gymlog/test/upgrade/session_2_acceptance_render_test.dart: home-no-routine-neonCyan-1.0x-synthetic
02:43 +1608 -3: C:/Users/Atharva Patil/Documents/projects/gymlog/test/upgrade/session_1_render_test.dart: share-distance-monument-blazeOrange-1.0x-synthetic
02:43 +1609 -3: C:/Users/Atharva Patil/Documents/projects/gymlog/test/upgrade/session_2_acceptance_render_test.dart: library-no-routine-neonCyan-1.0x-synthetic
02:43 +1610 -3: C:/Users/Atharva Patil/Documents/projects/gymlog/test/upgrade/session_1_render_test.dart: share-distance-technical-blazeOrange-1.0x-synthetic
02:43 +1611 -3: C:/Users/Atharva Patil/Documents/projects/gymlog/test/upgrade/session_2_acceptance_render_test.dart: home-inactive-return-neonCyan-1.0x-synthetic
02:43 +1612 -3: C:/Users/Atharva Patil/Documents/projects/gymlog/test/upgrade/session_2_acceptance_render_test.dart: home-inactive-return-neonCyan-1.0x-synthetic
02:43 +1613 -3: C:/Users/Atharva Patil/Documents/projects/gymlog/test/upgrade/session_2_acceptance_render_test.dart: home-inactive-return-neonCyan-1.0x-synthetic
02:43 +1614 -3: C:/Users/Atharva Patil/Documents/projects/gymlog/test/upgrade/session_1_render_test.dart: share-pace-technical-blazeOrange-1.0x-synthetic
02:43 +1615 -3: C:/Users/Atharva Patil/Documents/projects/gymlog/test/upgrade/session_2_acceptance_render_test.dart: library-inactive-return-neonCyan-1.0x-synthetic
02:43 +1616 -3: C:/Users/Atharva Patil/Documents/projects/gymlog/test/upgrade/session_2_acceptance_render_test.dart: library-inactive-return-neonCyan-1.0x-synthetic
02:43 +1617 -3: C:/Users/Atharva Patil/Documents/projects/gymlog/test/upgrade/session_1_render_test.dart: detail-blazeOrange-1.0x-synthetic
02:44 +1618 -3: C:/Users/Atharva Patil/Documents/projects/gymlog/test/upgrade/session_2_acceptance_render_test.dart: home-low-data-neonCyan-1.0x-synthetic
02:44 +1619 -3: C:/Users/Atharva Patil/Documents/projects/gymlog/test/upgrade/session_1_render_test.dart: detail-error-blazeOrange-1.0x-synthetic
02:44 +1620 -3: C:/Users/Atharva Patil/Documents/projects/gymlog/test/upgrade/session_2_acceptance_render_test.dart: library-low-data-neonCyan-1.0x-synthetic
02:44 +1621 -3: C:/Users/Atharva Patil/Documents/projects/gymlog/test/upgrade/session_2_acceptance_render_test.dart: library-low-data-neonCyan-1.0x-synthetic
02:44 +1622 -3: C:/Users/Atharva Patil/Documents/projects/gymlog/test/upgrade/session_1_render_test.dart: exercise-blazeOrange-1.0x-synthetic
02:44 +1623 -3: C:/Users/Atharva Patil/Documents/projects/gymlog/test/upgrade/session_2_acceptance_render_test.dart: home-error-neonCyan-1.0x-synthetic
02:44 +1624 -3: C:/Users/Atharva Patil/Documents/projects/gymlog/test/workout_hero_transition_test.dart: WorkoutHistoryCard renders Hero when enableHero is true and animations enabled
02:44 +1625 -3: C:/Users/Atharva Patil/Documents/projects/gymlog/test/workout_hero_transition_test.dart: WorkoutHistoryCard renders Hero when enableHero is true and animations enabled
02:44 +1626 -3: C:/Users/Atharva Patil/Documents/projects/gymlog/test/workout_hero_transition_test.dart: WorkoutHistoryCard renders Hero when enableHero is true and animations enabled
02:44 +1627 -3: C:/Users/Atharva Patil/Documents/projects/gymlog/test/workout_hero_transition_test.dart: WorkoutHistoryCard renders Hero when enableHero is true and animations enabled
02:44 +1628 -3: C:/Users/Atharva Patil/Documents/projects/gymlog/test/workout_hero_transition_test.dart: WorkoutHistoryCard renders Hero when enableHero is true and animations enabled
02:44 +1629 -3: C:/Users/Atharva Patil/Documents/projects/gymlog/test/workout_hero_transition_test.dart: WorkoutHistoryCard renders Hero when enableHero is true and animations enabled
02:44 +1630 -3: C:/Users/Atharva Patil/Documents/projects/gymlog/test/workout_hero_transition_test.dart: WorkoutHistoryCard renders Hero when enableHero is true and animations enabled
02:44 +1631 -3: C:/Users/Atharva Patil/Documents/projects/gymlog/test/workout_hero_transition_test.dart: WorkoutHistoryCard renders Hero when enableHero is true and animations enabled
02:44 +1632 -3: C:/Users/Atharva Patil/Documents/projects/gymlog/test/workout_hero_transition_test.dart: WorkoutHistoryCard renders Hero when enableHero is true and animations enabled
02:44 +1633 -3: C:/Users/Atharva Patil/Documents/projects/gymlog/test/workout_hero_transition_test.dart: WorkoutHistoryCard renders Hero when enableHero is true and animations enabled
02:44 +1634 -3: C:/Users/Atharva Patil/Documents/projects/gymlog/test/workout_hero_transition_test.dart: WorkoutHistoryCard renders Hero when enableHero is true and animations enabled
02:44 +1635 -3: C:/Users/Atharva Patil/Documents/projects/gymlog/test/workout_hero_transition_test.dart: WorkoutHistoryCard renders Hero when enableHero is true and animations enabled
02:44 +1636 -3: C:/Users/Atharva Patil/Documents/projects/gymlog/test/workout_hero_transition_test.dart: WorkoutHistoryCard renders Hero when enableHero is true and animations enabled
02:44 +1637 -3: C:/Users/Atharva Patil/Documents/projects/gymlog/test/workout_hero_transition_test.dart: WorkoutHistoryCard renders Hero when enableHero is true and animations enabled
02:44 +1638 -3: C:/Users/Atharva Patil/Documents/projects/gymlog/test/workout_hero_transition_test.dart: WorkoutHistoryCard renders Hero when enableHero is true and animations enabled
02:45 +1639 -3: C:/Users/Atharva Patil/Documents/projects/gymlog/test/workout_hero_transition_test.dart: WorkoutHistoryCard renders Hero when enableHero is true and animations enabled
02:45 +1640 -3: C:/Users/Atharva Patil/Documents/projects/gymlog/test/workout_hero_transition_test.dart: WorkoutHistoryCard renders Hero when enableHero is true and animations enabled
02:45 +1641 -3: C:/Users/Atharva Patil/Documents/projects/gymlog/test/workout_hero_transition_test.dart: WorkoutHistoryCard renders Hero when enableHero is true and animations enabled
02:45 +1642 -3: C:/Users/Atharva Patil/Documents/projects/gymlog/test/workout_hero_transition_test.dart: WorkoutHistoryCard renders Hero when enableHero is true and animations enabled
02:45 +1643 -3: C:/Users/Atharva Patil/Documents/projects/gymlog/test/workout_hero_transition_test.dart: WorkoutHistoryCard renders Hero when enableHero is true and animations enabled
02:45 +1644 -3: C:/Users/Atharva Patil/Documents/projects/gymlog/test/workout_hero_transition_test.dart: WorkoutHistoryCard renders Hero when enableHero is true and animations enabled
02:45 +1645 -3: C:/Users/Atharva Patil/Documents/projects/gymlog/test/workout_hero_transition_test.dart: WorkoutHistoryCard renders Hero when enableHero is true and animations enabled
02:45 +1646 -3: C:/Users/Atharva Patil/Documents/projects/gymlog/test/workout_hero_transition_test.dart: WorkoutHistoryCard renders Hero when enableHero is true and animations enabled
02:45 +1647 -3: C:/Users/Atharva Patil/Documents/projects/gymlog/test/workout_hero_transition_test.dart: WorkoutHistoryCard renders Hero when enableHero is true and animations enabled
02:45 +1648 -3: C:/Users/Atharva Patil/Documents/projects/gymlog/test/workout_hero_transition_test.dart: WorkoutHistoryCard renders Hero when enableHero is true and animations enabled
02:45 +1649 -3: C:/Users/Atharva Patil/Documents/projects/gymlog/test/upgrade/session_2_acceptance_render_test.dart: home-chosen-neonCyan-1.6x-synthetic
02:45 +1650 -3: C:/Users/Atharva Patil/Documents/projects/gymlog/test/upgrade/session_2_acceptance_render_test.dart: home-chosen-neonCyan-1.6x-synthetic
02:45 +1651 -3: C:/Users/Atharva Patil/Documents/projects/gymlog/test/upgrade/session_2_acceptance_render_test.dart: home-chosen-neonCyan-1.6x-synthetic
02:45 +1652 -3: C:/Users/Atharva Patil/Documents/projects/gymlog/test/upgrade/session_2_acceptance_render_test.dart: home-chosen-neonCyan-1.6x-synthetic
02:45 +1653 -3: C:/Users/Atharva Patil/Documents/projects/gymlog/test/workout_hero_transition_test.dart: WorkoutHeroSliver renders Hero when workoutId is present and animations enabled
02:45 +1654 -3: C:/Users/Atharva Patil/Documents/projects/gymlog/test/workout_hero_transition_test.dart: WorkoutHeroSliver renders Hero when workoutId is present and animations enabled
02:45 +1655 -3: C:/Users/Atharva Patil/Documents/projects/gymlog/test/workout_hero_transition_test.dart: WorkoutHeroSliver renders Hero when workoutId is present and animations enabled
02:45 +1656 -3: C:/Users/Atharva Patil/Documents/projects/gymlog/test/workout_hero_transition_test.dart: WorkoutHeroSliver renders Hero when workoutId is present and animations enabled
02:45 +1657 -3: C:/Users/Atharva Patil/Documents/projects/gymlog/test/upgrade/session_1_render_test.dart: share-technical-blazeOrange-1.6x-synthetic
02:46 +1658 -3: C:/Users/Atharva Patil/Documents/projects/gymlog/test/upgrade/session_2_acceptance_render_test.dart: home-no-choice-neonCyan-1.6x-synthetic
02:46 +1659 -3: C:/Users/Atharva Patil/Documents/projects/gymlog/test/upgrade/session_2_acceptance_render_test.dart: home-no-choice-neonCyan-1.6x-synthetic
02:46 +1660 -3: C:/Users/Atharva Patil/Documents/projects/gymlog/test/upgrade/session_2_acceptance_render_test.dart: home-no-choice-neonCyan-1.6x-synthetic
02:46 +1661 -3: C:/Users/Atharva Patil/Documents/projects/gymlog/test/upgrade/session_1_render_test.dart: share-duration-monument-blazeOrange-1.6x-synthetic
02:46 +1662 -3: C:/Users/Atharva Patil/Documents/projects/gymlog/test/upgrade/session_2_acceptance_render_test.dart: library-no-choice-neonCyan-1.6x-synthetic
02:46 +1663 -3: C:/Users/Atharva Patil/Documents/projects/gymlog/test/upgrade/session_2_acceptance_render_test.dart: library-no-choice-neonCyan-1.6x-synthetic
02:46 +1664 -3: C:/Users/Atharva Patil/Documents/projects/gymlog/test/upgrade/session_1_render_test.dart: share-duration-sticker-blazeOrange-1.6x-synthetic
02:46 +1665 -3: C:/Users/Atharva Patil/Documents/projects/gymlog/test/upgrade/session_2_acceptance_render_test.dart: home-deleted-choice-neonCyan-1.6x-synthetic
02:46 +1666 -3: C:/Users/Atharva Patil/Documents/projects/gymlog/test/upgrade/session_2_acceptance_render_test.dart: home-deleted-choice-neonCyan-1.6x-synthetic
02:46 +1667 -3: C:/Users/Atharva Patil/Documents/projects/gymlog/test/upgrade/session_1_render_test.dart: share-distance-technical-blazeOrange-1.6x-synthetic
02:46 +1668 -3: C:/Users/Atharva Patil/Documents/projects/gymlog/test/upgrade/session_2_acceptance_render_test.dart: library-deleted-choice-neonCyan-1.6x-synthetic
02:46 +1669 -3: C:/Users/Atharva Patil/Documents/projects/gymlog/test/upgrade/session_2_acceptance_render_test.dart: library-deleted-choice-neonCyan-1.6x-synthetic
02:46 +1670 -3: C:/Users/Atharva Patil/Documents/projects/gymlog/test/upgrade/session_1_render_test.dart: share-pace-monument-blazeOrange-1.6x-synthetic
02:46 +1671 -3: C:/Users/Atharva Patil/Documents/projects/gymlog/test/upgrade/session_2_acceptance_render_test.dart: home-empty-choice-neonCyan-1.6x-synthetic
02:46 +1672 -3: C:/Users/Atharva Patil/Documents/projects/gymlog/test/upgrade/session_2_acceptance_render_test.dart: home-empty-choice-neonCyan-1.6x-synthetic
02:46 +1673 -3: C:/Users/Atharva Patil/Documents/projects/gymlog/test/upgrade/session_1_render_test.dart: share-pace-sticker-blazeOrange-1.6x-synthetic
02:46 +1674 -3: C:/Users/Atharva Patil/Documents/projects/gymlog/test/upgrade/session_2_acceptance_render_test.dart: library-empty-choice-neonCyan-1.6x-synthetic
02:46 +1675 -3: C:/Users/Atharva Patil/Documents/projects/gymlog/test/upgrade/session_2_acceptance_render_test.dart: library-empty-choice-neonCyan-1.6x-synthetic
02:46 +1676 -3: C:/Users/Atharva Patil/Documents/projects/gymlog/test/upgrade/session_1_render_test.dart: detail-error-blazeOrange-1.6x-synthetic
02:46 +1677 -3: C:/Users/Atharva Patil/Documents/projects/gymlog/test/upgrade/session_2_acceptance_render_test.dart: home-new-user-neonCyan-1.6x-synthetic
02:46 +1678 -3: C:/Users/Atharva Patil/Documents/projects/gymlog/test/upgrade/session_1_render_test.dart: detail-empty-blazeOrange-1.6x-synthetic
02:46 +1679 -3: C:/Users/Atharva Patil/Documents/projects/gymlog/test/upgrade/session_2_acceptance_render_test.dart: library-new-user-neonCyan-1.6x-synthetic
02:46 +1680 -3: C:/Users/Atharva Patil/Documents/projects/gymlog/test/upgrade/session_1_render_test.dart: exercise-blazeOrange-1.6x-synthetic
02:46 +1681 -3: C:/Users/Atharva Patil/Documents/projects/gymlog/test/upgrade/session_2_acceptance_render_test.dart: home-no-routine-neonCyan-1.6x-synthetic
02:47 +1682 -3: C:/Users/Atharva Patil/Documents/projects/gymlog/test/upgrade/session_1_render_test.dart: exercise-no-estimate-blazeOrange-1.6x-synthetic
02:47 +1683 -3: C:/Users/Atharva Patil/Documents/projects/gymlog/test/upgrade/session_2_acceptance_render_test.dart: library-no-routine-neonCyan-1.6x-synthetic
02:47 +1684 -3: C:/Users/Atharva Patil/Documents/projects/gymlog/test/upgrade/session_2_acceptance_render_test.dart: library-no-routine-neonCyan-1.6x-synthetic
02:47 +1685 -3: C:/Users/Atharva Patil/Documents/projects/gymlog/test/upgrade/session_1_render_test.dart: progress-low-blazeOrange-1.6x-synthetic
02:47 +1686 -3: C:/Users/Atharva Patil/Documents/projects/gymlog/test/upgrade/session_2_acceptance_render_test.dart: home-inactive-return-neonCyan-1.6x-synthetic
02:47 +1687 -3: C:/Users/Atharva Patil/Documents/projects/gymlog/test/upgrade/session_2_acceptance_render_test.dart: home-inactive-return-neonCyan-1.6x-synthetic
02:47 +1688 -3: C:/Users/Atharva Patil/Documents/projects/gymlog/test/upgrade/session_1_render_test.dart: roles-blazeOrange-1.6x-synthetic
02:47 +1689 -3: C:/Users/Atharva Patil/Documents/projects/gymlog/test/upgrade/session_2_acceptance_render_test.dart: library-inactive-return-neonCyan-1.6x-synthetic
02:47 +1690 -3: C:/Users/Atharva Patil/Documents/projects/gymlog/test/upgrade/session_2_acceptance_render_test.dart: home-low-data-neonCyan-1.6x-synthetic
02:47 +1691 -3: C:/Users/Atharva Patil/Documents/projects/gymlog/test/upgrade/session_2_acceptance_render_test.dart: library-low-data-neonCyan-1.6x-synthetic
02:47 +1692 -3: C:/Users/Atharva Patil/Documents/projects/gymlog/test/upgrade/session_2_acceptance_render_test.dart: home-error-neonCyan-1.6x-synthetic
02:47 +1693 -3: C:/Users/Atharva Patil/Documents/projects/gymlog/test/upgrade/session_2_acceptance_render_test.dart: library-error-neonCyan-1.6x-synthetic
02:47 +1694 -3: C:/Users/Atharva Patil/Documents/projects/gymlog/test/upgrade/session_2_acceptance_render_test.dart: home-previous-error-neonCyan-1.6x-synthetic
02:47 +1695 -3: C:/Users/Atharva Patil/Documents/projects/gymlog/test/upgrade/session_2_acceptance_render_test.dart: library-previous-error-neonCyan-1.6x-synthetic
02:47 +1696 -3: C:/Users/Atharva Patil/Documents/projects/gymlog/test/upgrade/session_2_acceptance_render_test.dart: home-choice-error-neonCyan-1.6x-synthetic
02:48 +1697 -3: C:/Users/Atharva Patil/Documents/projects/gymlog/test/upgrade/session_2_acceptance_render_test.dart: library-choice-error-neonCyan-1.6x-synthetic
02:48 +1698 -3: C:/Users/Atharva Patil/Documents/projects/gymlog/test/upgrade/session_2_acceptance_render_test.dart: home-loading-neonCyan-1.6x-synthetic
02:48 +1699 -3: C:/Users/Atharva Patil/Documents/projects/gymlog/test/upgrade/session_2_acceptance_render_test.dart: library-loading-neonCyan-1.6x-synthetic
02:48 +1700 -3: C:/Users/Atharva Patil/Documents/projects/gymlog/test/upgrade/session_2_acceptance_render_test.dart: home-chosen-neonMagenta-1.0x-synthetic
02:48 +1701 -3: C:/Users/Atharva Patil/Documents/projects/gymlog/test/upgrade/session_2_acceptance_render_test.dart: library-chosen-neonMagenta-1.0x-synthetic
02:48 +1702 -3: C:/Users/Atharva Patil/Documents/projects/gymlog/test/upgrade/session_2_acceptance_render_test.dart: home-no-choice-neonMagenta-1.0x-synthetic
02:48 +1703 -3: C:/Users/Atharva Patil/Documents/projects/gymlog/test/upgrade/session_2_acceptance_render_test.dart: library-no-choice-neonMagenta-1.0x-synthetic
02:48 +1704 -3: C:/Users/Atharva Patil/Documents/projects/gymlog/test/upgrade/session_2_acceptance_render_test.dart: home-deleted-choice-neonMagenta-1.0x-synthetic
02:49 +1705 -3: C:/Users/Atharva Patil/Documents/projects/gymlog/test/upgrade/session_2_acceptance_render_test.dart: library-deleted-choice-neonMagenta-1.0x-synthetic
02:49 +1706 -3: C:/Users/Atharva Patil/Documents/projects/gymlog/test/upgrade/session_2_acceptance_render_test.dart: home-empty-choice-neonMagenta-1.0x-synthetic
02:49 +1707 -3: C:/Users/Atharva Patil/Documents/projects/gymlog/test/upgrade/session_2_acceptance_render_test.dart: library-empty-choice-neonMagenta-1.0x-synthetic
02:49 +1708 -3: C:/Users/Atharva Patil/Documents/projects/gymlog/test/upgrade/session_2_acceptance_render_test.dart: home-new-user-neonMagenta-1.0x-synthetic
02:49 +1709 -3: C:/Users/Atharva Patil/Documents/projects/gymlog/test/upgrade/session_2_acceptance_render_test.dart: library-new-user-neonMagenta-1.0x-synthetic
02:49 +1710 -3: C:/Users/Atharva Patil/Documents/projects/gymlog/test/upgrade/session_2_acceptance_render_test.dart: home-no-routine-neonMagenta-1.0x-synthetic
02:49 +1711 -3: C:/Users/Atharva Patil/Documents/projects/gymlog/test/upgrade/session_2_acceptance_render_test.dart: library-no-routine-neonMagenta-1.0x-synthetic
02:49 +1712 -3: C:/Users/Atharva Patil/Documents/projects/gymlog/test/upgrade/session_2_acceptance_render_test.dart: home-inactive-return-neonMagenta-1.0x-synthetic
02:49 +1713 -3: C:/Users/Atharva Patil/Documents/projects/gymlog/test/upgrade/session_2_acceptance_render_test.dart: library-inactive-return-neonMagenta-1.0x-synthetic
02:50 +1714 -3: C:/Users/Atharva Patil/Documents/projects/gymlog/test/upgrade/session_2_acceptance_render_test.dart: home-low-data-neonMagenta-1.0x-synthetic
02:50 +1715 -3: C:/Users/Atharva Patil/Documents/projects/gymlog/test/upgrade/session_2_acceptance_render_test.dart: library-low-data-neonMagenta-1.0x-synthetic
02:50 +1716 -3: C:/Users/Atharva Patil/Documents/projects/gymlog/test/upgrade/session_2_acceptance_render_test.dart: home-error-neonMagenta-1.0x-synthetic
02:50 +1717 -3: C:/Users/Atharva Patil/Documents/projects/gymlog/test/upgrade/session_2_acceptance_render_test.dart: library-error-neonMagenta-1.0x-synthetic
02:50 +1718 -3: C:/Users/Atharva Patil/Documents/projects/gymlog/test/upgrade/session_2_acceptance_render_test.dart: home-previous-error-neonMagenta-1.0x-synthetic
02:50 +1719 -3: C:/Users/Atharva Patil/Documents/projects/gymlog/test/upgrade/session_2_acceptance_render_test.dart: library-previous-error-neonMagenta-1.0x-synthetic
02:50 +1720 -3: C:/Users/Atharva Patil/Documents/projects/gymlog/test/upgrade/session_2_acceptance_render_test.dart: home-choice-error-neonMagenta-1.0x-synthetic
02:50 +1721 -3: C:/Users/Atharva Patil/Documents/projects/gymlog/test/upgrade/session_2_acceptance_render_test.dart: library-choice-error-neonMagenta-1.0x-synthetic
02:50 +1722 -3: C:/Users/Atharva Patil/Documents/projects/gymlog/test/upgrade/session_2_acceptance_render_test.dart: home-loading-neonMagenta-1.0x-synthetic
02:50 +1723 -3: C:/Users/Atharva Patil/Documents/projects/gymlog/test/upgrade/session_2_acceptance_render_test.dart: library-loading-neonMagenta-1.0x-synthetic
02:50 +1724 -3: C:/Users/Atharva Patil/Documents/projects/gymlog/test/upgrade/session_2_acceptance_render_test.dart: home-chosen-neonMagenta-1.6x-synthetic
02:51 +1725 -3: C:/Users/Atharva Patil/Documents/projects/gymlog/test/upgrade/session_2_acceptance_render_test.dart: library-chosen-neonMagenta-1.6x-synthetic
02:51 +1726 -3: C:/Users/Atharva Patil/Documents/projects/gymlog/test/upgrade/session_2_acceptance_render_test.dart: home-no-choice-neonMagenta-1.6x-synthetic
02:51 +1727 -3: C:/Users/Atharva Patil/Documents/projects/gymlog/test/upgrade/session_2_acceptance_render_test.dart: library-no-choice-neonMagenta-1.6x-synthetic
02:51 +1728 -3: C:/Users/Atharva Patil/Documents/projects/gymlog/test/upgrade/session_2_acceptance_render_test.dart: home-deleted-choice-neonMagenta-1.6x-synthetic
02:51 +1729 -3: C:/Users/Atharva Patil/Documents/projects/gymlog/test/upgrade/session_2_acceptance_render_test.dart: library-deleted-choice-neonMagenta-1.6x-synthetic
02:51 +1730 -3: C:/Users/Atharva Patil/Documents/projects/gymlog/test/upgrade/session_2_acceptance_render_test.dart: home-empty-choice-neonMagenta-1.6x-synthetic
02:51 +1731 -3: C:/Users/Atharva Patil/Documents/projects/gymlog/test/upgrade/session_2_acceptance_render_test.dart: library-empty-choice-neonMagenta-1.6x-synthetic
02:51 +1732 -3: C:/Users/Atharva Patil/Documents/projects/gymlog/test/upgrade/session_2_acceptance_render_test.dart: home-new-user-neonMagenta-1.6x-synthetic
02:51 +1733 -3: C:/Users/Atharva Patil/Documents/projects/gymlog/test/upgrade/session_2_acceptance_render_test.dart: library-new-user-neonMagenta-1.6x-synthetic
02:52 +1734 -3: C:/Users/Atharva Patil/Documents/projects/gymlog/test/upgrade/session_2_acceptance_render_test.dart: home-no-routine-neonMagenta-1.6x-synthetic
02:52 +1735 -3: C:/Users/Atharva Patil/Documents/projects/gymlog/test/upgrade/session_2_acceptance_render_test.dart: library-no-routine-neonMagenta-1.6x-synthetic
02:52 +1736 -3: C:/Users/Atharva Patil/Documents/projects/gymlog/test/upgrade/session_2_acceptance_render_test.dart: home-inactive-return-neonMagenta-1.6x-synthetic
02:52 +1737 -3: C:/Users/Atharva Patil/Documents/projects/gymlog/test/upgrade/session_2_acceptance_render_test.dart: library-inactive-return-neonMagenta-1.6x-synthetic
02:52 +1738 -3: C:/Users/Atharva Patil/Documents/projects/gymlog/test/upgrade/session_2_acceptance_render_test.dart: home-low-data-neonMagenta-1.6x-synthetic
02:52 +1739 -3: C:/Users/Atharva Patil/Documents/projects/gymlog/test/upgrade/session_2_acceptance_render_test.dart: library-low-data-neonMagenta-1.6x-synthetic
02:52 +1740 -3: C:/Users/Atharva Patil/Documents/projects/gymlog/test/upgrade/session_2_acceptance_render_test.dart: home-error-neonMagenta-1.6x-synthetic
02:52 +1741 -3: C:/Users/Atharva Patil/Documents/projects/gymlog/test/upgrade/session_2_acceptance_render_test.dart: library-error-neonMagenta-1.6x-synthetic
02:52 +1742 -3: C:/Users/Atharva Patil/Documents/projects/gymlog/test/upgrade/session_2_acceptance_render_test.dart: home-previous-error-neonMagenta-1.6x-synthetic
02:52 +1743 -3: C:/Users/Atharva Patil/Documents/projects/gymlog/test/upgrade/session_2_acceptance_render_test.dart: library-previous-error-neonMagenta-1.6x-synthetic
02:52 +1744 -3: C:/Users/Atharva Patil/Documents/projects/gymlog/test/upgrade/session_2_acceptance_render_test.dart: home-choice-error-neonMagenta-1.6x-synthetic
02:52 +1745 -3: C:/Users/Atharva Patil/Documents/projects/gymlog/test/upgrade/session_2_acceptance_render_test.dart: library-choice-error-neonMagenta-1.6x-synthetic
02:53 +1746 -3: C:/Users/Atharva Patil/Documents/projects/gymlog/test/upgrade/session_2_acceptance_render_test.dart: home-loading-neonMagenta-1.6x-synthetic
02:53 +1747 -3: C:/Users/Atharva Patil/Documents/projects/gymlog/test/upgrade/session_2_acceptance_render_test.dart: library-loading-neonMagenta-1.6x-synthetic
02:53 +1748 -3: C:/Users/Atharva Patil/Documents/projects/gymlog/test/upgrade/session_2_acceptance_render_test.dart: home-chosen-blazeOrange-1.0x-synthetic
02:53 +1749 -3: C:/Users/Atharva Patil/Documents/projects/gymlog/test/upgrade/session_2_acceptance_render_test.dart: library-chosen-blazeOrange-1.0x-synthetic
02:53 +1750 -3: C:/Users/Atharva Patil/Documents/projects/gymlog/test/upgrade/session_2_acceptance_render_test.dart: home-no-choice-blazeOrange-1.0x-synthetic
02:53 +1751 -3: C:/Users/Atharva Patil/Documents/projects/gymlog/test/upgrade/session_2_acceptance_render_test.dart: library-no-choice-blazeOrange-1.0x-synthetic
02:53 +1752 -3: C:/Users/Atharva Patil/Documents/projects/gymlog/test/upgrade/session_2_acceptance_render_test.dart: home-deleted-choice-blazeOrange-1.0x-synthetic
02:53 +1753 -3: C:/Users/Atharva Patil/Documents/projects/gymlog/test/upgrade/session_2_acceptance_render_test.dart: library-deleted-choice-blazeOrange-1.0x-synthetic
02:53 +1754 -3: C:/Users/Atharva Patil/Documents/projects/gymlog/test/upgrade/session_2_acceptance_render_test.dart: home-empty-choice-blazeOrange-1.0x-synthetic
02:53 +1755 -3: C:/Users/Atharva Patil/Documents/projects/gymlog/test/upgrade/session_2_acceptance_render_test.dart: library-empty-choice-blazeOrange-1.0x-synthetic
02:53 +1756 -3: C:/Users/Atharva Patil/Documents/projects/gymlog/test/upgrade/session_2_acceptance_render_test.dart: home-new-user-blazeOrange-1.0x-synthetic
02:53 +1757 -3: C:/Users/Atharva Patil/Documents/projects/gymlog/test/upgrade/session_2_acceptance_render_test.dart: library-new-user-blazeOrange-1.0x-synthetic
02:53 +1758 -3: C:/Users/Atharva Patil/Documents/projects/gymlog/test/upgrade/session_2_acceptance_render_test.dart: home-no-routine-blazeOrange-1.0x-synthetic
02:54 +1759 -3: C:/Users/Atharva Patil/Documents/projects/gymlog/test/upgrade/session_2_acceptance_render_test.dart: library-no-routine-blazeOrange-1.0x-synthetic
02:54 +1760 -3: C:/Users/Atharva Patil/Documents/projects/gymlog/test/upgrade/session_2_acceptance_render_test.dart: home-inactive-return-blazeOrange-1.0x-synthetic
02:54 +1761 -3: C:/Users/Atharva Patil/Documents/projects/gymlog/test/upgrade/session_2_acceptance_render_test.dart: library-inactive-return-blazeOrange-1.0x-synthetic
02:54 +1762 -3: C:/Users/Atharva Patil/Documents/projects/gymlog/test/upgrade/session_2_acceptance_render_test.dart: home-low-data-blazeOrange-1.0x-synthetic
02:54 +1763 -3: C:/Users/Atharva Patil/Documents/projects/gymlog/test/upgrade/session_2_acceptance_render_test.dart: library-low-data-blazeOrange-1.0x-synthetic
02:54 +1764 -3: C:/Users/Atharva Patil/Documents/projects/gymlog/test/upgrade/session_2_acceptance_render_test.dart: home-error-blazeOrange-1.0x-synthetic
02:54 +1765 -3: C:/Users/Atharva Patil/Documents/projects/gymlog/test/upgrade/session_2_acceptance_render_test.dart: library-error-blazeOrange-1.0x-synthetic
02:54 +1766 -3: C:/Users/Atharva Patil/Documents/projects/gymlog/test/upgrade/session_2_acceptance_render_test.dart: home-previous-error-blazeOrange-1.0x-synthetic
02:54 +1767 -3: C:/Users/Atharva Patil/Documents/projects/gymlog/test/upgrade/session_2_acceptance_render_test.dart: library-previous-error-blazeOrange-1.0x-synthetic
02:54 +1768 -3: C:/Users/Atharva Patil/Documents/projects/gymlog/test/upgrade/session_2_acceptance_render_test.dart: home-choice-error-blazeOrange-1.0x-synthetic
02:54 +1769 -3: C:/Users/Atharva Patil/Documents/projects/gymlog/test/upgrade/session_2_acceptance_render_test.dart: library-choice-error-blazeOrange-1.0x-synthetic
02:54 +1770 -3: C:/Users/Atharva Patil/Documents/projects/gymlog/test/upgrade/session_2_acceptance_render_test.dart: home-loading-blazeOrange-1.0x-synthetic
02:54 +1771 -3: C:/Users/Atharva Patil/Documents/projects/gymlog/test/upgrade/session_2_acceptance_render_test.dart: library-loading-blazeOrange-1.0x-synthetic
02:54 +1772 -3: C:/Users/Atharva Patil/Documents/projects/gymlog/test/upgrade/session_2_acceptance_render_test.dart: home-chosen-blazeOrange-1.6x-synthetic
02:55 +1773 -3: C:/Users/Atharva Patil/Documents/projects/gymlog/test/upgrade/session_2_acceptance_render_test.dart: library-chosen-blazeOrange-1.6x-synthetic
02:55 +1774 -3: C:/Users/Atharva Patil/Documents/projects/gymlog/test/upgrade/session_2_acceptance_render_test.dart: home-no-choice-blazeOrange-1.6x-synthetic
02:55 +1775 -3: C:/Users/Atharva Patil/Documents/projects/gymlog/test/upgrade/session_2_acceptance_render_test.dart: library-no-choice-blazeOrange-1.6x-synthetic
02:55 +1776 -3: C:/Users/Atharva Patil/Documents/projects/gymlog/test/upgrade/session_2_acceptance_render_test.dart: home-deleted-choice-blazeOrange-1.6x-synthetic
02:55 +1777 -3: C:/Users/Atharva Patil/Documents/projects/gymlog/test/upgrade/session_2_acceptance_render_test.dart: library-deleted-choice-blazeOrange-1.6x-synthetic
02:55 +1778 -3: C:/Users/Atharva Patil/Documents/projects/gymlog/test/upgrade/session_2_acceptance_render_test.dart: home-empty-choice-blazeOrange-1.6x-synthetic
02:55 +1779 -3: C:/Users/Atharva Patil/Documents/projects/gymlog/test/upgrade/session_2_acceptance_render_test.dart: library-empty-choice-blazeOrange-1.6x-synthetic
02:55 +1780 -3: C:/Users/Atharva Patil/Documents/projects/gymlog/test/upgrade/session_2_acceptance_render_test.dart: home-new-user-blazeOrange-1.6x-synthetic
02:55 +1781 -3: C:/Users/Atharva Patil/Documents/projects/gymlog/test/upgrade/session_2_acceptance_render_test.dart: library-new-user-blazeOrange-1.6x-synthetic
02:55 +1782 -3: C:/Users/Atharva Patil/Documents/projects/gymlog/test/upgrade/session_2_acceptance_render_test.dart: home-no-routine-blazeOrange-1.6x-synthetic
02:55 +1783 -3: C:/Users/Atharva Patil/Documents/projects/gymlog/test/upgrade/session_2_acceptance_render_test.dart: library-no-routine-blazeOrange-1.6x-synthetic
02:55 +1784 -3: C:/Users/Atharva Patil/Documents/projects/gymlog/test/upgrade/session_2_acceptance_render_test.dart: home-inactive-return-blazeOrange-1.6x-synthetic
02:55 +1785 -3: C:/Users/Atharva Patil/Documents/projects/gymlog/test/upgrade/session_2_acceptance_render_test.dart: library-inactive-return-blazeOrange-1.6x-synthetic
02:56 +1786 -3: C:/Users/Atharva Patil/Documents/projects/gymlog/test/upgrade/session_2_acceptance_render_test.dart: home-low-data-blazeOrange-1.6x-synthetic
02:56 +1787 -3: C:/Users/Atharva Patil/Documents/projects/gymlog/test/upgrade/session_2_acceptance_render_test.dart: library-low-data-blazeOrange-1.6x-synthetic
02:56 +1788 -3: C:/Users/Atharva Patil/Documents/projects/gymlog/test/upgrade/session_2_acceptance_render_test.dart: home-error-blazeOrange-1.6x-synthetic
02:56 +1789 -3: C:/Users/Atharva Patil/Documents/projects/gymlog/test/upgrade/session_2_acceptance_render_test.dart: library-error-blazeOrange-1.6x-synthetic
02:56 +1790 -3: C:/Users/Atharva Patil/Documents/projects/gymlog/test/upgrade/session_2_acceptance_render_test.dart: home-previous-error-blazeOrange-1.6x-synthetic
02:56 +1791 -3: C:/Users/Atharva Patil/Documents/projects/gymlog/test/upgrade/session_2_acceptance_render_test.dart: library-previous-error-blazeOrange-1.6x-synthetic
02:56 +1792 -3: C:/Users/Atharva Patil/Documents/projects/gymlog/test/upgrade/session_2_acceptance_render_test.dart: home-choice-error-blazeOrange-1.6x-synthetic
02:56 +1793 -3: C:/Users/Atharva Patil/Documents/projects/gymlog/test/upgrade/session_2_acceptance_render_test.dart: library-choice-error-blazeOrange-1.6x-synthetic
02:56 +1794 -3: C:/Users/Atharva Patil/Documents/projects/gymlog/test/upgrade/session_2_acceptance_render_test.dart: home-loading-blazeOrange-1.6x-synthetic
02:56 +1795 -3: C:/Users/Atharva Patil/Documents/projects/gymlog/test/upgrade/session_2_acceptance_render_test.dart: library-loading-blazeOrange-1.6x-synthetic
02:56 +1796 -3: C:/Users/Atharva Patil/Documents/projects/gymlog/test/upgrade/session_2_acceptance_render_test.dart: (tearDownAll)
02:56 +1796 -3: Some tests failed.

Failing tests:
  C:/Users/Atharva Patil/Documents/projects/gymlog/test/no_ai_slop_copy_test.dart: no em/en dashes in lib copy (comments stripped)
  C:/Users/Atharva Patil/Documents/projects/gymlog/test/radius_token_test.dart: HomeScreen initial skeleton uses AppRadius.card
  C:/Users/Atharva Patil/Documents/projects/gymlog/test/screens_theme_test.dart: Screens Theme Verification Tests HomeScreen renders under multiple accents
✗ tests failed
