
▸ check inline GoogleFonts

▸ check non-semantic AppColors in migrated screens
▸ format
Formatted 374 files (0 changed) in 3.25 seconds.

▸ analyze
Analyzing gymlog-session-2-isolated-_7ofw15r...                 
No issues found! (ran in 85.3s)

▸ custom_lint
Analyzing...

No issues found!

▸ test
00:00 +0: loading C:/Users/Atharva Patil/AppData/Local/Temp/gymlog-session-2-isolated-_7ofw15r/test/a11y_wrapper_single_node_test.dart
00:00 +0: C:/Users/Atharva Patil/AppData/Local/Temp/gymlog-session-2-isolated-_7ofw15r/test/a11y_wrapper_single_node_test.dart: ProLockPill publishes a single semantic node with its label
00:01 +1: C:/Users/Atharva Patil/AppData/Local/Temp/gymlog-session-2-isolated-_7ofw15r/test/accessibility_atomic_12_test.dart: ATOMIC-12 Accessibility & Screen-Reader Qualification SetRow renders single coherent semantic label with custom actions
00:01 +2: C:/Users/Atharva Patil/AppData/Local/Temp/gymlog-session-2-isolated-_7ofw15r/test/accessibility_atomic_12_test.dart: ATOMIC-12 Accessibility & Screen-Reader Qualification SetRow renders single coherent semantic label with custom actions
00:01 +3: C:/Users/Atharva Patil/AppData/Local/Temp/gymlog-session-2-isolated-_7ofw15r/test/accessibility_atomic_12_test.dart: ATOMIC-12 Accessibility & Screen-Reader Qualification SetRow renders single coherent semantic label with custom actions
00:02 +4: C:/Users/Atharva Patil/AppData/Local/Temp/gymlog-session-2-isolated-_7ofw15r/test/accessibility_atomic_12_test.dart: ATOMIC-12 Accessibility & Screen-Reader Qualification SetRow renders single coherent semantic label with custom actions
00:03 +5: C:/Users/Atharva Patil/AppData/Local/Temp/gymlog-session-2-isolated-_7ofw15r/test/accessibility_atomic_12_test.dart: ATOMIC-12 Accessibility & Screen-Reader Qualification AppMotion respects disableAnimations
00:03 +6: C:/Users/Atharva Patil/AppData/Local/Temp/gymlog-session-2-isolated-_7ofw15r/test/accessibility_core_journey_test.dart: SetRow interactive elements meet 48dp touch target requirements
00:03 +7: C:/Users/Atharva Patil/AppData/Local/Temp/gymlog-session-2-isolated-_7ofw15r/test/accessibility_core_journey_test.dart: SetRow interactive elements meet 48dp touch target requirements
00:04 +8: C:/Users/Atharva Patil/AppData/Local/Temp/gymlog-session-2-isolated-_7ofw15r/test/accessibility_core_journey_test.dart: SetRow interactive elements meet 48dp touch target requirements
00:04 +9: C:/Users/Atharva Patil/AppData/Local/Temp/gymlog-session-2-isolated-_7ofw15r/test/accessibility_core_journey_test.dart: SetRow interactive elements meet 48dp touch target requirements
00:04 +10: C:/Users/Atharva Patil/AppData/Local/Temp/gymlog-session-2-isolated-_7ofw15r/test/accessibility_core_journey_test.dart: SetRow interactive elements meet 48dp touch target requirements
00:06 +11: C:/Users/Atharva Patil/AppData/Local/Temp/gymlog-session-2-isolated-_7ofw15r/test/accessibility_target_size_test.dart: _FilterChipButton in ExerciseSelectionScreen is at least 48dp tall
00:06 +11: C:/Users/Atharva Patil/AppData/Local/Temp/gymlog-session-2-isolated-_7ofw15r/test/accessibility_core_journey_test.dart: RestOverrideChip meets 48dp touch target requirements
WARNING (drift): It looks like you've created the database class AppDatabase multiple times. When these two databases use the same QueryExecutor, race conditions will occur and might corrupt the database. 
Try to follow the advice at https://drift.simonbinder.eu/faq/#using-the-database or, if you know what you're doing, set driftRuntimeOptions.dontWarnAboutMultipleDatabases = true
Here is the stacktrace from when the database was opened a second time:
#0      GeneratedDatabase._handleInstantiated (package:drift/src/runtime/api/db_base.dart:96:30)
#1      GeneratedDatabase._whenConstructed (package:drift/src/runtime/api/db_base.dart:73:12)
#2      new GeneratedDatabase (package:drift/src/runtime/api/db_base.dart:64:5)
#3      new _$AppDatabase (package:gymlog/core/database/database.g.dart:4170:36)
#4      new AppDatabase.forTesting (package:gymlog/core/database/database.dart)
#5      main.<anonymous closure> (file:///C:/Users/Atharva%20Patil/AppData/Local/Temp/gymlog-session-2-isolated-_7ofw15r/test/accessibility_core_journey_test.dart:41:22)
#6      Declarer._runSetUps.<anonymous closure> (package:test_api/src/backend/declarer.dart:439:61)
#7      Future.forEach.<anonymous closure> (dart:async/future.dart:674:26)
#8      Future.doWhile.<anonymous closure> (dart:async/future.dart:732:26)
#9      StackZoneSpecification._registerUnaryCallback.<anonymous closure>.<anonymous closure> (package:stack_trace/src/stack_zone_specification.dart:127:36)
#10     StackZoneSpecification._run (package:stack_trace/src/stack_zone_specification.dart:207:15)
#11     StackZoneSpecification._registerUnaryCallback.<anonymous closure> (package:stack_trace/src/stack_zone_specification.dart:127:24)
#12     _rootRunUnary (dart:async/zone_root.dart:48:47)
#13     _CustomZone.runUnary (dart:async/zone.dart:733:19)
#14     _CustomZone.runUnaryGuarded (dart:async/zone.dart:633:7)
#15     _CustomZone.bindUnaryCallbackGuarded.<anonymous closure> (dart:async/zone.dart:671:26)
#16     Future.doWhile (dart:async/future.dart:749:18)
#17     Future.forEach (dart:async/future.dart:672:12)
#18     Declarer._runSetUps (package:test_api/src/backend/declarer.dart:439:18)
#19     Declarer.test.<anonymous closure>.<anonymous closure> (package:test_api/src/backend/declarer.dart:252:21)
#20     _rootRun (dart:async/zone_root.dart:35:13)
#21     _CustomZone.run (dart:async/zone.dart:726:19)
#22     _runZoned (dart:async/zone_api.dart:166:6)
#23     runZoned (dart:async/zone_api.dart:92:10)
#24     Declarer.test.<anonymous closure> (package:test_api/src/backend/declarer.dart:250:17)
#25     Invoker._waitForOutstandingCallbacks.<anonymous closure> (package:test_api/src/backend/invoker.dart:318:17)
#26     _rootRun (dart:async/zone_root.dart:35:13)
#27     _CustomZone.run (dart:async/zone.dart:726:19)
#28     _runZoned (dart:async/zone_api.dart:166:6)
#29     runZoned (dart:async/zone_api.dart:92:10)
#30     Invoker._waitForOutstandingCallbacks (package:test_api/src/backend/invoker.dart:314:5)
#31     Invoker._onRun.<anonymous closure>.<anonymous closure>.<anonymous closure> (package:test_api/src/backend/invoker.dart:457:21)
<asynchronous suspension>
This warning will only appear on debug builds.
00:06 +12: C:/Users/Atharva Patil/AppData/Local/Temp/gymlog-session-2-isolated-_7ofw15r/test/accessibility_target_size_test.dart: _FilterChipButton in ExerciseSelectionScreen is at least 48dp tall
00:06 +13: C:/Users/Atharva Patil/AppData/Local/Temp/gymlog-session-2-isolated-_7ofw15r/test/active_workout_atomic_03_test.dart: ATOMIC-03 Active Workout & Card Geometry Suite 1. CompactRestChip visual height 34 & intrinsic width
00:07 +13: C:/Users/Atharva Patil/AppData/Local/Temp/gymlog-session-2-isolated-_7ofw15r/test/accessibility_core_journey_test.dart: RestOverride sheet elements meet 48dp touch target requirements
WARNING (drift): It looks like you've created the database class AppDatabase multiple times. When these two databases use the same QueryExecutor, race conditions will occur and might corrupt the database. 
Try to follow the advice at https://drift.simonbinder.eu/faq/#using-the-database or, if you know what you're doing, set driftRuntimeOptions.dontWarnAboutMultipleDatabases = true
Here is the stacktrace from when the database was opened a second time:
#0      GeneratedDatabase._handleInstantiated (package:drift/src/runtime/api/db_base.dart:96:30)
#1      GeneratedDatabase._whenConstructed (package:drift/src/runtime/api/db_base.dart:73:12)
#2      new GeneratedDatabase (package:drift/src/runtime/api/db_base.dart:64:5)
#3      new _$AppDatabase (package:gymlog/core/database/database.g.dart:4170:36)
#4      new AppDatabase.forTesting (package:gymlog/core/database/database.dart)
#5      main.<anonymous closure> (file:///C:/Users/Atharva%20Patil/AppData/Local/Temp/gymlog-session-2-isolated-_7ofw15r/test/accessibility_core_journey_test.dart:41:22)
#6      Declarer._runSetUps.<anonymous closure> (package:test_api/src/backend/declarer.dart:439:61)
#7      Future.forEach.<anonymous closure> (dart:async/future.dart:674:26)
#8      Future.doWhile.<anonymous closure> (dart:async/future.dart:732:26)
#9      StackZoneSpecification._registerUnaryCallback.<anonymous closure>.<anonymous closure> (package:stack_trace/src/stack_zone_specification.dart:127:36)
#10     StackZoneSpecification._run (package:stack_trace/src/stack_zone_specification.dart:207:15)
#11     StackZoneSpecification._registerUnaryCallback.<anonymous closure> (package:stack_trace/src/stack_zone_specification.dart:127:24)
#12     _rootRunUnary (dart:async/zone_root.dart:48:47)
#13     _CustomZone.runUnary (dart:async/zone.dart:733:19)
#14     _CustomZone.runUnaryGuarded (dart:async/zone.dart:633:7)
#15     _CustomZone.bindUnaryCallbackGuarded.<anonymous closure> (dart:async/zone.dart:671:26)
#16     Future.doWhile (dart:async/future.dart:749:18)
#17     Future.forEach (dart:async/future.dart:672:12)
#18     Declarer._runSetUps (package:test_api/src/backend/declarer.dart:439:18)
#19     Declarer.test.<anonymous closure>.<anonymous closure> (package:test_api/src/backend/declarer.dart:252:21)
#20     _rootRun (dart:async/zone_root.dart:35:13)
#21     _CustomZone.run (dart:async/zone.dart:726:19)
#22     _runZoned (dart:async/zone_api.dart:166:6)
#23     runZoned (dart:async/zone_api.dart:92:10)
#24     Declarer.test.<anonymous closure> (package:test_api/src/backend/declarer.dart:250:17)
#25     Invoker._waitForOutstandingCallbacks.<anonymous closure> (package:test_api/src/backend/invoker.dart:318:17)
#26     _rootRun (dart:async/zone_root.dart:35:13)
#27     _CustomZone.run (dart:async/zone.dart:726:19)
#28     _runZoned (dart:async/zone_api.dart:166:6)
#29     runZoned (dart:async/zone_api.dart:92:10)
#30     Invoker._waitForOutstandingCallbacks (package:test_api/src/backend/invoker.dart:314:5)
#31     Invoker._onRun.<anonymous closure>.<anonymous closure>.<anonymous closure> (package:test_api/src/backend/invoker.dart:457:21)
<asynchronous suspension>
This warning will only appear on debug builds.
00:07 +14: C:/Users/Atharva Patil/AppData/Local/Temp/gymlog-session-2-isolated-_7ofw15r/test/active_workout_atomic_03_test.dart: ATOMIC-03 Active Workout & Card Geometry Suite 1. CompactRestChip visual height 34 & intrinsic width
00:07 +15: C:/Users/Atharva Patil/AppData/Local/Temp/gymlog-session-2-isolated-_7ofw15r/test/accessibility_target_size_test.dart: Legal links in AuthScreen flow inline and expose link semantics
00:07 +15: C:/Users/Atharva Patil/AppData/Local/Temp/gymlog-session-2-isolated-_7ofw15r/test/accessibility_core_journey_test.dart: RestTimerBar action buttons meet 48dp height requirement
WARNING (drift): It looks like you've created the database class AppDatabase multiple times. When these two databases use the same QueryExecutor, race conditions will occur and might corrupt the database. 
Try to follow the advice at https://drift.simonbinder.eu/faq/#using-the-database or, if you know what you're doing, set driftRuntimeOptions.dontWarnAboutMultipleDatabases = true
Here is the stacktrace from when the database was opened a second time:
#0      GeneratedDatabase._handleInstantiated (package:drift/src/runtime/api/db_base.dart:96:30)
#1      GeneratedDatabase._whenConstructed (package:drift/src/runtime/api/db_base.dart:73:12)
#2      new GeneratedDatabase (package:drift/src/runtime/api/db_base.dart:64:5)
#3      new _$AppDatabase (package:gymlog/core/database/database.g.dart:4170:36)
#4      new AppDatabase.forTesting (package:gymlog/core/database/database.dart)
#5      main.<anonymous closure> (file:///C:/Users/Atharva%20Patil/AppData/Local/Temp/gymlog-session-2-isolated-_7ofw15r/test/accessibility_core_journey_test.dart:41:22)
#6      Declarer._runSetUps.<anonymous closure> (package:test_api/src/backend/declarer.dart:439:61)
#7      Future.forEach.<anonymous closure> (dart:async/future.dart:674:26)
#8      Future.doWhile.<anonymous closure> (dart:async/future.dart:732:26)
#9      StackZoneSpecification._registerUnaryCallback.<anonymous closure>.<anonymous closure> (package:stack_trace/src/stack_zone_specification.dart:127:36)
#10     StackZoneSpecification._run (package:stack_trace/src/stack_zone_specification.dart:207:15)
#11     StackZoneSpecification._registerUnaryCallback.<anonymous closure> (package:stack_trace/src/stack_zone_specification.dart:127:24)
#12     _rootRunUnary (dart:async/zone_root.dart:48:47)
#13     _CustomZone.runUnary (dart:async/zone.dart:733:19)
#14     _CustomZone.runUnaryGuarded (dart:async/zone.dart:633:7)
#15     _CustomZone.bindUnaryCallbackGuarded.<anonymous closure> (dart:async/zone.dart:671:26)
#16     Future.doWhile (dart:async/future.dart:749:18)
#17     Future.forEach (dart:async/future.dart:672:12)
#18     Declarer._runSetUps (package:test_api/src/backend/declarer.dart:439:18)
#19     Declarer.test.<anonymous closure>.<anonymous closure> (package:test_api/src/backend/declarer.dart:252:21)
#20     _rootRun (dart:async/zone_root.dart:35:13)
#21     _CustomZone.run (dart:async/zone.dart:726:19)
#22     _runZoned (dart:async/zone_api.dart:166:6)
#23     runZoned (dart:async/zone_api.dart:92:10)
#24     Declarer.test.<anonymous closure> (package:test_api/src/backend/declarer.dart:250:17)
#25     Invoker._waitForOutstandingCallbacks.<anonymous closure> (package:test_api/src/backend/invoker.dart:318:17)
#26     _rootRun (dart:async/zone_root.dart:35:13)
#27     _CustomZone.run (dart:async/zone.dart:726:19)
#28     _runZoned (dart:async/zone_api.dart:166:6)
#29     runZoned (dart:async/zone_api.dart:92:10)
#30     Invoker._waitForOutstandingCallbacks (package:test_api/src/backend/invoker.dart:314:5)
#31     Invoker._onRun.<anonymous closure>.<anonymous closure>.<anonymous closure> (package:test_api/src/backend/invoker.dart:457:21)
<asynchronous suspension>
This warning will only appear on debug builds.
00:07 +16: C:/Users/Atharva Patil/AppData/Local/Temp/gymlog-session-2-isolated-_7ofw15r/test/accessibility_target_size_test.dart: Legal links in AuthScreen flow inline and expose link semantics
00:07 +17: C:/Users/Atharva Patil/AppData/Local/Temp/gymlog-session-2-isolated-_7ofw15r/test/accessibility_target_size_test.dart: Legal links in AuthScreen flow inline and expose link semantics
00:07 +18: C:/Users/Atharva Patil/AppData/Local/Temp/gymlog-session-2-isolated-_7ofw15r/test/accessibility_core_journey_test.dart: ActiveWorkoutScreen renders correctly at 200% text scale without overflow
WARNING (drift): It looks like you've created the database class AppDatabase multiple times. When these two databases use the same QueryExecutor, race conditions will occur and might corrupt the database. 
Try to follow the advice at https://drift.simonbinder.eu/faq/#using-the-database or, if you know what you're doing, set driftRuntimeOptions.dontWarnAboutMultipleDatabases = true
Here is the stacktrace from when the database was opened a second time:
#0      GeneratedDatabase._handleInstantiated (package:drift/src/runtime/api/db_base.dart:96:30)
#1      GeneratedDatabase._whenConstructed (package:drift/src/runtime/api/db_base.dart:73:12)
#2      new GeneratedDatabase (package:drift/src/runtime/api/db_base.dart:64:5)
#3      new _$AppDatabase (package:gymlog/core/database/database.g.dart:4170:36)
#4      new AppDatabase.forTesting (package:gymlog/core/database/database.dart)
#5      main.<anonymous closure> (file:///C:/Users/Atharva%20Patil/AppData/Local/Temp/gymlog-session-2-isolated-_7ofw15r/test/accessibility_core_journey_test.dart:41:22)
#6      Declarer._runSetUps.<anonymous closure> (package:test_api/src/backend/declarer.dart:439:61)
#7      Future.forEach.<anonymous closure> (dart:async/future.dart:674:26)
#8      Future.doWhile.<anonymous closure> (dart:async/future.dart:732:26)
#9      StackZoneSpecification._registerUnaryCallback.<anonymous closure>.<anonymous closure> (package:stack_trace/src/stack_zone_specification.dart:127:36)
#10     StackZoneSpecification._run (package:stack_trace/src/stack_zone_specification.dart:207:15)
#11     StackZoneSpecification._registerUnaryCallback.<anonymous closure> (package:stack_trace/src/stack_zone_specification.dart:127:24)
#12     _rootRunUnary (dart:async/zone_root.dart:48:47)
#13     _CustomZone.runUnary (dart:async/zone.dart:733:19)
#14     _CustomZone.runUnaryGuarded (dart:async/zone.dart:633:7)
#15     _CustomZone.bindUnaryCallbackGuarded.<anonymous closure> (dart:async/zone.dart:671:26)
#16     Future.doWhile (dart:async/future.dart:749:18)
#17     Future.forEach (dart:async/future.dart:672:12)
#18     Declarer._runSetUps (package:test_api/src/backend/declarer.dart:439:18)
#19     Declarer.test.<anonymous closure>.<anonymous closure> (package:test_api/src/backend/declarer.dart:252:21)
#20     _rootRun (dart:async/zone_root.dart:35:13)
#21     _CustomZone.run (dart:async/zone.dart:726:19)
#22     _runZoned (dart:async/zone_api.dart:166:6)
#23     runZoned (dart:async/zone_api.dart:92:10)
#24     Declarer.test.<anonymous closure> (package:test_api/src/backend/declarer.dart:250:17)
#25     Invoker._waitForOutstandingCallbacks.<anonymous closure> (package:test_api/src/backend/invoker.dart:318:17)
#26     _rootRun (dart:async/zone_root.dart:35:13)
#27     _CustomZone.run (dart:async/zone.dart:726:19)
#28     _runZoned (dart:async/zone_api.dart:166:6)
#29     runZoned (dart:async/zone_api.dart:92:10)
#30     Invoker._waitForOutstandingCallbacks (package:test_api/src/backend/invoker.dart:314:5)
#31     Invoker._onRun.<anonymous closure>.<anonymous closure>.<anonymous closure> (package:test_api/src/backend/invoker.dart:457:21)
<asynchronous suspension>
This warning will only appear on debug builds.
00:07 +19: C:/Users/Atharva Patil/AppData/Local/Temp/gymlog-session-2-isolated-_7ofw15r/test/active_workout_atomic_03_test.dart: ATOMIC-03 Active Workout & Card Geometry Suite 3. SetRow cells have minHeight 48 and SetRow minHeight 56
00:07 +20: C:/Users/Atharva Patil/AppData/Local/Temp/gymlog-session-2-isolated-_7ofw15r/test/active_workout_atomic_04_test.dart: ATOMIC-04 Reversible Deletion & Replacement Policy Suite 1. deletion returns complete snapshot
00:07 +21: C:/Users/Atharva Patil/AppData/Local/Temp/gymlog-session-2-isolated-_7ofw15r/test/active_workout_atomic_04_test.dart: ATOMIC-04 Reversible Deletion & Replacement Policy Suite 1. deletion returns complete snapshot
00:07 +22: C:/Users/Atharva Patil/AppData/Local/Temp/gymlog-session-2-isolated-_7ofw15r/test/active_workout_atomic_03_test.dart: ATOMIC-03 Active Workout & Card Geometry Suite 5. showAppSnackBar renders floating snackbar with radius 14
00:07 +23: C:/Users/Atharva Patil/AppData/Local/Temp/gymlog-session-2-isolated-_7ofw15r/test/active_workout_atomic_03_test.dart: ATOMIC-03 Active Workout & Card Geometry Suite 5. showAppSnackBar renders floating snackbar with radius 14
00:07 +24: C:/Users/Atharva Patil/AppData/Local/Temp/gymlog-session-2-isolated-_7ofw15r/test/active_workout_atomic_03_test.dart: ATOMIC-03 Active Workout & Card Geometry Suite 5. showAppSnackBar renders floating snackbar with radius 14
00:08 +25: C:/Users/Atharva Patil/AppData/Local/Temp/gymlog-session-2-isolated-_7ofw15r/test/active_workout_atomic_03_test.dart: ATOMIC-03 Active Workout & Card Geometry Suite 5. showAppSnackBar renders floating snackbar with radius 14
00:08 +26: C:/Users/Atharva Patil/AppData/Local/Temp/gymlog-session-2-isolated-_7ofw15r/test/active_workout_atomic_03_test.dart: ATOMIC-03 Active Workout & Card Geometry Suite 5. showAppSnackBar renders floating snackbar with radius 14
00:08 +27: C:/Users/Atharva Patil/AppData/Local/Temp/gymlog-session-2-isolated-_7ofw15r/test/active_workout_atomic_03_test.dart: ATOMIC-03 Active Workout & Card Geometry Suite 5. showAppSnackBar renders floating snackbar with radius 14
00:08 +28: C:/Users/Atharva Patil/AppData/Local/Temp/gymlog-session-2-isolated-_7ofw15r/test/active_workout_atomic_03_test.dart: ATOMIC-03 Active Workout & Card Geometry Suite 5. showAppSnackBar renders floating snackbar with radius 14
00:08 +29: C:/Users/Atharva Patil/AppData/Local/Temp/gymlog-session-2-isolated-_7ofw15r/test/active_workout_atomic_04_test.dart: ATOMIC-04 Reversible Deletion & Replacement Policy Suite 7. clear resets values
00:08 +30: C:/Users/Atharva Patil/AppData/Local/Temp/gymlog-session-2-isolated-_7ofw15r/test/active_workout_atomic_03_test.dart: ATOMIC-03 Active Workout & Card Geometry Suite 6. showAppSnackBar clears rest timer bar offset when active
00:08 +31: C:/Users/Atharva Patil/AppData/Local/Temp/gymlog-session-2-isolated-_7ofw15r/test/active_workout_atomic_03_test.dart: ATOMIC-03 Active Workout & Card Geometry Suite 6. showAppSnackBar clears rest timer bar offset when active
00:08 +32: C:/Users/Atharva Patil/AppData/Local/Temp/gymlog-session-2-isolated-_7ofw15r/test/active_workout_atomic_04_test.dart: ATOMIC-04 Reversible Deletion & Replacement Policy Suite 9. stale weight is cleared for reps-only
00:09 +33: C:/Users/Atharva Patil/AppData/Local/Temp/gymlog-session-2-isolated-_7ofw15r/test/active_workout_draft_upgrade_test.dart: ATOMIC-RC3-05 Workout Draft and Routine Upgrades 1. WorkoutDraftStore upgrades legacy exercises via name inference on parse
00:09 +34: C:/Users/Atharva Patil/AppData/Local/Temp/gymlog-session-2-isolated-_7ofw15r/test/active_workout_draft_upgrade_test.dart: ATOMIC-RC3-05 Workout Draft and Routine Upgrades 2. ActiveWorkoutNotifier resumeDraft upgrades draft against database metadata
00:10 +35: C:/Users/Atharva Patil/AppData/Local/Temp/gymlog-session-2-isolated-_7ofw15r/test/active_workout_header_test.dart: ActiveWorkoutHeader normal layout renders elapsed time once at 1.0x
00:11 +36: C:/Users/Atharva Patil/AppData/Local/Temp/gymlog-session-2-isolated-_7ofw15r/test/active_workout_header_test.dart: ActiveWorkoutHeader normal layout renders elapsed time once at 1.6x
00:11 +37: C:/Users/Atharva Patil/AppData/Local/Temp/gymlog-session-2-isolated-_7ofw15r/test/active_workout_header_test.dart: ActiveWorkoutHeader normal layout renders at 2.0x without overflow
00:11 +38: C:/Users/Atharva Patil/AppData/Local/Temp/gymlog-session-2-isolated-_7ofw15r/test/active_workout_header_test.dart: ActiveWorkoutHeader normal layout reflowed shows workout name as title
00:11 +39: C:/Users/Atharva Patil/AppData/Local/Temp/gymlog-session-2-isolated-_7ofw15r/test/active_workout_header_test.dart: ActiveWorkoutHeader normal layout compact triggers reflow at 320px showing workout name
00:11 +40: C:/Users/Atharva Patil/AppData/Local/Temp/gymlog-session-2-isolated-_7ofw15r/test/active_workout_header_test.dart: ActiveWorkoutHeader normal layout renders long elapsed time
00:11 +41: C:/Users/Atharva Patil/AppData/Local/Temp/gymlog-session-2-isolated-_7ofw15r/test/active_workout_header_test.dart: ActiveWorkoutHeader normal layout renders large volume and sets
00:11 +42: C:/Users/Atharva Patil/AppData/Local/Temp/gymlog-session-2-isolated-_7ofw15r/test/active_workout_header_test.dart: ActiveWorkoutHeader behavior Finish is present when finishEnabled is true
00:11 +43: C:/Users/Atharva Patil/AppData/Local/Temp/gymlog-session-2-isolated-_7ofw15r/test/active_workout_header_test.dart: ActiveWorkoutHeader behavior Finish is present when finishEnabled is false
00:11 +44: C:/Users/Atharva Patil/AppData/Local/Temp/gymlog-session-2-isolated-_7ofw15r/test/active_workout_header_test.dart: ActiveWorkoutHeader behavior assertion throws when finishEnabled=true and onFinish=null
00:11 +45: C:/Users/Atharva Patil/AppData/Local/Temp/gymlog-session-2-isolated-_7ofw15r/test/active_workout_header_test.dart: ActiveWorkoutHeader behavior editing mode shows Save and elapsed time
00:11 +46: C:/Users/Atharva Patil/AppData/Local/Temp/gymlog-session-2-isolated-_7ofw15r/test/active_workout_header_test.dart: ActiveWorkoutHeader behavior minimize semantic label is tappable
00:11 +47: C:/Users/Atharva Patil/AppData/Local/Temp/gymlog-session-2-isolated-_7ofw15r/test/active_workout_header_test.dart: ActiveWorkoutHeader behavior close button fires onClose on tap
00:11 +48: C:/Users/Atharva Patil/AppData/Local/Temp/gymlog-session-2-isolated-_7ofw15r/test/active_workout_header_test.dart: ActiveWorkoutHeader behavior finish callback fires on tap
00:11 +49: C:/Users/Atharva Patil/AppData/Local/Temp/gymlog-session-2-isolated-_7ofw15r/test/active_workout_header_test.dart: ActiveWorkoutHeader behavior close button has minimum 48x48 tap target
00:13 +50: C:/Users/Atharva Patil/AppData/Local/Temp/gymlog-session-2-isolated-_7ofw15r/test/active_workout_large_text_test.dart: ActiveWorkout large-text header pumps at 390x844 1.0x
00:14 +51: C:/Users/Atharva Patil/AppData/Local/Temp/gymlog-session-2-isolated-_7ofw15r/test/active_workout_large_text_test.dart: ActiveWorkout large-text header pumps at 390x844 1.0x
00:14 +52: C:/Users/Atharva Patil/AppData/Local/Temp/gymlog-session-2-isolated-_7ofw15r/test/active_workout_large_text_test.dart: ActiveWorkout large-text header pumps at 390x844 1.0x
00:14 +53: C:/Users/Atharva Patil/AppData/Local/Temp/gymlog-session-2-isolated-_7ofw15r/test/active_workout_large_text_test.dart: ActiveWorkout large-text header pumps at 390x844 1.0x
00:14 +54: C:/Users/Atharva Patil/AppData/Local/Temp/gymlog-session-2-isolated-_7ofw15r/test/active_workout_large_text_test.dart: ActiveWorkout large-text header pumps at 390x844 1.0x
00:14 +55: C:/Users/Atharva Patil/AppData/Local/Temp/gymlog-session-2-isolated-_7ofw15r/test/active_workout_large_text_test.dart: ActiveWorkout large-text header pumps at 390x844 1.0x
00:14 +56: C:/Users/Atharva Patil/AppData/Local/Temp/gymlog-session-2-isolated-_7ofw15r/test/active_workout_large_text_test.dart: ActiveWorkout large-text header pumps at 390x844 1.6x
00:14 +57: C:/Users/Atharva Patil/AppData/Local/Temp/gymlog-session-2-isolated-_7ofw15r/test/active_workout_large_text_test.dart: ActiveWorkout large-text header pumps at 390x844 2.0x
00:15 +58: C:/Users/Atharva Patil/AppData/Local/Temp/gymlog-session-2-isolated-_7ofw15r/test/active_workout_minimize_test.dart: ActiveWorkoutScreen minimize handle has tap gesture, semantics and pops router
00:15 +59: C:/Users/Atharva Patil/AppData/Local/Temp/gymlog-session-2-isolated-_7ofw15r/test/active_workout_minimize_test.dart: ActiveWorkoutScreen minimize handle has tap gesture, semantics and pops router
00:15 +59: C:/Users/Atharva Patil/AppData/Local/Temp/gymlog-session-2-isolated-_7ofw15r/test/active_workout_persistence_fail_closed_test.dart: ATOMIC-RC3-01 Persistence Fail Closed Suite 1. Transaction failure retains state and draft
[finishWorkout] transaction failed: Exception: Simulated database write error
00:15 +60: C:/Users/Atharva Patil/AppData/Local/Temp/gymlog-session-2-isolated-_7ofw15r/test/active_workout_minimize_test.dart: ActiveWorkoutScreen minimize handle has tap gesture, semantics and pops router
00:15 +61: C:/Users/Atharva Patil/AppData/Local/Temp/gymlog-session-2-isolated-_7ofw15r/test/active_workout_minimize_test.dart: ActiveWorkoutScreen minimize handle has tap gesture, semantics and pops router
00:15 +61: C:/Users/Atharva Patil/AppData/Local/Temp/gymlog-session-2-isolated-_7ofw15r/test/active_workout_persistence_fail_closed_test.dart: ATOMIC-RC3-01 Persistence Fail Closed Suite 3. Edited-workout failure retains state
[saveEditedWorkout] transaction failed: Exception: Simulated database edit error
00:15 +62: C:/Users/Atharva Patil/AppData/Local/Temp/gymlog-session-2-isolated-_7ofw15r/test/active_workout_minimize_test.dart: ActiveWorkoutScreen minimize handle has tap gesture, semantics and pops router
00:16 +63: C:/Users/Atharva Patil/AppData/Local/Temp/gymlog-session-2-isolated-_7ofw15r/test/active_workout_minimize_test.dart: ActiveWorkoutScreen minimize handle has tap gesture, semantics and pops router
00:16 +64: C:/Users/Atharva Patil/AppData/Local/Temp/gymlog-session-2-isolated-_7ofw15r/test/active_workout_minimize_test.dart: ActiveWorkoutScreen minimize handle has tap gesture, semantics and pops router
00:16 +65: C:/Users/Atharva Patil/AppData/Local/Temp/gymlog-session-2-isolated-_7ofw15r/test/active_workout_minimize_test.dart: ActiveWorkoutScreen minimize handle has tap gesture, semantics and pops router
00:16 +66: C:/Users/Atharva Patil/AppData/Local/Temp/gymlog-session-2-isolated-_7ofw15r/test/active_workout_minimize_test.dart: ActiveWorkoutScreen minimize handle has tap gesture, semantics and pops router
00:16 +67: C:/Users/Atharva Patil/AppData/Local/Temp/gymlog-session-2-isolated-_7ofw15r/test/active_workout_set_row_test.dart: PREVIOUS column shows "15kg x 12" when prior data exists
00:17 +67: C:/Users/Atharva Patil/AppData/Local/Temp/gymlog-session-2-isolated-_7ofw15r/test/active_workout_start_test.dart: startWorkout backfills unique ids for exercises passed without one
[WorkoutDraftStore] save failed: Binding has not yet been initialized.
The "instance" getter on the ServicesBinding binding mixin is only available once that binding has been initialized.
Typically, this is done by calling "WidgetsFlutterBinding.ensureInitialized()" or "runApp()" (the latter calls the former). Typically this call is done in the "void main()" method. The "ensureInitialized" method is idempotent; calling it multiple times is not harmful. After calling that method, the "instance" getter will return the binding.
In a test, one can call "TestWidgetsFlutterBinding.ensureInitialized()" as the first line in the test's "main()" method to initialize the binding.
If ServicesBinding is a custom binding mixin, there must also be a custom binding class, like WidgetsFlutterBinding, but that mixes in the selected binding, and that is the class that must be constructed before using the "instance" getter.
00:17 +68: C:/Users/Atharva Patil/AppData/Local/Temp/gymlog-session-2-isolated-_7ofw15r/test/active_workout_set_row_test.dart: PREVIOUS column shows "15kg x 12" when prior data exists
00:17 +68: C:/Users/Atharva Patil/AppData/Local/Temp/gymlog-session-2-isolated-_7ofw15r/test/active_workout_start_test.dart: startWorkout preserves ids that callers already set
[WorkoutDraftStore] save failed: Binding has not yet been initialized.
The "instance" getter on the ServicesBinding binding mixin is only available once that binding has been initialized.
Typically, this is done by calling "WidgetsFlutterBinding.ensureInitialized()" or "runApp()" (the latter calls the former). Typically this call is done in the "void main()" method. The "ensureInitialized" method is idempotent; calling it multiple times is not harmful. After calling that method, the "instance" getter will return the binding.
In a test, one can call "TestWidgetsFlutterBinding.ensureInitialized()" as the first line in the test's "main()" method to initialize the binding.
If ServicesBinding is a custom binding mixin, there must also be a custom binding class, like WidgetsFlutterBinding, but that mixes in the selected binding, and that is the class that must be constructed before using the "instance" getter.
00:17 +69: C:/Users/Atharva Patil/AppData/Local/Temp/gymlog-session-2-isolated-_7ofw15r/test/active_workout_set_row_test.dart: PREVIOUS column shows "15kg x 12" when prior data exists
00:17 +70: C:/Users/Atharva Patil/AppData/Local/Temp/gymlog-session-2-isolated-_7ofw15r/test/active_workout_set_row_test.dart: PREVIOUS shows blank when there is no prior data
00:18 +71: C:/Users/Atharva Patil/AppData/Local/Temp/gymlog-session-2-isolated-_7ofw15r/test/active_workout_set_row_test.dart: SET column renders the type letter, never a number, for warmup
00:18 +72: C:/Users/Atharva Patil/AppData/Local/Temp/gymlog-session-2-isolated-_7ofw15r/test/active_workout_set_row_test.dart: SET column renders the type letter, never a number, for warmup
00:18 +73: C:/Users/Atharva Patil/AppData/Local/Temp/gymlog-session-2-isolated-_7ofw15r/test/active_workout_set_row_test.dart: SET column renders the type letter, never a number, for warmup
00:18 +74: C:/Users/Atharva Patil/AppData/Local/Temp/gymlog-session-2-isolated-_7ofw15r/test/analytics/metric_aware_pr_test.dart: ATOMIC-07: PersonalRecord Model & Formatters Null weight never renders 0 kg for reps-only
00:18 +75: C:/Users/Atharva Patil/AppData/Local/Temp/gymlog-session-2-isolated-_7ofw15r/test/active_workout_set_row_test.dart: normal set shows its 1-based number in the SET column
00:18 +76: C:/Users/Atharva Patil/AppData/Local/Temp/gymlog-session-2-isolated-_7ofw15r/test/analytics/metric_aware_pr_test.dart: ATOMIC-07: PR Detection Engine Detects weighted e1RM PRs and Max Weight PRs
00:18 +77: C:/Users/Atharva Patil/AppData/Local/Temp/gymlog-session-2-isolated-_7ofw15r/test/active_workout_set_row_test.dart: no inline "kg" label and no "×" divider on the row
00:18 +78: C:/Users/Atharva Patil/AppData/Local/Temp/gymlog-session-2-isolated-_7ofw15r/test/active_workout_set_row_test.dart: no inline "kg" label and no "×" divider on the row
00:18 +79: C:/Users/Atharva Patil/AppData/Local/Temp/gymlog-session-2-isolated-_7ofw15r/test/active_workout_set_row_test.dart: no inline "kg" label and no "×" divider on the row
00:18 +80: C:/Users/Atharva Patil/AppData/Local/Temp/gymlog-session-2-isolated-_7ofw15r/test/analytics/metric_aware_pr_test.dart: ATOMIC-07: PR Detection Engine Assisted exercises do not award max weight PR for higher assistance
00:18 +81: C:/Users/Atharva Patil/AppData/Local/Temp/gymlog-session-2-isolated-_7ofw15r/test/analytics/metric_aware_pr_test.dart: ATOMIC-07: PR Detection Engine recalculateAllPrs is idempotent and preserves chronological history
00:18 +82: C:/Users/Atharva Patil/AppData/Local/Temp/gymlog-session-2-isolated-_7ofw15r/test/analytics/metric_aware_pr_test.dart: ATOMIC-07: PR Detection Engine Editing or deleting a PR recalculates later history
00:19 +83: C:/Users/Atharva Patil/AppData/Local/Temp/gymlog-session-2-isolated-_7ofw15r/test/auth/account_isolation_test.dart: (setUpAll)
00:19 +83: C:/Users/Atharva Patil/AppData/Local/Temp/gymlog-session-2-isolated-_7ofw15r/test/auth/account_isolation_test.dart: account A workouts hidden from account B
00:19 +84: C:/Users/Atharva Patil/AppData/Local/Temp/gymlog-session-2-isolated-_7ofw15r/test/auth/account_isolation_test.dart: account A drafts hidden from B
[WorkoutDraftStore] Ignoring draft from different user (user-a vs user-b)
00:19 +85: C:/Users/Atharva Patil/AppData/Local/Temp/gymlog-session-2-isolated-_7ofw15r/test/auth/account_isolation_test.dart: account A sync queue not uploaded as B
00:19 +86: C:/Users/Atharva Patil/AppData/Local/Temp/gymlog-session-2-isolated-_7ofw15r/test/auth/account_isolation_test.dart: custom exercises isolation policy
00:19 +87: C:/Users/Atharva Patil/AppData/Local/Temp/gymlog-session-2-isolated-_7ofw15r/test/auth/account_isolation_test.dart: pending sync warning and offline sign-out / restart flow
00:19 +88: C:/Users/Atharva Patil/AppData/Local/Temp/gymlog-session-2-isolated-_7ofw15r/test/auth/account_isolation_test.dart: (tearDownAll)
00:20 +88: C:/Users/Atharva Patil/AppData/Local/Temp/gymlog-session-2-isolated-_7ofw15r/test/auth/auth_screen_behavior_test.dart: AuthScreen Behavior Tests (AUTH-01 to AUTH-20) AUTH-01: Initial screen contains one primary CTA
00:21 +89: C:/Users/Atharva Patil/AppData/Local/Temp/gymlog-session-2-isolated-_7ofw15r/test/auth/auth_screen_behavior_test.dart: AuthScreen Behavior Tests (AUTH-01 to AUTH-20) AUTH-01: Initial screen contains one primary CTA
00:21 +90: C:/Users/Atharva Patil/AppData/Local/Temp/gymlog-session-2-isolated-_7ofw15r/test/auth/auth_screen_behavior_test.dart: AuthScreen Behavior Tests (AUTH-01 to AUTH-20) AUTH-01: Initial screen contains one primary CTA
00:21 +91: C:/Users/Atharva Patil/AppData/Local/Temp/gymlog-session-2-isolated-_7ofw15r/test/auth/auth_screen_behavior_test.dart: AuthScreen Behavior Tests (AUTH-01 to AUTH-20) AUTH-01: Initial screen contains one primary CTA
00:21 +92: C:/Users/Atharva Patil/AppData/Local/Temp/gymlog-session-2-isolated-_7ofw15r/test/auth/auth_screen_behavior_test.dart: AuthScreen Behavior Tests (AUTH-01 to AUTH-20) AUTH-01: Initial screen contains one primary CTA
00:21 +93: C:/Users/Atharva Patil/AppData/Local/Temp/gymlog-session-2-isolated-_7ofw15r/test/auth/auth_screen_behavior_test.dart: AuthScreen Behavior Tests (AUTH-01 to AUTH-20) AUTH-01: Initial screen contains one primary CTA
00:21 +94: C:/Users/Atharva Patil/AppData/Local/Temp/gymlog-session-2-isolated-_7ofw15r/test/auth/auth_screen_behavior_test.dart: AuthScreen Behavior Tests (AUTH-01 to AUTH-20) AUTH-01: Initial screen contains one primary CTA
00:21 +95: C:/Users/Atharva Patil/AppData/Local/Temp/gymlog-session-2-isolated-_7ofw15r/test/auth/auth_screen_behavior_test.dart: AuthScreen Behavior Tests (AUTH-01 to AUTH-20) AUTH-01: Initial screen contains one primary CTA
00:21 +96: C:/Users/Atharva Patil/AppData/Local/Temp/gymlog-session-2-isolated-_7ofw15r/test/auth/auth_screen_behavior_test.dart: AuthScreen Behavior Tests (AUTH-01 to AUTH-20) AUTH-01: Initial screen contains one primary CTA
00:21 +97: C:/Users/Atharva Patil/AppData/Local/Temp/gymlog-session-2-isolated-_7ofw15r/test/auth/auth_screen_behavior_test.dart: AuthScreen Behavior Tests (AUTH-01 to AUTH-20) AUTH-01: Initial screen contains one primary CTA
00:21 +98: C:/Users/Atharva Patil/AppData/Local/Temp/gymlog-session-2-isolated-_7ofw15r/test/auth/auth_screen_behavior_test.dart: AuthScreen Behavior Tests (AUTH-01 to AUTH-20) AUTH-01: Initial screen contains one primary CTA
00:21 +99: C:/Users/Atharva Patil/AppData/Local/Temp/gymlog-session-2-isolated-_7ofw15r/test/auth/auth_screen_behavior_test.dart: AuthScreen Behavior Tests (AUTH-01 to AUTH-20) AUTH-01: Initial screen contains one primary CTA
00:21 +100: C:/Users/Atharva Patil/AppData/Local/Temp/gymlog-session-2-isolated-_7ofw15r/test/auth/auth_screen_behavior_test.dart: AuthScreen Behavior Tests (AUTH-01 to AUTH-20) AUTH-01: Initial screen contains one primary CTA
00:21 +101: C:/Users/Atharva Patil/AppData/Local/Temp/gymlog-session-2-isolated-_7ofw15r/test/auth/auth_screen_behavior_test.dart: AuthScreen Behavior Tests (AUTH-01 to AUTH-20) AUTH-01: Initial screen contains one primary CTA
00:21 +102: C:/Users/Atharva Patil/AppData/Local/Temp/gymlog-session-2-isolated-_7ofw15r/test/auth/auth_screen_behavior_test.dart: AuthScreen Behavior Tests (AUTH-01 to AUTH-20) AUTH-01: Initial screen contains one primary CTA
00:21 +103: C:/Users/Atharva Patil/AppData/Local/Temp/gymlog-session-2-isolated-_7ofw15r/test/auth/auth_screen_behavior_test.dart: AuthScreen Behavior Tests (AUTH-01 to AUTH-20) AUTH-01: Initial screen contains one primary CTA
00:21 +104: C:/Users/Atharva Patil/AppData/Local/Temp/gymlog-session-2-isolated-_7ofw15r/test/auth/auth_screen_behavior_test.dart: AuthScreen Behavior Tests (AUTH-01 to AUTH-20) AUTH-01: Initial screen contains one primary CTA
00:21 +105: C:/Users/Atharva Patil/AppData/Local/Temp/gymlog-session-2-isolated-_7ofw15r/test/auth/auth_screen_behavior_test.dart: AuthScreen Behavior Tests (AUTH-01 to AUTH-20) AUTH-01: Initial screen contains one primary CTA
00:21 +106: C:/Users/Atharva Patil/AppData/Local/Temp/gymlog-session-2-isolated-_7ofw15r/test/auth/auth_screen_behavior_test.dart: AuthScreen Behavior Tests (AUTH-01 to AUTH-20) AUTH-01: Initial screen contains one primary CTA
00:21 +107: C:/Users/Atharva Patil/AppData/Local/Temp/gymlog-session-2-isolated-_7ofw15r/test/auth/auth_screen_behavior_test.dart: AuthScreen Behavior Tests (AUTH-01 to AUTH-20) AUTH-01: Initial screen contains one primary CTA
00:21 +108: C:/Users/Atharva Patil/AppData/Local/Temp/gymlog-session-2-isolated-_7ofw15r/test/auth/auth_screen_behavior_test.dart: AuthScreen Behavior Tests (AUTH-01 to AUTH-20) AUTH-01: Initial screen contains one primary CTA
00:21 +109: C:/Users/Atharva Patil/AppData/Local/Temp/gymlog-session-2-isolated-_7ofw15r/test/auth/auth_screen_behavior_test.dart: AuthScreen Behavior Tests (AUTH-01 to AUTH-20) AUTH-01: Initial screen contains one primary CTA
00:21 +110: C:/Users/Atharva Patil/AppData/Local/Temp/gymlog-session-2-isolated-_7ofw15r/test/auth/auth_screen_behavior_test.dart: AuthScreen Behavior Tests (AUTH-01 to AUTH-20) AUTH-01: Initial screen contains one primary CTA
00:21 +111: C:/Users/Atharva Patil/AppData/Local/Temp/gymlog-session-2-isolated-_7ofw15r/test/auth/auth_screen_behavior_test.dart: AuthScreen Behavior Tests (AUTH-01 to AUTH-20) AUTH-01: Initial screen contains one primary CTA
00:21 +112: C:/Users/Atharva Patil/AppData/Local/Temp/gymlog-session-2-isolated-_7ofw15r/test/auth/auth_screen_behavior_test.dart: AuthScreen Behavior Tests (AUTH-01 to AUTH-20) AUTH-01: Initial screen contains one primary CTA
00:21 +113: C:/Users/Atharva Patil/AppData/Local/Temp/gymlog-session-2-isolated-_7ofw15r/test/auth/auth_screen_behavior_test.dart: AuthScreen Behavior Tests (AUTH-01 to AUTH-20) AUTH-01: Initial screen contains one primary CTA
00:21 +114: C:/Users/Atharva Patil/AppData/Local/Temp/gymlog-session-2-isolated-_7ofw15r/test/auth/auth_screen_behavior_test.dart: AuthScreen Behavior Tests (AUTH-01 to AUTH-20) AUTH-01: Initial screen contains one primary CTA
00:21 +115: C:/Users/Atharva Patil/AppData/Local/Temp/gymlog-session-2-isolated-_7ofw15r/test/auth/auth_screen_behavior_test.dart: AuthScreen Behavior Tests (AUTH-01 to AUTH-20) AUTH-02: Only the atmosphere drift repeats; reduced motion halts it
00:22 +116: C:/Users/Atharva Patil/AppData/Local/Temp/gymlog-session-2-isolated-_7ofw15r/test/auth/auth_screen_behavior_test.dart: AuthScreen Behavior Tests (AUTH-01 to AUTH-20) AUTH-03: Reduced motion renders final state with no animation
00:22 +117: C:/Users/Atharva Patil/AppData/Local/Temp/gymlog-session-2-isolated-_7ofw15r/test/auth/auth_screen_behavior_test.dart: AuthScreen Behavior Tests (AUTH-01 to AUTH-20) AUTH-04: Sign-in button is disabled while request is in progress
00:22 +118: C:/Users/Atharva Patil/AppData/Local/Temp/gymlog-session-2-isolated-_7ofw15r/test/auth/auth_screen_behavior_test.dart: AuthScreen Behavior Tests (AUTH-01 to AUTH-20) AUTH-05: Rapid double tap starts one repository operation
00:22 +119: C:/Users/Atharva Patil/AppData/Local/Temp/gymlog-session-2-isolated-_7ofw15r/test/auth/auth_screen_behavior_test.dart: AuthScreen Behavior Tests (AUTH-01 to AUTH-20) AUTH-06: Account picker cancellation shows no error
00:22 +120: C:/Users/Atharva Patil/AppData/Local/Temp/gymlog-session-2-isolated-_7ofw15r/test/auth/auth_screen_behavior_test.dart: AuthScreen Behavior Tests (AUTH-01 to AUTH-20) AUTH-07: Network failure shows recovery copy
[Auth] failure=network
00:22 +121: C:/Users/Atharva Patil/AppData/Local/Temp/gymlog-session-2-isolated-_7ofw15r/test/auth/auth_screen_behavior_test.dart: AuthScreen Behavior Tests (AUTH-01 to AUTH-20) AUTH-08: Configuration failure does not expose SHA-1 or ApiException 10
[Auth] failure=configuration code=google_android_configuration
00:22 +122: C:/Users/Atharva Patil/AppData/Local/Temp/gymlog-session-2-isolated-_7ofw15r/test/auth/auth_screen_behavior_test.dart: AuthScreen Behavior Tests (AUTH-01 to AUTH-20) AUTH-09: Unknown error shows generic safe copy
[Auth] failure=unknown
00:22 +123: C:/Users/Atharva Patil/AppData/Local/Temp/gymlog-session-2-isolated-_7ofw15r/test/auth/auth_screen_behavior_test.dart: AuthScreen Behavior Tests (AUTH-01 to AUTH-20) AUTH-10 & AUTH-11: Legal URLs are defined and correct
00:22 +124: C:/Users/Atharva Patil/AppData/Local/Temp/gymlog-session-2-isolated-_7ofw15r/test/auth/auth_screen_behavior_test.dart: AuthScreen Behavior Tests (AUTH-01 to AUTH-20) AUTH-12: Legal links expose link semantics
00:22 +125: C:/Users/Atharva Patil/AppData/Local/Temp/gymlog-session-2-isolated-_7ofw15r/test/auth/auth_screen_behavior_test.dart: AuthScreen Behavior Tests (AUTH-01 to AUTH-20) AUTH-13: Delt exposes heading semantics
00:22 +126: C:/Users/Atharva Patil/AppData/Local/Temp/gymlog-session-2-isolated-_7ofw15r/test/chart_axis_format_test.dart: BrandedLineChart.defaultAxisFormat values under 1000 render as plain integers
00:22 +127: C:/Users/Atharva Patil/AppData/Local/Temp/gymlog-session-2-isolated-_7ofw15r/test/auth/auth_screen_behavior_test.dart: AuthScreen Behavior Tests (AUTH-01 to AUTH-20) AUTH-15: Primary actions meet 48dp; legal links expose tap semantics
00:22 +128: C:/Users/Atharva Patil/AppData/Local/Temp/gymlog-session-2-isolated-_7ofw15r/test/auth/auth_screen_behavior_test.dart: AuthScreen Behavior Tests (AUTH-01 to AUTH-20) AUTH-15: Primary actions meet 48dp; legal links expose tap semantics
00:22 +129: C:/Users/Atharva Patil/AppData/Local/Temp/gymlog-session-2-isolated-_7ofw15r/test/auth/auth_screen_behavior_test.dart: AuthScreen Behavior Tests (AUTH-01 to AUTH-20) AUTH-15: Primary actions meet 48dp; legal links expose tap semantics
00:22 +130: C:/Users/Atharva Patil/AppData/Local/Temp/gymlog-session-2-isolated-_7ofw15r/test/chart_axis_format_test.dart: BrandedLineChart.yAxisUnit renders unit suffix on both Y axes
00:23 +131: C:/Users/Atharva Patil/AppData/Local/Temp/gymlog-session-2-isolated-_7ofw15r/test/chart_axis_format_test.dart: BrandedLineChart.yAxisUnit renders unit suffix on both Y axes
00:23 +132: C:/Users/Atharva Patil/AppData/Local/Temp/gymlog-session-2-isolated-_7ofw15r/test/chart_axis_format_test.dart: BrandedLineChart.yAxisUnit renders unit suffix on both Y axes
00:23 +133: C:/Users/Atharva Patil/AppData/Local/Temp/gymlog-session-2-isolated-_7ofw15r/test/chart_axis_format_test.dart: BrandedLineChart.yAxisUnit renders unit suffix on both Y axes
00:23 +134: C:/Users/Atharva Patil/AppData/Local/Temp/gymlog-session-2-isolated-_7ofw15r/test/chart_axis_format_test.dart: BrandedLineChart.yAxisUnit renders unit suffix on both Y axes
00:23 +135: C:/Users/Atharva Patil/AppData/Local/Temp/gymlog-session-2-isolated-_7ofw15r/test/chart_axis_format_test.dart: BrandedLineChart.yAxisUnit renders unit suffix on both Y axes
00:23 +135: C:/Users/Atharva Patil/AppData/Local/Temp/gymlog-session-2-isolated-_7ofw15r/test/auth/auth_screen_behavior_test.dart: AuthScreen Behavior Tests (AUTH-01 to AUTH-20) AUTH-22 (AU-C): Timeout failure surfaces honest recovery copy
[Auth] failure=timeout
00:23 +136: C:/Users/Atharva Patil/AppData/Local/Temp/gymlog-session-2-isolated-_7ofw15r/test/chart_axis_format_test.dart: BrandedLineChart.yAxisUnit renders unit suffix on both Y axes
00:24 +137: C:/Users/Atharva Patil/AppData/Local/Temp/gymlog-session-2-isolated-_7ofw15r/test/chart_density_test.dart: BrandedLineChart 300-point performance and grid density vertical grid interval scales with labelStep rather than 1 per point
00:24 +138: C:/Users/Atharva Patil/AppData/Local/Temp/gymlog-session-2-isolated-_7ofw15r/test/commerce_and_deletion_test.dart: (setUpAll)
00:24 +138: C:/Users/Atharva Patil/AppData/Local/Temp/gymlog-session-2-isolated-_7ofw15r/test/commerce_and_deletion_test.dart: Account Deletion Service & UI Guidance Idempotency — wipes local storage and finishes safely even when user is null (signed out)
[ExercisesDao] Hydration v9 complete: 822 exercises.
00:24 +139: C:/Users/Atharva Patil/AppData/Local/Temp/gymlog-session-2-isolated-_7ofw15r/test/commerce_and_deletion_test.dart: Account Deletion Service & UI Guidance Wipes local databases, secure preferences and settings on deletion
[ExercisesDao] Hydration v9 complete: 822 exercises.
00:25 +140: C:/Users/Atharva Patil/AppData/Local/Temp/gymlog-session-2-isolated-_7ofw15r/test/commerce_and_deletion_test.dart: Premium Service Entitlements & Caching isPremiumProvider returns false when no user is signed in
00:25 +141: C:/Users/Atharva Patil/AppData/Local/Temp/gymlog-session-2-isolated-_7ofw15r/test/commerce_and_deletion_test.dart: Premium Service Entitlements & Caching isPremiumProvider falls back to local user profile when CustomerInfo stream has no value (offline launch)
00:25 +142: C:/Users/Atharva Patil/AppData/Local/Temp/gymlog-session-2-isolated-_7ofw15r/test/commerce_and_deletion_test.dart: Premium Service Entitlements & Caching isPremiumProvider respects active entitlements from CustomerInfo over local SQLite profile
00:25 +143: C:/Users/Atharva Patil/AppData/Local/Temp/gymlog-session-2-isolated-_7ofw15r/test/commerce_and_deletion_test.dart: (tearDownAll)
00:25 +143: C:/Users/Atharva Patil/AppData/Local/Temp/gymlog-session-2-isolated-_7ofw15r/test/compile_surface_test.dart: full app graph compiles
00:27 +144: C:/Users/Atharva Patil/AppData/Local/Temp/gymlog-session-2-isolated-_7ofw15r/test/core/app_startup_test.dart: GymLogApp builds without throwing when cloud is not ready
00:28 +145: C:/Users/Atharva Patil/AppData/Local/Temp/gymlog-session-2-isolated-_7ofw15r/test/core/app_startup_test.dart: router is constructable without Supabase being initialized
00:28 +146: C:/Users/Atharva Patil/AppData/Local/Temp/gymlog-session-2-isolated-_7ofw15r/test/core/database/daos/program_grouping_test.dart: groupProgramRoutines an empty library groups into nothing
00:28 +147: C:/Users/Atharva Patil/AppData/Local/Temp/gymlog-session-2-isolated-_7ofw15r/test/core/database/daos/program_grouping_test.dart: groupProgramRoutines routines with no program stay standalone
00:28 +148: C:/Users/Atharva Patil/AppData/Local/Temp/gymlog-session-2-isolated-_7ofw15r/test/core/database/daos/program_grouping_test.dart: groupProgramRoutines members are returned in training-day order, not insert order
00:28 +149: C:/Users/Atharva Patil/AppData/Local/Temp/gymlog-session-2-isolated-_7ofw15r/test/core/database/daos/program_grouping_test.dart: groupProgramRoutines a partial import knows how many days are missing
00:28 +150: C:/Users/Atharva Patil/AppData/Local/Temp/gymlog-session-2-isolated-_7ofw15r/test/core/database/daos/program_grouping_test.dart: groupProgramRoutines a full import reports complete
00:28 +151: C:/Users/Atharva Patil/AppData/Local/Temp/gymlog-session-2-isolated-_7ofw15r/test/core/database/daos/program_grouping_test.dart: groupProgramRoutines two different programs do not merge
00:28 +152: C:/Users/Atharva Patil/AppData/Local/Temp/gymlog-session-2-isolated-_7ofw15r/test/core/database/daos/program_grouping_test.dart: groupProgramRoutines legacy breadcrumb rows form a legacy group
00:28 +153: C:/Users/Atharva Patil/AppData/Local/Temp/gymlog-session-2-isolated-_7ofw15r/test/core/database/daos/program_grouping_test.dart: groupProgramRoutines membership wins over a stale breadcrumb
00:28 +154: C:/Users/Atharva Patil/AppData/Local/Temp/gymlog-session-2-isolated-_7ofw15r/test/core/database/daos/program_grouping_test.dart: groupProgramRoutines falls back to the membership label when no breadcrumb exists
00:28 +155: C:/Users/Atharva Patil/AppData/Local/Temp/gymlog-session-2-isolated-_7ofw15r/test/core/database/daos/program_grouping_test.dart: groupProgramRoutines programs and standalone routines coexist
00:28 +156: C:/Users/Atharva Patil/AppData/Local/Temp/gymlog-session-2-isolated-_7ofw15r/test/core/database/daos/program_grouping_test.dart: groupProgramRoutines newest program group sorts first
00:28 +157: C:/Users/Atharva Patil/AppData/Local/Temp/gymlog-session-2-isolated-_7ofw15r/test/core/database/daos/program_grouping_test.dart: groupProgramRoutines a whitespace-only breadcrumb does not create a phantom group
00:28 +158: C:/Users/Atharva Patil/AppData/Local/Temp/gymlog-session-2-isolated-_7ofw15r/test/core/database/daos/program_grouping_test.dart: groupProgramRoutines corrupt membership degrades to standalone, never crashes
00:28 +159: C:/Users/Atharva Patil/AppData/Local/Temp/gymlog-session-2-isolated-_7ofw15r/test/core/database/daos/program_grouping_test.dart: quota inputs a 6-day program counts as one program and zero standalone
00:29 +160: C:/Users/Atharva Patil/AppData/Local/Temp/gymlog-session-2-isolated-_7ofw15r/test/core/models/measurement_type_duration_test.dart: MeasurementType Duration Taxonomy & Resolver resolves isometric and duration exercises to duration
00:29 +161: C:/Users/Atharva Patil/AppData/Local/Temp/gymlog-session-2-isolated-_7ofw15r/test/core/models/measurement_type_duration_test.dart: MeasurementType Duration Taxonomy & Resolver preserves Olympic barbell and dumbbell lifts with hang as weighted
00:29 +162: C:/Users/Atharva Patil/AppData/Local/Temp/gymlog-session-2-isolated-_7ofw15r/test/core/models/measurement_type_duration_test.dart: MeasurementType Duration Taxonomy & Resolver explicit exceptions override default weight_and_reps
00:29 +163: C:/Users/Atharva Patil/AppData/Local/Temp/gymlog-session-2-isolated-_7ofw15r/test/core/models/measurement_type_duration_test.dart: MeasurementType Duration Taxonomy & Resolver repsColumnLabel is TIME for duration
00:29 +164: C:/Users/Atharva Patil/AppData/Local/Temp/gymlog-session-2-isolated-_7ofw15r/test/core/models/measurement_type_duration_test.dart: MeasurementType Duration Taxonomy & Resolver weighted duration shows weight column and provides +KG header
00:29 +165: C:/Users/Atharva Patil/AppData/Local/Temp/gymlog-session-2-isolated-_7ofw15r/test/core/models/measurement_type_duration_test.dart: MeasurementType Duration Taxonomy & Resolver dynamic hanging exercises resolve to reps, not duration
00:30 +166: C:/Users/Atharva Patil/AppData/Local/Temp/gymlog-session-2-isolated-_7ofw15r/test/core/premium/library_quota_test.dart: the free-tier dead end a new free user CAN import the featured 6-day program
00:30 +167: C:/Users/Atharva Patil/AppData/Local/Temp/gymlog-session-2-isolated-_7ofw15r/test/core/premium/library_quota_test.dart: the free-tier dead end program size does not consume routine slots
00:30 +168: C:/Users/Atharva Patil/AppData/Local/Temp/gymlog-session-2-isolated-_7ofw15r/test/core/premium/library_quota_test.dart: program slot the second program is where the paywall lands
00:30 +169: C:/Users/Atharva Patil/AppData/Local/Temp/gymlog-session-2-isolated-_7ofw15r/test/core/premium/library_quota_test.dart: program slot Pro is never gated
00:30 +170: C:/Users/Atharva Patil/AppData/Local/Temp/gymlog-session-2-isolated-_7ofw15r/test/core/premium/library_quota_test.dart: program slot hasUsedFreeProgramSlot tracks the cap
00:30 +171: C:/Users/Atharva Patil/AppData/Local/Temp/gymlog-session-2-isolated-_7ofw15r/test/core/premium/library_quota_test.dart: completing an owned program is always free even when both caps are already exhausted
00:30 +172: C:/Users/Atharva Patil/AppData/Local/Temp/gymlog-session-2-isolated-_7ofw15r/test/core/premium/library_quota_test.dart: standalone routines fills exactly to the cap
00:30 +173: C:/Users/Atharva Patil/AppData/Local/Temp/gymlog-session-2-isolated-_7ofw15r/test/core/premium/library_quota_test.dart: standalone routines blocks the one that would overflow
00:30 +174: C:/Users/Atharva Patil/AppData/Local/Temp/gymlog-session-2-isolated-_7ofw15r/test/core/premium/library_quota_test.dart: standalone routines checks the whole batch, not one at a time
00:30 +175: C:/Users/Atharva Patil/AppData/Local/Temp/gymlog-session-2-isolated-_7ofw15r/test/core/premium/library_quota_test.dart: standalone routines remaining slots never go negative for grandfathered users
00:30 +176: C:/Users/Atharva Patil/AppData/Local/Temp/gymlog-session-2-isolated-_7ofw15r/test/core/premium/library_quota_test.dart: copy allowed has no blocking copy
00:30 +177: C:/Users/Atharva Patil/AppData/Local/Temp/gymlog-session-2-isolated-_7ofw15r/test/core/premium/library_quota_test.dart: copy every blocked verdict has copy
00:30 +178: C:/Users/Atharva Patil/AppData/Local/Temp/gymlog-session-2-isolated-_7ofw15r/test/core/router_deeplink_test.dart: deep link without extra loads the exercise by id instead of crashing
00:32 +179: C:/Users/Atharva Patil/AppData/Local/Temp/gymlog-session-2-isolated-_7ofw15r/test/core/router_deeplink_test.dart: deep link without extra loads the exercise by id instead of crashing
00:32 +180: C:/Users/Atharva Patil/AppData/Local/Temp/gymlog-session-2-isolated-_7ofw15r/test/core/router_deeplink_test.dart: deep link without extra loads the exercise by id instead of crashing
00:32 +181: C:/Users/Atharva Patil/AppData/Local/Temp/gymlog-session-2-isolated-_7ofw15r/test/core/router_deeplink_test.dart: deep link without extra loads the exercise by id instead of crashing
00:32 +182: C:/Users/Atharva Patil/AppData/Local/Temp/gymlog-session-2-isolated-_7ofw15r/test/core/router_deeplink_test.dart: deep link without extra loads the exercise by id instead of crashing
00:32 +183: C:/Users/Atharva Patil/AppData/Local/Temp/gymlog-session-2-isolated-_7ofw15r/test/core/router_deeplink_test.dart: deep link without extra loads the exercise by id instead of crashing
00:32 +184: C:/Users/Atharva Patil/AppData/Local/Temp/gymlog-session-2-isolated-_7ofw15r/test/core/router_deeplink_test.dart: deep link without extra loads the exercise by id instead of crashing
00:32 +185: C:/Users/Atharva Patil/AppData/Local/Temp/gymlog-session-2-isolated-_7ofw15r/test/core/router_deeplink_test.dart: deep link without extra loads the exercise by id instead of crashing
00:32 +186: C:/Users/Atharva Patil/AppData/Local/Temp/gymlog-session-2-isolated-_7ofw15r/test/core/router_deeplink_test.dart: deep link without extra loads the exercise by id instead of crashing
00:32 +187: C:/Users/Atharva Patil/AppData/Local/Temp/gymlog-session-2-isolated-_7ofw15r/test/core/router_deeplink_test.dart: deep link without extra loads the exercise by id instead of crashing
00:32 +188: C:/Users/Atharva Patil/AppData/Local/Temp/gymlog-session-2-isolated-_7ofw15r/test/core/router_deeplink_test.dart: deep link without extra loads the exercise by id instead of crashing
00:32 +189: C:/Users/Atharva Patil/AppData/Local/Temp/gymlog-session-2-isolated-_7ofw15r/test/core/router_deeplink_test.dart: deep link without extra loads the exercise by id instead of crashing
00:32 +190: C:/Users/Atharva Patil/AppData/Local/Temp/gymlog-session-2-isolated-_7ofw15r/test/core/router_deeplink_test.dart: deep link without extra loads the exercise by id instead of crashing
00:32 +191: C:/Users/Atharva Patil/AppData/Local/Temp/gymlog-session-2-isolated-_7ofw15r/test/core/router_deeplink_test.dart: deep link without extra loads the exercise by id instead of crashing
00:32 +192: C:/Users/Atharva Patil/AppData/Local/Temp/gymlog-session-2-isolated-_7ofw15r/test/core/router_deeplink_test.dart: deep link without extra loads the exercise by id instead of crashing
00:32 +193: C:/Users/Atharva Patil/AppData/Local/Temp/gymlog-session-2-isolated-_7ofw15r/test/core/router_deeplink_test.dart: deep link without extra loads the exercise by id instead of crashing
00:32 +194: C:/Users/Atharva Patil/AppData/Local/Temp/gymlog-session-2-isolated-_7ofw15r/test/core/router_deeplink_test.dart: deep link without extra loads the exercise by id instead of crashing
00:32 +195: C:/Users/Atharva Patil/AppData/Local/Temp/gymlog-session-2-isolated-_7ofw15r/test/core/router_deeplink_test.dart: deep link without extra loads the exercise by id instead of crashing
00:32 +196: C:/Users/Atharva Patil/AppData/Local/Temp/gymlog-session-2-isolated-_7ofw15r/test/core/router_deeplink_test.dart: deep link without extra loads the exercise by id instead of crashing
00:33 +197: C:/Users/Atharva Patil/AppData/Local/Temp/gymlog-session-2-isolated-_7ofw15r/test/core/theme/border_affordance_test.dart: Three-Tier Visual Grammar Affordance Tests AppStatusTag strictly renders NO border under any configuration
00:33 +198: C:/Users/Atharva Patil/AppData/Local/Temp/gymlog-session-2-isolated-_7ofw15r/test/core/router_deeplink_test.dart: non-numeric deep link falls back to the library, no crash
00:34 +199: C:/Users/Atharva Patil/AppData/Local/Temp/gymlog-session-2-isolated-_7ofw15r/test/core/router_deeplink_test.dart: non-numeric deep link falls back to the library, no crash
00:34 +200: C:/Users/Atharva Patil/AppData/Local/Temp/gymlog-session-2-isolated-_7ofw15r/test/core/theme/border_affordance_test.dart: Three-Tier Visual Grammar Affordance Tests AppActionChip disabled state renders muted styling and disables interaction
00:34 +201: C:/Users/Atharva Patil/AppData/Local/Temp/gymlog-session-2-isolated-_7ofw15r/test/core/theme/border_affordance_test.dart: Three-Tier Visual Grammar Affordance Tests AppActionChip.compactSquare maintains 28x28 visual size and touch target
00:34 +202: C:/Users/Atharva Patil/AppData/Local/Temp/gymlog-session-2-isolated-_7ofw15r/test/dao_integration_test.dart: (setUpAll)
00:34 +202: C:/Users/Atharva Patil/AppData/Local/Temp/gymlog-session-2-isolated-_7ofw15r/test/core/theme/border_affordance_test.dart: Three-Tier Visual Grammar Affordance Tests AppInfoText formats multiple items with typographic separator
00:34 +203: C:/Users/Atharva Patil/AppData/Local/Temp/gymlog-session-2-isolated-_7ofw15r/test/dao_integration_test.dart: getHydratedWorkout returns full graph incl. previous-session sets
00:34 +204: C:/Users/Atharva Patil/AppData/Local/Temp/gymlog-session-2-isolated-_7ofw15r/test/dao_integration_test.dart: getHydratedWorkout returns full graph incl. previous-session sets
00:34 +205: C:/Users/Atharva Patil/AppData/Local/Temp/gymlog-session-2-isolated-_7ofw15r/test/dao_integration_test.dart: getHydratedWorkout survives a session with zero exercises
00:34 +206: C:/Users/Atharva Patil/AppData/Local/Temp/gymlog-session-2-isolated-_7ofw15r/test/dao_integration_test.dart: getSessionPreviewsForUser batches stats + top exercises
00:34 +207: C:/Users/Atharva Patil/AppData/Local/Temp/gymlog-session-2-isolated-_7ofw15r/test/dao_integration_test.dart: detectAndMarkPrs fires on a fresh database and returns records
00:34 +208: C:/Users/Atharva Patil/AppData/Local/Temp/gymlog-session-2-isolated-_7ofw15r/test/dao_integration_test.dart: exercise history honors since-filter with typed date binds
00:34 +209: C:/Users/Atharva Patil/AppData/Local/Temp/gymlog-session-2-isolated-_7ofw15r/test/dao_integration_test.dart: exercise history best-1RM uses per-set Epley, not MAX(w)×MAX(reps)
00:34 +210: C:/Users/Atharva Patil/AppData/Local/Temp/gymlog-session-2-isolated-_7ofw15r/test/dao_integration_test.dart: detectAndMarkPrs fires for a genuine heavier single (1-rep guard)
00:34 +211: C:/Users/Atharva Patil/AppData/Local/Temp/gymlog-session-2-isolated-_7ofw15r/test/dao_integration_test.dart: countRoutinesForUser + exerciseNameExists back the gates
00:34 +212: C:/Users/Atharva Patil/AppData/Local/Temp/gymlog-session-2-isolated-_7ofw15r/test/dao_integration_test.dart: wipeAllData empties every table (account deletion local wipe)
00:34 +213: C:/Users/Atharva Patil/AppData/Local/Temp/gymlog-session-2-isolated-_7ofw15r/test/dao_integration_test.dart: deleteSession cascades sets + exercises with FKs enforced
00:34 +214: C:/Users/Atharva Patil/AppData/Local/Temp/gymlog-session-2-isolated-_7ofw15r/test/dao_integration_test.dart: routine hydration + last-session sets + daily volume
00:34 +215: C:/Users/Atharva Patil/AppData/Local/Temp/gymlog-session-2-isolated-_7ofw15r/test/dao_integration_test.dart: session and routine restore-after-delete (SYS-3)
00:34 +216: C:/Users/Atharva Patil/AppData/Local/Temp/gymlog-session-2-isolated-_7ofw15r/test/dao_integration_test.dart: watchDailyVolumeForRoutine tracks each completed session individually on the same day
00:34 +217: C:/Users/Atharva Patil/AppData/Local/Temp/gymlog-session-2-isolated-_7ofw15r/test/dao_integration_test.dart: (tearDownAll)
00:35 +217: C:/Users/Atharva Patil/AppData/Local/Temp/gymlog-session-2-isolated-_7ofw15r/test/das1_delete_completion_test.dart: DAS-1 Delete Account Completion Honesty full success shows permanent-deletion copy and routes to auth
00:36 +218: C:/Users/Atharva Patil/AppData/Local/Temp/gymlog-session-2-isolated-_7ofw15r/test/das1_delete_completion_test.dart: DAS-1 Delete Account Completion Honesty full success shows permanent-deletion copy and routes to auth
00:36 +219: C:/Users/Atharva Patil/AppData/Local/Temp/gymlog-session-2-isolated-_7ofw15r/test/das1_delete_completion_test.dart: DAS-1 Delete Account Completion Honesty full success shows permanent-deletion copy and routes to auth
00:37 +220: C:/Users/Atharva Patil/AppData/Local/Temp/gymlog-session-2-isolated-_7ofw15r/test/delivery_diagnostics_test.dart: Tapping Version AppActionRow 5 times throws controlled StateError
00:37 +221: C:/Users/Atharva Patil/AppData/Local/Temp/gymlog-session-2-isolated-_7ofw15r/test/delivery_diagnostics_test.dart: Tapping Version AppActionRow 5 times throws controlled StateError
00:37 +222: C:/Users/Atharva Patil/AppData/Local/Temp/gymlog-session-2-isolated-_7ofw15r/test/delivery_diagnostics_test.dart: Tapping Version AppActionRow 5 times throws controlled StateError
00:38 +223: C:/Users/Atharva Patil/AppData/Local/Temp/gymlog-session-2-isolated-_7ofw15r/test/delivery_diagnostics_test.dart: Tapping Version AppActionRow 5 times throws controlled StateError
00:38 +224: C:/Users/Atharva Patil/AppData/Local/Temp/gymlog-session-2-isolated-_7ofw15r/test/delivery_diagnostics_test.dart: Tapping Version AppActionRow 5 times throws controlled StateError
00:38 +225: C:/Users/Atharva Patil/AppData/Local/Temp/gymlog-session-2-isolated-_7ofw15r/test/delivery_diagnostics_test.dart: Tapping Version AppActionRow 5 times throws controlled StateError
00:38 +226: C:/Users/Atharva Patil/AppData/Local/Temp/gymlog-session-2-isolated-_7ofw15r/test/delivery_diagnostics_test.dart: Tapping Version AppActionRow 5 times throws controlled StateError
00:39 +227: C:/Users/Atharva Patil/AppData/Local/Temp/gymlog-session-2-isolated-_7ofw15r/test/delivery_diagnostics_test.dart: Tapping Version AppActionRow 5 times throws controlled StateError
00:40 +228: C:/Users/Atharva Patil/AppData/Local/Temp/gymlog-session-2-isolated-_7ofw15r/test/delivery_diagnostics_test.dart: Tapping Version AppActionRow 5 times throws controlled StateError
00:40 +229: C:/Users/Atharva Patil/AppData/Local/Temp/gymlog-session-2-isolated-_7ofw15r/test/delivery_diagnostics_test.dart: Tapping Version AppActionRow 5 times throws controlled StateError
00:40 +230: C:/Users/Atharva Patil/AppData/Local/Temp/gymlog-session-2-isolated-_7ofw15r/test/delivery_diagnostics_test.dart: Tapping Version AppActionRow 5 times throws controlled StateError
00:41 +231: C:/Users/Atharva Patil/AppData/Local/Temp/gymlog-session-2-isolated-_7ofw15r/test/delivery_diagnostics_test.dart: Tapping Version AppActionRow 5 times throws controlled StateError
00:41 +232: C:/Users/Atharva Patil/AppData/Local/Temp/gymlog-session-2-isolated-_7ofw15r/test/delivery_diagnostics_test.dart: Tapping Version AppActionRow 5 times throws controlled StateError
00:42 +232: C:/Users/Atharva Patil/AppData/Local/Temp/gymlog-session-2-isolated-_7ofw15r/test/exercises_hydration_test.dart: ATOMIC-RC3-04 Exercises Hydration Engine v9 1. Runs hydration and converts raw types when v9 key is missing
[ExercisesDao] Hydration v9 complete: 822 exercises.
00:42 +233: C:/Users/Atharva Patil/AppData/Local/Temp/gymlog-session-2-isolated-_7ofw15r/test/delivery_diagnostics_test.dart: Tapping Version AppActionRow 5 times throws controlled StateError
00:42 +234: C:/Users/Atharva Patil/AppData/Local/Temp/gymlog-session-2-isolated-_7ofw15r/test/delivery_diagnostics_test.dart: Tapping Version AppActionRow 5 times throws controlled StateError
00:42 +235: C:/Users/Atharva Patil/AppData/Local/Temp/gymlog-session-2-isolated-_7ofw15r/test/delivery_diagnostics_test.dart: Tapping Version AppActionRow 5 times throws controlled StateError
00:43 +236: C:/Users/Atharva Patil/AppData/Local/Temp/gymlog-session-2-isolated-_7ofw15r/test/exercise_detail_polish_test.dart: worked-muscle chips distinguish primary and secondary targets
00:44 +237: C:/Users/Atharva Patil/AppData/Local/Temp/gymlog-session-2-isolated-_7ofw15r/test/exercise_hero_transition_test.dart: Library(browse:true) row renders a Hero with tag exercise-hero-<id>
00:44 +238: C:/Users/Atharva Patil/AppData/Local/Temp/gymlog-session-2-isolated-_7ofw15r/test/exercise_detail_polish_test.dart: stat toggles enforce >=48dp touch constraints
00:44 +239: C:/Users/Atharva Patil/AppData/Local/Temp/gymlog-session-2-isolated-_7ofw15r/test/exercise_hero_transition_test.dart: Library(browse:false) row does NOT render a Hero
00:45 +240: C:/Users/Atharva Patil/AppData/Local/Temp/gymlog-session-2-isolated-_7ofw15r/test/exercise_detail_polish_test.dart: analytics-error retry invalidates and recovers
00:45 +241: C:/Users/Atharva Patil/AppData/Local/Temp/gymlog-session-2-isolated-_7ofw15r/test/exercise_hero_transition_test.dart: Detail screen renders a Hero with the matching tag
00:45 +242: C:/Users/Atharva Patil/AppData/Local/Temp/gymlog-session-2-isolated-_7ofw15r/test/exercise_detail_polish_test.dart: content is visible immediately (no entrance FadeTransition) under disableAnimations and normal motion
00:45 +243: C:/Users/Atharva Patil/AppData/Local/Temp/gymlog-session-2-isolated-_7ofw15r/test/exercise_selection_polish_test.dart: ExerciseSelectionScreen filters catalog and handles caching correctly
00:45 +244: C:/Users/Atharva Patil/AppData/Local/Temp/gymlog-session-2-isolated-_7ofw15r/test/exercise_selection_polish_test.dart: ExerciseSelectionScreen filters catalog and handles caching correctly
00:47 +245: C:/Users/Atharva Patil/AppData/Local/Temp/gymlog-session-2-isolated-_7ofw15r/test/exercise_selection_polish_test.dart: ExerciseSelectionScreen filters catalog and handles caching correctly
00:47 +246: C:/Users/Atharva Patil/AppData/Local/Temp/gymlog-session-2-isolated-_7ofw15r/test/expiry_symptom_test.dart: timer expiry does not trigger Set removed snackbar
00:47 +247: C:/Users/Atharva Patil/AppData/Local/Temp/gymlog-session-2-isolated-_7ofw15r/test/expiry_symptom_test.dart: timer expiry does not trigger Set removed snackbar
00:47 +248: C:/Users/Atharva Patil/AppData/Local/Temp/gymlog-session-2-isolated-_7ofw15r/test/expiry_symptom_test.dart: timer expiry does not trigger Set removed snackbar
00:47 +249: C:/Users/Atharva Patil/AppData/Local/Temp/gymlog-session-2-isolated-_7ofw15r/test/expiry_symptom_test.dart: timer expiry does not trigger Set removed snackbar
00:48 +250: C:/Users/Atharva Patil/AppData/Local/Temp/gymlog-session-2-isolated-_7ofw15r/test/explore_contrast_guard_test.dart: dark surface text tokens meet WCAG AA (4.5:1) on their surfaces
00:48 +251: C:/Users/Atharva Patil/AppData/Local/Temp/gymlog-session-2-isolated-_7ofw15r/test/explore_contrast_guard_test.dart: intermediate levelColor is never the brand accent hue
00:48 +252: C:/Users/Atharva Patil/AppData/Local/Temp/gymlog-session-2-isolated-_7ofw15r/test/export_share_previews_test.dart: (setUpAll)
00:48 +252: C:/Users/Atharva Patil/AppData/Local/Temp/gymlog-session-2-isolated-_7ofw15r/test/export_share_previews_test.dart: Export 1080x1920 preview PNGs for visual inspection
00:50 +253: C:/Users/Atharva Patil/AppData/Local/Temp/gymlog-session-2-isolated-_7ofw15r/test/export_share_previews_test.dart: Export 1080x1920 preview PNGs for visual inspection
00:50 +254: C:/Users/Atharva Patil/AppData/Local/Temp/gymlog-session-2-isolated-_7ofw15r/test/export_share_previews_test.dart: Export 1080x1920 preview PNGs for visual inspection
00:50 +255: C:/Users/Atharva Patil/AppData/Local/Temp/gymlog-session-2-isolated-_7ofw15r/test/export_share_previews_test.dart: Export 1080x1920 preview PNGs for visual inspection
00:51 +256: C:/Users/Atharva Patil/AppData/Local/Temp/gymlog-session-2-isolated-_7ofw15r/test/features/auth/onboarding_age_step_test.dart: StepAge age renders on a single line for every value (14, 25, 99, 100)
00:51 +257: C:/Users/Atharva Patil/AppData/Local/Temp/gymlog-session-2-isolated-_7ofw15r/test/features/auth/onboarding_age_step_test.dart: StepAge age 100 stays on one line at every viewport and text scale
00:52 +258: C:/Users/Atharva Patil/AppData/Local/Temp/gymlog-session-2-isolated-_7ofw15r/test/features/auth/onboarding_age_step_test.dart: StepAge tapping + at 99 shows 100 on a single line
00:52 +259: C:/Users/Atharva Patil/AppData/Local/Temp/gymlog-session-2-isolated-_7ofw15r/test/features/auth/onboarding_weekly_goal_step_test.dart: StepWeeklyGoal preview consistency goal 1 previews 1 of 1 workout completed at 100%
00:52 +260: C:/Users/Atharva Patil/AppData/Local/Temp/gymlog-session-2-isolated-_7ofw15r/test/features/auth/onboarding_weekly_goal_step_test.dart: StepWeeklyGoal preview consistency goal 1 previews 1 of 1 workout completed at 100%
00:52 +261: C:/Users/Atharva Patil/AppData/Local/Temp/gymlog-session-2-isolated-_7ofw15r/test/features/auth/onboarding_weekly_goal_step_test.dart: StepWeeklyGoal preview consistency goal 1 previews 1 of 1 workout completed at 100%
00:52 +262: C:/Users/Atharva Patil/AppData/Local/Temp/gymlog-session-2-isolated-_7ofw15r/test/features/auth/onboarding_weekly_goal_step_test.dart: StepWeeklyGoal preview consistency goal 1 previews 1 of 1 workout completed at 100%
00:53 +263: C:/Users/Atharva Patil/AppData/Local/Temp/gymlog-session-2-isolated-_7ofw15r/test/features/auth/onboarding_weekly_goal_step_test.dart: StepWeeklyGoal preview consistency goal 2 previews 2 of 2 workouts completed
00:53 +264: C:/Users/Atharva Patil/AppData/Local/Temp/gymlog-session-2-isolated-_7ofw15r/test/features/auth/onboarding_weekly_goal_step_test.dart: StepWeeklyGoal preview consistency goal 3 previews 2 of 3 workouts completed
00:53 +265: C:/Users/Atharva Patil/AppData/Local/Temp/gymlog-session-2-isolated-_7ofw15r/test/features/auth/onboarding_weekly_goal_step_test.dart: StepWeeklyGoal preview consistency goal 7 previews 2 of 7 workouts completed
00:53 +266: C:/Users/Atharva Patil/AppData/Local/Temp/gymlog-session-2-isolated-_7ofw15r/test/features/auth/onboarding_weekly_goal_step_test.dart: StepWeeklyGoal preview consistency tapping goal 1 updates caption and ring together
00:53 +267: C:/Users/Atharva Patil/AppData/Local/Temp/gymlog-session-2-isolated-_7ofw15r/test/features/auth/onboarding_weekly_goal_step_test.dart: StepWeeklyGoal preview consistency tapping goal 1 updates caption and ring together
00:53 +268: C:/Users/Atharva Patil/AppData/Local/Temp/gymlog-session-2-isolated-_7ofw15r/test/features/auth/onboarding_weekly_goal_step_test.dart: StepWeeklyGoal preview consistency tapping goal 1 updates caption and ring together
00:53 +269: C:/Users/Atharva Patil/AppData/Local/Temp/gymlog-session-2-isolated-_7ofw15r/test/features/auth/onboarding_weekly_goal_step_test.dart: StepWeeklyGoal preview consistency tapping goal 1 updates caption and ring together
00:53 +270: C:/Users/Atharva Patil/AppData/Local/Temp/gymlog-session-2-isolated-_7ofw15r/test/features/auth/onboarding_weekly_goal_step_test.dart: StepWeeklyGoal preview consistency tapping goal 1 updates caption and ring together
00:53 +271: C:/Users/Atharva Patil/AppData/Local/Temp/gymlog-session-2-isolated-_7ofw15r/test/features/auth/onboarding_weekly_goal_step_test.dart: StepWeeklyGoal preview consistency tapping goal 1 updates caption and ring together
00:53 +272: C:/Users/Atharva Patil/AppData/Local/Temp/gymlog-session-2-isolated-_7ofw15r/test/features/auth/onboarding_weekly_goal_step_test.dart: StepWeeklyGoal preview consistency tapping goal 1 updates caption and ring together
00:53 +273: C:/Users/Atharva Patil/AppData/Local/Temp/gymlog-session-2-isolated-_7ofw15r/test/features/auth/onboarding_weekly_goal_step_test.dart: StepWeeklyGoal preview consistency tapping goal 1 updates caption and ring together
00:53 +274: C:/Users/Atharva Patil/AppData/Local/Temp/gymlog-session-2-isolated-_7ofw15r/test/features/auth/onboarding_weekly_goal_step_test.dart: StepWeeklyGoal preview consistency tapping goal 1 updates caption and ring together
00:53 +275: C:/Users/Atharva Patil/AppData/Local/Temp/gymlog-session-2-isolated-_7ofw15r/test/features/auth/onboarding_weekly_goal_step_test.dart: StepWeeklyGoal preview consistency tapping goal 1 updates caption and ring together
00:53 +276: C:/Users/Atharva Patil/AppData/Local/Temp/gymlog-session-2-isolated-_7ofw15r/test/features/auth/onboarding_weekly_goal_step_test.dart: StepWeeklyGoal preview consistency tapping goal 1 updates caption and ring together
00:53 +277: C:/Users/Atharva Patil/AppData/Local/Temp/gymlog-session-2-isolated-_7ofw15r/test/features/auth/onboarding_weekly_goal_step_test.dart: StepWeeklyGoal preview consistency tapping goal 1 updates caption and ring together
00:53 +278: C:/Users/Atharva Patil/AppData/Local/Temp/gymlog-session-2-isolated-_7ofw15r/test/features/auth/onboarding_weekly_goal_step_test.dart: StepWeeklyGoal preview consistency tapping goal 1 updates caption and ring together
00:53 +279: C:/Users/Atharva Patil/AppData/Local/Temp/gymlog-session-2-isolated-_7ofw15r/test/features/auth/onboarding_weekly_goal_step_test.dart: StepWeeklyGoal preview consistency tapping goal 1 updates caption and ring together
00:54 +280: C:/Users/Atharva Patil/AppData/Local/Temp/gymlog-session-2-isolated-_7ofw15r/test/features/routines/domain/exercise_resolver_test.dart: normalisation lowercases and strips punctuation
00:54 +281: C:/Users/Atharva Patil/AppData/Local/Temp/gymlog-session-2-isolated-_7ofw15r/test/features/routines/domain/exercise_resolver_test.dart: normalisation base form drops the equipment parenthetical
00:54 +282: C:/Users/Atharva Patil/AppData/Local/Temp/gymlog-session-2-isolated-_7ofw15r/test/features/routines/domain/exercise_resolver_test.dart: resolve matches an exact name
00:54 +283: C:/Users/Atharva Patil/AppData/Local/Temp/gymlog-session-2-isolated-_7ofw15r/test/features/routines/domain/exercise_resolver_test.dart: resolve matches regardless of case and punctuation
00:54 +284: C:/Users/Atharva Patil/AppData/Local/Temp/gymlog-session-2-isolated-_7ofw15r/test/features/routines/domain/exercise_resolver_test.dart: resolve matches across an equipment parenthetical
00:54 +285: C:/Users/Atharva Patil/AppData/Local/Temp/gymlog-session-2-isolated-_7ofw15r/test/features/routines/domain/exercise_resolver_test.dart: resolve prefers the shortest qualifying candidate
00:54 +286: C:/Users/Atharva Patil/AppData/Local/Temp/gymlog-session-2-isolated-_7ofw15r/test/features/routines/domain/exercise_resolver_test.dart: resolve returns null rather than guessing wrong
00:54 +287: C:/Users/Atharva Patil/AppData/Local/Temp/gymlog-session-2-isolated-_7ofw15r/test/features/routines/domain/exercise_resolver_test.dart: resolve a single shared word is not enough to match
00:54 +288: C:/Users/Atharva Patil/AppData/Local/Temp/gymlog-session-2-isolated-_7ofw15r/test/features/routines/domain/exercise_resolver_test.dart: resolve known aliases collapse onto one exercise
00:54 +289: C:/Users/Atharva Patil/AppData/Local/Temp/gymlog-session-2-isolated-_7ofw15r/test/features/routines/domain/exercise_resolver_test.dart: resolve an alias pointing at nothing is ignored, not fatal
00:54 +290: C:/Users/Atharva Patil/AppData/Local/Temp/gymlog-session-2-isolated-_7ofw15r/test/features/routines/domain/exercise_resolver_test.dart: resolve repeat lookups are memoised to the same instance
00:54 +291: C:/Users/Atharva Patil/AppData/Local/Temp/gymlog-session-2-isolated-_7ofw15r/test/features/routines/domain/exercise_resolver_test.dart: resolve an empty catalog resolves nothing without throwing
00:54 +292: C:/Users/Atharva Patil/AppData/Local/Temp/gymlog-session-2-isolated-_7ofw15r/test/features/routines/domain/exercise_resolver_test.dart: unresolvedNames reports only the gaps
00:54 +293: C:/Users/Atharva Patil/AppData/Local/Temp/gymlog-session-2-isolated-_7ofw15r/test/features/routines/domain/exercise_resolver_test.dart: muscleProfileFor a push day does not report leg muscles
00:54 +294: C:/Users/Atharva Patil/AppData/Local/Temp/gymlog-session-2-isolated-_7ofw15r/test/features/routines/domain/exercise_resolver_test.dart: muscleProfileFor secondary never duplicates a primary group
00:54 +295: C:/Users/Atharva Patil/AppData/Local/Temp/gymlog-session-2-isolated-_7ofw15r/test/features/routines/domain/exercise_resolver_test.dart: muscleProfileFor unresolvable slots are skipped, not fatal
00:54 +296: C:/Users/Atharva Patil/AppData/Local/Temp/gymlog-session-2-isolated-_7ofw15r/test/features/routines/domain/exercise_resolver_test.dart: muscleProfileFor an all-unresolvable day yields an empty profile
00:54 +297: C:/Users/Atharva Patil/AppData/Local/Temp/gymlog-session-2-isolated-_7ofw15r/test/features/routines/domain/exercise_resolver_test.dart: muscleProfileFor two different days produce different profiles
00:54 +298: C:/Users/Atharva Patil/AppData/Local/Temp/gymlog-session-2-isolated-_7ofw15r/test/features/routines/domain/exercise_resolver_test.dart: exerciseIdsFor returns ids in slot order and skips gaps
00:55 +299: C:/Users/Atharva Patil/AppData/Local/Temp/gymlog-session-2-isolated-_7ofw15r/test/features/routines/presentation/ai_routine_import_screen_test.dart: AiRoutineImportScreen renders segmented control and photo mode initially
00:56 +300: C:/Users/Atharva Patil/AppData/Local/Temp/gymlog-session-2-isolated-_7ofw15r/test/features/routines/presentation/ai_routine_review_screen_test.dart: AiRoutineReviewScreen renders reconciled exercises and badges
00:56 +301: C:/Users/Atharva Patil/AppData/Local/Temp/gymlog-session-2-isolated-_7ofw15r/test/features/routines/presentation/ai_routine_review_screen_test.dart: AiRoutineReviewScreen renders reconciled exercises and badges
00:56 +302: C:/Users/Atharva Patil/AppData/Local/Temp/gymlog-session-2-isolated-_7ofw15r/test/features/routines/presentation/ai_routine_review_screen_test.dart: AiRoutineReviewScreen renders reconciled exercises and badges
00:57 +303: C:/Users/Atharva Patil/AppData/Local/Temp/gymlog-session-2-isolated-_7ofw15r/test/features/routines/presentation/ai_routine_review_screen_test.dart: AiRoutineReviewScreen renders reconciled exercises and badges
00:57 +304: C:/Users/Atharva Patil/AppData/Local/Temp/gymlog-session-2-isolated-_7ofw15r/test/features/routines/presentation/ai_routine_review_screen_test.dart: AiRoutineReviewScreen renders reconciled exercises and badges
00:57 +305: C:/Users/Atharva Patil/AppData/Local/Temp/gymlog-session-2-isolated-_7ofw15r/test/features/routines/presentation/ai_routine_review_screen_test.dart: AiRoutineReviewScreen renders reconciled exercises and badges
00:57 +306: C:/Users/Atharva Patil/AppData/Local/Temp/gymlog-session-2-isolated-_7ofw15r/test/features/routines/presentation/ai_routine_review_screen_test.dart: AiRoutineReviewScreen renders reconciled exercises and badges
00:57 +307: C:/Users/Atharva Patil/AppData/Local/Temp/gymlog-session-2-isolated-_7ofw15r/test/features/routines/presentation/ai_routine_review_screen_test.dart: AiRoutineReviewScreen renders reconciled exercises and badges
00:57 +308: C:/Users/Atharva Patil/AppData/Local/Temp/gymlog-session-2-isolated-_7ofw15r/test/features/routines/presentation/ai_routine_review_screen_test.dart: AiRoutineReviewScreen renders reconciled exercises and badges
00:57 +309: C:/Users/Atharva Patil/AppData/Local/Temp/gymlog-session-2-isolated-_7ofw15r/test/features/routines/presentation/ai_routine_review_screen_test.dart: AiRoutineReviewScreen renders reconciled exercises and badges
00:57 +310: C:/Users/Atharva Patil/AppData/Local/Temp/gymlog-session-2-isolated-_7ofw15r/test/features/routines/presentation/ai_routine_review_screen_test.dart: AiRoutineReviewScreen renders reconciled exercises and badges
00:57 +311: C:/Users/Atharva Patil/AppData/Local/Temp/gymlog-session-2-isolated-_7ofw15r/test/features/routines/presentation/ai_routine_review_screen_test.dart: AiRoutineReviewScreen renders reconciled exercises and badges
00:57 +312: C:/Users/Atharva Patil/AppData/Local/Temp/gymlog-session-2-isolated-_7ofw15r/test/features/routines/presentation/ai_routine_review_screen_test.dart: AiRoutineReviewScreen renders reconciled exercises and badges
00:57 +313: C:/Users/Atharva Patil/AppData/Local/Temp/gymlog-session-2-isolated-_7ofw15r/test/features/routines/presentation/ai_routine_review_screen_test.dart: AiRoutineReviewScreen renders reconciled exercises and badges
00:57 +314: C:/Users/Atharva Patil/AppData/Local/Temp/gymlog-session-2-isolated-_7ofw15r/test/features/routines/presentation/ai_routine_review_screen_test.dart: AiRoutineReviewScreen stepper increments set count
00:57 +315: C:/Users/Atharva Patil/AppData/Local/Temp/gymlog-session-2-isolated-_7ofw15r/test/features/routines/presentation/ai_routine_review_screen_test.dart: AiRoutineReviewScreen stepper increments set count
00:57 +316: C:/Users/Atharva Patil/AppData/Local/Temp/gymlog-session-2-isolated-_7ofw15r/test/features/routines/presentation/ai_routine_review_screen_test.dart: AiRoutineReviewScreen stepper increments set count
00:57 +317: C:/Users/Atharva Patil/AppData/Local/Temp/gymlog-session-2-isolated-_7ofw15r/test/features/routines/presentation/ai_routine_review_screen_test.dart: AiRoutineReviewScreen stepper increments set count
00:57 +318: C:/Users/Atharva Patil/AppData/Local/Temp/gymlog-session-2-isolated-_7ofw15r/test/features/routines/presentation/ai_routine_review_screen_test.dart: AiRoutineReviewScreen stepper increments set count
00:57 +319: C:/Users/Atharva Patil/AppData/Local/Temp/gymlog-session-2-isolated-_7ofw15r/test/features/routines/presentation/ai_routine_review_screen_test.dart: AiRoutineReviewScreen stepper increments set count
00:57 +320: C:/Users/Atharva Patil/AppData/Local/Temp/gymlog-session-2-isolated-_7ofw15r/test/features/routines/presentation/ai_routine_review_screen_test.dart: AiRoutineReviewScreen stepper increments set count
00:57 +321: C:/Users/Atharva Patil/AppData/Local/Temp/gymlog-session-2-isolated-_7ofw15r/test/features/routines/presentation/ai_routine_review_screen_test.dart: AiRoutineReviewScreen stepper increments set count
00:57 +322: C:/Users/Atharva Patil/AppData/Local/Temp/gymlog-session-2-isolated-_7ofw15r/test/features/routines/presentation/ai_routine_review_screen_test.dart: AiRoutineReviewScreen stepper increments set count
00:57 +323: C:/Users/Atharva Patil/AppData/Local/Temp/gymlog-session-2-isolated-_7ofw15r/test/features/routines/presentation/ai_routine_review_screen_test.dart: AiRoutineReviewScreen stepper increments set count
00:57 +324: C:/Users/Atharva Patil/AppData/Local/Temp/gymlog-session-2-isolated-_7ofw15r/test/features/routines/presentation/ai_routine_review_screen_test.dart: AiRoutineReviewScreen stepper increments set count
00:57 +325: C:/Users/Atharva Patil/AppData/Local/Temp/gymlog-session-2-isolated-_7ofw15r/test/features/routines/presentation/ai_routine_review_screen_test.dart: AiRoutineReviewScreen stepper increments set count
00:57 +326: C:/Users/Atharva Patil/AppData/Local/Temp/gymlog-session-2-isolated-_7ofw15r/test/features/routines/presentation/ai_routine_review_screen_test.dart: AiRoutineReviewScreen stepper increments set count
00:57 +327: C:/Users/Atharva Patil/AppData/Local/Temp/gymlog-session-2-isolated-_7ofw15r/test/features/routines/presentation/ai_routine_review_screen_test.dart: AiRoutineReviewScreen stepper increments set count
00:57 +328: C:/Users/Atharva Patil/AppData/Local/Temp/gymlog-session-2-isolated-_7ofw15r/test/features/routines/presentation/ai_routine_review_screen_test.dart: AiRoutineReviewScreen stepper increments set count
00:57 +329: C:/Users/Atharva Patil/AppData/Local/Temp/gymlog-session-2-isolated-_7ofw15r/test/features/routines/presentation/ai_routine_review_screen_test.dart: AiRoutineReviewScreen stepper increments set count
00:57 +330: C:/Users/Atharva Patil/AppData/Local/Temp/gymlog-session-2-isolated-_7ofw15r/test/features/routines/presentation/ai_routine_review_screen_test.dart: AiRoutineReviewScreen stepper increments set count
00:57 +331: C:/Users/Atharva Patil/AppData/Local/Temp/gymlog-session-2-isolated-_7ofw15r/test/features/routines/presentation/ai_routine_review_screen_test.dart: AiRoutineReviewScreen stepper increments set count
00:57 +332: C:/Users/Atharva Patil/AppData/Local/Temp/gymlog-session-2-isolated-_7ofw15r/test/features/routines/presentation/ai_routine_review_screen_test.dart: AiRoutineReviewScreen stepper increments set count
00:57 +333: C:/Users/Atharva Patil/AppData/Local/Temp/gymlog-session-2-isolated-_7ofw15r/test/features/routines/presentation/ai_routine_review_screen_test.dart: AiRoutineReviewScreen stepper increments set count
00:57 +334: C:/Users/Atharva Patil/AppData/Local/Temp/gymlog-session-2-isolated-_7ofw15r/test/features/routines/presentation/ai_routine_review_screen_test.dart: AiRoutineReviewScreen stepper increments set count
00:59 +335: C:/Users/Atharva Patil/AppData/Local/Temp/gymlog-session-2-isolated-_7ofw15r/test/features/routines/presentation/providers/explore_filters_test.dart: equipment capability a full gym can perform everything
00:59 +336: C:/Users/Atharva Patil/AppData/Local/Temp/gymlog-session-2-isolated-_7ofw15r/test/features/routines/presentation/providers/explore_filters_test.dart: equipment capability dumbbells can also perform bodyweight
00:59 +337: C:/Users/Atharva Patil/AppData/Local/Temp/gymlog-session-2-isolated-_7ofw15r/test/features/routines/presentation/providers/explore_filters_test.dart: equipment capability bodyweight is the floor
00:59 +338: C:/Users/Atharva Patil/AppData/Local/Temp/gymlog-session-2-isolated-_7ofw15r/test/features/routines/presentation/providers/explore_filters_test.dart: equipment capability owning more equipment never shows less
00:59 +339: C:/Users/Atharva Patil/AppData/Local/Temp/gymlog-session-2-isolated-_7ofw15r/test/features/routines/presentation/providers/explore_filters_test.dart: applyExploreFilters no filters returns everything
00:59 +340: C:/Users/Atharva Patil/AppData/Local/Temp/gymlog-session-2-isolated-_7ofw15r/test/features/routines/presentation/providers/explore_filters_test.dart: applyExploreFilters an empty filter set is reported as empty
00:59 +341: C:/Users/Atharva Patil/AppData/Local/Temp/gymlog-session-2-isolated-_7ofw15r/test/features/routines/presentation/providers/explore_filters_test.dart: applyExploreFilters search finds routines by exercise name
00:59 +342: C:/Users/Atharva Patil/AppData/Local/Temp/gymlog-session-2-isolated-_7ofw15r/test/features/routines/presentation/providers/explore_filters_test.dart: applyExploreFilters a nonsense query returns nothing rather than everything
00:59 +343: C:/Users/Atharva Patil/AppData/Local/Temp/gymlog-session-2-isolated-_7ofw15r/test/features/routines/presentation/providers/explore_filters_test.dart: applyExploreFilters level filter keeps only matching routines
00:59 +344: C:/Users/Atharva Patil/AppData/Local/Temp/gymlog-session-2-isolated-_7ofw15r/test/features/routines/presentation/providers/explore_filters_test.dart: applyExploreFilters duration filter keeps only matching bands
00:59 +345: C:/Users/Atharva Patil/AppData/Local/Temp/gymlog-session-2-isolated-_7ofw15r/test/features/routines/presentation/providers/explore_filters_test.dart: applyExploreFilters filters compose
00:59 +346: C:/Users/Atharva Patil/AppData/Local/Temp/gymlog-session-2-isolated-_7ofw15r/test/features/routines/presentation/providers/explore_filters_test.dart: applyExploreFilters activeCount tracks how many constraints are on
00:59 +347: C:/Users/Atharva Patil/AppData/Local/Temp/gymlog-session-2-isolated-_7ofw15r/test/features/routines/presentation/providers/explore_filters_test.dart: applyExploreFilters clearing equipment removes the constraint
00:59 +348: C:/Users/Atharva Patil/AppData/Local/Temp/gymlog-session-2-isolated-_7ofw15r/test/features/routines/presentation/widgets/explore_preview_sheet_test.dart: RoutinePreviewSheet renders routine details, exercises, and muscle map
01:01 +349: C:/Users/Atharva Patil/AppData/Local/Temp/gymlog-session-2-isolated-_7ofw15r/test/features/routines/presentation/widgets/explore_preview_sheet_test.dart: RoutinePreviewSheet renders routine details, exercises, and muscle map
01:01 +350: C:/Users/Atharva Patil/AppData/Local/Temp/gymlog-session-2-isolated-_7ofw15r/test/features/routines/presentation/widgets/explore_preview_sheet_test.dart: RoutinePreviewSheet renders routine details, exercises, and muscle map
01:01 +351: C:/Users/Atharva Patil/AppData/Local/Temp/gymlog-session-2-isolated-_7ofw15r/test/features/routines/presentation/widgets/explore_preview_sheet_test.dart: RoutinePreviewSheet renders routine details, exercises, and muscle map
01:01 +352: C:/Users/Atharva Patil/AppData/Local/Temp/gymlog-session-2-isolated-_7ofw15r/test/features/routines/presentation/widgets/explore_preview_sheet_test.dart: RoutinePreviewSheet renders routine details, exercises, and muscle map
01:01 +353: C:/Users/Atharva Patil/AppData/Local/Temp/gymlog-session-2-isolated-_7ofw15r/test/features/routines/presentation/widgets/explore_preview_sheet_test.dart: RoutinePreviewSheet renders routine details, exercises, and muscle map
01:01 +354: C:/Users/Atharva Patil/AppData/Local/Temp/gymlog-session-2-isolated-_7ofw15r/test/features/routines/presentation/widgets/explore_preview_sheet_test.dart: RoutinePreviewSheet renders routine details, exercises, and muscle map
01:01 +355: C:/Users/Atharva Patil/AppData/Local/Temp/gymlog-session-2-isolated-_7ofw15r/test/features/routines/presentation/widgets/explore_preview_sheet_test.dart: RoutinePreviewSheet renders routine details, exercises, and muscle map
01:01 +356: C:/Users/Atharva Patil/AppData/Local/Temp/gymlog-session-2-isolated-_7ofw15r/test/features/routines/presentation/widgets/explore_preview_sheet_test.dart: RoutinePreviewSheet renders routine details, exercises, and muscle map
01:01 +357: C:/Users/Atharva Patil/AppData/Local/Temp/gymlog-session-2-isolated-_7ofw15r/test/features/routines/presentation/widgets/explore_preview_sheet_test.dart: RoutinePreviewSheet renders routine details, exercises, and muscle map
01:01 +358: C:/Users/Atharva Patil/AppData/Local/Temp/gymlog-session-2-isolated-_7ofw15r/test/features/routines/presentation/widgets/explore_preview_sheet_test.dart: RoutinePreviewSheet renders routine details, exercises, and muscle map
01:01 +359: C:/Users/Atharva Patil/AppData/Local/Temp/gymlog-session-2-isolated-_7ofw15r/test/features/routines/presentation/widgets/explore_preview_sheet_test.dart: RoutinePreviewSheet renders routine details, exercises, and muscle map
01:01 +360: C:/Users/Atharva Patil/AppData/Local/Temp/gymlog-session-2-isolated-_7ofw15r/test/features/routines/presentation/widgets/explore_preview_sheet_test.dart: RoutinePreviewSheet renders routine details, exercises, and muscle map
01:01 +361: C:/Users/Atharva Patil/AppData/Local/Temp/gymlog-session-2-isolated-_7ofw15r/test/features/routines/presentation/widgets/explore_preview_sheet_test.dart: RoutinePreviewSheet renders routine details, exercises, and muscle map
01:01 +362: C:/Users/Atharva Patil/AppData/Local/Temp/gymlog-session-2-isolated-_7ofw15r/test/features/routines/presentation/widgets/explore_preview_sheet_test.dart: RoutinePreviewSheet renders routine details, exercises, and muscle map
01:01 +363: C:/Users/Atharva Patil/AppData/Local/Temp/gymlog-session-2-isolated-_7ofw15r/test/features/routines/presentation/widgets/explore_preview_sheet_test.dart: RoutinePreviewSheet renders routine details, exercises, and muscle map
01:01 +364: C:/Users/Atharva Patil/AppData/Local/Temp/gymlog-session-2-isolated-_7ofw15r/test/features/routines/presentation/widgets/explore_preview_sheet_test.dart: RoutinePreviewSheet renders routine details, exercises, and muscle map
01:01 +365: C:/Users/Atharva Patil/AppData/Local/Temp/gymlog-session-2-isolated-_7ofw15r/test/features/routines/presentation/widgets/explore_preview_sheet_test.dart: RoutinePreviewSheet renders routine details, exercises, and muscle map
01:01 +366: C:/Users/Atharva Patil/AppData/Local/Temp/gymlog-session-2-isolated-_7ofw15r/test/features/routines/presentation/widgets/explore_preview_sheet_test.dart: RoutinePreviewSheet renders routine details, exercises, and muscle map
01:01 +367: C:/Users/Atharva Patil/AppData/Local/Temp/gymlog-session-2-isolated-_7ofw15r/test/features/routines/presentation/widgets/explore_preview_sheet_test.dart: RoutinePreviewSheet renders routine details, exercises, and muscle map
01:01 +368: C:/Users/Atharva Patil/AppData/Local/Temp/gymlog-session-2-isolated-_7ofw15r/test/features/routines/presentation/widgets/explore_preview_sheet_test.dart: RoutinePreviewSheet renders routine details, exercises, and muscle map
01:01 +369: C:/Users/Atharva Patil/AppData/Local/Temp/gymlog-session-2-isolated-_7ofw15r/test/features/routines/presentation/widgets/explore_preview_sheet_test.dart: RoutinePreviewSheet renders routine details, exercises, and muscle map
01:01 +370: C:/Users/Atharva Patil/AppData/Local/Temp/gymlog-session-2-isolated-_7ofw15r/test/features/routines/presentation/widgets/explore_preview_sheet_test.dart: RoutinePreviewSheet renders routine details, exercises, and muscle map
01:01 +371: C:/Users/Atharva Patil/AppData/Local/Temp/gymlog-session-2-isolated-_7ofw15r/test/features/routines/presentation/widgets/explore_preview_sheet_test.dart: RoutinePreviewSheet renders routine details, exercises, and muscle map
01:01 +372: C:/Users/Atharva Patil/AppData/Local/Temp/gymlog-session-2-isolated-_7ofw15r/test/features/routines/presentation/widgets/explore_preview_sheet_test.dart: RoutinePreviewSheet renders routine details, exercises, and muscle map
01:01 +373: C:/Users/Atharva Patil/AppData/Local/Temp/gymlog-session-2-isolated-_7ofw15r/test/features/routines/presentation/widgets/explore_preview_sheet_test.dart: RoutinePreviewSheet renders routine details, exercises, and muscle map
01:01 +374: C:/Users/Atharva Patil/AppData/Local/Temp/gymlog-session-2-isolated-_7ofw15r/test/features/routines/presentation/widgets/explore_preview_sheet_test.dart: RoutinePreviewSheet renders routine details, exercises, and muscle map
01:01 +375: C:/Users/Atharva Patil/AppData/Local/Temp/gymlog-session-2-isolated-_7ofw15r/test/features/routines/presentation/widgets/explore_preview_sheet_test.dart: RoutinePreviewSheet renders routine details, exercises, and muscle map
01:01 +376: C:/Users/Atharva Patil/AppData/Local/Temp/gymlog-session-2-isolated-_7ofw15r/test/features/routines/presentation/widgets/explore_preview_sheet_test.dart: RoutinePreviewSheet renders routine details, exercises, and muscle map
01:01 +377: C:/Users/Atharva Patil/AppData/Local/Temp/gymlog-session-2-isolated-_7ofw15r/test/features/routines/presentation/widgets/explore_preview_sheet_test.dart: RoutinePreviewSheet renders routine details, exercises, and muscle map
unhandled element <style/>; Picture key: Svg loader
01:01 +378: C:/Users/Atharva Patil/AppData/Local/Temp/gymlog-session-2-isolated-_7ofw15r/test/features/workout/active_workout_header_inset_test.dart: nav row starts within handle-strip height of the top
01:01 +379: C:/Users/Atharva Patil/AppData/Local/Temp/gymlog-session-2-isolated-_7ofw15r/test/features/workout/active_workout_header_inset_test.dart: nav row starts within handle-strip height of the top
01:01 +380: C:/Users/Atharva Patil/AppData/Local/Temp/gymlog-session-2-isolated-_7ofw15r/test/features/workout/active_workout_header_inset_test.dart: nav row starts within handle-strip height of the top
01:02 +381: C:/Users/Atharva Patil/AppData/Local/Temp/gymlog-session-2-isolated-_7ofw15r/test/features/workout/active_workout_header_inset_test.dart: pill clears the status-bar area
01:02 +382: C:/Users/Atharva Patil/AppData/Local/Temp/gymlog-session-2-isolated-_7ofw15r/test/features/workout/active_workout_header_inset_test.dart: grab handle strip meets minimum 48dp touch target
01:02 +383: C:/Users/Atharva Patil/AppData/Local/Temp/gymlog-session-2-isolated-_7ofw15r/test/features/workout/presentation/providers/hold_timer_provider_test.dart: HoldTimerNotifier Tests starts in countdown mode when targetSeconds > 0
01:02 +384: C:/Users/Atharva Patil/AppData/Local/Temp/gymlog-session-2-isolated-_7ofw15r/test/features/workout/presentation/providers/hold_timer_provider_test.dart: HoldTimerNotifier Tests starts in stopwatch mode when targetSeconds is null or 0
01:03 +385: C:/Users/Atharva Patil/AppData/Local/Temp/gymlog-session-2-isolated-_7ofw15r/test/features/workout/presentation/providers/hold_timer_provider_test.dart: HoldTimerNotifier Tests starts in prep phase when enablePrep is true
01:03 +386: C:/Users/Atharva Patil/AppData/Local/Temp/gymlog-session-2-isolated-_7ofw15r/test/features/workout/presentation/providers/hold_timer_provider_test.dart: HoldTimerNotifier Tests pause and resume adjusts totalPausedDuration
01:03 +387: C:/Users/Atharva Patil/AppData/Local/Temp/gymlog-session-2-isolated-_7ofw15r/test/features/workout/presentation/providers/hold_timer_provider_test.dart: HoldTimerNotifier Tests addSeconds adjusts target in countdown mode
01:03 +388: C:/Users/Atharva Patil/AppData/Local/Temp/gymlog-session-2-isolated-_7ofw15r/test/features/workout/presentation/providers/hold_timer_provider_test.dart: HoldTimerNotifier Tests cancel clears timer state
01:03 +389: C:/Users/Atharva Patil/AppData/Local/Temp/gymlog-session-2-isolated-_7ofw15r/test/features/workout/presentation/screens/active_workout_hold_timer_integration_test.dart: ExerciseBlock renders TIMER column and triggers HoldTimer
01:05 +390: C:/Users/Atharva Patil/AppData/Local/Temp/gymlog-session-2-isolated-_7ofw15r/test/features/workout/presentation/widgets/hold_timer_bar_test.dart: HoldTimerBar stays compact in a bottomNavigationBar
01:05 +391: C:/Users/Atharva Patil/AppData/Local/Temp/gymlog-session-2-isolated-_7ofw15r/test/features/workout/presentation/widgets/set_row_hold_timer_test.dart: SetRow Hold Timer Integration Tests renders play icon trigger and TextField for duration measurementType
01:06 +392: C:/Users/Atharva Patil/AppData/Local/Temp/gymlog-session-2-isolated-_7ofw15r/test/features/workout/presentation/widgets/set_row_hold_timer_test.dart: SetRow Hold Timer Integration Tests renders play icon trigger and TextField for duration measurementType
01:06 +393: C:/Users/Atharva Patil/AppData/Local/Temp/gymlog-session-2-isolated-_7ofw15r/test/features/workout/presentation/widgets/set_row_hold_timer_test.dart: SetRow Hold Timer Integration Tests renders play icon trigger and TextField for duration measurementType
01:06 +394: C:/Users/Atharva Patil/AppData/Local/Temp/gymlog-session-2-isolated-_7ofw15r/test/features/workout/pr_celebration_overlay_test.dart: PR celebration overlay Keep Going stays fully on-screen on a short viewport with large text and many PRs
01:06 +395: C:/Users/Atharva Patil/AppData/Local/Temp/gymlog-session-2-isolated-_7ofw15r/test/features/workout/pr_celebration_overlay_test.dart: PR celebration overlay Keep Going stays fully on-screen on a short viewport with large text and many PRs
01:06 +396: C:/Users/Atharva Patil/AppData/Local/Temp/gymlog-session-2-isolated-_7ofw15r/test/features/workout/pr_celebration_overlay_test.dart: PR celebration overlay Keep Going stays fully on-screen on a short viewport with large text and many PRs
01:06 +397: C:/Users/Atharva Patil/AppData/Local/Temp/gymlog-session-2-isolated-_7ofw15r/test/features/workout/pr_celebration_overlay_test.dart: PR celebration overlay Keep Going stays fully on-screen on a short viewport with large text and many PRs
01:06 +398: C:/Users/Atharva Patil/AppData/Local/Temp/gymlog-session-2-isolated-_7ofw15r/test/features/workout/pr_celebration_overlay_test.dart: PR celebration overlay Keep Going stays fully on-screen on a short viewport with large text and many PRs
01:06 +399: C:/Users/Atharva Patil/AppData/Local/Temp/gymlog-session-2-isolated-_7ofw15r/test/features/workout/pr_celebration_overlay_test.dart: PR celebration overlay Keep Going stays fully on-screen on a short viewport with large text and many PRs
01:06 +399: loading C:/Users/Atharva Patil/AppData/Local/Temp/gymlog-session-2-isolated-_7ofw15r/test/golden/active_workout_header_golden_test.dart
Warning: A tag was used that wasn't specified in dart_test.yaml.
  golden was used in the suite itself

01:07 +400: C:/Users/Atharva Patil/AppData/Local/Temp/gymlog-session-2-isolated-_7ofw15r/test/features/workout/pr_celebration_overlay_test.dart: PR celebration overlay Keep Going stays fully on-screen on a short viewport with large text and many PRs
01:07 +401: C:/Users/Atharva Patil/AppData/Local/Temp/gymlog-session-2-isolated-_7ofw15r/test/features/workout/pr_celebration_overlay_test.dart: PR celebration overlay Keep Going stays fully on-screen on a short viewport with large text and many PRs
01:07 +402: C:/Users/Atharva Patil/AppData/Local/Temp/gymlog-session-2-isolated-_7ofw15r/test/golden/active_workout_header_golden_test.dart: ActiveWorkoutHeader renders correctly per theme (normal layout) (variant: Windows)
01:07 +403: C:/Users/Atharva Patil/AppData/Local/Temp/gymlog-session-2-isolated-_7ofw15r/test/golden/active_workout_header_golden_test.dart: ActiveWorkoutHeader renders correctly per theme (normal layout) (variant: Windows)
01:07 +404: C:/Users/Atharva Patil/AppData/Local/Temp/gymlog-session-2-isolated-_7ofw15r/test/golden/active_workout_header_golden_test.dart: ActiveWorkoutHeader renders correctly per theme (normal layout) (variant: Windows)
01:07 +405: C:/Users/Atharva Patil/AppData/Local/Temp/gymlog-session-2-isolated-_7ofw15r/test/golden/active_workout_header_golden_test.dart: ActiveWorkoutHeader renders correctly per theme (normal layout) (variant: Windows)
01:07 +406: C:/Users/Atharva Patil/AppData/Local/Temp/gymlog-session-2-isolated-_7ofw15r/test/golden/active_workout_header_golden_test.dart: ActiveWorkoutHeader renders correctly per theme (normal layout) (variant: Windows)
01:08 +407: C:/Users/Atharva Patil/AppData/Local/Temp/gymlog-session-2-isolated-_7ofw15r/test/golden/auth_screen_golden_test.dart: AuthScreen Golden Tests 1. Dark Purple Palette 390x844
01:08 +407: loading C:/Users/Atharva Patil/AppData/Local/Temp/gymlog-session-2-isolated-_7ofw15r/test/golden/muscle_load_bar_golden_test.dart
Warning: A tag was used that wasn't specified in dart_test.yaml.
  golden was used in the suite itself

01:08 +408: C:/Users/Atharva Patil/AppData/Local/Temp/gymlog-session-2-isolated-_7ofw15r/test/golden/auth_screen_golden_test.dart: AuthScreen Golden Tests 1. Dark Purple Palette 390x844
01:09 +409: C:/Users/Atharva Patil/AppData/Local/Temp/gymlog-session-2-isolated-_7ofw15r/test/golden/muscle_load_bar_golden_test.dart: MuscleLoadBar renders in all six accent palettes (variant: Windows)
01:09 +410: C:/Users/Atharva Patil/AppData/Local/Temp/gymlog-session-2-isolated-_7ofw15r/test/golden/muscle_load_bar_golden_test.dart: MuscleLoadBar renders in all six accent palettes (variant: Windows)
01:09 +410: loading C:/Users/Atharva Patil/AppData/Local/Temp/gymlog-session-2-isolated-_7ofw15r/test/golden/muscle_map_golden_test.dart
Warning: A tag was used that wasn't specified in dart_test.yaml.
  golden was used in the suite itself

01:09 +411: C:/Users/Atharva Patil/AppData/Local/Temp/gymlog-session-2-isolated-_7ofw15r/test/golden/muscle_load_bar_golden_test.dart: MuscleLoadBar renders in all six accent palettes (variant: Windows)
01:09 +412: C:/Users/Atharva Patil/AppData/Local/Temp/gymlog-session-2-isolated-_7ofw15r/test/golden/muscle_load_bar_golden_test.dart: MuscleLoadBar renders in all six accent palettes (variant: Windows)
01:09 +413: C:/Users/Atharva Patil/AppData/Local/Temp/gymlog-session-2-isolated-_7ofw15r/test/golden/muscle_load_bar_golden_test.dart: MuscleLoadBar renders in all six accent palettes (variant: Windows)
01:09 +414: C:/Users/Atharva Patil/AppData/Local/Temp/gymlog-session-2-isolated-_7ofw15r/test/golden/muscle_load_bar_golden_test.dart: MuscleLoadBar renders in all six accent palettes (variant: Windows)
01:09 +415: C:/Users/Atharva Patil/AppData/Local/Temp/gymlog-session-2-isolated-_7ofw15r/test/golden/muscle_load_bar_golden_test.dart: MuscleLoadBar renders in all six accent palettes (variant: Windows)
01:10 +416: C:/Users/Atharva Patil/AppData/Local/Temp/gymlog-session-2-isolated-_7ofw15r/test/golden/muscle_load_bar_golden_test.dart: MuscleLoadBar renders in all six accent palettes (variant: Windows)
01:10 +417: C:/Users/Atharva Patil/AppData/Local/Temp/gymlog-session-2-isolated-_7ofw15r/test/golden/muscle_load_bar_golden_test.dart: MuscleLoadBar renders in all six accent palettes (variant: Windows)
01:10 +418: C:/Users/Atharva Patil/AppData/Local/Temp/gymlog-session-2-isolated-_7ofw15r/test/golden/muscle_load_bar_golden_test.dart: MuscleLoadBar renders in all six accent palettes (variant: Windows)
01:10 +419: C:/Users/Atharva Patil/AppData/Local/Temp/gymlog-session-2-isolated-_7ofw15r/test/golden/muscle_map_golden_test.dart: MuscleMap front-only male highlights Chest and Triceps (variant: Windows)
01:10 +420: C:/Users/Atharva Patil/AppData/Local/Temp/gymlog-session-2-isolated-_7ofw15r/test/golden/muscle_map_golden_test.dart: MuscleMap front-only male highlights Chest and Triceps (variant: Windows)
01:10 +421: C:/Users/Atharva Patil/AppData/Local/Temp/gymlog-session-2-isolated-_7ofw15r/test/golden/muscle_map_golden_test.dart: MuscleMap front-only male highlights Chest and Triceps (variant: Windows)
01:10 +422: C:/Users/Atharva Patil/AppData/Local/Temp/gymlog-session-2-isolated-_7ofw15r/test/golden/muscle_map_golden_test.dart: MuscleMap front-only male highlights Chest and Triceps (variant: Windows)
01:10 +423: C:/Users/Atharva Patil/AppData/Local/Temp/gymlog-session-2-isolated-_7ofw15r/test/golden/muscle_map_golden_test.dart: MuscleMap front-only male highlights Chest and Triceps (variant: Windows)
01:10 +424: C:/Users/Atharva Patil/AppData/Local/Temp/gymlog-session-2-isolated-_7ofw15r/test/golden/muscle_map_golden_test.dart: MuscleMap front-only male highlights Chest and Triceps (variant: Windows)
01:10 +425: C:/Users/Atharva Patil/AppData/Local/Temp/gymlog-session-2-isolated-_7ofw15r/test/golden/muscle_map_golden_test.dart: MuscleMap front-only male highlights Chest and Triceps (variant: Windows)
unhandled element <style/>; Picture key: Svg loader
01:10 +426: C:/Users/Atharva Patil/AppData/Local/Temp/gymlog-session-2-isolated-_7ofw15r/test/golden/muscle_map_golden_test.dart: MuscleMap front-only male highlights Chest and Triceps (variant: Windows)
01:11 +427: C:/Users/Atharva Patil/AppData/Local/Temp/gymlog-session-2-isolated-_7ofw15r/test/golden/auth_screen_golden_test.dart: AuthScreen Golden Tests 13. Offline Snackbar
[Auth] failure=network
01:11 +428: C:/Users/Atharva Patil/AppData/Local/Temp/gymlog-session-2-isolated-_7ofw15r/test/golden/muscle_map_golden_test.dart: MuscleMap front-only male highlights Chest and Triceps (variant: CI)
01:11 +428: C:/Users/Atharva Patil/AppData/Local/Temp/gymlog-session-2-isolated-_7ofw15r/test/golden/auth_screen_golden_test.dart: AuthScreen Golden Tests 14. Configuration-error Snackbar
[Auth] failure=configuration code=google_android_configuration
01:11 +429: C:/Users/Atharva Patil/AppData/Local/Temp/gymlog-session-2-isolated-_7ofw15r/test/golden/muscle_map_golden_test.dart: MuscleMap front-only male highlights Chest and Triceps (variant: CI)
01:11 +430: C:/Users/Atharva Patil/AppData/Local/Temp/gymlog-session-2-isolated-_7ofw15r/test/golden/muscle_map_golden_test.dart: MuscleMap front+back female highlights Back and Biceps (variant: Windows)
01:11 +430: loading C:/Users/Atharva Patil/AppData/Local/Temp/gymlog-session-2-isolated-_7ofw15r/test/golden/nav_bar_golden_test.dart
Warning: A tag was used that wasn't specified in dart_test.yaml.
  golden was used in the suite itself

01:12 +431: C:/Users/Atharva Patil/AppData/Local/Temp/gymlog-session-2-isolated-_7ofw15r/test/golden/nav_bar_golden_test.dart: BottomNavBar — all palettes, tab 0 selected, standard sizes (variant: Windows)
01:12 +432: C:/Users/Atharva Patil/AppData/Local/Temp/gymlog-session-2-isolated-_7ofw15r/test/golden/nav_bar_golden_test.dart: BottomNavBar — all palettes, tab 0 selected, standard sizes (variant: Windows)
01:12 +432: loading C:/Users/Atharva Patil/AppData/Local/Temp/gymlog-session-2-isolated-_7ofw15r/test/golden/onboarding_steps_golden_test.dart
Warning: A tag was used that wasn't specified in dart_test.yaml.
  golden was used in the suite itself

01:12 +433: C:/Users/Atharva Patil/AppData/Local/Temp/gymlog-session-2-isolated-_7ofw15r/test/golden/nav_bar_golden_test.dart: BottomNavBar — all palettes, tab 0 selected, standard sizes (variant: Windows)
01:12 +434: C:/Users/Atharva Patil/AppData/Local/Temp/gymlog-session-2-isolated-_7ofw15r/test/golden/nav_bar_golden_test.dart: BottomNavBar — all palettes, tab 0 selected, standard sizes (variant: Windows)
01:12 +434: loading C:/Users/Atharva Patil/AppData/Local/Temp/gymlog-session-2-isolated-_7ofw15r/test/golden/pr_celebration_golden_test.dart
Warning: A tag was used that wasn't specified in dart_test.yaml.
  golden was used in the suite itself

01:13 +435: C:/Users/Atharva Patil/AppData/Local/Temp/gymlog-session-2-isolated-_7ofw15r/test/golden/onboarding_steps_golden_test.dart: StepAge renders per theme (variant: Windows)
01:14 +436: C:/Users/Atharva Patil/AppData/Local/Temp/gymlog-session-2-isolated-_7ofw15r/test/golden/onboarding_steps_golden_test.dart: StepAge renders per theme (variant: Windows)
01:14 +437: C:/Users/Atharva Patil/AppData/Local/Temp/gymlog-session-2-isolated-_7ofw15r/test/golden/pr_celebration_golden_test.dart: PrCelebrationCard renders per theme (variant: Windows)
01:14 +437: loading C:/Users/Atharva Patil/AppData/Local/Temp/gymlog-session-2-isolated-_7ofw15r/test/golden/segmented_control_golden_test.dart
Warning: A tag was used that wasn't specified in dart_test.yaml.
  golden was used in the suite itself

01:14 +438: C:/Users/Atharva Patil/AppData/Local/Temp/gymlog-session-2-isolated-_7ofw15r/test/golden/pr_celebration_golden_test.dart: PrCelebrationCard renders per theme (variant: Windows)
01:14 +439: C:/Users/Atharva Patil/AppData/Local/Temp/gymlog-session-2-isolated-_7ofw15r/test/golden/pr_celebration_golden_test.dart: PrCelebrationCard renders per theme (variant: Windows)
01:14 +440: C:/Users/Atharva Patil/AppData/Local/Temp/gymlog-session-2-isolated-_7ofw15r/test/golden/pr_celebration_golden_test.dart: PrCelebrationCard renders per theme (variant: Windows)
01:14 +441: C:/Users/Atharva Patil/AppData/Local/Temp/gymlog-session-2-isolated-_7ofw15r/test/golden/segmented_control_golden_test.dart: SegmentedControl renders correctly per theme (variant: Windows)
01:15 +442: C:/Users/Atharva Patil/AppData/Local/Temp/gymlog-session-2-isolated-_7ofw15r/test/golden/segmented_control_golden_test.dart: SegmentedControl renders correctly per theme (variant: Windows)
01:15 +443: C:/Users/Atharva Patil/AppData/Local/Temp/gymlog-session-2-isolated-_7ofw15r/test/golden/segmented_control_golden_test.dart: SegmentedControl renders correctly per theme (variant: Windows)
01:15 +444: C:/Users/Atharva Patil/AppData/Local/Temp/gymlog-session-2-isolated-_7ofw15r/test/golden/segmented_control_golden_test.dart: SegmentedControl renders correctly per theme (variant: Windows)
01:15 +445: C:/Users/Atharva Patil/AppData/Local/Temp/gymlog-session-2-isolated-_7ofw15r/test/golden/segmented_control_golden_test.dart: SegmentedControl renders correctly per theme (variant: Windows)
01:15 +446: C:/Users/Atharva Patil/AppData/Local/Temp/gymlog-session-2-isolated-_7ofw15r/test/golden/segmented_control_golden_test.dart: SegmentedControl renders correctly per theme (variant: Windows)
01:15 +447: C:/Users/Atharva Patil/AppData/Local/Temp/gymlog-session-2-isolated-_7ofw15r/test/golden/segmented_control_golden_test.dart: SegmentedControl renders correctly per theme (variant: Windows)
01:15 +448: C:/Users/Atharva Patil/AppData/Local/Temp/gymlog-session-2-isolated-_7ofw15r/test/golden/pr_celebration_golden_test.dart: PrCelebrationCard fits a short viewport with a bottom inset (3-button nav edge-to-edge) — Keep Going must stay on-screen (variant: Windows)
01:16 +449: C:/Users/Atharva Patil/AppData/Local/Temp/gymlog-session-2-isolated-_7ofw15r/test/golden/nav_bar_golden_test.dart: BottomNavBar — small viewport 320x568 (variant: CI)
01:16 +450: C:/Users/Atharva Patil/AppData/Local/Temp/gymlog-session-2-isolated-_7ofw15r/test/golden/onboarding_steps_golden_test.dart: StepWeeklyGoal renders per theme (variant: Windows)
01:16 +451: C:/Users/Atharva Patil/AppData/Local/Temp/gymlog-session-2-isolated-_7ofw15r/test/golden/onboarding_steps_golden_test.dart: StepWeeklyGoal renders per theme (variant: Windows)
01:16 +452: C:/Users/Atharva Patil/AppData/Local/Temp/gymlog-session-2-isolated-_7ofw15r/test/golden/onboarding_steps_golden_test.dart: StepWeeklyGoal renders per theme (variant: Windows)
01:16 +453: C:/Users/Atharva Patil/AppData/Local/Temp/gymlog-session-2-isolated-_7ofw15r/test/golden/onboarding_steps_golden_test.dart: StepWeeklyGoal renders per theme (variant: Windows)
01:16 +454: C:/Users/Atharva Patil/AppData/Local/Temp/gymlog-session-2-isolated-_7ofw15r/test/golden/nav_bar_golden_test.dart: BottomNavBar — tablet 600x1024 (variant: CI)
01:16 +455: C:/Users/Atharva Patil/AppData/Local/Temp/gymlog-session-2-isolated-_7ofw15r/test/golden/onboarding_steps_golden_test.dart: StepWeeklyGoal renders per theme (variant: CI)
01:17 +456: C:/Users/Atharva Patil/AppData/Local/Temp/gymlog-session-2-isolated-_7ofw15r/test/golden/nav_bar_golden_test.dart: BottomNavBar — landscape 800x360 (variant: Windows)
01:17 +457: C:/Users/Atharva Patil/AppData/Local/Temp/gymlog-session-2-isolated-_7ofw15r/test/golden/nav_bar_golden_test.dart: BottomNavBar — landscape 800x360 (variant: CI)
01:17 +458: C:/Users/Atharva Patil/AppData/Local/Temp/gymlog-session-2-isolated-_7ofw15r/test/golden/nav_bar_golden_test.dart: BottomNavBar — reduced motion indicator animates instantly when animations disabled
01:17 +459: C:/Users/Atharva Patil/AppData/Local/Temp/gymlog-session-2-isolated-_7ofw15r/test/golden/nav_bar_golden_test.dart: BottomNavBar — semantics tabs expose semantics tree
01:17 +460: C:/Users/Atharva Patil/AppData/Local/Temp/gymlog-session-2-isolated-_7ofw15r/test/golden/nav_bar_golden_test.dart: BottomNavBar — geometry and layout nav bar has 72px height
01:17 +460: loading C:/Users/Atharva Patil/AppData/Local/Temp/gymlog-session-2-isolated-_7ofw15r/test/golden/share_cards_golden_test.dart
Warning: A tag was used that wasn't specified in dart_test.yaml.
  golden was used in the suite itself

01:17 +461: C:/Users/Atharva Patil/AppData/Local/Temp/gymlog-session-2-isolated-_7ofw15r/test/golden/share_cards_golden_test.dart: DELT Share Card - Monument Variant across all themes (variant: Windows)
01:18 +462: C:/Users/Atharva Patil/AppData/Local/Temp/gymlog-session-2-isolated-_7ofw15r/test/golden/share_cards_golden_test.dart: DELT Share Card - Monument Variant across all themes (variant: Windows)
01:18 +463: C:/Users/Atharva Patil/AppData/Local/Temp/gymlog-session-2-isolated-_7ofw15r/test/golden/share_cards_golden_test.dart: DELT Share Card - Monument Variant across all themes (variant: Windows)
01:18 +464: C:/Users/Atharva Patil/AppData/Local/Temp/gymlog-session-2-isolated-_7ofw15r/test/golden/share_cards_golden_test.dart: DELT Share Card - Monument Variant across all themes (variant: Windows)
01:18 +465: C:/Users/Atharva Patil/AppData/Local/Temp/gymlog-session-2-isolated-_7ofw15r/test/golden/share_cards_golden_test.dart: DELT Share Card - Monument Variant across all themes (variant: Windows)
01:18 +466: C:/Users/Atharva Patil/AppData/Local/Temp/gymlog-session-2-isolated-_7ofw15r/test/golden/share_cards_golden_test.dart: DELT Share Card - Monument Variant across all themes (variant: Windows)
01:18 +467: C:/Users/Atharva Patil/AppData/Local/Temp/gymlog-session-2-isolated-_7ofw15r/test/golden/share_cards_golden_test.dart: DELT Share Card - Monument Variant across all themes (variant: Windows)
01:18 +468: C:/Users/Atharva Patil/AppData/Local/Temp/gymlog-session-2-isolated-_7ofw15r/test/golden/share_cards_golden_test.dart: DELT Share Card - Monument Variant across all themes (variant: Windows)
01:18 +469: C:/Users/Atharva Patil/AppData/Local/Temp/gymlog-session-2-isolated-_7ofw15r/test/golden/share_cards_golden_test.dart: DELT Share Card - Monument Variant across all themes (variant: Windows)
01:18 +470: C:/Users/Atharva Patil/AppData/Local/Temp/gymlog-session-2-isolated-_7ofw15r/test/golden/share_cards_golden_test.dart: DELT Share Card - Monument Variant across all themes (variant: Windows)
01:18 +471: C:/Users/Atharva Patil/AppData/Local/Temp/gymlog-session-2-isolated-_7ofw15r/test/golden/share_cards_golden_test.dart: DELT Share Card - Monument Variant across all themes (variant: Windows)
01:18 +472: C:/Users/Atharva Patil/AppData/Local/Temp/gymlog-session-2-isolated-_7ofw15r/test/golden/share_cards_golden_test.dart: DELT Share Card - Monument Variant across all themes (variant: Windows)
01:18 +473: C:/Users/Atharva Patil/AppData/Local/Temp/gymlog-session-2-isolated-_7ofw15r/test/golden/share_cards_golden_test.dart: DELT Share Card - Monument Variant across all themes (variant: Windows)
01:18 +474: C:/Users/Atharva Patil/AppData/Local/Temp/gymlog-session-2-isolated-_7ofw15r/test/golden/share_cards_golden_test.dart: DELT Share Card - Monument Variant across all themes (variant: Windows)
01:18 +475: C:/Users/Atharva Patil/AppData/Local/Temp/gymlog-session-2-isolated-_7ofw15r/test/golden/share_cards_golden_test.dart: DELT Share Card - Monument Variant across all themes (variant: Windows)
01:18 +476: C:/Users/Atharva Patil/AppData/Local/Temp/gymlog-session-2-isolated-_7ofw15r/test/golden/share_cards_golden_test.dart: DELT Share Card - Monument Variant across all themes (variant: Windows)
01:19 +477: C:/Users/Atharva Patil/AppData/Local/Temp/gymlog-session-2-isolated-_7ofw15r/test/golden/share_cards_golden_test.dart: DELT Share Card - Monument Variant across all themes (variant: Windows)
01:19 +478: C:/Users/Atharva Patil/AppData/Local/Temp/gymlog-session-2-isolated-_7ofw15r/test/golden/share_cards_golden_test.dart: DELT Share Card - Monument Variant across all themes (variant: Windows)
01:19 +479: C:/Users/Atharva Patil/AppData/Local/Temp/gymlog-session-2-isolated-_7ofw15r/test/golden/share_cards_golden_test.dart: DELT Share Card - Monument Variant across all themes (variant: Windows)
01:19 +480: C:/Users/Atharva Patil/AppData/Local/Temp/gymlog-session-2-isolated-_7ofw15r/test/golden/share_cards_golden_test.dart: DELT Share Card - Monument Variant across all themes (variant: Windows)
01:19 +481: C:/Users/Atharva Patil/AppData/Local/Temp/gymlog-session-2-isolated-_7ofw15r/test/golden/share_cards_golden_test.dart: DELT Share Card - Monument Variant across all themes (variant: Windows)
01:19 +482: C:/Users/Atharva Patil/AppData/Local/Temp/gymlog-session-2-isolated-_7ofw15r/test/golden/share_cards_golden_test.dart: DELT Share Card - Monument Variant across all themes (variant: CI)
01:19 +483: C:/Users/Atharva Patil/AppData/Local/Temp/gymlog-session-2-isolated-_7ofw15r/test/golden/share_cards_golden_test.dart: DELT Share Card - Technical Variant (variant: Windows)
01:19 +484: C:/Users/Atharva Patil/AppData/Local/Temp/gymlog-session-2-isolated-_7ofw15r/test/golden/share_cards_golden_test.dart: DELT Share Card - Technical Variant (variant: Windows)
01:19 +485: C:/Users/Atharva Patil/AppData/Local/Temp/gymlog-session-2-isolated-_7ofw15r/test/golden/share_cards_golden_test.dart: DELT Share Card - Technical Variant (variant: Windows)
01:19 +486: C:/Users/Atharva Patil/AppData/Local/Temp/gymlog-session-2-isolated-_7ofw15r/test/golden/share_cards_golden_test.dart: DELT Share Card - Technical Variant (variant: Windows)
01:19 +487: C:/Users/Atharva Patil/AppData/Local/Temp/gymlog-session-2-isolated-_7ofw15r/test/golden/share_cards_golden_test.dart: DELT Share Card - Technical Variant (variant: Windows)
01:19 +488: C:/Users/Atharva Patil/AppData/Local/Temp/gymlog-session-2-isolated-_7ofw15r/test/golden/share_cards_golden_test.dart: DELT Share Card - Technical Variant (variant: Windows)
01:19 +489: C:/Users/Atharva Patil/AppData/Local/Temp/gymlog-session-2-isolated-_7ofw15r/test/golden/share_cards_golden_test.dart: DELT Share Card - Technical Variant (variant: Windows)
01:19 +490: C:/Users/Atharva Patil/AppData/Local/Temp/gymlog-session-2-isolated-_7ofw15r/test/golden/share_cards_golden_test.dart: DELT Share Card - Technical Variant (variant: Windows)
01:19 +491: C:/Users/Atharva Patil/AppData/Local/Temp/gymlog-session-2-isolated-_7ofw15r/test/golden/share_cards_golden_test.dart: DELT Share Card - Technical Variant (variant: Windows)
01:19 +492: C:/Users/Atharva Patil/AppData/Local/Temp/gymlog-session-2-isolated-_7ofw15r/test/golden/share_cards_golden_test.dart: DELT Share Card - Technical Variant (variant: Windows)
01:19 +493: C:/Users/Atharva Patil/AppData/Local/Temp/gymlog-session-2-isolated-_7ofw15r/test/golden/share_cards_golden_test.dart: DELT Share Card - Technical Variant (variant: Windows)
01:19 +494: C:/Users/Atharva Patil/AppData/Local/Temp/gymlog-session-2-isolated-_7ofw15r/test/golden/share_cards_golden_test.dart: DELT Share Card - Technical Variant (variant: CI)
01:20 +495: C:/Users/Atharva Patil/AppData/Local/Temp/gymlog-session-2-isolated-_7ofw15r/test/golden/share_cards_golden_test.dart: DELT Share Card - Sticker Variant (Alpha Background) (variant: Windows)
01:20 +496: C:/Users/Atharva Patil/AppData/Local/Temp/gymlog-session-2-isolated-_7ofw15r/test/golden/share_cards_golden_test.dart: DELT Share Card - Sticker Variant (Alpha Background) (variant: CI)
01:20 +497: C:/Users/Atharva Patil/AppData/Local/Temp/gymlog-session-2-isolated-_7ofw15r/test/import/exercise_matcher_test.dart: exact match (case-insensitive)
01:20 +498: C:/Users/Atharva Patil/AppData/Local/Temp/gymlog-session-2-isolated-_7ofw15r/test/import/exercise_matcher_test.dart: word-order independent: parenthetical ↔ prefixed equipment
01:20 +499: C:/Users/Atharva Patil/AppData/Local/Temp/gymlog-session-2-isolated-_7ofw15r/test/import/exercise_matcher_test.dart: equipment is preserved (no cross-equipment link)
01:20 +500: C:/Users/Atharva Patil/AppData/Local/Temp/gymlog-session-2-isolated-_7ofw15r/test/import/exercise_matcher_test.dart: equipment-less import name links to the single movement match
01:20 +501: C:/Users/Atharva Patil/AppData/Local/Temp/gymlog-session-2-isolated-_7ofw15r/test/import/exercise_matcher_test.dart: returns null when the movement is unknown
01:20 +502: C:/Users/Atharva Patil/AppData/Local/Temp/gymlog-session-2-isolated-_7ofw15r/test/import/exercise_matcher_test.dart: movementKey strips equipment and ignores word order
01:20 +503: C:/Users/Atharva Patil/AppData/Local/Temp/gymlog-session-2-isolated-_7ofw15r/test/import/exercise_matcher_test.dart: equipFromName reads parenthetical or prefixed equipment
01:20 +504: C:/Users/Atharva Patil/AppData/Local/Temp/gymlog-session-2-isolated-_7ofw15r/test/import/export_roundtrip_test.dart: (setUpAll)
01:20 +504: C:/Users/Atharva Patil/AppData/Local/Temp/gymlog-session-2-isolated-_7ofw15r/test/import/export_roundtrip_test.dart: ATOMIC-06: Lossless GymLog v2 Import/Export Round-Trip Round-trip invariant: decode(encode(workout)) preserves full history
WARNING (drift): It looks like you've created the database class AppDatabase multiple times. When these two databases use the same QueryExecutor, race conditions will occur and might corrupt the database. 
Try to follow the advice at https://drift.simonbinder.eu/faq/#using-the-database or, if you know what you're doing, set driftRuntimeOptions.dontWarnAboutMultipleDatabases = true
Here is the stacktrace from when the database was opened a second time:
#0      GeneratedDatabase._handleInstantiated (package:drift/src/runtime/api/db_base.dart:96:30)
#1      GeneratedDatabase._whenConstructed (package:drift/src/runtime/api/db_base.dart:73:12)
#2      new GeneratedDatabase (package:drift/src/runtime/api/db_base.dart:64:5)
#3      new _$AppDatabase (package:gymlog/core/database/database.g.dart:4170:36)
#4      new AppDatabase.forTesting (package:gymlog/core/database/database.dart)
#5      main.<anonymous closure>.<anonymous closure> (file:///C:/Users/Atharva%20Patil/AppData/Local/Temp/gymlog-session-2-isolated-_7ofw15r/test/import/export_roundtrip_test.dart:199:31)
<asynchronous suspension>
#6      Declarer.test.<anonymous closure>.<anonymous closure> (package:test_api/src/backend/declarer.dart:253:15)
<asynchronous suspension>
#7      Declarer.test.<anonymous closure> (package:test_api/src/backend/declarer.dart:250:11)
<asynchronous suspension>
#8      Invoker._waitForOutstandingCallbacks.<anonymous closure> (package:test_api/src/backend/invoker.dart:318:9)
<asynchronous suspension>
This warning will only appear on debug builds.
01:21 +505: C:/Users/Atharva Patil/AppData/Local/Temp/gymlog-session-2-isolated-_7ofw15r/test/import/export_roundtrip_test.dart: ATOMIC-06: Lossless GymLog v2 Import/Export Round-Trip v1 GymLog CSV remains readable
01:21 +506: C:/Users/Atharva Patil/AppData/Local/Temp/gymlog-session-2-isolated-_7ofw15r/test/import/export_roundtrip_test.dart: ATOMIC-06: Lossless GymLog v2 Import/Export Round-Trip unsupported future version throws explicit ImportException
01:21 +507: C:/Users/Atharva Patil/AppData/Local/Temp/gymlog-session-2-isolated-_7ofw15r/test/import/export_roundtrip_test.dart: ATOMIC-06: Lossless GymLog v2 Import/Export Round-Trip missing required v2 columns throws explicit ImportException
01:21 +508: C:/Users/Atharva Patil/AppData/Local/Temp/gymlog-session-2-isolated-_7ofw15r/test/import/export_roundtrip_test.dart: (tearDownAll)
01:21 +508: C:/Users/Atharva Patil/AppData/Local/Temp/gymlog-session-2-isolated-_7ofw15r/test/import/import_cluster_regression_test.dart: (setUpAll)
01:21 +508: C:/Users/Atharva Patil/AppData/Local/Temp/gymlog-session-2-isolated-_7ofw15r/test/import/import_cluster_regression_test.dart: CP-A: GymLog v2 rows are metric-validated (no silent garbage) a weight_and_reps row missing weight warns and skips
01:21 +509: C:/Users/Atharva Patil/AppData/Local/Temp/gymlog-session-2-isolated-_7ofw15r/test/import/import_cluster_regression_test.dart: CP-A: GymLog v2 rows are metric-validated (no silent garbage) a reps_only row missing reps warns and skips
01:21 +510: C:/Users/Atharva Patil/AppData/Local/Temp/gymlog-session-2-isolated-_7ofw15r/test/import/import_cluster_regression_test.dart: CP-B: UTC export dates come back as local wall-clock UTC-suffixed startedAt is converted to local on parse
01:21 +511: C:/Users/Atharva Patil/AppData/Local/Temp/gymlog-session-2-isolated-_7ofw15r/test/import/import_cluster_regression_test.dart: CP-C: case-insensitive session grouping same workout name in different case collapses to one session
01:21 +512: C:/Users/Atharva Patil/AppData/Local/Temp/gymlog-session-2-isolated-_7ofw15r/test/import/import_cluster_regression_test.dart: IM-A: kg is the default assumed unit parser defaults a unitless Strong file to kg
01:21 +513: C:/Users/Atharva Patil/AppData/Local/Temp/gymlog-session-2-isolated-_7ofw15r/test/import/import_cluster_regression_test.dart: IM-B: progress counts only importable sessions a duplicate does not move the progress counter
01:21 +514: C:/Users/Atharva Patil/AppData/Local/Temp/gymlog-session-2-isolated-_7ofw15r/test/import/import_cluster_regression_test.dart: IM-B: progress counts only importable sessions two fresh sessions report 2 of 2
01:21 +515: C:/Users/Atharva Patil/AppData/Local/Temp/gymlog-session-2-isolated-_7ofw15r/test/import/import_cluster_regression_test.dart: IM-C: cancel mid-import returns partial result isCancelled after the first session stops the rest
01:22 +516: C:/Users/Atharva Patil/AppData/Local/Temp/gymlog-session-2-isolated-_7ofw15r/test/import/import_cluster_regression_test.dart: IM-H: custom exercises roll back with a failing session a failed session transaction leaves no orphan custom exercise
01:22 +517: C:/Users/Atharva Patil/AppData/Local/Temp/gymlog-session-2-isolated-_7ofw15r/test/import/import_cluster_regression_test.dart: IM-I: honest partial-import reporting first session commits, second fails, partial result kept
01:22 +518: C:/Users/Atharva Patil/AppData/Local/Temp/gymlog-session-2-isolated-_7ofw15r/test/import/import_cluster_regression_test.dart: IM-2: template CSV round-trips template parses as GymLog v2 with one weight_and_reps set
01:22 +519: C:/Users/Atharva Patil/AppData/Local/Temp/gymlog-session-2-isolated-_7ofw15r/test/import/import_cluster_regression_test.dart: (tearDownAll)
01:22 +519: C:/Users/Atharva Patil/AppData/Local/Temp/gymlog-session-2-isolated-_7ofw15r/test/import/import_screen_polish_test.dart: _Banner renders with AppRadius.cardAll and semantic label
01:23 +520: C:/Users/Atharva Patil/AppData/Local/Temp/gymlog-session-2-isolated-_7ofw15r/test/import/import_screen_polish_test.dart: _Banner renders with AppRadius.cardAll and semantic label
01:23 +521: C:/Users/Atharva Patil/AppData/Local/Temp/gymlog-session-2-isolated-_7ofw15r/test/import/import_screen_polish_test.dart: _Banner renders with AppRadius.cardAll and semantic label
01:23 +522: C:/Users/Atharva Patil/AppData/Local/Temp/gymlog-session-2-isolated-_7ofw15r/test/import/import_screen_polish_test.dart: _Banner renders with AppRadius.cardAll and semantic label
01:23 +523: C:/Users/Atharva Patil/AppData/Local/Temp/gymlog-session-2-isolated-_7ofw15r/test/import/import_screen_polish_test.dart: _Banner renders with AppRadius.cardAll and semantic label
01:23 +524: C:/Users/Atharva Patil/AppData/Local/Temp/gymlog-session-2-isolated-_7ofw15r/test/import/import_screen_polish_test.dart: _Banner renders with AppRadius.cardAll and semantic label
01:23 +525: C:/Users/Atharva Patil/AppData/Local/Temp/gymlog-session-2-isolated-_7ofw15r/test/import/import_screen_polish_test.dart: _Banner renders with AppRadius.cardAll and semantic label
01:23 +526: C:/Users/Atharva Patil/AppData/Local/Temp/gymlog-session-2-isolated-_7ofw15r/test/import/import_screen_polish_test.dart: _Banner renders with AppRadius.cardAll and semantic label
01:23 +527: C:/Users/Atharva Patil/AppData/Local/Temp/gymlog-session-2-isolated-_7ofw15r/test/import/import_service_test.dart: re-importing the same file is idempotent
01:23 +528: C:/Users/Atharva Patil/AppData/Local/Temp/gymlog-session-2-isolated-_7ofw15r/test/import/import_service_test.dart: re-importing the same file is idempotent
01:23 +529: C:/Users/Atharva Patil/AppData/Local/Temp/gymlog-session-2-isolated-_7ofw15r/test/import/import_screen_polish_test.dart: _UnitChooser renders with custom height, color tokens, and semantics
01:23 +530: C:/Users/Atharva Patil/AppData/Local/Temp/gymlog-session-2-isolated-_7ofw15r/test/import/import_screen_polish_test.dart: _UnitChooser renders with custom height, color tokens, and semantics
01:23 +531: C:/Users/Atharva Patil/AppData/Local/Temp/gymlog-session-2-isolated-_7ofw15r/test/import/workout_csv_parser_test.dart: Hevy parses sessions, sets, and kg volume from a real export
01:23 +532: C:/Users/Atharva Patil/AppData/Local/Temp/gymlog-session-2-isolated-_7ofw15r/test/import/workout_csv_parser_test.dart: Hevy respects the explicit set_type column (no warmups here)
01:23 +533: C:/Users/Atharva Patil/AppData/Local/Temp/gymlog-session-2-isolated-_7ofw15r/test/import/workout_csv_parser_test.dart: Hevy orders sets 0-based and contiguous within each exercise
01:23 +534: C:/Users/Atharva Patil/AppData/Local/Temp/gymlog-session-2-isolated-_7ofw15r/test/import/workout_csv_parser_test.dart: Hevy reads weight_lbs header variant and converts to kg
01:23 +535: C:/Users/Atharva Patil/AppData/Local/Temp/gymlog-session-2-isolated-_7ofw15r/test/import/workout_csv_parser_test.dart: Strong parses semicolon export and converts lbs → kg
01:23 +536: C:/Users/Atharva Patil/AppData/Local/Temp/gymlog-session-2-isolated-_7ofw15r/test/import/workout_csv_parser_test.dart: Strong infers warmups from the Notes column
01:23 +537: C:/Users/Atharva Patil/AppData/Local/Temp/gymlog-session-2-isolated-_7ofw15r/test/import/workout_csv_parser_test.dart: Strong derives session end time from Workout Duration
01:23 +538: C:/Users/Atharva Patil/AppData/Local/Temp/gymlog-session-2-isolated-_7ofw15r/test/import/workout_csv_parser_test.dart: Strong flags an assumed unit when Weight Unit column is missing
01:23 +539: C:/Users/Atharva Patil/AppData/Local/Temp/gymlog-session-2-isolated-_7ofw15r/test/import/workout_csv_parser_test.dart: cross-check Hevy and Strong files describe the same training volume
01:23 +540: C:/Users/Atharva Patil/AppData/Local/Temp/gymlog-session-2-isolated-_7ofw15r/test/import/workout_csv_parser_test.dart: errors throws on an unrecognised header
01:23 +541: C:/Users/Atharva Patil/AppData/Local/Temp/gymlog-session-2-isolated-_7ofw15r/test/import/workout_csv_parser_test.dart: errors throws on an empty file
01:24 +542: C:/Users/Atharva Patil/AppData/Local/Temp/gymlog-session-2-isolated-_7ofw15r/test/legal_consistency_test.dart: Legal URLs are valid and secure HTTPS links
01:25 +543: C:/Users/Atharva Patil/AppData/Local/Temp/gymlog-session-2-isolated-_7ofw15r/test/muscle_load_bar_accent_test.dart: legend dots equal the higgsfield (Volt, app default) ramp
01:25 +544: C:/Users/Atharva Patil/AppData/Local/Temp/gymlog-session-2-isolated-_7ofw15r/test/muscle_load_bar_accent_test.dart: legend dots equal the higgsfield (Volt, app default) ramp
01:25 +545: C:/Users/Atharva Patil/AppData/Local/Temp/gymlog-session-2-isolated-_7ofw15r/test/muscle_load_bar_accent_test.dart: legend dots equal the neonPurple ramp
01:26 +546: C:/Users/Atharva Patil/AppData/Local/Temp/gymlog-session-2-isolated-_7ofw15r/test/muscle_load_bar_accent_test.dart: no legend dot uses the legacy static purple literal
01:26 +547: C:/Users/Atharva Patil/AppData/Local/Temp/gymlog-session-2-isolated-_7ofw15r/test/no_equipment_logging_certification_test.dart: ATOMIC-RC3-06 No-Equipment Logging End-to-End Certification Logs push-up and pull-up exercises without weight and exports cleanly
01:26 +548: C:/Users/Atharva Patil/AppData/Local/Temp/gymlog-session-2-isolated-_7ofw15r/test/no_equipment_logging_certification_test.dart: ATOMIC-RC3-06 No-Equipment Logging End-to-End Certification Logs push-up and pull-up exercises without weight and exports cleanly
01:26 +549: C:/Users/Atharva Patil/AppData/Local/Temp/gymlog-session-2-isolated-_7ofw15r/test/no_equipment_logging_certification_test.dart: ATOMIC-RC3-06 No-Equipment Logging End-to-End Certification Logs push-up and pull-up exercises without weight and exports cleanly
01:26 +550: C:/Users/Atharva Patil/AppData/Local/Temp/gymlog-session-2-isolated-_7ofw15r/test/performance/bounded_cache_and_startup_test.dart: (setUpAll)
01:26 +550: C:/Users/Atharva Patil/AppData/Local/Temp/gymlog-session-2-isolated-_7ofw15r/test/performance/bounded_cache_and_startup_test.dart: ATOMIC-11: Bounded Exercise Media Cache & Nonblocking Startup 1. Cache object limit is configured to 160 objects
01:27 +551: C:/Users/Atharva Patil/AppData/Local/Temp/gymlog-session-2-isolated-_7ofw15r/test/performance/bounded_cache_and_startup_test.dart: ATOMIC-11: Bounded Exercise Media Cache & Nonblocking Startup 2. Maintenance policy runs safely
[ExerciseMediaCacheManager] cache dir resolve error: MissingPluginException(No implementation found for method getTemporaryDirectory on channel plugins.flutter.io/path_provider)
01:27 +552: C:/Users/Atharva Patil/AppData/Local/Temp/gymlog-session-2-isolated-_7ofw15r/test/performance/bounded_cache_and_startup_test.dart: ATOMIC-11: Bounded Exercise Media Cache & Nonblocking Startup 3. Reduced-motion GIF behavior renders static poster/frame
01:27 +553: C:/Users/Atharva Patil/AppData/Local/Temp/gymlog-session-2-isolated-_7ofw15r/test/performance/bounded_cache_and_startup_test.dart: ATOMIC-11: Bounded Exercise Media Cache & Nonblocking Startup 3. Reduced-motion GIF behavior renders static poster/frame
01:27 +554: C:/Users/Atharva Patil/AppData/Local/Temp/gymlog-session-2-isolated-_7ofw15r/test/performance/bounded_cache_and_startup_test.dart: ATOMIC-11: Bounded Exercise Media Cache & Nonblocking Startup 3. Reduced-motion GIF behavior renders static poster/frame
01:27 +555: C:/Users/Atharva Patil/AppData/Local/Temp/gymlog-session-2-isolated-_7ofw15r/test/performance/bounded_cache_and_startup_test.dart: ATOMIC-11: Bounded Exercise Media Cache & Nonblocking Startup 3. Reduced-motion GIF behavior renders static poster/frame
01:27 +556: C:/Users/Atharva Patil/AppData/Local/Temp/gymlog-session-2-isolated-_7ofw15r/test/performance/bounded_cache_and_startup_test.dart: ATOMIC-11: Bounded Exercise Media Cache & Nonblocking Startup 3. Reduced-motion GIF behavior renders static poster/frame
01:27 +557: C:/Users/Atharva Patil/AppData/Local/Temp/gymlog-session-2-isolated-_7ofw15r/test/performance/bounded_cache_and_startup_test.dart: ATOMIC-11: Bounded Exercise Media Cache & Nonblocking Startup 3. Reduced-motion GIF behavior renders static poster/frame
01:27 +558: C:/Users/Atharva Patil/AppData/Local/Temp/gymlog-session-2-isolated-_7ofw15r/test/performance/bounded_cache_and_startup_test.dart: ATOMIC-11: Bounded Exercise Media Cache & Nonblocking Startup 3. Reduced-motion GIF behavior renders static poster/frame
01:27 +559: C:/Users/Atharva Patil/AppData/Local/Temp/gymlog-session-2-isolated-_7ofw15r/test/performance/bounded_cache_and_startup_test.dart: ATOMIC-11: Bounded Exercise Media Cache & Nonblocking Startup 3. Reduced-motion GIF behavior renders static poster/frame
01:27 +560: C:/Users/Atharva Patil/AppData/Local/Temp/gymlog-session-2-isolated-_7ofw15r/test/performance/bounded_cache_and_startup_test.dart: ATOMIC-11: Bounded Exercise Media Cache & Nonblocking Startup 4. Cancellation on widget unmount leaves no memory leak
01:27 +561: C:/Users/Atharva Patil/AppData/Local/Temp/gymlog-session-2-isolated-_7ofw15r/test/pressable_scale_test.dart: forwards taps to the child (does not steal the gesture)
01:27 +562: C:/Users/Atharva Patil/AppData/Local/Temp/gymlog-session-2-isolated-_7ofw15r/test/pressable_scale_test.dart: forwards taps to the child (does not steal the gesture)
01:27 +563: C:/Users/Atharva Patil/AppData/Local/Temp/gymlog-session-2-isolated-_7ofw15r/test/pressable_scale_test.dart: forwards taps to the child (does not steal the gesture)
01:27 +564: C:/Users/Atharva Patil/AppData/Local/Temp/gymlog-session-2-isolated-_7ofw15r/test/pressable_scale_test.dart: forwards taps to the child (does not steal the gesture)
01:27 +565: C:/Users/Atharva Patil/AppData/Local/Temp/gymlog-session-2-isolated-_7ofw15r/test/pressable_scale_test.dart: forwards taps to the child (does not steal the gesture)
01:27 +566: C:/Users/Atharva Patil/AppData/Local/Temp/gymlog-session-2-isolated-_7ofw15r/test/pressable_scale_test.dart: forwards taps to the child (does not steal the gesture)
01:27 +567: C:/Users/Atharva Patil/AppData/Local/Temp/gymlog-session-2-isolated-_7ofw15r/test/pressable_scale_test.dart: forwards taps to the child (does not steal the gesture)
01:28 +568: C:/Users/Atharva Patil/AppData/Local/Temp/gymlog-session-2-isolated-_7ofw15r/test/profile/help_report_form_test.dart: UX-95-03 — Adaptive Help report form renders fields at default text scale
01:28 +569: C:/Users/Atharva Patil/AppData/Local/Temp/gymlog-session-2-isolated-_7ofw15r/test/profile/help_report_form_test.dart: UX-95-03 — Adaptive Help report form renders fields at default text scale
01:28 +570: C:/Users/Atharva Patil/AppData/Local/Temp/gymlog-session-2-isolated-_7ofw15r/test/profile/help_report_form_test.dart: UX-95-03 — Adaptive Help report form renders fields at default text scale
01:29 +571: C:/Users/Atharva Patil/AppData/Local/Temp/gymlog-session-2-isolated-_7ofw15r/test/profile_cluster_polish_test.dart: ProfileAvatar fallback displays display name letter
01:29 +572: C:/Users/Atharva Patil/AppData/Local/Temp/gymlog-session-2-isolated-_7ofw15r/test/profile_cluster_polish_test.dart: ProfileAvatar fallback displays display name letter
01:29 +573: C:/Users/Atharva Patil/AppData/Local/Temp/gymlog-session-2-isolated-_7ofw15r/test/profile_cluster_polish_test.dart: ProfileAvatar fallback displays display name letter
01:29 +574: C:/Users/Atharva Patil/AppData/Local/Temp/gymlog-session-2-isolated-_7ofw15r/test/profile_cluster_polish_test.dart: ProfileAvatar fallback displays display name letter
01:29 +574: C:/Users/Atharva Patil/AppData/Local/Temp/gymlog-session-2-isolated-_7ofw15r/test/profile_sync_service_test.dart: submitDisplayName keeps local + queues when remote is offline, retry delivers later
[ProfileSyncService] Remote sync failed: Exception: offline
#0      FakeRemote.upsert (file:///C:/Users/Atharva%20Patil/AppData/Local/Temp/gymlog-session-2-isolated-_7ofw15r/test/profile_sync_service_test.dart:38:19)
#1      ProfileSyncService._flushPendingOrThrow (package:gymlog/core/services/profile_sync_service.dart:195:10)
<asynchronous suspension>
#2      ProfileSyncService.submitDisplayName (package:gymlog/core/services/profile_sync_service.dart:80:7)
<asynchronous suspension>
#3      main.<anonymous closure>.<anonymous closure> (file:///C:/Users/Atharva%20Patil/AppData/Local/Temp/gymlog-session-2-isolated-_7ofw15r/test/profile_sync_service_test.dart:101:7)
<asynchronous suspension>
#4      Declarer.test.<anonymous closure>.<anonymous closure> (package:test_api/src/backend/declarer.dart:253:15)
<asynchronous suspension>
#5      Declarer.test.<anonymous closure> (package:test_api/src/backend/declarer.dart:250:11)
<asynchronous suspension>
#6      Invoker._waitForOutstandingCallbacks.<anonymous closure> (package:test_api/src/backend/invoker.dart:318:9)
<asynchronous suspension>

01:29 +575: C:/Users/Atharva Patil/AppData/Local/Temp/gymlog-session-2-isolated-_7ofw15r/test/profile_cluster_polish_test.dart: ProfileAvatar fallback displays display name letter
01:29 +576: C:/Users/Atharva Patil/AppData/Local/Temp/gymlog-session-2-isolated-_7ofw15r/test/profile_cluster_polish_test.dart: ProfileAvatar fallback displays display name letter
01:29 +577: C:/Users/Atharva Patil/AppData/Local/Temp/gymlog-session-2-isolated-_7ofw15r/test/profile_cluster_polish_test.dart: ProfileAvatar fallback displays display name letter
01:29 +578: C:/Users/Atharva Patil/AppData/Local/Temp/gymlog-session-2-isolated-_7ofw15r/test/profile_cluster_polish_test.dart: ProfileAvatar fallback displays display name letter
01:29 +579: C:/Users/Atharva Patil/AppData/Local/Temp/gymlog-session-2-isolated-_7ofw15r/test/profile_cluster_polish_test.dart: ProfileAvatar fallback displays display name letter
01:29 +580: C:/Users/Atharva Patil/AppData/Local/Temp/gymlog-session-2-isolated-_7ofw15r/test/profile_cluster_polish_test.dart: ProfileAvatar fallback displays display name letter
01:29 +581: C:/Users/Atharva Patil/AppData/Local/Temp/gymlog-session-2-isolated-_7ofw15r/test/profile_cluster_polish_test.dart: ProfileAvatar fallback displays display name letter
01:29 +582: C:/Users/Atharva Patil/AppData/Local/Temp/gymlog-session-2-isolated-_7ofw15r/test/profile_cluster_polish_test.dart: ProfileAvatar fallback displays display name letter
01:29 +583: C:/Users/Atharva Patil/AppData/Local/Temp/gymlog-session-2-isolated-_7ofw15r/test/profile_cluster_polish_test.dart: ProfileAvatar fallback displays display name letter
01:30 +584: C:/Users/Atharva Patil/AppData/Local/Temp/gymlog-session-2-isolated-_7ofw15r/test/profile_cluster_polish_test.dart: WeeklyBarChart low-data comparison view dynamic colors
01:30 +585: C:/Users/Atharva Patil/AppData/Local/Temp/gymlog-session-2-isolated-_7ofw15r/test/profile_cluster_polish_test.dart: PremiumPaywall UI headline resolves and sheet themes dynamically
01:30 +586: C:/Users/Atharva Patil/AppData/Local/Temp/gymlog-session-2-isolated-_7ofw15r/test/profile_weekly_bar_chart_test.dart: ProfileGraphEmptyState renders title, subtitle and CTA
01:31 +587: C:/Users/Atharva Patil/AppData/Local/Temp/gymlog-session-2-isolated-_7ofw15r/test/profile_weekly_bar_chart_test.dart: ProfileGraphEmptyState renders title, subtitle and CTA
01:31 +588: C:/Users/Atharva Patil/AppData/Local/Temp/gymlog-session-2-isolated-_7ofw15r/test/profile_weekly_bar_chart_test.dart: ProfileGraphEmptyState renders title, subtitle and CTA
01:31 +589: C:/Users/Atharva Patil/AppData/Local/Temp/gymlog-session-2-isolated-_7ofw15r/test/profile_weekly_bar_chart_test.dart: ProfileGraphEmptyState renders title, subtitle and CTA
01:31 +590: C:/Users/Atharva Patil/AppData/Local/Temp/gymlog-session-2-isolated-_7ofw15r/test/profile_weekly_bar_chart_test.dart: ProfileGraphEmptyState renders title, subtitle and CTA
01:31 +591: C:/Users/Atharva Patil/AppData/Local/Temp/gymlog-session-2-isolated-_7ofw15r/test/profile_weekly_bar_chart_test.dart: ProfileGraphEmptyState renders title, subtitle and CTA
01:31 +592: C:/Users/Atharva Patil/AppData/Local/Temp/gymlog-session-2-isolated-_7ofw15r/test/profile_weekly_bar_chart_test.dart: GraphKpiHeader shows latest value and "This week" caption always when data exists
01:31 +593: C:/Users/Atharva Patil/AppData/Local/Temp/gymlog-session-2-isolated-_7ofw15r/test/profile_weekly_bar_chart_test.dart: GraphKpiHeader hides delta pill when fewer than 4 filled weeks have data
01:31 +594: C:/Users/Atharva Patil/AppData/Local/Temp/gymlog-session-2-isolated-_7ofw15r/test/profile_weekly_bar_chart_test.dart: GraphKpiHeader shows delta pill once 4+ filled weeks have data
01:31 +595: C:/Users/Atharva Patil/AppData/Local/Temp/gymlog-session-2-isolated-_7ofw15r/test/profile_weekly_bar_chart_test.dart: GraphKpiHeader shows neutral dash in delta pill when previous week value is zero
01:31 +596: C:/Users/Atharva Patil/AppData/Local/Temp/gymlog-session-2-isolated-_7ofw15r/test/profile_weekly_bar_chart_test.dart: WeeklyBarChart renders 8 weekly x-axis labels
01:31 +597: C:/Users/Atharva Patil/AppData/Local/Temp/gymlog-session-2-isolated-_7ofw15r/test/radius_token_test.dart: DeleteAccountScreen danger chip and _SectionCard use correct AppRadius tokens
01:31 +598: C:/Users/Atharva Patil/AppData/Local/Temp/gymlog-session-2-isolated-_7ofw15r/test/radius_token_test.dart: DeleteAccountScreen danger chip and _SectionCard use correct AppRadius tokens
01:31 +599: C:/Users/Atharva Patil/AppData/Local/Temp/gymlog-session-2-isolated-_7ofw15r/test/radius_token_test.dart: DeleteAccountScreen danger chip and _SectionCard use correct AppRadius tokens
01:32 +600: C:/Users/Atharva Patil/AppData/Local/Temp/gymlog-session-2-isolated-_7ofw15r/test/radius_token_test.dart: DeleteAccountScreen danger chip and _SectionCard use correct AppRadius tokens
01:32 +601: C:/Users/Atharva Patil/AppData/Local/Temp/gymlog-session-2-isolated-_7ofw15r/test/radius_token_test.dart: DeleteAccountScreen danger chip and _SectionCard use correct AppRadius tokens
01:33 +601: C:/Users/Atharva Patil/AppData/Local/Temp/gymlog-session-2-isolated-_7ofw15r/test/reorder_exercise_test.dart: move first item down (A→index 2): B, C, A, D
[WorkoutDraftStore] save failed: Binding has not yet been initialized.
The "instance" getter on the ServicesBinding binding mixin is only available once that binding has been initialized.
Typically, this is done by calling "WidgetsFlutterBinding.ensureInitialized()" or "runApp()" (the latter calls the former). Typically this call is done in the "void main()" method. The "ensureInitialized" method is idempotent; calling it multiple times is not harmful. After calling that method, the "instance" getter will return the binding.
In a test, one can call "TestWidgetsFlutterBinding.ensureInitialized()" as the first line in the test's "main()" method to initialize the binding.
If ServicesBinding is a custom binding mixin, there must also be a custom binding class, like WidgetsFlutterBinding, but that mixes in the selected binding, and that is the class that must be constructed before using the "instance" getter.
[WorkoutDraftStore] save failed: Binding has not yet been initialized.
The "instance" getter on the ServicesBinding binding mixin is only available once that binding has been initialized.
Typically, this is done by calling "WidgetsFlutterBinding.ensureInitialized()" or "runApp()" (the latter calls the former). Typically this call is done in the "void main()" method. The "ensureInitialized" method is idempotent; calling it multiple times is not harmful. After calling that method, the "instance" getter will return the binding.
In a test, one can call "TestWidgetsFlutterBinding.ensureInitialized()" as the first line in the test's "main()" method to initialize the binding.
If ServicesBinding is a custom binding mixin, there must also be a custom binding class, like WidgetsFlutterBinding, but that mixes in the selected binding, and that is the class that must be constructed before using the "instance" getter.
01:33 +602: C:/Users/Atharva Patil/AppData/Local/Temp/gymlog-session-2-isolated-_7ofw15r/test/radius_token_test.dart: DeleteAccountScreen danger chip and _SectionCard use correct AppRadius tokens
01:33 +602: C:/Users/Atharva Patil/AppData/Local/Temp/gymlog-session-2-isolated-_7ofw15r/test/reorder_exercise_test.dart: move last item to front (D→index 0): D, A, B, C
[WorkoutDraftStore] save failed: Binding has not yet been initialized.
The "instance" getter on the ServicesBinding binding mixin is only available once that binding has been initialized.
Typically, this is done by calling "WidgetsFlutterBinding.ensureInitialized()" or "runApp()" (the latter calls the former). Typically this call is done in the "void main()" method. The "ensureInitialized" method is idempotent; calling it multiple times is not harmful. After calling that method, the "instance" getter will return the binding.
In a test, one can call "TestWidgetsFlutterBinding.ensureInitialized()" as the first line in the test's "main()" method to initialize the binding.
If ServicesBinding is a custom binding mixin, there must also be a custom binding class, like WidgetsFlutterBinding, but that mixes in the selected binding, and that is the class that must be constructed before using the "instance" getter.
[WorkoutDraftStore] save failed: Binding has not yet been initialized.
The "instance" getter on the ServicesBinding binding mixin is only available once that binding has been initialized.
Typically, this is done by calling "WidgetsFlutterBinding.ensureInitialized()" or "runApp()" (the latter calls the former). Typically this call is done in the "void main()" method. The "ensureInitialized" method is idempotent; calling it multiple times is not harmful. After calling that method, the "instance" getter will return the binding.
In a test, one can call "TestWidgetsFlutterBinding.ensureInitialized()" as the first line in the test's "main()" method to initialize the binding.
If ServicesBinding is a custom binding mixin, there must also be a custom binding class, like WidgetsFlutterBinding, but that mixes in the selected binding, and that is the class that must be constructed before using the "instance" getter.
01:33 +603: C:/Users/Atharva Patil/AppData/Local/Temp/gymlog-session-2-isolated-_7ofw15r/test/radius_token_test.dart: DeleteAccountScreen danger chip and _SectionCard use correct AppRadius tokens
01:33 +603: C:/Users/Atharva Patil/AppData/Local/Temp/gymlog-session-2-isolated-_7ofw15r/test/reorder_exercise_test.dart: move middle up (C→index 1): A, C, B, D
[WorkoutDraftStore] save failed: Binding has not yet been initialized.
The "instance" getter on the ServicesBinding binding mixin is only available once that binding has been initialized.
Typically, this is done by calling "WidgetsFlutterBinding.ensureInitialized()" or "runApp()" (the latter calls the former). Typically this call is done in the "void main()" method. The "ensureInitialized" method is idempotent; calling it multiple times is not harmful. After calling that method, the "instance" getter will return the binding.
In a test, one can call "TestWidgetsFlutterBinding.ensureInitialized()" as the first line in the test's "main()" method to initialize the binding.
If ServicesBinding is a custom binding mixin, there must also be a custom binding class, like WidgetsFlutterBinding, but that mixes in the selected binding, and that is the class that must be constructed before using the "instance" getter.
[WorkoutDraftStore] save failed: Binding has not yet been initialized.
The "instance" getter on the ServicesBinding binding mixin is only available once that binding has been initialized.
Typically, this is done by calling "WidgetsFlutterBinding.ensureInitialized()" or "runApp()" (the latter calls the former). Typically this call is done in the "void main()" method. The "ensureInitialized" method is idempotent; calling it multiple times is not harmful. After calling that method, the "instance" getter will return the binding.
In a test, one can call "TestWidgetsFlutterBinding.ensureInitialized()" as the first line in the test's "main()" method to initialize the binding.
If ServicesBinding is a custom binding mixin, there must also be a custom binding class, like WidgetsFlutterBinding, but that mixes in the selected binding, and that is the class that must be constructed before using the "instance" getter.
01:33 +604: C:/Users/Atharva Patil/AppData/Local/Temp/gymlog-session-2-isolated-_7ofw15r/test/radius_token_test.dart: DeleteAccountScreen danger chip and _SectionCard use correct AppRadius tokens
01:33 +604: C:/Users/Atharva Patil/AppData/Local/Temp/gymlog-session-2-isolated-_7ofw15r/test/reorder_exercise_test.dart: out-of-range oldIndex is ignored (no throw, order intact)
[WorkoutDraftStore] save failed: Binding has not yet been initialized.
The "instance" getter on the ServicesBinding binding mixin is only available once that binding has been initialized.
Typically, this is done by calling "WidgetsFlutterBinding.ensureInitialized()" or "runApp()" (the latter calls the former). Typically this call is done in the "void main()" method. The "ensureInitialized" method is idempotent; calling it multiple times is not harmful. After calling that method, the "instance" getter will return the binding.
In a test, one can call "TestWidgetsFlutterBinding.ensureInitialized()" as the first line in the test's "main()" method to initialize the binding.
If ServicesBinding is a custom binding mixin, there must also be a custom binding class, like WidgetsFlutterBinding, but that mixes in the selected binding, and that is the class that must be constructed before using the "instance" getter.
01:33 +605: C:/Users/Atharva Patil/AppData/Local/Temp/gymlog-session-2-isolated-_7ofw15r/test/radius_token_test.dart: DeleteAccountScreen danger chip and _SectionCard use correct AppRadius tokens
01:33 +606: C:/Users/Atharva Patil/AppData/Local/Temp/gymlog-session-2-isolated-_7ofw15r/test/reps_only_exercise_test.dart: MeasurementType Domain Model parses raw string values correctly
01:33 +607: C:/Users/Atharva Patil/AppData/Local/Temp/gymlog-session-2-isolated-_7ofw15r/test/radius_token_test.dart: ExerciseSelectionScreen filter chip uses AppRadius.buttonSecondaryAll
01:33 +608: C:/Users/Atharva Patil/AppData/Local/Temp/gymlog-session-2-isolated-_7ofw15r/test/radius_token_test.dart: ExerciseSelectionScreen filter chip uses AppRadius.buttonSecondaryAll
01:33 +609: C:/Users/Atharva Patil/AppData/Local/Temp/gymlog-session-2-isolated-_7ofw15r/test/radius_token_test.dart: ExerciseSelectionScreen filter chip uses AppRadius.buttonSecondaryAll
01:33 +610: C:/Users/Atharva Patil/AppData/Local/Temp/gymlog-session-2-isolated-_7ofw15r/test/radius_token_test.dart: ExerciseSelectionScreen filter chip uses AppRadius.buttonSecondaryAll
01:33 +611: C:/Users/Atharva Patil/AppData/Local/Temp/gymlog-session-2-isolated-_7ofw15r/test/radius_token_test.dart: ExerciseSelectionScreen filter chip uses AppRadius.buttonSecondaryAll
01:33 +612: C:/Users/Atharva Patil/AppData/Local/Temp/gymlog-session-2-isolated-_7ofw15r/test/radius_token_test.dart: ExerciseSelectionScreen filter chip uses AppRadius.buttonSecondaryAll
01:33 +612: C:/Users/Atharva Patil/AppData/Local/Temp/gymlog-session-2-isolated-_7ofw15r/test/reps_only_exercise_test.dart: ActiveWorkoutNotifier Reps-Only & Switching Logic adding reps-only exercise initializes weightKg to null
[WorkoutDraftStore] save failed: Binding has not yet been initialized.
The "instance" getter on the ServicesBinding binding mixin is only available once that binding has been initialized.
Typically, this is done by calling "WidgetsFlutterBinding.ensureInitialized()" or "runApp()" (the latter calls the former). Typically this call is done in the "void main()" method. The "ensureInitialized" method is idempotent; calling it multiple times is not harmful. After calling that method, the "instance" getter will return the binding.
In a test, one can call "TestWidgetsFlutterBinding.ensureInitialized()" as the first line in the test's "main()" method to initialize the binding.
If ServicesBinding is a custom binding mixin, there must also be a custom binding class, like WidgetsFlutterBinding, but that mixes in the selected binding, and that is the class that must be constructed before using the "instance" getter.
[WorkoutDraftStore] save failed: Binding has not yet been initialized.
The "instance" getter on the ServicesBinding binding mixin is only available once that binding has been initialized.
Typically, this is done by calling "WidgetsFlutterBinding.ensureInitialized()" or "runApp()" (the latter calls the former). Typically this call is done in the "void main()" method. The "ensureInitialized" method is idempotent; calling it multiple times is not harmful. After calling that method, the "instance" getter will return the binding.
In a test, one can call "TestWidgetsFlutterBinding.ensureInitialized()" as the first line in the test's "main()" method to initialize the binding.
If ServicesBinding is a custom binding mixin, there must also be a custom binding class, like WidgetsFlutterBinding, but that mixes in the selected binding, and that is the class that must be constructed before using the "instance" getter.
01:33 +613: C:/Users/Atharva Patil/AppData/Local/Temp/gymlog-session-2-isolated-_7ofw15r/test/radius_token_test.dart: ExerciseSelectionScreen filter chip uses AppRadius.buttonSecondaryAll
01:33 +613: C:/Users/Atharva Patil/AppData/Local/Temp/gymlog-session-2-isolated-_7ofw15r/test/reps_only_exercise_test.dart: ActiveWorkoutNotifier Reps-Only & Switching Logic adding weighted exercise initializes weightKg to 0.0
[WorkoutDraftStore] save failed: Binding has not yet been initialized.
The "instance" getter on the ServicesBinding binding mixin is only available once that binding has been initialized.
Typically, this is done by calling "WidgetsFlutterBinding.ensureInitialized()" or "runApp()" (the latter calls the former). Typically this call is done in the "void main()" method. The "ensureInitialized" method is idempotent; calling it multiple times is not harmful. After calling that method, the "instance" getter will return the binding.
In a test, one can call "TestWidgetsFlutterBinding.ensureInitialized()" as the first line in the test's "main()" method to initialize the binding.
If ServicesBinding is a custom binding mixin, there must also be a custom binding class, like WidgetsFlutterBinding, but that mixes in the selected binding, and that is the class that must be constructed before using the "instance" getter.
[WorkoutDraftStore] save failed: Binding has not yet been initialized.
The "instance" getter on the ServicesBinding binding mixin is only available once that binding has been initialized.
Typically, this is done by calling "WidgetsFlutterBinding.ensureInitialized()" or "runApp()" (the latter calls the former). Typically this call is done in the "void main()" method. The "ensureInitialized" method is idempotent; calling it multiple times is not harmful. After calling that method, the "instance" getter will return the binding.
In a test, one can call "TestWidgetsFlutterBinding.ensureInitialized()" as the first line in the test's "main()" method to initialize the binding.
If ServicesBinding is a custom binding mixin, there must also be a custom binding class, like WidgetsFlutterBinding, but that mixes in the selected binding, and that is the class that must be constructed before using the "instance" getter.
01:33 +614: C:/Users/Atharva Patil/AppData/Local/Temp/gymlog-session-2-isolated-_7ofw15r/test/radius_token_test.dart: ExerciseSelectionScreen filter chip uses AppRadius.buttonSecondaryAll
01:33 +614: C:/Users/Atharva Patil/AppData/Local/Temp/gymlog-session-2-isolated-_7ofw15r/test/reps_only_exercise_test.dart: ActiveWorkoutNotifier Reps-Only & Switching Logic switching between weighted and reps-only respects target measurementType
[WorkoutDraftStore] save failed: Binding has not yet been initialized.
The "instance" getter on the ServicesBinding binding mixin is only available once that binding has been initialized.
Typically, this is done by calling "WidgetsFlutterBinding.ensureInitialized()" or "runApp()" (the latter calls the former). Typically this call is done in the "void main()" method. The "ensureInitialized" method is idempotent; calling it multiple times is not harmful. After calling that method, the "instance" getter will return the binding.
In a test, one can call "TestWidgetsFlutterBinding.ensureInitialized()" as the first line in the test's "main()" method to initialize the binding.
If ServicesBinding is a custom binding mixin, there must also be a custom binding class, like WidgetsFlutterBinding, but that mixes in the selected binding, and that is the class that must be constructed before using the "instance" getter.
[WorkoutDraftStore] save failed: Binding has not yet been initialized.
The "instance" getter on the ServicesBinding binding mixin is only available once that binding has been initialized.
Typically, this is done by calling "WidgetsFlutterBinding.ensureInitialized()" or "runApp()" (the latter calls the former). Typically this call is done in the "void main()" method. The "ensureInitialized" method is idempotent; calling it multiple times is not harmful. After calling that method, the "instance" getter will return the binding.
In a test, one can call "TestWidgetsFlutterBinding.ensureInitialized()" as the first line in the test's "main()" method to initialize the binding.
If ServicesBinding is a custom binding mixin, there must also be a custom binding class, like WidgetsFlutterBinding, but that mixes in the selected binding, and that is the class that must be constructed before using the "instance" getter.
[WorkoutDraftStore] save failed: Binding has not yet been initialized.
The "instance" getter on the ServicesBinding binding mixin is only available once that binding has been initialized.
Typically, this is done by calling "WidgetsFlutterBinding.ensureInitialized()" or "runApp()" (the latter calls the former). Typically this call is done in the "void main()" method. The "ensureInitialized" method is idempotent; calling it multiple times is not harmful. After calling that method, the "instance" getter will return the binding.
In a test, one can call "TestWidgetsFlutterBinding.ensureInitialized()" as the first line in the test's "main()" method to initialize the binding.
If ServicesBinding is a custom binding mixin, there must also be a custom binding class, like WidgetsFlutterBinding, but that mixes in the selected binding, and that is the class that must be constructed before using the "instance" getter.
[WorkoutDraftStore] save failed: Binding has not yet been initialized.
The "instance" getter on the ServicesBinding binding mixin is only available once that binding has been initialized.
Typically, this is done by calling "WidgetsFlutterBinding.ensureInitialized()" or "runApp()" (the latter calls the former). Typically this call is done in the "void main()" method. The "ensureInitialized" method is idempotent; calling it multiple times is not harmful. After calling that method, the "instance" getter will return the binding.
In a test, one can call "TestWidgetsFlutterBinding.ensureInitialized()" as the first line in the test's "main()" method to initialize the binding.
If ServicesBinding is a custom binding mixin, there must also be a custom binding class, like WidgetsFlutterBinding, but that mixes in the selected binding, and that is the class that must be constructed before using the "instance" getter.
01:33 +615: C:/Users/Atharva Patil/AppData/Local/Temp/gymlog-session-2-isolated-_7ofw15r/test/radius_token_test.dart: ExerciseSelectionScreen filter chip uses AppRadius.buttonSecondaryAll
01:33 +615: C:/Users/Atharva Patil/AppData/Local/Temp/gymlog-session-2-isolated-_7ofw15r/test/reps_only_exercise_test.dart: ActiveWorkoutNotifier Reps-Only & Switching Logic sessionTotals volume calculation ignores null weights
[WorkoutDraftStore] save failed: Binding has not yet been initialized.
The "instance" getter on the ServicesBinding binding mixin is only available once that binding has been initialized.
Typically, this is done by calling "WidgetsFlutterBinding.ensureInitialized()" or "runApp()" (the latter calls the former). Typically this call is done in the "void main()" method. The "ensureInitialized" method is idempotent; calling it multiple times is not harmful. After calling that method, the "instance" getter will return the binding.
In a test, one can call "TestWidgetsFlutterBinding.ensureInitialized()" as the first line in the test's "main()" method to initialize the binding.
If ServicesBinding is a custom binding mixin, there must also be a custom binding class, like WidgetsFlutterBinding, but that mixes in the selected binding, and that is the class that must be constructed before using the "instance" getter.
[WorkoutDraftStore] save failed: Binding has not yet been initialized.
The "instance" getter on the ServicesBinding binding mixin is only available once that binding has been initialized.
Typically, this is done by calling "WidgetsFlutterBinding.ensureInitialized()" or "runApp()" (the latter calls the former). Typically this call is done in the "void main()" method. The "ensureInitialized" method is idempotent; calling it multiple times is not harmful. After calling that method, the "instance" getter will return the binding.
In a test, one can call "TestWidgetsFlutterBinding.ensureInitialized()" as the first line in the test's "main()" method to initialize the binding.
If ServicesBinding is a custom binding mixin, there must also be a custom binding class, like WidgetsFlutterBinding, but that mixes in the selected binding, and that is the class that must be constructed before using the "instance" getter.
[WorkoutDraftStore] save failed: Binding has not yet been initialized.
The "instance" getter on the ServicesBinding binding mixin is only available once that binding has been initialized.
Typically, this is done by calling "WidgetsFlutterBinding.ensureInitialized()" or "runApp()" (the latter calls the former). Typically this call is done in the "void main()" method. The "ensureInitialized" method is idempotent; calling it multiple times is not harmful. After calling that method, the "instance" getter will return the binding.
In a test, one can call "TestWidgetsFlutterBinding.ensureInitialized()" as the first line in the test's "main()" method to initialize the binding.
If ServicesBinding is a custom binding mixin, there must also be a custom binding class, like WidgetsFlutterBinding, but that mixes in the selected binding, and that is the class that must be constructed before using the "instance" getter.
[WorkoutDraftStore] save failed: Binding has not yet been initialized.
The "instance" getter on the ServicesBinding binding mixin is only available once that binding has been initialized.
Typically, this is done by calling "WidgetsFlutterBinding.ensureInitialized()" or "runApp()" (the latter calls the former). Typically this call is done in the "void main()" method. The "ensureInitialized" method is idempotent; calling it multiple times is not harmful. After calling that method, the "instance" getter will return the binding.
In a test, one can call "TestWidgetsFlutterBinding.ensureInitialized()" as the first line in the test's "main()" method to initialize the binding.
If ServicesBinding is a custom binding mixin, there must also be a custom binding class, like WidgetsFlutterBinding, but that mixes in the selected binding, and that is the class that must be constructed before using the "instance" getter.
[WorkoutDraftStore] save failed: Binding has not yet been initialized.
The "instance" getter on the ServicesBinding binding mixin is only available once that binding has been initialized.
Typically, this is done by calling "WidgetsFlutterBinding.ensureInitialized()" or "runApp()" (the latter calls the former). Typically this call is done in the "void main()" method. The "ensureInitialized" method is idempotent; calling it multiple times is not harmful. After calling that method, the "instance" getter will return the binding.
In a test, one can call "TestWidgetsFlutterBinding.ensureInitialized()" as the first line in the test's "main()" method to initialize the binding.
If ServicesBinding is a custom binding mixin, there must also be a custom binding class, like WidgetsFlutterBinding, but that mixes in the selected binding, and that is the class that must be constructed before using the "instance" getter.
[WorkoutDraftStore] save failed: Binding has not yet been initialized.
The "instance" getter on the ServicesBinding binding mixin is only available once that binding has been initialized.
Typically, this is done by calling "WidgetsFlutterBinding.ensureInitialized()" or "runApp()" (the latter calls the former). Typically this call is done in the "void main()" method. The "ensureInitialized" method is idempotent; calling it multiple times is not harmful. After calling that method, the "instance" getter will return the binding.
01:33 +616: C:/Users/Atharva Patil/AppData/Local/Temp/gymlog-session-2-isolated-_7ofw15r/test/radius_token_test.dart: ExerciseSelectionScreen filter chip uses AppRadius.buttonSecondaryAll
01:34 +617: C:/Users/Atharva Patil/AppData/Local/Temp/gymlog-session-2-isolated-_7ofw15r/test/radius_token_test.dart: HomeScreen weekly loading card uses AppRadius.card
01:34 +618: C:/Users/Atharva Patil/AppData/Local/Temp/gymlog-session-2-isolated-_7ofw15r/test/radius_token_test.dart: HomeScreen weekly loading card uses AppRadius.card
01:34 +619: C:/Users/Atharva Patil/AppData/Local/Temp/gymlog-session-2-isolated-_7ofw15r/test/radius_token_test.dart: HomeScreen weekly loading card uses AppRadius.card
01:34 +620: C:/Users/Atharva Patil/AppData/Local/Temp/gymlog-session-2-isolated-_7ofw15r/test/radius_token_test.dart: HomeScreen weekly loading card uses AppRadius.card
01:34 +621: C:/Users/Atharva Patil/AppData/Local/Temp/gymlog-session-2-isolated-_7ofw15r/test/radius_token_test.dart: HomeScreen weekly loading card uses AppRadius.card
01:34 +622: C:/Users/Atharva Patil/AppData/Local/Temp/gymlog-session-2-isolated-_7ofw15r/test/radius_token_test.dart: HomeScreen weekly loading card uses AppRadius.card
01:34 +623: C:/Users/Atharva Patil/AppData/Local/Temp/gymlog-session-2-isolated-_7ofw15r/test/radius_token_test.dart: HomeScreen weekly loading card uses AppRadius.card
01:34 +624: C:/Users/Atharva Patil/AppData/Local/Temp/gymlog-session-2-isolated-_7ofw15r/test/rest_preference_atomic_test.dart: ATOMIC-01 RestPreference & Normalization Suite 7. Exactly one selection predicate is true
01:34 +625: C:/Users/Atharva Patil/AppData/Local/Temp/gymlog-session-2-isolated-_7ofw15r/test/rest_preference_atomic_test.dart: ATOMIC-01 RestPreference & Normalization Suite 8. No production widget contains visible text None
01:36 +626: C:/Users/Atharva Patil/AppData/Local/Temp/gymlog-session-2-isolated-_7ofw15r/test/rest_preference_atomic_test.dart: ATOMIC-01 RestPreference & Normalization Suite 8. No production widget contains visible text None
01:36 +627: C:/Users/Atharva Patil/AppData/Local/Temp/gymlog-session-2-isolated-_7ofw15r/test/rest_preference_atomic_test.dart: ATOMIC-01 RestPreference & Normalization Suite 8. No production widget contains visible text None
01:36 +628: C:/Users/Atharva Patil/AppData/Local/Temp/gymlog-session-2-isolated-_7ofw15r/test/rest_preference_atomic_test.dart: ATOMIC-01 RestPreference & Normalization Suite 8. No production widget contains visible text None
01:36 +629: C:/Users/Atharva Patil/AppData/Local/Temp/gymlog-session-2-isolated-_7ofw15r/test/rest_preference_atomic_test.dart: ATOMIC-01 RestPreference & Normalization Suite 8. No production widget contains visible text None
01:36 +630: C:/Users/Atharva Patil/AppData/Local/Temp/gymlog-session-2-isolated-_7ofw15r/test/rest_preference_atomic_test.dart: ATOMIC-01 RestPreference & Normalization Suite 8. No production widget contains visible text None
01:36 +631: C:/Users/Atharva Patil/AppData/Local/Temp/gymlog-session-2-isolated-_7ofw15r/test/rest_preference_atomic_test.dart: ATOMIC-01 RestPreference & Normalization Suite 8. No production widget contains visible text None
01:36 +632: C:/Users/Atharva Patil/AppData/Local/Temp/gymlog-session-2-isolated-_7ofw15r/test/rest_preference_atomic_test.dart: ATOMIC-01 RestPreference & Normalization Suite 8. No production widget contains visible text None
01:36 +633: C:/Users/Atharva Patil/AppData/Local/Temp/gymlog-session-2-isolated-_7ofw15r/test/rest_preference_atomic_test.dart: ATOMIC-01 RestPreference & Normalization Suite 8. No production widget contains visible text None
01:36 +634: C:/Users/Atharva Patil/AppData/Local/Temp/gymlog-session-2-isolated-_7ofw15r/test/rest_preference_atomic_test.dart: ATOMIC-01 RestPreference & Normalization Suite 8. No production widget contains visible text None
01:36 +635: C:/Users/Atharva Patil/AppData/Local/Temp/gymlog-session-2-isolated-_7ofw15r/test/rest_preference_atomic_test.dart: ATOMIC-01 RestPreference & Normalization Suite 8. No production widget contains visible text None
01:36 +636: C:/Users/Atharva Patil/AppData/Local/Temp/gymlog-session-2-isolated-_7ofw15r/test/rest_preference_atomic_test.dart: ATOMIC-01 RestPreference & Normalization Suite 9. Draft round trip preserves all three states
01:36 +637: C:/Users/Atharva Patil/AppData/Local/Temp/gymlog-session-2-isolated-_7ofw15r/test/rest_preference_atomic_test.dart: ATOMIC-01 RestPreference & Normalization Suite 10. Legacy stored values restore safely
01:37 +638: C:/Users/Atharva Patil/AppData/Local/Temp/gymlog-session-2-isolated-_7ofw15r/test/rest_time_sheet_atomic_test.dart: ATOMIC-02 RestTimeSheet Suite 1. no None or Matches default in sheet
01:38 +639: C:/Users/Atharva Patil/AppData/Local/Temp/gymlog-session-2-isolated-_7ofw15r/test/rest_time_sheet_atomic_test.dart: ATOMIC-02 RestTimeSheet Suite 1. no None or Matches default in sheet
01:38 +640: C:/Users/Atharva Patil/AppData/Local/Temp/gymlog-session-2-isolated-_7ofw15r/test/rest_time_sheet_atomic_test.dart: ATOMIC-02 RestTimeSheet Suite 1. no None or Matches default in sheet
01:39 +641: C:/Users/Atharva Patil/AppData/Local/Temp/gymlog-session-2-isolated-_7ofw15r/test/routine_detail_scroll_and_loading_test.dart: RoutineDetailScreen loaded view uses AlwaysScrollableScrollPhysics
01:39 +642: C:/Users/Atharva Patil/AppData/Local/Temp/gymlog-session-2-isolated-_7ofw15r/test/routine_detail_scroll_and_loading_test.dart: RoutineDetailScreen loaded view uses AlwaysScrollableScrollPhysics
01:39 +643: C:/Users/Atharva Patil/AppData/Local/Temp/gymlog-session-2-isolated-_7ofw15r/test/routine_detail_scroll_and_loading_test.dart: RoutineDetailScreen loaded view uses AlwaysScrollableScrollPhysics
01:39 +644: C:/Users/Atharva Patil/AppData/Local/Temp/gymlog-session-2-isolated-_7ofw15r/test/routine_detail_scroll_and_loading_test.dart: RoutineDetailScreen loaded view uses AlwaysScrollableScrollPhysics
01:40 +645: C:/Users/Atharva Patil/AppData/Local/Temp/gymlog-session-2-isolated-_7ofw15r/test/routine_detail_scroll_and_loading_test.dart: RoutineDetailScreen loaded view uses AlwaysScrollableScrollPhysics
01:40 +646: C:/Users/Atharva Patil/AppData/Local/Temp/gymlog-session-2-isolated-_7ofw15r/test/routine_detail_scroll_and_loading_test.dart: RoutineDetailScreen loaded view uses AlwaysScrollableScrollPhysics
01:41 +647: C:/Users/Atharva Patil/AppData/Local/Temp/gymlog-session-2-isolated-_7ofw15r/test/routine_detail_scroll_and_loading_test.dart: RoutineDetailScreen loaded view uses AlwaysScrollableScrollPhysics
01:42 +648: C:/Users/Atharva Patil/AppData/Local/Temp/gymlog-session-2-isolated-_7ofw15r/test/routine_detail_scroll_and_loading_test.dart: RoutineDetailScreen loaded view uses AlwaysScrollableScrollPhysics
01:42 +649: C:/Users/Atharva Patil/AppData/Local/Temp/gymlog-session-2-isolated-_7ofw15r/test/routine_volume_error_state_test.dart: failed volume stream renders error+retry, never a zeroed volume graph
01:42 +650: C:/Users/Atharva Patil/AppData/Local/Temp/gymlog-session-2-isolated-_7ofw15r/test/routine_volume_error_state_test.dart: failed volume stream renders error+retry, never a zeroed volume graph
01:44 +651: C:/Users/Atharva Patil/AppData/Local/Temp/gymlog-session-2-isolated-_7ofw15r/test/routine_editor_reorder_test.dart: RoutineEditorScreen reorders exercises and respects bounds
01:44 +652: C:/Users/Atharva Patil/AppData/Local/Temp/gymlog-session-2-isolated-_7ofw15r/test/screens_theme_test.dart: Screens Theme Verification Tests HomeScreen renders under multiple accents
01:46 +653: C:/Users/Atharva Patil/AppData/Local/Temp/gymlog-session-2-isolated-_7ofw15r/test/screens_typography_test.dart: AuthScreen renders without exceptions and key text is present
01:47 +654: C:/Users/Atharva Patil/AppData/Local/Temp/gymlog-session-2-isolated-_7ofw15r/test/screens_typography_test.dart: AuthScreen renders without exceptions and key text is present
01:47 +655: C:/Users/Atharva Patil/AppData/Local/Temp/gymlog-session-2-isolated-_7ofw15r/test/screens_typography_test.dart: AuthScreen renders without exceptions and key text is present
01:47 +656: C:/Users/Atharva Patil/AppData/Local/Temp/gymlog-session-2-isolated-_7ofw15r/test/screens_typography_test.dart: AuthScreen renders without exceptions and key text is present
01:47 +657: C:/Users/Atharva Patil/AppData/Local/Temp/gymlog-session-2-isolated-_7ofw15r/test/set_row_debounce_persistence_test.dart: dispose mid-debounce flushes the in-flight weight (navigate-away gate)
01:48 +658: C:/Users/Atharva Patil/AppData/Local/Temp/gymlog-session-2-isolated-_7ofw15r/test/set_row_debounce_persistence_test.dart: dispose mid-debounce flushes the in-flight weight (navigate-away gate)
01:48 +659: C:/Users/Atharva Patil/AppData/Local/Temp/gymlog-session-2-isolated-_7ofw15r/test/set_row_focus_test.dart: SetRow keeps focus + value across an ancestor rebuild
01:48 +660: C:/Users/Atharva Patil/AppData/Local/Temp/gymlog-session-2-isolated-_7ofw15r/test/set_row_focus_test.dart: SetRow keeps focus + value across an ancestor rebuild
01:48 +661: C:/Users/Atharva Patil/AppData/Local/Temp/gymlog-session-2-isolated-_7ofw15r/test/set_row_focus_test.dart: SetRow keeps focus + value across an ancestor rebuild
01:48 +662: C:/Users/Atharva Patil/AppData/Local/Temp/gymlog-session-2-isolated-_7ofw15r/test/set_row_focus_test.dart: SetRow keeps focus + value across an ancestor rebuild
01:48 +663: C:/Users/Atharva Patil/AppData/Local/Temp/gymlog-session-2-isolated-_7ofw15r/test/set_row_focus_test.dart: SetRow keeps focus + value across an ancestor rebuild
01:49 +664: C:/Users/Atharva Patil/AppData/Local/Temp/gymlog-session-2-isolated-_7ofw15r/test/set_row_focus_test.dart: SetRow keeps focus + value across an ancestor rebuild
01:49 +665: C:/Users/Atharva Patil/AppData/Local/Temp/gymlog-session-2-isolated-_7ofw15r/test/set_row_focus_test.dart: SetRow keeps focus + value across an ancestor rebuild
01:49 +666: C:/Users/Atharva Patil/AppData/Local/Temp/gymlog-session-2-isolated-_7ofw15r/test/set_row_focus_test.dart: SetRow keeps focus + value across an ancestor rebuild
01:50 +667: C:/Users/Atharva Patil/AppData/Local/Temp/gymlog-session-2-isolated-_7ofw15r/test/set_row_measurement_types_test.dart: R1 — Field visibility weightAndReps: both weight and reps fields visible
01:51 +668: C:/Users/Atharva Patil/AppData/Local/Temp/gymlog-session-2-isolated-_7ofw15r/test/set_row_measurement_types_test.dart: R1 — Field visibility weightAndReps: both weight and reps fields visible
01:52 +669: C:/Users/Atharva Patil/AppData/Local/Temp/gymlog-session-2-isolated-_7ofw15r/test/set_row_measurement_types_test.dart: R1 — Field visibility weightAndReps: both weight and reps fields visible
01:52 +670: C:/Users/Atharva Patil/AppData/Local/Temp/gymlog-session-2-isolated-_7ofw15r/test/set_row_measurement_types_test.dart: R1 — Field visibility weightAndReps: both weight and reps fields visible
01:52 +671: C:/Users/Atharva Patil/AppData/Local/Temp/gymlog-session-2-isolated-_7ofw15r/test/shared/chrome_tokens_test.dart: ChromeContextX context.chrome returns ChromeTokens in dark theme
01:52 +672: C:/Users/Atharva Patil/AppData/Local/Temp/gymlog-session-2-isolated-_7ofw15r/test/shared/chrome_tokens_test.dart: ChromeContextX context.chrome returns ChromeTokens in dark theme
01:52 +673: C:/Users/Atharva Patil/AppData/Local/Temp/gymlog-session-2-isolated-_7ofw15r/test/shared/chrome_tokens_test.dart: ChromeContextX context.chrome returns ChromeTokens in dark theme
01:52 +674: C:/Users/Atharva Patil/AppData/Local/Temp/gymlog-session-2-isolated-_7ofw15r/test/shared/chrome_tokens_test.dart: ChromeContextX context.chrome returns ChromeTokens in dark theme
01:52 +675: C:/Users/Atharva Patil/AppData/Local/Temp/gymlog-session-2-isolated-_7ofw15r/test/shared/chrome_tokens_test.dart: ChromeContextX context.chrome returns ChromeTokens in dark theme
01:52 +676: C:/Users/Atharva Patil/AppData/Local/Temp/gymlog-session-2-isolated-_7ofw15r/test/shared/chrome_tokens_test.dart: ChromeContextX context.chrome returns ChromeTokens in dark theme
01:52 +677: C:/Users/Atharva Patil/AppData/Local/Temp/gymlog-session-2-isolated-_7ofw15r/test/shared/chrome_tokens_test.dart: ChromeContextX context.chrome returns ChromeTokens in dark theme
01:52 +678: C:/Users/Atharva Patil/AppData/Local/Temp/gymlog-session-2-isolated-_7ofw15r/test/shared/chrome_tokens_test.dart: ChromeContextX context.chrome returns ChromeTokens in dark theme
01:52 +678: C:/Users/Atharva Patil/AppData/Local/Temp/gymlog-session-2-isolated-_7ofw15r/test/shared/draft_recovery_test.dart: UX-95-02 — Safe Draft Recovery store.loadSnapshot handles corrupted payload internally
[WorkoutDraftStore] Corrupted or invalid draft payload: FormatException: Unterminated string (at character 30)
{"corrupted: no closing brace
                             ^
. Clearing draft.
01:52 +679: C:/Users/Atharva Patil/AppData/Local/Temp/gymlog-session-2-isolated-_7ofw15r/test/shared/chrome_tokens_test.dart: ChromeContextX context.chrome returns ChromeTokens in dark theme
01:52 +680: C:/Users/Atharva Patil/AppData/Local/Temp/gymlog-session-2-isolated-_7ofw15r/test/shared/chrome_tokens_test.dart: ChromeContextX context.chrome returns ChromeTokens in dark theme
01:52 +681: C:/Users/Atharva Patil/AppData/Local/Temp/gymlog-session-2-isolated-_7ofw15r/test/shared/chrome_tokens_test.dart: ChromeContextX context.chrome returns ChromeTokens in dark theme
01:52 +682: C:/Users/Atharva Patil/AppData/Local/Temp/gymlog-session-2-isolated-_7ofw15r/test/shared/chrome_tokens_test.dart: ChromeContextX context.chrome returns ChromeTokens in dark theme
01:52 +683: C:/Users/Atharva Patil/AppData/Local/Temp/gymlog-session-2-isolated-_7ofw15r/test/shared/chrome_tokens_test.dart: ChromeContextX context.chrome returns ChromeTokens in dark theme
01:52 +684: C:/Users/Atharva Patil/AppData/Local/Temp/gymlog-session-2-isolated-_7ofw15r/test/shared/chrome_tokens_test.dart: ChromeContextX context.chrome returns ChromeTokens in dark theme
01:52 +685: C:/Users/Atharva Patil/AppData/Local/Temp/gymlog-session-2-isolated-_7ofw15r/test/set_row_measurement_types_test.dart: R1 — Field visibility check button is always present regardless of type
01:52 +686: C:/Users/Atharva Patil/AppData/Local/Temp/gymlog-session-2-isolated-_7ofw15r/test/shared/chrome_tokens_test.dart: ChromeContextX ChromeTokens do NOT equal AppColors.bgBaseLight in dark mode
01:52 +687: C:/Users/Atharva Patil/AppData/Local/Temp/gymlog-session-2-isolated-_7ofw15r/test/set_row_measurement_types_test.dart: R2 — Stable completion action tapping check never throws — even with empty required fields
01:53 +688: C:/Users/Atharva Patil/AppData/Local/Temp/gymlog-session-2-isolated-_7ofw15r/test/set_row_measurement_types_test.dart: R3 — Reps-only / duration / distance complete without weight kg repsOnly completes with reps only
01:53 +689: C:/Users/Atharva Patil/AppData/Local/Temp/gymlog-session-2-isolated-_7ofw15r/test/set_row_measurement_types_test.dart: R3 — Reps-only / duration / distance complete without weight kg duration completes with reps (seconds) only
01:53 +690: C:/Users/Atharva Patil/AppData/Local/Temp/gymlog-session-2-isolated-_7ofw15r/test/set_row_measurement_types_test.dart: R3 — Reps-only / duration / distance complete without weight kg distance completes with distance (weightKg) only
01:53 +691: C:/Users/Atharva Patil/AppData/Local/Temp/gymlog-session-2-isolated-_7ofw15r/test/set_row_measurement_types_test.dart: R3 — Reps-only / duration / distance complete without weight kg repsOnly completes when only previousReps is available
01:53 +692: C:/Users/Atharva Patil/AppData/Local/Temp/gymlog-session-2-isolated-_7ofw15r/test/set_row_measurement_types_test.dart: R4 — weightAndReps requires weight AND reps cannot complete with reps only (no weight, no previous)
01:53 +693: C:/Users/Atharva Patil/AppData/Local/Temp/gymlog-session-2-isolated-_7ofw15r/test/set_row_measurement_types_test.dart: R4 — weightAndReps requires weight AND reps cannot complete with weight only (no reps, no previous)
01:54 +694: C:/Users/Atharva Patil/AppData/Local/Temp/gymlog-session-2-isolated-_7ofw15r/test/set_row_measurement_types_test.dart: R4 — weightAndReps requires weight AND reps completes with both weight and reps present
01:54 +695: C:/Users/Atharva Patil/AppData/Local/Temp/gymlog-session-2-isolated-_7ofw15r/test/set_row_measurement_types_test.dart: R4 — weightAndReps requires weight AND reps completes when previousWeight satisfies the weight requirement
01:54 +696: C:/Users/Atharva Patil/AppData/Local/Temp/gymlog-session-2-isolated-_7ofw15r/test/set_row_measurement_types_test.dart: R5 — Exercise type switch switching from weightAndReps to repsOnly hides the weight field
01:54 +697: C:/Users/Atharva Patil/AppData/Local/Temp/gymlog-session-2-isolated-_7ofw15r/test/shared/widgets/body/routine_muscle_glyph_test.dart: routineGlyphZonesFor a push routine lights chest, shoulders and arms -- not legs
01:54 +698: C:/Users/Atharva Patil/AppData/Local/Temp/gymlog-session-2-isolated-_7ofw15r/test/set_row_measurement_types_test.dart: R5 — Exercise type switch switching from repsOnly to distance hides reps field
01:54 +699: C:/Users/Atharva Patil/AppData/Local/Temp/gymlog-session-2-isolated-_7ofw15r/test/set_row_measurement_types_test.dart: R5 — Exercise type switch switching from repsOnly to distance hides reps field
01:54 +700: C:/Users/Atharva Patil/AppData/Local/Temp/gymlog-session-2-isolated-_7ofw15r/test/set_row_measurement_types_test.dart: R5 — Exercise type switch switching from repsOnly to distance hides reps field
01:54 +701: C:/Users/Atharva Patil/AppData/Local/Temp/gymlog-session-2-isolated-_7ofw15r/test/set_row_measurement_types_test.dart: R5 — Exercise type switch switching from repsOnly to distance hides reps field
01:54 +702: C:/Users/Atharva Patil/AppData/Local/Temp/gymlog-session-2-isolated-_7ofw15r/test/set_row_measurement_types_test.dart: R5 — Exercise type switch switching from repsOnly to distance hides reps field
01:54 +703: C:/Users/Atharva Patil/AppData/Local/Temp/gymlog-session-2-isolated-_7ofw15r/test/set_row_measurement_types_test.dart: R5 — Exercise type switch switching from repsOnly to distance hides reps field
01:54 +704: C:/Users/Atharva Patil/AppData/Local/Temp/gymlog-session-2-isolated-_7ofw15r/test/set_row_measurement_types_test.dart: R5 — Exercise type switch switching from repsOnly to distance hides reps field
01:54 +705: C:/Users/Atharva Patil/AppData/Local/Temp/gymlog-session-2-isolated-_7ofw15r/test/set_row_measurement_types_test.dart: R5 — Exercise type switch switching from repsOnly to distance hides reps field
01:54 +706: C:/Users/Atharva Patil/AppData/Local/Temp/gymlog-session-2-isolated-_7ofw15r/test/set_row_measurement_types_test.dart: R5 — Exercise type switch switching from repsOnly to distance hides reps field
01:54 +707: C:/Users/Atharva Patil/AppData/Local/Temp/gymlog-session-2-isolated-_7ofw15r/test/set_row_measurement_types_test.dart: R6 — Inline validation tapping check with empty required fields does NOT call onToggleComplete
01:54 +708: C:/Users/Atharva Patil/AppData/Local/Temp/gymlog-session-2-isolated-_7ofw15r/test/set_row_measurement_types_test.dart: R6 — Inline validation widget survives validation tap without throwing
01:54 +709: C:/Users/Atharva Patil/AppData/Local/Temp/gymlog-session-2-isolated-_7ofw15r/test/set_row_measurement_types_test.dart: R7 — Double-tap prevention double-tap on completable set fires onToggleComplete once
01:54 +710: C:/Users/Atharva Patil/AppData/Local/Temp/gymlog-session-2-isolated-_7ofw15r/test/set_row_measurement_types_test.dart: R8 — Focus order and keyboard actions weightAndReps: weight has TextInputAction.next, reps has .next
01:54 +711: C:/Users/Atharva Patil/AppData/Local/Temp/gymlog-session-2-isolated-_7ofw15r/test/set_row_measurement_types_test.dart: R8 — Focus order and keyboard actions repsOnly: the single field has TextInputAction.next
01:54 +712: C:/Users/Atharva Patil/AppData/Local/Temp/gymlog-session-2-isolated-_7ofw15r/test/set_row_measurement_types_test.dart: R8 — Focus order and keyboard actions duration: the single field has TextInputAction.next
01:54 +713: C:/Users/Atharva Patil/AppData/Local/Temp/gymlog-session-2-isolated-_7ofw15r/test/set_row_measurement_types_test.dart: R8 — Focus order and keyboard actions distance: the single (weight-slot) field has TextInputAction.next
01:54 +714: C:/Users/Atharva Patil/AppData/Local/Temp/gymlog-session-2-isolated-_7ofw15r/test/set_row_measurement_types_test.dart: Previous label formatting weightAndReps shows "15kg x 12"
01:54 +715: C:/Users/Atharva Patil/AppData/Local/Temp/gymlog-session-2-isolated-_7ofw15r/test/set_row_measurement_types_test.dart: Previous label formatting repsOnly shows "12 reps"
01:54 +716: C:/Users/Atharva Patil/AppData/Local/Temp/gymlog-session-2-isolated-_7ofw15r/test/set_row_measurement_types_test.dart: Previous label formatting duration shows "60s"
01:55 +717: C:/Users/Atharva Patil/AppData/Local/Temp/gymlog-session-2-isolated-_7ofw15r/test/set_row_measurement_types_test.dart: Previous label formatting distance shows "400m"
01:55 +718: C:/Users/Atharva Patil/AppData/Local/Temp/gymlog-session-2-isolated-_7ofw15r/test/set_row_measurement_types_test.dart: Previous label formatting no previous data renders empty string in PREVIOUS column
01:55 +719: C:/Users/Atharva Patil/AppData/Local/Temp/gymlog-session-2-isolated-_7ofw15r/test/set_row_measurement_types_test.dart: Previous-session backfill on complete repsOnly: backfills previousReps into state
01:55 +720: C:/Users/Atharva Patil/AppData/Local/Temp/gymlog-session-2-isolated-_7ofw15r/test/set_row_measurement_types_test.dart: Previous-session backfill on complete weightAndReps: backfills both weight and reps
01:55 +721: C:/Users/Atharva Patil/AppData/Local/Temp/gymlog-session-2-isolated-_7ofw15r/test/sign_out_outcome_test.dart: SignOutCoordinator.execute outcome reports cloudSignOutFailed when the Supabase sign-out throws
01:55 +722: C:/Users/Atharva Patil/AppData/Local/Temp/gymlog-session-2-isolated-_7ofw15r/test/sign_out_outcome_test.dart: SignOutCoordinator.execute outcome reports complete when both cloud sign-outs succeed
01:55 +723: C:/Users/Atharva Patil/AppData/Local/Temp/gymlog-session-2-isolated-_7ofw15r/test/sign_out_outcome_test.dart: SignOutCoordinator.execute outcome returns complete without touching cloud when no user is signed in
01:56 +724: C:/Users/Atharva Patil/AppData/Local/Temp/gymlog-session-2-isolated-_7ofw15r/test/skeleton_radii_test.dart: WorkoutHistoryCardSkeleton thumbnail uses AppRadius.thumbnail
01:56 +725: C:/Users/Atharva Patil/AppData/Local/Temp/gymlog-session-2-isolated-_7ofw15r/test/skeleton_radii_test.dart: WorkoutHistoryCardSkeleton thumbnail uses AppRadius.thumbnail
01:56 +726: C:/Users/Atharva Patil/AppData/Local/Temp/gymlog-session-2-isolated-_7ofw15r/test/skeleton_radii_test.dart: WorkoutHistoryCardSkeleton thumbnail uses AppRadius.thumbnail
01:56 +727: C:/Users/Atharva Patil/AppData/Local/Temp/gymlog-session-2-isolated-_7ofw15r/test/skeleton_radii_test.dart: WorkoutHistoryCardSkeleton thumbnail uses AppRadius.thumbnail
01:57 +728: C:/Users/Atharva Patil/AppData/Local/Temp/gymlog-session-2-isolated-_7ofw15r/test/skeleton_radii_test.dart: RoutineDetailScreen skeleton uses correct tokenized radii
01:57 +729: C:/Users/Atharva Patil/AppData/Local/Temp/gymlog-session-2-isolated-_7ofw15r/test/skeleton_radii_test.dart: WorkoutScreen routines skeleton uses correct tokenized radii
01:57 +730: C:/Users/Atharva Patil/AppData/Local/Temp/gymlog-session-2-isolated-_7ofw15r/test/sync/sync_quarantine_and_monotonic_test.dart: corrupt payload is quarantined and does not abort pull of good objects
[SyncEngine] Quarantined object session:corrupt (reason: decodeFailure)
01:58 +731: C:/Users/Atharva Patil/AppData/Local/Temp/gymlog-session-2-isolated-_7ofw15r/test/sync/sync_quarantine_and_monotonic_test.dart: unsupported schema version is quarantined
[SyncEngine] Quarantined object session:s_future (reason: unsupportedVersion)
[SyncEngine] Quarantined object session:s_future (reason: unsupportedVersion)
01:58 +732: C:/Users/Atharva Patil/AppData/Local/Temp/gymlog-session-2-isolated-_7ofw15r/test/sync/sync_quarantine_and_monotonic_test.dart: quarantined object is removed from outbox and does not retry on every sync
[SyncEngine] Quarantined object session:bad_obj (reason: decodeFailure)
01:58 +733: C:/Users/Atharva Patil/AppData/Local/Temp/gymlog-session-2-isolated-_7ofw15r/test/sync/sync_quarantine_and_monotonic_test.dart: outbox coalesces multiple edits for (userId, entityType, entityId)
01:58 +734: C:/Users/Atharva Patil/AppData/Local/Temp/gymlog-session-2-isolated-_7ofw15r/test/sync/sync_quarantine_and_monotonic_test.dart: duplicate operation is idempotent
[SyncEngine] Quarantined object session:s1 (reason: localConstraintFailure)
01:58 +735: C:/Users/Atharva Patil/AppData/Local/Temp/gymlog-session-2-isolated-_7ofw15r/test/sync/sync_quarantine_and_monotonic_test.dart: stale revision reports conflict and clock skew does not decide winner
[SyncEngine] Quarantined object session:s1 (reason: localConstraintFailure)
01:58 +736: C:/Users/Atharva Patil/AppData/Local/Temp/gymlog-session-2-isolated-_7ofw15r/test/sync_engine_test.dart: (setUpAll)
01:58 +736: C:/Users/Atharva Patil/AppData/Local/Temp/gymlog-session-2-isolated-_7ofw15r/test/sync/sync_quarantine_and_monotonic_test.dart: account ownership mismatch is quarantined
[SyncEngine] Quarantined object session:s1 (reason: ownershipMismatch)
[SyncEngine] Quarantined object session:s1 (reason: ownershipMismatch)
01:58 +737: C:/Users/Atharva Patil/AppData/Local/Temp/gymlog-session-2-isolated-_7ofw15r/test/sync_engine_test.dart: codec round-trips and actually compresses repetitive JSON
01:58 +738: C:/Users/Atharva Patil/AppData/Local/Temp/gymlog-session-2-isolated-_7ofw15r/test/sync_engine_test.dart: codec round-trips and actually compresses repetitive JSON
01:58 +739: C:/Users/Atharva Patil/AppData/Local/Temp/gymlog-session-2-isolated-_7ofw15r/test/sync_engine_test.dart: codec round-trips and actually compresses repetitive JSON
01:58 +740: C:/Users/Atharva Patil/AppData/Local/Temp/gymlog-session-2-isolated-_7ofw15r/test/sync_engine_test.dart: enqueueSession queues one row; syncNow uploads and clears it
01:58 +741: C:/Users/Atharva Patil/AppData/Local/Temp/gymlog-session-2-isolated-_7ofw15r/test/sync_engine_test.dart: offline keeps the queue; a later retry delivers it
[SyncEngine] push failed: Exception: offline
01:58 +742: C:/Users/Atharva Patil/AppData/Local/Temp/gymlog-session-2-isolated-_7ofw15r/test/sync_engine_test.dart: re-enqueuing the same session coalesces to one queued row
01:58 +743: C:/Users/Atharva Patil/AppData/Local/Temp/gymlog-session-2-isolated-_7ofw15r/test/sync_engine_test.dart: session round-trip: push, wipe local, pull, rehydrate
01:58 +744: C:/Users/Atharva Patil/AppData/Local/Temp/gymlog-session-2-isolated-_7ofw15r/test/sync_engine_test.dart: batches large queues across multiple push calls
01:59 +745: C:/Users/Atharva Patil/AppData/Local/Temp/gymlog-session-2-isolated-_7ofw15r/test/sync_engine_test.dart: batches large queues across multiple push calls
02:01 +746: C:/Users/Atharva Patil/AppData/Local/Temp/gymlog-session-2-isolated-_7ofw15r/test/sync_engine_test.dart: batches large queues across multiple push calls
02:01 +747: C:/Users/Atharva Patil/AppData/Local/Temp/gymlog-session-2-isolated-_7ofw15r/test/sync_engine_test.dart: batches large queues across multiple push calls
02:01 +748: C:/Users/Atharva Patil/AppData/Local/Temp/gymlog-session-2-isolated-_7ofw15r/test/sync_engine_test.dart: batches large queues across multiple push calls
02:01 +749: C:/Users/Atharva Patil/AppData/Local/Temp/gymlog-session-2-isolated-_7ofw15r/test/sync_engine_test.dart: batches large queues across multiple push calls
02:01 +750: C:/Users/Atharva Patil/AppData/Local/Temp/gymlog-session-2-isolated-_7ofw15r/test/sync_engine_test.dart: batches large queues across multiple push calls
02:01 +751: C:/Users/Atharva Patil/AppData/Local/Temp/gymlog-session-2-isolated-_7ofw15r/test/sync_engine_test.dart: batches large queues across multiple push calls
02:01 +752: C:/Users/Atharva Patil/AppData/Local/Temp/gymlog-session-2-isolated-_7ofw15r/test/sync_engine_test.dart: batches large queues across multiple push calls
02:01 +753: C:/Users/Atharva Patil/AppData/Local/Temp/gymlog-session-2-isolated-_7ofw15r/test/sync_engine_test.dart: batches large queues across multiple push calls
02:01 +754: C:/Users/Atharva Patil/AppData/Local/Temp/gymlog-session-2-isolated-_7ofw15r/test/sync_engine_test.dart: batches large queues across multiple push calls
02:01 +755: C:/Users/Atharva Patil/AppData/Local/Temp/gymlog-session-2-isolated-_7ofw15r/test/sync_engine_test.dart: batches large queues across multiple push calls
02:01 +756: C:/Users/Atharva Patil/AppData/Local/Temp/gymlog-session-2-isolated-_7ofw15r/test/sync_engine_test.dart: batches large queues across multiple push calls
02:01 +757: C:/Users/Atharva Patil/AppData/Local/Temp/gymlog-session-2-isolated-_7ofw15r/test/sync_engine_test.dart: batches large queues across multiple push calls
02:01 +758: C:/Users/Atharva Patil/AppData/Local/Temp/gymlog-session-2-isolated-_7ofw15r/test/sync_engine_test.dart: batches large queues across multiple push calls
02:01 +759: C:/Users/Atharva Patil/AppData/Local/Temp/gymlog-session-2-isolated-_7ofw15r/test/sync_engine_test.dart: batches large queues across multiple push calls
02:01 +760: C:/Users/Atharva Patil/AppData/Local/Temp/gymlog-session-2-isolated-_7ofw15r/test/sync_engine_test.dart: batches large queues across multiple push calls
02:01 +761: C:/Users/Atharva Patil/AppData/Local/Temp/gymlog-session-2-isolated-_7ofw15r/test/sync_engine_test.dart: batches large queues across multiple push calls
02:01 +762: C:/Users/Atharva Patil/AppData/Local/Temp/gymlog-session-2-isolated-_7ofw15r/test/sync_engine_test.dart: batches large queues across multiple push calls
02:02 +763: C:/Users/Atharva Patil/AppData/Local/Temp/gymlog-session-2-isolated-_7ofw15r/test/sync_engine_test.dart: batches large queues across multiple push calls
02:04 +764: C:/Users/Atharva Patil/AppData/Local/Temp/gymlog-session-2-isolated-_7ofw15r/test/tour_orchestration_test.dart: SpotlightTourOverlay unresolved target does not auto-advance when target never mounts
02:04 +765: C:/Users/Atharva Patil/AppData/Local/Temp/gymlog-session-2-isolated-_7ofw15r/test/tour_orchestration_test.dart: SpotlightTourOverlay unresolved target does not auto-advance when target never mounts
02:04 +766: C:/Users/Atharva Patil/AppData/Local/Temp/gymlog-session-2-isolated-_7ofw15r/test/tour_orchestration_test.dart: SpotlightTourOverlay unresolved target does not auto-advance when target never mounts
02:04 +767: C:/Users/Atharva Patil/AppData/Local/Temp/gymlog-session-2-isolated-_7ofw15r/test/sync_engine_test.dart: routines deleting a routine queues a tombstone
02:04 +768: C:/Users/Atharva Patil/AppData/Local/Temp/gymlog-session-2-isolated-_7ofw15r/test/sync_engine_test.dart: routines deleting a routine queues a tombstone
02:04 +769: C:/Users/Atharva Patil/AppData/Local/Temp/gymlog-session-2-isolated-_7ofw15r/test/tour_orchestration_test.dart: Start Routine during tour skipOrEnd from step 2 exits the tour cleanly
02:05 +770: C:/Users/Atharva Patil/AppData/Local/Temp/gymlog-session-2-isolated-_7ofw15r/test/sync_engine_test.dart: routines pulling a deleted routine deletes it locally without re-enqueuing tombstone
02:05 +771: C:/Users/Atharva Patil/AppData/Local/Temp/gymlog-session-2-isolated-_7ofw15r/test/sync_engine_test.dart: preferences round-trip restores weight unit + rest seconds
02:05 +772: C:/Users/Atharva Patil/AppData/Local/Temp/gymlog-session-2-isolated-_7ofw15r/test/sync_engine_test.dart: (tearDownAll)
02:05 +772: C:/Users/Atharva Patil/AppData/Local/Temp/gymlog-session-2-isolated-_7ofw15r/test/ui_p0_01_device_acceptance_test.dart: UI-P0-01 Complete Device Acceptance & Geometry Test Suite DEV-01 & DEV-03: No-equipment vs Assisted Machine layout
02:07 +773: C:/Users/Atharva Patil/AppData/Local/Temp/gymlog-session-2-isolated-_7ofw15r/test/undoable_delete_test.dart: showUndoableDelete shows snackbar, handles Undo, and commits on expire/hide
02:07 +774: C:/Users/Atharva Patil/AppData/Local/Temp/gymlog-session-2-isolated-_7ofw15r/test/undoable_delete_test.dart: showUndoableDelete shows snackbar, handles Undo, and commits on expire/hide
02:07 +775: C:/Users/Atharva Patil/AppData/Local/Temp/gymlog-session-2-isolated-_7ofw15r/test/undoable_delete_test.dart: showUndoableDelete shows snackbar, handles Undo, and commits on expire/hide
02:07 +776: C:/Users/Atharva Patil/AppData/Local/Temp/gymlog-session-2-isolated-_7ofw15r/test/undoable_delete_test.dart: showUndoableDelete shows snackbar, handles Undo, and commits on expire/hide
02:09 +777: C:/Users/Atharva Patil/AppData/Local/Temp/gymlog-session-2-isolated-_7ofw15r/test/upgrade/error_reassurance_render_test.dart: async-error-higgsfield-1.0x-synthetic
02:10 +778: C:/Users/Atharva Patil/AppData/Local/Temp/gymlog-session-2-isolated-_7ofw15r/test/upgrade/error_reassurance_render_test.dart: async-error-higgsfield-1.0x-synthetic
02:11 +779: C:/Users/Atharva Patil/AppData/Local/Temp/gymlog-session-2-isolated-_7ofw15r/test/upgrade/error_reassurance_render_test.dart: async-error-higgsfield-1.0x-synthetic
02:11 +780: C:/Users/Atharva Patil/AppData/Local/Temp/gymlog-session-2-isolated-_7ofw15r/test/upgrade/error_reassurance_render_test.dart: async-error-higgsfield-1.0x-synthetic
02:11 +781: C:/Users/Atharva Patil/AppData/Local/Temp/gymlog-session-2-isolated-_7ofw15r/test/upgrade/error_reassurance_render_test.dart: async-error-higgsfield-1.0x-synthetic
02:11 +782: C:/Users/Atharva Patil/AppData/Local/Temp/gymlog-session-2-isolated-_7ofw15r/test/upgrade/error_reassurance_render_test.dart: async-error-higgsfield-1.0x-synthetic
02:11 +783: C:/Users/Atharva Patil/AppData/Local/Temp/gymlog-session-2-isolated-_7ofw15r/test/upgrade/error_reassurance_render_test.dart: async-error-higgsfield-1.0x-synthetic
02:11 +784: C:/Users/Atharva Patil/AppData/Local/Temp/gymlog-session-2-isolated-_7ofw15r/test/upgrade/error_reassurance_render_test.dart: async-error-higgsfield-1.0x-synthetic
02:11 +785: C:/Users/Atharva Patil/AppData/Local/Temp/gymlog-session-2-isolated-_7ofw15r/test/upgrade/error_reassurance_render_test.dart: async-error-higgsfield-1.0x-synthetic
02:11 +786: C:/Users/Atharva Patil/AppData/Local/Temp/gymlog-session-2-isolated-_7ofw15r/test/upgrade/error_reassurance_render_test.dart: async-error-higgsfield-1.0x-synthetic
02:11 +787: C:/Users/Atharva Patil/AppData/Local/Temp/gymlog-session-2-isolated-_7ofw15r/test/upgrade/error_reassurance_render_test.dart: async-error-higgsfield-1.0x-synthetic
02:11 +788: C:/Users/Atharva Patil/AppData/Local/Temp/gymlog-session-2-isolated-_7ofw15r/test/upgrade/error_reassurance_render_test.dart: async-error-higgsfield-1.0x-synthetic
02:11 +789: C:/Users/Atharva Patil/AppData/Local/Temp/gymlog-session-2-isolated-_7ofw15r/test/upgrade/error_reassurance_render_test.dart: async-error-higgsfield-1.0x-synthetic
02:11 +790: C:/Users/Atharva Patil/AppData/Local/Temp/gymlog-session-2-isolated-_7ofw15r/test/upgrade/error_reassurance_render_test.dart: async-error-higgsfield-1.0x-synthetic
02:11 +791: C:/Users/Atharva Patil/AppData/Local/Temp/gymlog-session-2-isolated-_7ofw15r/test/upgrade/error_reassurance_render_test.dart: async-error-higgsfield-1.0x-synthetic
02:11 +792: C:/Users/Atharva Patil/AppData/Local/Temp/gymlog-session-2-isolated-_7ofw15r/test/upgrade/error_reassurance_render_test.dart: async-error-higgsfield-1.0x-synthetic
02:11 +793: C:/Users/Atharva Patil/AppData/Local/Temp/gymlog-session-2-isolated-_7ofw15r/test/upgrade/error_reassurance_render_test.dart: async-error-higgsfield-1.0x-synthetic
02:11 +794: C:/Users/Atharva Patil/AppData/Local/Temp/gymlog-session-2-isolated-_7ofw15r/test/upgrade/error_reassurance_render_test.dart: async-error-higgsfield-1.0x-synthetic
02:11 +795: C:/Users/Atharva Patil/AppData/Local/Temp/gymlog-session-2-isolated-_7ofw15r/test/upgrade/error_reassurance_render_test.dart: async-error-higgsfield-1.0x-synthetic
02:11 +796: C:/Users/Atharva Patil/AppData/Local/Temp/gymlog-session-2-isolated-_7ofw15r/test/upgrade/error_reassurance_render_test.dart: async-error-higgsfield-1.0x-synthetic
02:11 +797: C:/Users/Atharva Patil/AppData/Local/Temp/gymlog-session-2-isolated-_7ofw15r/test/upgrade/error_reassurance_render_test.dart: async-error-higgsfield-1.0x-synthetic
02:11 +798: C:/Users/Atharva Patil/AppData/Local/Temp/gymlog-session-2-isolated-_7ofw15r/test/upgrade/error_reassurance_render_test.dart: async-error-higgsfield-1.0x-synthetic
02:11 +799: C:/Users/Atharva Patil/AppData/Local/Temp/gymlog-session-2-isolated-_7ofw15r/test/upgrade/error_reassurance_render_test.dart: async-error-higgsfield-1.0x-synthetic
02:11 +800: C:/Users/Atharva Patil/AppData/Local/Temp/gymlog-session-2-isolated-_7ofw15r/test/upgrade/session_1_correctness_test.dart: pace celebration converts current and previous spoken pace
02:12 +801: C:/Users/Atharva Patil/AppData/Local/Temp/gymlog-session-2-isolated-_7ofw15r/test/upgrade/session_1_correctness_test.dart: pace celebration converts current and previous spoken pace
02:12 +802: C:/Users/Atharva Patil/AppData/Local/Temp/gymlog-session-2-isolated-_7ofw15r/test/upgrade/session_1_correctness_test.dart: pace celebration converts current and previous spoken pace
02:13 +803: C:/Users/Atharva Patil/AppData/Local/Temp/gymlog-session-2-isolated-_7ofw15r/test/upgrade/session_1_correctness_test.dart: pace celebration converts current and previous spoken pace
02:13 +804: C:/Users/Atharva Patil/AppData/Local/Temp/gymlog-session-2-isolated-_7ofw15r/test/upgrade/session_1_correctness_test.dart: pace celebration converts current and previous spoken pace
02:13 +805: C:/Users/Atharva Patil/AppData/Local/Temp/gymlog-session-2-isolated-_7ofw15r/test/upgrade/error_reassurance_test.dart: offline sync status does not claim a completed save or guaranteed backup
02:13 +806: C:/Users/Atharva Patil/AppData/Local/Temp/gymlog-session-2-isolated-_7ofw15r/test/upgrade/error_reassurance_test.dart: offline sync status does not claim a completed save or guaranteed backup
02:13 +807: C:/Users/Atharva Patil/AppData/Local/Temp/gymlog-session-2-isolated-_7ofw15r/test/upgrade/error_reassurance_test.dart: offline sync status does not claim a completed save or guaranteed backup
02:14 +808: C:/Users/Atharva Patil/AppData/Local/Temp/gymlog-session-2-isolated-_7ofw15r/test/upgrade/session_1_render_test.dart: header-weighted-higgsfield-1.0x-synthetic
02:14 +809: C:/Users/Atharva Patil/AppData/Local/Temp/gymlog-session-2-isolated-_7ofw15r/test/upgrade/session_1_render_test.dart: header-weighted-higgsfield-1.0x-synthetic
02:14 +810: C:/Users/Atharva Patil/AppData/Local/Temp/gymlog-session-2-isolated-_7ofw15r/test/upgrade/session_1_render_test.dart: header-weighted-higgsfield-1.0x-synthetic
02:15 +811: C:/Users/Atharva Patil/AppData/Local/Temp/gymlog-session-2-isolated-_7ofw15r/test/upgrade/session_1_render_test.dart: header-weighted-higgsfield-1.0x-synthetic
02:15 +812: C:/Users/Atharva Patil/AppData/Local/Temp/gymlog-session-2-isolated-_7ofw15r/test/upgrade/session_1_render_test.dart: header-weighted-higgsfield-1.0x-synthetic
02:15 +813: C:/Users/Atharva Patil/AppData/Local/Temp/gymlog-session-2-isolated-_7ofw15r/test/upgrade/session_1_render_test.dart: header-weighted-higgsfield-1.0x-synthetic
02:16 +814: C:/Users/Atharva Patil/AppData/Local/Temp/gymlog-session-2-isolated-_7ofw15r/test/upgrade/session_1_render_test.dart: header-weighted-higgsfield-1.0x-synthetic
02:16 +815: C:/Users/Atharva Patil/AppData/Local/Temp/gymlog-session-2-isolated-_7ofw15r/test/upgrade/error_reassurance_render_test.dart: offline-higgsfield-1.0x-synthetic
02:16 +816: C:/Users/Atharva Patil/AppData/Local/Temp/gymlog-session-2-isolated-_7ofw15r/test/upgrade/error_reassurance_test.dart: storage-pro describes successful saves without instant/guaranteed backup claims
02:16 +817: C:/Users/Atharva Patil/AppData/Local/Temp/gymlog-session-2-isolated-_7ofw15r/test/upgrade/error_reassurance_test.dart: storage-pro describes successful saves without instant/guaranteed backup claims
02:16 +818: C:/Users/Atharva Patil/AppData/Local/Temp/gymlog-session-2-isolated-_7ofw15r/test/upgrade/error_reassurance_test.dart: storage-pro describes successful saves without instant/guaranteed backup claims
02:16 +819: C:/Users/Atharva Patil/AppData/Local/Temp/gymlog-session-2-isolated-_7ofw15r/test/upgrade/session_1_correctness_test.dart: finish review does not announce completion before save
02:16 +820: C:/Users/Atharva Patil/AppData/Local/Temp/gymlog-session-2-isolated-_7ofw15r/test/upgrade/session_1_correctness_test.dart: finish review does not announce completion before save
02:16 +821: C:/Users/Atharva Patil/AppData/Local/Temp/gymlog-session-2-isolated-_7ofw15r/test/upgrade/session_1_correctness_test.dart: finish review does not announce completion before save
02:17 +822: C:/Users/Atharva Patil/AppData/Local/Temp/gymlog-session-2-isolated-_7ofw15r/test/upgrade/session_1_correctness_test.dart: finish review does not announce completion before save
02:17 +823: C:/Users/Atharva Patil/AppData/Local/Temp/gymlog-session-2-isolated-_7ofw15r/test/upgrade/session_1_correctness_test.dart: finish review does not announce completion before save
02:17 +824: C:/Users/Atharva Patil/AppData/Local/Temp/gymlog-session-2-isolated-_7ofw15r/test/upgrade/session_1_correctness_test.dart: finish review does not announce completion before save
02:17 +825: C:/Users/Atharva Patil/AppData/Local/Temp/gymlog-session-2-isolated-_7ofw15r/test/upgrade/error_reassurance_test.dart: Pro storage heading does not assert an existing cloud backup
02:17 +826: C:/Users/Atharva Patil/AppData/Local/Temp/gymlog-session-2-isolated-_7ofw15r/test/upgrade/error_reassurance_test.dart: Pro storage heading does not assert an existing cloud backup
02:17 +827: C:/Users/Atharva Patil/AppData/Local/Temp/gymlog-session-2-isolated-_7ofw15r/test/upgrade/session_1_render_test.dart: finish-weighted-higgsfield-1.0x-synthetic
02:18 +828: C:/Users/Atharva Patil/AppData/Local/Temp/gymlog-session-2-isolated-_7ofw15r/test/upgrade/session_1_render_test.dart: finish-weighted-higgsfield-1.0x-synthetic
02:18 +829: C:/Users/Atharva Patil/AppData/Local/Temp/gymlog-session-2-isolated-_7ofw15r/test/upgrade/error_reassurance_render_test.dart: storage-pro-higgsfield-1.0x-synthetic
02:18 +830: C:/Users/Atharva Patil/AppData/Local/Temp/gymlog-session-2-isolated-_7ofw15r/test/upgrade/error_reassurance_render_test.dart: storage-pro-higgsfield-1.0x-synthetic
02:18 +831: C:/Users/Atharva Patil/AppData/Local/Temp/gymlog-session-2-isolated-_7ofw15r/test/upgrade/session_1_render_test.dart: finish-timed-higgsfield-1.0x-synthetic
02:18 +832: C:/Users/Atharva Patil/AppData/Local/Temp/gymlog-session-2-isolated-_7ofw15r/test/upgrade/error_reassurance_render_test.dart: async-error-higgsfield-1.6x-synthetic
02:18 +833: C:/Users/Atharva Patil/AppData/Local/Temp/gymlog-session-2-isolated-_7ofw15r/test/upgrade/session_1_render_test.dart: finish-distance-higgsfield-1.0x-synthetic
02:18 +834: C:/Users/Atharva Patil/AppData/Local/Temp/gymlog-session-2-isolated-_7ofw15r/test/upgrade/session_1_render_test.dart: finish-distance-higgsfield-1.0x-synthetic
02:18 +835: C:/Users/Atharva Patil/AppData/Local/Temp/gymlog-session-2-isolated-_7ofw15r/test/upgrade/error_reassurance_render_test.dart: detail-error-higgsfield-1.6x-synthetic
02:19 +836: C:/Users/Atharva Patil/AppData/Local/Temp/gymlog-session-2-isolated-_7ofw15r/test/upgrade/session_1_render_test.dart: pr-higgsfield-1.0x-synthetic
02:19 +837: C:/Users/Atharva Patil/AppData/Local/Temp/gymlog-session-2-isolated-_7ofw15r/test/upgrade/error_reassurance_render_test.dart: routine-error-higgsfield-1.6x-synthetic
02:19 +838: C:/Users/Atharva Patil/AppData/Local/Temp/gymlog-session-2-isolated-_7ofw15r/test/upgrade/session_1_render_test.dart: pr-pace-higgsfield-1.0x-synthetic
02:19 +839: C:/Users/Atharva Patil/AppData/Local/Temp/gymlog-session-2-isolated-_7ofw15r/test/upgrade/error_reassurance_render_test.dart: roles-higgsfield-1.6x-synthetic
02:19 +840: C:/Users/Atharva Patil/AppData/Local/Temp/gymlog-session-2-isolated-_7ofw15r/test/upgrade/session_1_render_test.dart: share-monument-higgsfield-1.0x-synthetic
02:19 +841: C:/Users/Atharva Patil/AppData/Local/Temp/gymlog-session-2-isolated-_7ofw15r/test/upgrade/error_reassurance_render_test.dart: offline-higgsfield-1.6x-synthetic
02:19 +842: C:/Users/Atharva Patil/AppData/Local/Temp/gymlog-session-2-isolated-_7ofw15r/test/upgrade/error_reassurance_render_test.dart: offline-higgsfield-1.6x-synthetic
02:19 +843: C:/Users/Atharva Patil/AppData/Local/Temp/gymlog-session-2-isolated-_7ofw15r/test/upgrade/error_reassurance_render_test.dart: offline-higgsfield-1.6x-synthetic
02:20 +844: C:/Users/Atharva Patil/AppData/Local/Temp/gymlog-session-2-isolated-_7ofw15r/test/upgrade/session_1_render_test.dart: share-duration-monument-higgsfield-1.0x-synthetic
02:20 +845: C:/Users/Atharva Patil/AppData/Local/Temp/gymlog-session-2-isolated-_7ofw15r/test/upgrade/error_reassurance_render_test.dart: sync-error-higgsfield-1.6x-synthetic
02:20 +846: C:/Users/Atharva Patil/AppData/Local/Temp/gymlog-session-2-isolated-_7ofw15r/test/upgrade/error_reassurance_render_test.dart: sync-error-higgsfield-1.6x-synthetic
02:20 +847: C:/Users/Atharva Patil/AppData/Local/Temp/gymlog-session-2-isolated-_7ofw15r/test/upgrade/error_reassurance_render_test.dart: sync-error-higgsfield-1.6x-synthetic
02:20 +848: C:/Users/Atharva Patil/AppData/Local/Temp/gymlog-session-2-isolated-_7ofw15r/test/upgrade/session_1_render_test.dart: share-distance-monument-higgsfield-1.0x-synthetic
02:20 +849: C:/Users/Atharva Patil/AppData/Local/Temp/gymlog-session-2-isolated-_7ofw15r/test/upgrade/error_reassurance_render_test.dart: storage-free-higgsfield-1.6x-synthetic
02:20 +850: C:/Users/Atharva Patil/AppData/Local/Temp/gymlog-session-2-isolated-_7ofw15r/test/upgrade/error_reassurance_render_test.dart: storage-free-higgsfield-1.6x-synthetic
02:20 +851: C:/Users/Atharva Patil/AppData/Local/Temp/gymlog-session-2-isolated-_7ofw15r/test/upgrade/error_reassurance_render_test.dart: storage-free-higgsfield-1.6x-synthetic
02:20 +852: C:/Users/Atharva Patil/AppData/Local/Temp/gymlog-session-2-isolated-_7ofw15r/test/upgrade/session_1_render_test.dart: share-pace-monument-higgsfield-1.0x-synthetic
02:20 +853: C:/Users/Atharva Patil/AppData/Local/Temp/gymlog-session-2-isolated-_7ofw15r/test/upgrade/error_reassurance_render_test.dart: storage-pro-higgsfield-1.6x-synthetic
02:21 +854: C:/Users/Atharva Patil/AppData/Local/Temp/gymlog-session-2-isolated-_7ofw15r/test/upgrade/error_reassurance_render_test.dart: storage-pro-higgsfield-1.6x-synthetic
02:21 +855: C:/Users/Atharva Patil/AppData/Local/Temp/gymlog-session-2-isolated-_7ofw15r/test/upgrade/error_reassurance_render_test.dart: storage-pro-higgsfield-1.6x-synthetic
02:21 +856: C:/Users/Atharva Patil/AppData/Local/Temp/gymlog-session-2-isolated-_7ofw15r/test/upgrade/session_1_render_test.dart: detail-higgsfield-1.0x-synthetic
02:21 +857: C:/Users/Atharva Patil/AppData/Local/Temp/gymlog-session-2-isolated-_7ofw15r/test/upgrade/session_1_render_test.dart: detail-higgsfield-1.0x-synthetic
02:21 +858: C:/Users/Atharva Patil/AppData/Local/Temp/gymlog-session-2-isolated-_7ofw15r/test/upgrade/session_1_render_test.dart: detail-higgsfield-1.0x-synthetic
02:22 +859: C:/Users/Atharva Patil/AppData/Local/Temp/gymlog-session-2-isolated-_7ofw15r/test/upgrade/session_1_render_test.dart: detail-higgsfield-1.0x-synthetic
02:22 +860: C:/Users/Atharva Patil/AppData/Local/Temp/gymlog-session-2-isolated-_7ofw15r/test/upgrade/session_2_acceptance_render_test.dart: home-chosen-higgsfield-1.0x-synthetic
02:22 +861: C:/Users/Atharva Patil/AppData/Local/Temp/gymlog-session-2-isolated-_7ofw15r/test/upgrade/session_2_acceptance_render_test.dart: home-chosen-higgsfield-1.0x-synthetic
02:22 +862: C:/Users/Atharva Patil/AppData/Local/Temp/gymlog-session-2-isolated-_7ofw15r/test/upgrade/session_2_acceptance_render_test.dart: home-chosen-higgsfield-1.0x-synthetic
02:22 +863: C:/Users/Atharva Patil/AppData/Local/Temp/gymlog-session-2-isolated-_7ofw15r/test/upgrade/session_2_acceptance_render_test.dart: home-chosen-higgsfield-1.0x-synthetic
02:23 +864: C:/Users/Atharva Patil/AppData/Local/Temp/gymlog-session-2-isolated-_7ofw15r/test/upgrade/session_2_acceptance_render_test.dart: home-chosen-higgsfield-1.0x-synthetic
02:23 +865: C:/Users/Atharva Patil/AppData/Local/Temp/gymlog-session-2-isolated-_7ofw15r/test/upgrade/session_2_acceptance_render_test.dart: home-chosen-higgsfield-1.0x-synthetic
02:24 +866: C:/Users/Atharva Patil/AppData/Local/Temp/gymlog-session-2-isolated-_7ofw15r/test/upgrade/session_2_acceptance_render_test.dart: home-chosen-higgsfield-1.0x-synthetic
02:24 +867: C:/Users/Atharva Patil/AppData/Local/Temp/gymlog-session-2-isolated-_7ofw15r/test/upgrade/session_2_acceptance_render_test.dart: home-chosen-higgsfield-1.0x-synthetic
02:24 +868: C:/Users/Atharva Patil/AppData/Local/Temp/gymlog-session-2-isolated-_7ofw15r/test/upgrade/session_2_acceptance_render_test.dart: home-chosen-higgsfield-1.0x-synthetic
02:25 +869: C:/Users/Atharva Patil/AppData/Local/Temp/gymlog-session-2-isolated-_7ofw15r/test/upgrade/session_2_acceptance_render_test.dart: home-chosen-higgsfield-1.0x-synthetic
02:26 +870: C:/Users/Atharva Patil/AppData/Local/Temp/gymlog-session-2-isolated-_7ofw15r/test/upgrade/session_2_acceptance_render_test.dart: home-chosen-higgsfield-1.0x-synthetic
02:27 +871: C:/Users/Atharva Patil/AppData/Local/Temp/gymlog-session-2-isolated-_7ofw15r/test/upgrade/session_2_acceptance_render_test.dart: home-chosen-higgsfield-1.0x-synthetic
02:27 +872: C:/Users/Atharva Patil/AppData/Local/Temp/gymlog-session-2-isolated-_7ofw15r/test/upgrade/session_2_acceptance_render_test.dart: home-chosen-higgsfield-1.0x-synthetic
02:27 +873: C:/Users/Atharva Patil/AppData/Local/Temp/gymlog-session-2-isolated-_7ofw15r/test/upgrade/session_2_acceptance_render_test.dart: home-chosen-higgsfield-1.0x-synthetic
02:27 +874: C:/Users/Atharva Patil/AppData/Local/Temp/gymlog-session-2-isolated-_7ofw15r/test/upgrade/session_2_acceptance_render_test.dart: home-chosen-higgsfield-1.0x-synthetic
02:28 +875: C:/Users/Atharva Patil/AppData/Local/Temp/gymlog-session-2-isolated-_7ofw15r/test/upgrade/session_2_acceptance_render_test.dart: home-chosen-higgsfield-1.0x-synthetic
02:28 +876: C:/Users/Atharva Patil/AppData/Local/Temp/gymlog-session-2-isolated-_7ofw15r/test/upgrade/session_2_acceptance_render_test.dart: home-chosen-higgsfield-1.0x-synthetic
02:28 +877: C:/Users/Atharva Patil/AppData/Local/Temp/gymlog-session-2-isolated-_7ofw15r/test/upgrade/session_2_acceptance_render_test.dart: home-chosen-higgsfield-1.0x-synthetic
02:28 +878: C:/Users/Atharva Patil/AppData/Local/Temp/gymlog-session-2-isolated-_7ofw15r/test/upgrade/session_2_acceptance_render_test.dart: home-chosen-higgsfield-1.0x-synthetic
02:28 +879: C:/Users/Atharva Patil/AppData/Local/Temp/gymlog-session-2-isolated-_7ofw15r/test/upgrade/session_2_acceptance_render_test.dart: home-chosen-higgsfield-1.0x-synthetic
02:29 +880: C:/Users/Atharva Patil/AppData/Local/Temp/gymlog-session-2-isolated-_7ofw15r/test/upgrade/session_2_acceptance_render_test.dart: home-chosen-higgsfield-1.0x-synthetic
02:29 +881: C:/Users/Atharva Patil/AppData/Local/Temp/gymlog-session-2-isolated-_7ofw15r/test/upgrade/session_2_acceptance_render_test.dart: home-chosen-higgsfield-1.0x-synthetic
02:29 +882: C:/Users/Atharva Patil/AppData/Local/Temp/gymlog-session-2-isolated-_7ofw15r/test/upgrade/session_2_acceptance_render_test.dart: home-chosen-higgsfield-1.0x-synthetic
02:29 +883: C:/Users/Atharva Patil/AppData/Local/Temp/gymlog-session-2-isolated-_7ofw15r/test/upgrade/session_2_acceptance_render_test.dart: home-chosen-higgsfield-1.0x-synthetic
02:30 +884: C:/Users/Atharva Patil/AppData/Local/Temp/gymlog-session-2-isolated-_7ofw15r/test/upgrade/session_2_acceptance_render_test.dart: home-chosen-higgsfield-1.0x-synthetic
02:30 +885: C:/Users/Atharva Patil/AppData/Local/Temp/gymlog-session-2-isolated-_7ofw15r/test/upgrade/session_2_acceptance_render_test.dart: home-chosen-higgsfield-1.0x-synthetic
02:30 +886: C:/Users/Atharva Patil/AppData/Local/Temp/gymlog-session-2-isolated-_7ofw15r/test/upgrade/session_2_acceptance_render_test.dart: home-chosen-higgsfield-1.0x-synthetic
02:30 +887: C:/Users/Atharva Patil/AppData/Local/Temp/gymlog-session-2-isolated-_7ofw15r/test/upgrade/session_2_acceptance_render_test.dart: home-chosen-higgsfield-1.0x-synthetic
02:30 +888: C:/Users/Atharva Patil/AppData/Local/Temp/gymlog-session-2-isolated-_7ofw15r/test/upgrade/session_2_acceptance_render_test.dart: home-chosen-higgsfield-1.0x-synthetic
02:30 +889: C:/Users/Atharva Patil/AppData/Local/Temp/gymlog-session-2-isolated-_7ofw15r/test/upgrade/session_2_acceptance_render_test.dart: home-chosen-higgsfield-1.0x-synthetic
02:31 +890: C:/Users/Atharva Patil/AppData/Local/Temp/gymlog-session-2-isolated-_7ofw15r/test/upgrade/session_2_acceptance_render_test.dart: home-chosen-higgsfield-1.0x-synthetic
02:31 +891: C:/Users/Atharva Patil/AppData/Local/Temp/gymlog-session-2-isolated-_7ofw15r/test/upgrade/session_2_acceptance_render_test.dart: home-chosen-higgsfield-1.0x-synthetic
02:31 +892: C:/Users/Atharva Patil/AppData/Local/Temp/gymlog-session-2-isolated-_7ofw15r/test/upgrade/session_2_acceptance_render_test.dart: home-chosen-higgsfield-1.0x-synthetic
02:31 +893: C:/Users/Atharva Patil/AppData/Local/Temp/gymlog-session-2-isolated-_7ofw15r/test/upgrade/session_2_acceptance_render_test.dart: home-chosen-higgsfield-1.0x-synthetic
02:31 +894: C:/Users/Atharva Patil/AppData/Local/Temp/gymlog-session-2-isolated-_7ofw15r/test/upgrade/session_2_acceptance_render_test.dart: home-chosen-higgsfield-1.0x-synthetic
02:31 +895: C:/Users/Atharva Patil/AppData/Local/Temp/gymlog-session-2-isolated-_7ofw15r/test/upgrade/session_2_acceptance_render_test.dart: home-chosen-higgsfield-1.0x-synthetic
02:31 +896: C:/Users/Atharva Patil/AppData/Local/Temp/gymlog-session-2-isolated-_7ofw15r/test/upgrade/session_2_acceptance_render_test.dart: home-chosen-higgsfield-1.0x-synthetic
02:32 +897: C:/Users/Atharva Patil/AppData/Local/Temp/gymlog-session-2-isolated-_7ofw15r/test/upgrade/session_2_acceptance_render_test.dart: home-chosen-higgsfield-1.0x-synthetic
02:32 +898: C:/Users/Atharva Patil/AppData/Local/Temp/gymlog-session-2-isolated-_7ofw15r/test/upgrade/session_2_acceptance_render_test.dart: home-chosen-higgsfield-1.0x-synthetic
02:32 +899: C:/Users/Atharva Patil/AppData/Local/Temp/gymlog-session-2-isolated-_7ofw15r/test/upgrade/session_2_acceptance_render_test.dart: home-chosen-higgsfield-1.0x-synthetic
02:32 +900: C:/Users/Atharva Patil/AppData/Local/Temp/gymlog-session-2-isolated-_7ofw15r/test/upgrade/session_2_acceptance_render_test.dart: home-chosen-higgsfield-1.0x-synthetic
02:32 +901: C:/Users/Atharva Patil/AppData/Local/Temp/gymlog-session-2-isolated-_7ofw15r/test/upgrade/session_2_acceptance_render_test.dart: home-chosen-higgsfield-1.0x-synthetic
02:32 +902: C:/Users/Atharva Patil/AppData/Local/Temp/gymlog-session-2-isolated-_7ofw15r/test/upgrade/session_2_acceptance_render_test.dart: home-chosen-higgsfield-1.0x-synthetic
02:32 +903: C:/Users/Atharva Patil/AppData/Local/Temp/gymlog-session-2-isolated-_7ofw15r/test/upgrade/session_2_acceptance_render_test.dart: home-chosen-higgsfield-1.0x-synthetic
02:32 +904: C:/Users/Atharva Patil/AppData/Local/Temp/gymlog-session-2-isolated-_7ofw15r/test/upgrade/session_2_acceptance_render_test.dart: home-chosen-higgsfield-1.0x-synthetic
02:33 +905: C:/Users/Atharva Patil/AppData/Local/Temp/gymlog-session-2-isolated-_7ofw15r/test/upgrade/session_2_acceptance_render_test.dart: home-chosen-higgsfield-1.0x-synthetic
02:33 +906: C:/Users/Atharva Patil/AppData/Local/Temp/gymlog-session-2-isolated-_7ofw15r/test/upgrade/session_2_acceptance_render_test.dart: home-chosen-higgsfield-1.0x-synthetic
02:33 +907: C:/Users/Atharva Patil/AppData/Local/Temp/gymlog-session-2-isolated-_7ofw15r/test/upgrade/session_2_acceptance_render_test.dart: home-chosen-higgsfield-1.0x-synthetic
02:33 +908: C:/Users/Atharva Patil/AppData/Local/Temp/gymlog-session-2-isolated-_7ofw15r/test/upgrade/session_2_acceptance_render_test.dart: home-chosen-higgsfield-1.0x-synthetic
02:33 +909: C:/Users/Atharva Patil/AppData/Local/Temp/gymlog-session-2-isolated-_7ofw15r/test/upgrade/session_2_acceptance_render_test.dart: home-chosen-higgsfield-1.0x-synthetic
02:33 +910: C:/Users/Atharva Patil/AppData/Local/Temp/gymlog-session-2-isolated-_7ofw15r/test/upgrade/session_2_acceptance_render_test.dart: home-chosen-higgsfield-1.0x-synthetic
02:33 +911: C:/Users/Atharva Patil/AppData/Local/Temp/gymlog-session-2-isolated-_7ofw15r/test/upgrade/session_2_acceptance_render_test.dart: home-chosen-higgsfield-1.0x-synthetic
02:34 +912: C:/Users/Atharva Patil/AppData/Local/Temp/gymlog-session-2-isolated-_7ofw15r/test/upgrade/session_2_acceptance_render_test.dart: home-chosen-higgsfield-1.0x-synthetic
02:34 +913: C:/Users/Atharva Patil/AppData/Local/Temp/gymlog-session-2-isolated-_7ofw15r/test/upgrade/session_2_launchpad_test.dart: home uses explicit choice and one-tap Change
02:34 +914: C:/Users/Atharva Patil/AppData/Local/Temp/gymlog-session-2-isolated-_7ofw15r/test/upgrade/session_2_launchpad_test.dart: home uses explicit choice and one-tap Change
02:34 +915: C:/Users/Atharva Patil/AppData/Local/Temp/gymlog-session-2-isolated-_7ofw15r/test/upgrade/session_2_launchpad_test.dart: home uses explicit choice and one-tap Change
02:34 +916: C:/Users/Atharva Patil/AppData/Local/Temp/gymlog-session-2-isolated-_7ofw15r/test/upgrade/session_2_launchpad_test.dart: home uses explicit choice and one-tap Change
02:34 +917: C:/Users/Atharva Patil/AppData/Local/Temp/gymlog-session-2-isolated-_7ofw15r/test/upgrade/session_2_launchpad_test.dart: home uses explicit choice and one-tap Change
02:34 +918: C:/Users/Atharva Patil/AppData/Local/Temp/gymlog-session-2-isolated-_7ofw15r/test/upgrade/session_2_launchpad_test.dart: home uses explicit choice and one-tap Change
02:34 +919: C:/Users/Atharva Patil/AppData/Local/Temp/gymlog-session-2-isolated-_7ofw15r/test/upgrade/session_2_launchpad_test.dart: home uses explicit choice and one-tap Change
02:34 +920: C:/Users/Atharva Patil/AppData/Local/Temp/gymlog-session-2-isolated-_7ofw15r/test/upgrade/session_2_launchpad_test.dart: home uses explicit choice and one-tap Change
02:34 +921: C:/Users/Atharva Patil/AppData/Local/Temp/gymlog-session-2-isolated-_7ofw15r/test/upgrade/session_2_launchpad_test.dart: home uses explicit choice and one-tap Change
02:34 +922: C:/Users/Atharva Patil/AppData/Local/Temp/gymlog-session-2-isolated-_7ofw15r/test/upgrade/session_2_launchpad_test.dart: home uses explicit choice and one-tap Change
02:34 +923: C:/Users/Atharva Patil/AppData/Local/Temp/gymlog-session-2-isolated-_7ofw15r/test/upgrade/error_reassurance_render_test.dart: sync-error-white-1.0x-synthetic
02:35 +924: C:/Users/Atharva Patil/AppData/Local/Temp/gymlog-session-2-isolated-_7ofw15r/test/upgrade/session_2_acceptance_render_test.dart: home-no-choice-higgsfield-1.0x-synthetic
02:35 +925: C:/Users/Atharva Patil/AppData/Local/Temp/gymlog-session-2-isolated-_7ofw15r/test/upgrade/session_2_acceptance_render_test.dart: home-no-choice-higgsfield-1.0x-synthetic
02:35 +926: C:/Users/Atharva Patil/AppData/Local/Temp/gymlog-session-2-isolated-_7ofw15r/test/upgrade/session_2_acceptance_render_test.dart: home-no-choice-higgsfield-1.0x-synthetic
02:35 +927: C:/Users/Atharva Patil/AppData/Local/Temp/gymlog-session-2-isolated-_7ofw15r/test/upgrade/error_reassurance_render_test.dart: storage-free-white-1.0x-synthetic
02:35 +928: C:/Users/Atharva Patil/AppData/Local/Temp/gymlog-session-2-isolated-_7ofw15r/test/upgrade/error_reassurance_render_test.dart: storage-free-white-1.0x-synthetic
02:35 +929: C:/Users/Atharva Patil/AppData/Local/Temp/gymlog-session-2-isolated-_7ofw15r/test/upgrade/session_2_launchpad_test.dart: home shows a deleted choice without replacing it
02:35 +930: C:/Users/Atharva Patil/AppData/Local/Temp/gymlog-session-2-isolated-_7ofw15r/test/upgrade/session_2_launchpad_test.dart: home shows a deleted choice without replacing it
02:35 +931: C:/Users/Atharva Patil/AppData/Local/Temp/gymlog-session-2-isolated-_7ofw15r/test/upgrade/session_2_acceptance_render_test.dart: library-no-choice-higgsfield-1.0x-synthetic
02:35 +932: C:/Users/Atharva Patil/AppData/Local/Temp/gymlog-session-2-isolated-_7ofw15r/test/upgrade/error_reassurance_render_test.dart: storage-pro-white-1.0x-synthetic
02:35 +933: C:/Users/Atharva Patil/AppData/Local/Temp/gymlog-session-2-isolated-_7ofw15r/test/upgrade/error_reassurance_render_test.dart: storage-pro-white-1.0x-synthetic
02:35 +934: C:/Users/Atharva Patil/AppData/Local/Temp/gymlog-session-2-isolated-_7ofw15r/test/upgrade/error_reassurance_render_test.dart: storage-pro-white-1.0x-synthetic
02:35 +935: C:/Users/Atharva Patil/AppData/Local/Temp/gymlog-session-2-isolated-_7ofw15r/test/upgrade/error_reassurance_render_test.dart: storage-pro-white-1.0x-synthetic
02:36 +936: C:/Users/Atharva Patil/AppData/Local/Temp/gymlog-session-2-isolated-_7ofw15r/test/upgrade/error_reassurance_render_test.dart: storage-pro-white-1.0x-synthetic
02:36 +937: C:/Users/Atharva Patil/AppData/Local/Temp/gymlog-session-2-isolated-_7ofw15r/test/upgrade/session_2_acceptance_render_test.dart: home-deleted-choice-higgsfield-1.0x-synthetic
02:36 +938: C:/Users/Atharva Patil/AppData/Local/Temp/gymlog-session-2-isolated-_7ofw15r/test/upgrade/session_1_render_test.dart: roles-higgsfield-1.6x-synthetic
02:36 +939: C:/Users/Atharva Patil/AppData/Local/Temp/gymlog-session-2-isolated-_7ofw15r/test/upgrade/session_2_launchpad_test.dart: library active-workout controls communicate Resume in fallback states
02:36 +940: C:/Users/Atharva Patil/AppData/Local/Temp/gymlog-session-2-isolated-_7ofw15r/test/upgrade/session_2_launchpad_test.dart: library active-workout controls communicate Resume in fallback states
02:36 +941: C:/Users/Atharva Patil/AppData/Local/Temp/gymlog-session-2-isolated-_7ofw15r/test/upgrade/session_2_launchpad_test.dart: library active-workout controls communicate Resume in fallback states
02:36 +942: C:/Users/Atharva Patil/AppData/Local/Temp/gymlog-session-2-isolated-_7ofw15r/test/upgrade/session_2_launchpad_test.dart: library active-workout controls communicate Resume in fallback states
02:36 +943: C:/Users/Atharva Patil/AppData/Local/Temp/gymlog-session-2-isolated-_7ofw15r/test/upgrade/session_2_launchpad_test.dart: library active-workout controls communicate Resume in fallback states
02:36 +944: C:/Users/Atharva Patil/AppData/Local/Temp/gymlog-session-2-isolated-_7ofw15r/test/upgrade/session_2_launchpad_test.dart: library active-workout controls communicate Resume in fallback states
02:36 +945: C:/Users/Atharva Patil/AppData/Local/Temp/gymlog-session-2-isolated-_7ofw15r/test/upgrade/session_2_launchpad_test.dart: library active-workout controls communicate Resume in fallback states
02:36 +946: C:/Users/Atharva Patil/AppData/Local/Temp/gymlog-session-2-isolated-_7ofw15r/test/upgrade/session_2_launchpad_test.dart: library active-workout controls communicate Resume in fallback states
02:36 +947: C:/Users/Atharva Patil/AppData/Local/Temp/gymlog-session-2-isolated-_7ofw15r/test/upgrade/session_2_launchpad_test.dart: library active-workout controls communicate Resume in fallback states
02:36 +948: C:/Users/Atharva Patil/AppData/Local/Temp/gymlog-session-2-isolated-_7ofw15r/test/upgrade/session_2_launchpad_test.dart: library active-workout controls communicate Resume in fallback states
02:36 +949: C:/Users/Atharva Patil/AppData/Local/Temp/gymlog-session-2-isolated-_7ofw15r/test/upgrade/session_2_launchpad_test.dart: library active-workout controls communicate Resume in fallback states
02:36 +950: C:/Users/Atharva Patil/AppData/Local/Temp/gymlog-session-2-isolated-_7ofw15r/test/upgrade/session_2_acceptance_render_test.dart: home-empty-choice-higgsfield-1.0x-synthetic
02:36 +951: C:/Users/Atharva Patil/AppData/Local/Temp/gymlog-session-2-isolated-_7ofw15r/test/upgrade/session_2_acceptance_render_test.dart: home-empty-choice-higgsfield-1.0x-synthetic
02:36 +952: C:/Users/Atharva Patil/AppData/Local/Temp/gymlog-session-2-isolated-_7ofw15r/test/upgrade/session_1_render_test.dart: finish-weighted-neonPurple-1.0x-synthetic
02:36 +953: C:/Users/Atharva Patil/AppData/Local/Temp/gymlog-session-2-isolated-_7ofw15r/test/upgrade/session_2_launchpad_test.dart: library labels a one-set plan in the singular
02:37 +954: C:/Users/Atharva Patil/AppData/Local/Temp/gymlog-session-2-isolated-_7ofw15r/test/upgrade/error_reassurance_render_test.dart: offline-white-1.6x-synthetic
02:37 +955: C:/Users/Atharva Patil/AppData/Local/Temp/gymlog-session-2-isolated-_7ofw15r/test/upgrade/error_reassurance_render_test.dart: offline-white-1.6x-synthetic
02:37 +956: C:/Users/Atharva Patil/AppData/Local/Temp/gymlog-session-2-isolated-_7ofw15r/test/upgrade/session_2_acceptance_render_test.dart: library-empty-choice-higgsfield-1.0x-synthetic
02:37 +957: C:/Users/Atharva Patil/AppData/Local/Temp/gymlog-session-2-isolated-_7ofw15r/test/upgrade/session_2_launchpad_test.dart: library guards an emptied chosen plan
02:37 +958: C:/Users/Atharva Patil/AppData/Local/Temp/gymlog-session-2-isolated-_7ofw15r/test/upgrade/session_1_render_test.dart: finish-timed-neonPurple-1.0x-synthetic
02:37 +959: C:/Users/Atharva Patil/AppData/Local/Temp/gymlog-session-2-isolated-_7ofw15r/test/upgrade/error_reassurance_render_test.dart: sync-error-white-1.6x-synthetic
02:37 +960: C:/Users/Atharva Patil/AppData/Local/Temp/gymlog-session-2-isolated-_7ofw15r/test/upgrade/error_reassurance_render_test.dart: sync-error-white-1.6x-synthetic
02:37 +961: C:/Users/Atharva Patil/AppData/Local/Temp/gymlog-session-2-isolated-_7ofw15r/test/upgrade/error_reassurance_render_test.dart: sync-error-white-1.6x-synthetic
02:37 +962: C:/Users/Atharva Patil/AppData/Local/Temp/gymlog-session-2-isolated-_7ofw15r/test/upgrade/error_reassurance_render_test.dart: sync-error-white-1.6x-synthetic
02:37 +963: C:/Users/Atharva Patil/AppData/Local/Temp/gymlog-session-2-isolated-_7ofw15r/test/upgrade/session_2_acceptance_render_test.dart: library-new-user-higgsfield-1.0x-synthetic
02:37 +964: C:/Users/Atharva Patil/AppData/Local/Temp/gymlog-session-2-isolated-_7ofw15r/test/upgrade/session_2_acceptance_render_test.dart: library-new-user-higgsfield-1.0x-synthetic
02:37 +965: C:/Users/Atharva Patil/AppData/Local/Temp/gymlog-session-2-isolated-_7ofw15r/test/upgrade/session_2_launchpad_test.dart: library uses explicit choice and one-tap Change
02:37 +966: C:/Users/Atharva Patil/AppData/Local/Temp/gymlog-session-2-isolated-_7ofw15r/test/upgrade/session_2_launchpad_test.dart: library uses explicit choice and one-tap Change
02:37 +967: C:/Users/Atharva Patil/AppData/Local/Temp/gymlog-session-2-isolated-_7ofw15r/test/upgrade/session_2_launchpad_test.dart: library uses explicit choice and one-tap Change
02:37 +968: C:/Users/Atharva Patil/AppData/Local/Temp/gymlog-session-2-isolated-_7ofw15r/test/upgrade/session_2_launchpad_test.dart: library uses explicit choice and one-tap Change
02:37 +969: C:/Users/Atharva Patil/AppData/Local/Temp/gymlog-session-2-isolated-_7ofw15r/test/upgrade/session_2_launchpad_test.dart: library uses explicit choice and one-tap Change
02:37 +970: C:/Users/Atharva Patil/AppData/Local/Temp/gymlog-session-2-isolated-_7ofw15r/test/upgrade/session_1_render_test.dart: share-technical-neonPurple-1.0x-synthetic
02:37 +971: C:/Users/Atharva Patil/AppData/Local/Temp/gymlog-session-2-isolated-_7ofw15r/test/upgrade/session_2_acceptance_render_test.dart: library-no-routine-higgsfield-1.0x-synthetic
02:38 +972: C:/Users/Atharva Patil/AppData/Local/Temp/gymlog-session-2-isolated-_7ofw15r/test/upgrade/session_2_acceptance_render_test.dart: library-no-routine-higgsfield-1.0x-synthetic
02:38 +973: C:/Users/Atharva Patil/AppData/Local/Temp/gymlog-session-2-isolated-_7ofw15r/test/upgrade/error_reassurance_render_test.dart: storage-pro-white-1.6x-synthetic
02:38 +974: C:/Users/Atharva Patil/AppData/Local/Temp/gymlog-session-2-isolated-_7ofw15r/test/upgrade/error_reassurance_render_test.dart: storage-pro-white-1.6x-synthetic
02:38 +975: C:/Users/Atharva Patil/AppData/Local/Temp/gymlog-session-2-isolated-_7ofw15r/test/upgrade/error_reassurance_render_test.dart: storage-pro-white-1.6x-synthetic
02:38 +976: C:/Users/Atharva Patil/AppData/Local/Temp/gymlog-session-2-isolated-_7ofw15r/test/upgrade/session_2_acceptance_render_test.dart: home-inactive-return-higgsfield-1.0x-synthetic
02:38 +977: C:/Users/Atharva Patil/AppData/Local/Temp/gymlog-session-2-isolated-_7ofw15r/test/upgrade/session_2_acceptance_render_test.dart: home-inactive-return-higgsfield-1.0x-synthetic
02:38 +978: C:/Users/Atharva Patil/AppData/Local/Temp/gymlog-session-2-isolated-_7ofw15r/test/upgrade/session_2_acceptance_render_test.dart: home-inactive-return-higgsfield-1.0x-synthetic
02:38 +979: C:/Users/Atharva Patil/AppData/Local/Temp/gymlog-session-2-isolated-_7ofw15r/test/upgrade/session_2_launchpad_test.dart: library shows a deleted choice without replacing it
02:38 +980: C:/Users/Atharva Patil/AppData/Local/Temp/gymlog-session-2-isolated-_7ofw15r/test/upgrade/session_2_launchpad_test.dart: library shows a deleted choice without replacing it
02:38 +981: C:/Users/Atharva Patil/AppData/Local/Temp/gymlog-session-2-isolated-_7ofw15r/test/upgrade/session_2_launchpad_test.dart: library shows a deleted choice without replacing it
02:38 +982: C:/Users/Atharva Patil/AppData/Local/Temp/gymlog-session-2-isolated-_7ofw15r/test/upgrade/session_2_acceptance_render_test.dart: library-inactive-return-higgsfield-1.0x-synthetic
02:38 +983: C:/Users/Atharva Patil/AppData/Local/Temp/gymlog-session-2-isolated-_7ofw15r/test/upgrade/session_2_acceptance_render_test.dart: library-inactive-return-higgsfield-1.0x-synthetic
02:38 +984: C:/Users/Atharva Patil/AppData/Local/Temp/gymlog-session-2-isolated-_7ofw15r/test/upgrade/session_2_acceptance_render_test.dart: library-inactive-return-higgsfield-1.0x-synthetic
02:38 +985: C:/Users/Atharva Patil/AppData/Local/Temp/gymlog-session-2-isolated-_7ofw15r/test/upgrade/session_2_acceptance_render_test.dart: library-inactive-return-higgsfield-1.0x-synthetic
02:38 +986: C:/Users/Atharva Patil/AppData/Local/Temp/gymlog-session-2-isolated-_7ofw15r/test/upgrade/session_2_acceptance_render_test.dart: library-inactive-return-higgsfield-1.0x-synthetic
02:38 +987: C:/Users/Atharva Patil/AppData/Local/Temp/gymlog-session-2-isolated-_7ofw15r/test/upgrade/error_reassurance_render_test.dart: routine-error-neonCyan-1.0x-synthetic
02:38 +988: C:/Users/Atharva Patil/AppData/Local/Temp/gymlog-session-2-isolated-_7ofw15r/test/upgrade/error_reassurance_render_test.dart: routine-error-neonCyan-1.0x-synthetic
02:38 +989: C:/Users/Atharva Patil/AppData/Local/Temp/gymlog-session-2-isolated-_7ofw15r/test/upgrade/session_2_launchpad_test.dart: Library keeps a routine Start reachable below a compact choice at 1.6x
02:38 +990: C:/Users/Atharva Patil/AppData/Local/Temp/gymlog-session-2-isolated-_7ofw15r/test/upgrade/session_2_acceptance_render_test.dart: home-low-data-higgsfield-1.0x-synthetic
02:38 +991: C:/Users/Atharva Patil/AppData/Local/Temp/gymlog-session-2-isolated-_7ofw15r/test/upgrade/session_2_acceptance_render_test.dart: home-low-data-higgsfield-1.0x-synthetic
02:38 +992: C:/Users/Atharva Patil/AppData/Local/Temp/gymlog-session-2-isolated-_7ofw15r/test/upgrade/session_2_acceptance_render_test.dart: home-low-data-higgsfield-1.0x-synthetic
02:38 +993: C:/Users/Atharva Patil/AppData/Local/Temp/gymlog-session-2-isolated-_7ofw15r/test/upgrade/session_1_render_test.dart: share-pace-technical-neonPurple-1.0x-synthetic
02:38 +994: C:/Users/Atharva Patil/AppData/Local/Temp/gymlog-session-2-isolated-_7ofw15r/test/upgrade/session_2_launchpad_test.dart: Deleted Library choice exposes the logging action it describes
02:38 +995: C:/Users/Atharva Patil/AppData/Local/Temp/gymlog-session-2-isolated-_7ofw15r/test/upgrade/error_reassurance_render_test.dart: offline-neonCyan-1.0x-synthetic
02:38 +996: C:/Users/Atharva Patil/AppData/Local/Temp/gymlog-session-2-isolated-_7ofw15r/test/upgrade/error_reassurance_render_test.dart: offline-neonCyan-1.0x-synthetic
02:39 +997: C:/Users/Atharva Patil/AppData/Local/Temp/gymlog-session-2-isolated-_7ofw15r/test/upgrade/error_reassurance_render_test.dart: offline-neonCyan-1.0x-synthetic
02:39 +998: C:/Users/Atharva Patil/AppData/Local/Temp/gymlog-session-2-isolated-_7ofw15r/test/upgrade/error_reassurance_render_test.dart: offline-neonCyan-1.0x-synthetic
02:39 +999: C:/Users/Atharva Patil/AppData/Local/Temp/gymlog-session-2-isolated-_7ofw15r/test/upgrade/session_1_render_test.dart: detail-neonPurple-1.0x-synthetic
02:39 +1000: C:/Users/Atharva Patil/AppData/Local/Temp/gymlog-session-2-isolated-_7ofw15r/test/upgrade/session_2_acceptance_render_test.dart: home-error-higgsfield-1.0x-synthetic
02:39 +1001: C:/Users/Atharva Patil/AppData/Local/Temp/gymlog-session-2-isolated-_7ofw15r/test/upgrade/session_2_launchpad_test.dart: Home explains the weekly counted unit visually and in speech
02:39 +1002: C:/Users/Atharva Patil/AppData/Local/Temp/gymlog-session-2-isolated-_7ofw15r/test/upgrade/session_2_launchpad_test.dart: Home explains the weekly counted unit visually and in speech
02:39 +1003: C:/Users/Atharva Patil/AppData/Local/Temp/gymlog-session-2-isolated-_7ofw15r/test/upgrade/error_reassurance_render_test.dart: sync-error-neonCyan-1.0x-synthetic
02:39 +1004: C:/Users/Atharva Patil/AppData/Local/Temp/gymlog-session-2-isolated-_7ofw15r/test/upgrade/session_2_acceptance_render_test.dart: library-error-higgsfield-1.0x-synthetic
02:39 +1005: C:/Users/Atharva Patil/AppData/Local/Temp/gymlog-session-2-isolated-_7ofw15r/test/upgrade/session_2_acceptance_render_test.dart: library-error-higgsfield-1.0x-synthetic
02:39 +1006: C:/Users/Atharva Patil/AppData/Local/Temp/gymlog-session-2-isolated-_7ofw15r/test/upgrade/session_2_launchpad_test.dart: Empty Library prioritizes browsing and avoids duplicate errors
02:39 +1007: C:/Users/Atharva Patil/AppData/Local/Temp/gymlog-session-2-isolated-_7ofw15r/test/upgrade/session_2_launchpad_test.dart: Empty Library prioritizes browsing and avoids duplicate errors
02:39 +1008: C:/Users/Atharva Patil/AppData/Local/Temp/gymlog-session-2-isolated-_7ofw15r/test/upgrade/error_reassurance_render_test.dart: storage-free-neonCyan-1.0x-synthetic
02:39 +1009: C:/Users/Atharva Patil/AppData/Local/Temp/gymlog-session-2-isolated-_7ofw15r/test/upgrade/error_reassurance_render_test.dart: storage-free-neonCyan-1.0x-synthetic
02:39 +1010: C:/Users/Atharva Patil/AppData/Local/Temp/gymlog-session-2-isolated-_7ofw15r/test/upgrade/session_2_acceptance_render_test.dart: home-previous-error-higgsfield-1.0x-synthetic
02:39 +1011: C:/Users/Atharva Patil/AppData/Local/Temp/gymlog-session-2-isolated-_7ofw15r/test/upgrade/session_2_launchpad_test.dart: Change exposes the selected choice to assistive technology
02:39 +1012: C:/Users/Atharva Patil/AppData/Local/Temp/gymlog-session-2-isolated-_7ofw15r/test/upgrade/session_2_launchpad_test.dart: Change exposes the selected choice to assistive technology
02:39 +1013: C:/Users/Atharva Patil/AppData/Local/Temp/gymlog-session-2-isolated-_7ofw15r/test/upgrade/error_reassurance_render_test.dart: storage-pro-neonCyan-1.0x-synthetic
02:39 +1014: C:/Users/Atharva Patil/AppData/Local/Temp/gymlog-session-2-isolated-_7ofw15r/test/upgrade/error_reassurance_render_test.dart: storage-pro-neonCyan-1.0x-synthetic
02:39 +1015: C:/Users/Atharva Patil/AppData/Local/Temp/gymlog-session-2-isolated-_7ofw15r/test/upgrade/error_reassurance_render_test.dart: storage-pro-neonCyan-1.0x-synthetic
02:39 +1016: C:/Users/Atharva Patil/AppData/Local/Temp/gymlog-session-2-isolated-_7ofw15r/test/upgrade/error_reassurance_render_test.dart: storage-pro-neonCyan-1.0x-synthetic
02:39 +1017: C:/Users/Atharva Patil/AppData/Local/Temp/gymlog-session-2-isolated-_7ofw15r/test/upgrade/session_2_launchpad_test.dart: Home preserves freestyle during library read failure and deleted-only state
02:39 +1018: C:/Users/Atharva Patil/AppData/Local/Temp/gymlog-session-2-isolated-_7ofw15r/test/upgrade/session_2_launchpad_test.dart: Home preserves freestyle during library read failure and deleted-only state
02:40 +1019: C:/Users/Atharva Patil/AppData/Local/Temp/gymlog-session-2-isolated-_7ofw15r/test/upgrade/session_2_launchpad_test.dart: Home preserves freestyle during library read failure and deleted-only state
02:40 +1020: C:/Users/Atharva Patil/AppData/Local/Temp/gymlog-session-2-isolated-_7ofw15r/test/upgrade/session_2_acceptance_render_test.dart: home-choice-error-higgsfield-1.0x-synthetic
02:40 +1021: C:/Users/Atharva Patil/AppData/Local/Temp/gymlog-session-2-isolated-_7ofw15r/test/upgrade/session_2_acceptance_render_test.dart: home-choice-error-higgsfield-1.0x-synthetic
02:40 +1022: C:/Users/Atharva Patil/AppData/Local/Temp/gymlog-session-2-isolated-_7ofw15r/test/upgrade/session_2_acceptance_render_test.dart: home-choice-error-higgsfield-1.0x-synthetic
02:40 +1023: C:/Users/Atharva Patil/AppData/Local/Temp/gymlog-session-2-isolated-_7ofw15r/test/upgrade/session_2_launchpad_test.dart: Change uses bounded searchable choices and preserves choice on read failure
02:40 +1024: C:/Users/Atharva Patil/AppData/Local/Temp/gymlog-session-2-isolated-_7ofw15r/test/upgrade/session_2_launchpad_test.dart: Change uses bounded searchable choices and preserves choice on read failure
02:40 +1025: C:/Users/Atharva Patil/AppData/Local/Temp/gymlog-session-2-isolated-_7ofw15r/test/upgrade/session_2_launchpad_test.dart: Change uses bounded searchable choices and preserves choice on read failure
02:40 +1026: C:/Users/Atharva Patil/AppData/Local/Temp/gymlog-session-2-isolated-_7ofw15r/test/upgrade/session_2_launchpad_test.dart: Change uses bounded searchable choices and preserves choice on read failure
02:40 +1027: C:/Users/Atharva Patil/AppData/Local/Temp/gymlog-session-2-isolated-_7ofw15r/test/upgrade/session_2_launchpad_test.dart: Change uses bounded searchable choices and preserves choice on read failure
02:40 +1028: C:/Users/Atharva Patil/AppData/Local/Temp/gymlog-session-2-isolated-_7ofw15r/test/upgrade/session_2_launchpad_test.dart: Change uses bounded searchable choices and preserves choice on read failure
02:40 +1029: C:/Users/Atharva Patil/AppData/Local/Temp/gymlog-session-2-isolated-_7ofw15r/test/upgrade/session_2_launchpad_test.dart: Change uses bounded searchable choices and preserves choice on read failure
02:40 +1030: C:/Users/Atharva Patil/AppData/Local/Temp/gymlog-session-2-isolated-_7ofw15r/test/upgrade/session_2_launchpad_test.dart: Change uses bounded searchable choices and preserves choice on read failure
02:40 +1031: C:/Users/Atharva Patil/AppData/Local/Temp/gymlog-session-2-isolated-_7ofw15r/test/upgrade/session_2_launchpad_test.dart: Change uses bounded searchable choices and preserves choice on read failure
02:40 +1032: C:/Users/Atharva Patil/AppData/Local/Temp/gymlog-session-2-isolated-_7ofw15r/test/upgrade/session_2_launchpad_test.dart: Change uses bounded searchable choices and preserves choice on read failure
02:40 +1033: C:/Users/Atharva Patil/AppData/Local/Temp/gymlog-session-2-isolated-_7ofw15r/test/upgrade/session_2_launchpad_test.dart: Change uses bounded searchable choices and preserves choice on read failure
02:40 +1034: C:/Users/Atharva Patil/AppData/Local/Temp/gymlog-session-2-isolated-_7ofw15r/test/upgrade/error_reassurance_render_test.dart: offline-neonCyan-1.6x-synthetic
02:40 +1035: C:/Users/Atharva Patil/AppData/Local/Temp/gymlog-session-2-isolated-_7ofw15r/test/upgrade/session_2_acceptance_render_test.dart: library-loading-higgsfield-1.0x-synthetic
02:40 +1036: C:/Users/Atharva Patil/AppData/Local/Temp/gymlog-session-2-isolated-_7ofw15r/test/upgrade/session_1_render_test.dart: finish-reps-neonPurple-1.6x-synthetic
02:40 +1037: C:/Users/Atharva Patil/AppData/Local/Temp/gymlog-session-2-isolated-_7ofw15r/test/upgrade/session_2_launchpad_test.dart: Previous-set read failure does not invent no history or block Start
02:40 +1038: C:/Users/Atharva Patil/AppData/Local/Temp/gymlog-session-2-isolated-_7ofw15r/test/upgrade/error_reassurance_render_test.dart: sync-error-neonCyan-1.6x-synthetic
02:40 +1039: C:/Users/Atharva Patil/AppData/Local/Temp/gymlog-session-2-isolated-_7ofw15r/test/upgrade/error_reassurance_render_test.dart: sync-error-neonCyan-1.6x-synthetic
02:40 +1040: C:/Users/Atharva Patil/AppData/Local/Temp/gymlog-session-2-isolated-_7ofw15r/test/upgrade/session_2_acceptance_render_test.dart: home-active-chosen-higgsfield-1.0x-synthetic
02:40 +1041: C:/Users/Atharva Patil/AppData/Local/Temp/gymlog-session-2-isolated-_7ofw15r/test/upgrade/session_2_launchpad_test.dart: Home keeps freestyle and History secondary and accessible
02:40 +1042: C:/Users/Atharva Patil/AppData/Local/Temp/gymlog-session-2-isolated-_7ofw15r/test/upgrade/session_1_render_test.dart: finish-distance-neonPurple-1.6x-synthetic
02:41 +1043: C:/Users/Atharva Patil/AppData/Local/Temp/gymlog-session-2-isolated-_7ofw15r/test/upgrade/error_reassurance_render_test.dart: storage-free-neonCyan-1.6x-synthetic
02:41 +1044: C:/Users/Atharva Patil/AppData/Local/Temp/gymlog-session-2-isolated-_7ofw15r/test/upgrade/error_reassurance_render_test.dart: storage-free-neonCyan-1.6x-synthetic
02:41 +1045: C:/Users/Atharva Patil/AppData/Local/Temp/gymlog-session-2-isolated-_7ofw15r/test/upgrade/error_reassurance_render_test.dart: storage-free-neonCyan-1.6x-synthetic
02:41 +1046: C:/Users/Atharva Patil/AppData/Local/Temp/gymlog-session-2-isolated-_7ofw15r/test/upgrade/error_reassurance_render_test.dart: storage-free-neonCyan-1.6x-synthetic
02:41 +1047: C:/Users/Atharva Patil/AppData/Local/Temp/gymlog-session-2-isolated-_7ofw15r/test/upgrade/session_1_render_test.dart: pr-pace-neonPurple-1.6x-synthetic
02:41 +1048: C:/Users/Atharva Patil/AppData/Local/Temp/gymlog-session-2-isolated-_7ofw15r/test/upgrade/session_2_launchpad_test.dart: Change selection updates both launch surfaces and persists
02:41 +1049: C:/Users/Atharva Patil/AppData/Local/Temp/gymlog-session-2-isolated-_7ofw15r/test/upgrade/session_2_launchpad_test.dart: Change selection updates both launch surfaces and persists
02:41 +1050: C:/Users/Atharva Patil/AppData/Local/Temp/gymlog-session-2-isolated-_7ofw15r/test/upgrade/session_2_launchpad_test.dart: Change selection updates both launch surfaces and persists
02:41 +1051: C:/Users/Atharva Patil/AppData/Local/Temp/gymlog-session-2-isolated-_7ofw15r/test/upgrade/session_2_launchpad_test.dart: Change selection updates both launch surfaces and persists
02:41 +1052: C:/Users/Atharva Patil/AppData/Local/Temp/gymlog-session-2-isolated-_7ofw15r/test/upgrade/session_2_launchpad_test.dart: Change selection updates both launch surfaces and persists
02:41 +1053: C:/Users/Atharva Patil/AppData/Local/Temp/gymlog-session-2-isolated-_7ofw15r/test/upgrade/session_2_launchpad_test.dart: Change selection updates both launch surfaces and persists
02:41 +1054: C:/Users/Atharva Patil/AppData/Local/Temp/gymlog-session-2-isolated-_7ofw15r/test/upgrade/session_2_launchpad_test.dart: Change selection updates both launch surfaces and persists
02:41 +1055: C:/Users/Atharva Patil/AppData/Local/Temp/gymlog-session-2-isolated-_7ofw15r/test/upgrade/session_2_launchpad_test.dart: Change selection updates both launch surfaces and persists
02:41 +1056: C:/Users/Atharva Patil/AppData/Local/Temp/gymlog-session-2-isolated-_7ofw15r/test/upgrade/session_2_launchpad_test.dart: Change selection updates both launch surfaces and persists
02:41 +1057: C:/Users/Atharva Patil/AppData/Local/Temp/gymlog-session-2-isolated-_7ofw15r/test/upgrade/session_2_launchpad_test.dart: Change selection updates both launch surfaces and persists
02:41 +1058: C:/Users/Atharva Patil/AppData/Local/Temp/gymlog-session-2-isolated-_7ofw15r/test/upgrade/session_2_launchpad_test.dart: Change selection updates both launch surfaces and persists
02:41 +1059: C:/Users/Atharva Patil/AppData/Local/Temp/gymlog-session-2-isolated-_7ofw15r/test/upgrade/session_2_acceptance_render_test.dart: home-active-no-routine-higgsfield-1.0x-synthetic
02:41 +1060: C:/Users/Atharva Patil/AppData/Local/Temp/gymlog-session-2-isolated-_7ofw15r/test/upgrade/session_2_acceptance_render_test.dart: home-active-no-routine-higgsfield-1.0x-synthetic
02:41 +1061: C:/Users/Atharva Patil/AppData/Local/Temp/gymlog-session-2-isolated-_7ofw15r/test/upgrade/session_2_acceptance_render_test.dart: home-active-no-routine-higgsfield-1.0x-synthetic
02:41 +1062: C:/Users/Atharva Patil/AppData/Local/Temp/gymlog-session-2-isolated-_7ofw15r/test/upgrade/session_2_launchpad_test.dart: Library groups the program and quiets creation
02:41 +1063: C:/Users/Atharva Patil/AppData/Local/Temp/gymlog-session-2-isolated-_7ofw15r/test/upgrade/session_2_launchpad_test.dart: Library groups the program and quiets creation
02:42 +1064: C:/Users/Atharva Patil/AppData/Local/Temp/gymlog-session-2-isolated-_7ofw15r/test/upgrade/session_2_launchpad_test.dart: Library groups the program and quiets creation
02:42 +1065: C:/Users/Atharva Patil/AppData/Local/Temp/gymlog-session-2-isolated-_7ofw15r/test/upgrade/session_2_acceptance_render_test.dart: library-active-no-routine-higgsfield-1.0x-synthetic
02:42 +1066: C:/Users/Atharva Patil/AppData/Local/Temp/gymlog-session-2-isolated-_7ofw15r/test/upgrade/session_2_acceptance_render_test.dart: library-active-no-routine-higgsfield-1.0x-synthetic
02:42 +1067: C:/Users/Atharva Patil/AppData/Local/Temp/gymlog-session-2-isolated-_7ofw15r/test/upgrade/error_reassurance_render_test.dart: roles-neonMagenta-1.0x-synthetic
02:42 +1068: C:/Users/Atharva Patil/AppData/Local/Temp/gymlog-session-2-isolated-_7ofw15r/test/upgrade/session_1_render_test.dart: share-distance-sticker-neonPurple-1.6x-synthetic
02:42 +1069: C:/Users/Atharva Patil/AppData/Local/Temp/gymlog-session-2-isolated-_7ofw15r/test/upgrade/session_2_acceptance_render_test.dart: home-active-error-higgsfield-1.0x-synthetic
02:42 +1070: C:/Users/Atharva Patil/AppData/Local/Temp/gymlog-session-2-isolated-_7ofw15r/test/upgrade/error_reassurance_render_test.dart: offline-neonMagenta-1.0x-synthetic
02:42 +1071: C:/Users/Atharva Patil/AppData/Local/Temp/gymlog-session-2-isolated-_7ofw15r/test/upgrade/error_reassurance_render_test.dart: offline-neonMagenta-1.0x-synthetic
02:42 +1072: C:/Users/Atharva Patil/AppData/Local/Temp/gymlog-session-2-isolated-_7ofw15r/test/upgrade/error_reassurance_render_test.dart: offline-neonMagenta-1.0x-synthetic
02:42 +1073: C:/Users/Atharva Patil/AppData/Local/Temp/gymlog-session-2-isolated-_7ofw15r/test/upgrade/error_reassurance_render_test.dart: offline-neonMagenta-1.0x-synthetic
02:42 +1074: C:/Users/Atharva Patil/AppData/Local/Temp/gymlog-session-2-isolated-_7ofw15r/test/upgrade/session_1_render_test.dart: share-pace-sticker-neonPurple-1.6x-synthetic
02:42 +1075: C:/Users/Atharva Patil/AppData/Local/Temp/gymlog-session-2-isolated-_7ofw15r/test/upgrade/session_2_acceptance_render_test.dart: home-chosen-higgsfield-1.6x-synthetic
02:42 +1076: C:/Users/Atharva Patil/AppData/Local/Temp/gymlog-session-2-isolated-_7ofw15r/test/upgrade/session_2_acceptance_render_test.dart: home-chosen-higgsfield-1.6x-synthetic
02:42 +1077: C:/Users/Atharva Patil/AppData/Local/Temp/gymlog-session-2-isolated-_7ofw15r/test/upgrade/session_2_acceptance_render_test.dart: home-chosen-higgsfield-1.6x-synthetic
02:42 +1078: C:/Users/Atharva Patil/AppData/Local/Temp/gymlog-session-2-isolated-_7ofw15r/test/upgrade/session_2_acceptance_render_test.dart: home-chosen-higgsfield-1.6x-synthetic
02:42 +1079: C:/Users/Atharva Patil/AppData/Local/Temp/gymlog-session-2-isolated-_7ofw15r/test/upgrade/session_2_acceptance_render_test.dart: home-chosen-higgsfield-1.6x-synthetic
02:42 +1080: C:/Users/Atharva Patil/AppData/Local/Temp/gymlog-session-2-isolated-_7ofw15r/test/upgrade/session_2_acceptance_render_test.dart: home-chosen-higgsfield-1.6x-synthetic
02:42 +1081: C:/Users/Atharva Patil/AppData/Local/Temp/gymlog-session-2-isolated-_7ofw15r/test/upgrade/session_2_acceptance_render_test.dart: home-chosen-higgsfield-1.6x-synthetic
02:43 +1082: C:/Users/Atharva Patil/AppData/Local/Temp/gymlog-session-2-isolated-_7ofw15r/test/upgrade/session_2_acceptance_render_test.dart: home-chosen-higgsfield-1.6x-synthetic
02:43 +1083: C:/Users/Atharva Patil/AppData/Local/Temp/gymlog-session-2-isolated-_7ofw15r/test/upgrade/session_2_acceptance_render_test.dart: home-chosen-higgsfield-1.6x-synthetic
02:43 +1084: C:/Users/Atharva Patil/AppData/Local/Temp/gymlog-session-2-isolated-_7ofw15r/test/upgrade/session_2_acceptance_render_test.dart: home-chosen-higgsfield-1.6x-synthetic
02:43 +1085: C:/Users/Atharva Patil/AppData/Local/Temp/gymlog-session-2-isolated-_7ofw15r/test/upgrade/session_2_acceptance_render_test.dart: home-chosen-higgsfield-1.6x-synthetic
02:43 +1086: C:/Users/Atharva Patil/AppData/Local/Temp/gymlog-session-2-isolated-_7ofw15r/test/upgrade/error_reassurance_render_test.dart: async-error-neonMagenta-1.6x-synthetic
02:43 +1087: C:/Users/Atharva Patil/AppData/Local/Temp/gymlog-session-2-isolated-_7ofw15r/test/upgrade/session_1_render_test.dart: progress-empty-neonPurple-1.6x-synthetic
02:43 +1088: C:/Users/Atharva Patil/AppData/Local/Temp/gymlog-session-2-isolated-_7ofw15r/test/upgrade/session_2_acceptance_render_test.dart: library-chosen-higgsfield-1.6x-synthetic
02:43 +1089: C:/Users/Atharva Patil/AppData/Local/Temp/gymlog-session-2-isolated-_7ofw15r/test/upgrade/session_2_acceptance_render_test.dart: library-chosen-higgsfield-1.6x-synthetic
02:43 +1090: C:/Users/Atharva Patil/AppData/Local/Temp/gymlog-session-2-isolated-_7ofw15r/test/upgrade/session_2_acceptance_render_test.dart: library-chosen-higgsfield-1.6x-synthetic
02:43 +1091: C:/Users/Atharva Patil/AppData/Local/Temp/gymlog-session-2-isolated-_7ofw15r/test/upgrade/session_2_acceptance_render_test.dart: library-chosen-higgsfield-1.6x-synthetic
02:43 +1092: C:/Users/Atharva Patil/AppData/Local/Temp/gymlog-session-2-isolated-_7ofw15r/test/upgrade/session_2_acceptance_render_test.dart: library-chosen-higgsfield-1.6x-synthetic
02:43 +1093: C:/Users/Atharva Patil/AppData/Local/Temp/gymlog-session-2-isolated-_7ofw15r/test/upgrade/session_2_acceptance_render_test.dart: library-chosen-higgsfield-1.6x-synthetic
02:43 +1094: C:/Users/Atharva Patil/AppData/Local/Temp/gymlog-session-2-isolated-_7ofw15r/test/upgrade/session_2_acceptance_render_test.dart: library-chosen-higgsfield-1.6x-synthetic
02:43 +1095: C:/Users/Atharva Patil/AppData/Local/Temp/gymlog-session-2-isolated-_7ofw15r/test/upgrade/session_1_render_test.dart: header-timed-white-1.0x-synthetic
02:43 +1096: C:/Users/Atharva Patil/AppData/Local/Temp/gymlog-session-2-isolated-_7ofw15r/test/upgrade/error_reassurance_render_test.dart: roles-neonMagenta-1.6x-synthetic
02:43 +1097: C:/Users/Atharva Patil/AppData/Local/Temp/gymlog-session-2-isolated-_7ofw15r/test/upgrade/session_2_acceptance_render_test.dart: home-no-choice-higgsfield-1.6x-synthetic
02:43 +1098: C:/Users/Atharva Patil/AppData/Local/Temp/gymlog-session-2-isolated-_7ofw15r/test/upgrade/session_2_acceptance_render_test.dart: home-no-choice-higgsfield-1.6x-synthetic
02:43 +1099: C:/Users/Atharva Patil/AppData/Local/Temp/gymlog-session-2-isolated-_7ofw15r/test/upgrade/error_reassurance_render_test.dart: offline-neonMagenta-1.6x-synthetic
02:43 +1100: C:/Users/Atharva Patil/AppData/Local/Temp/gymlog-session-2-isolated-_7ofw15r/test/upgrade/error_reassurance_render_test.dart: offline-neonMagenta-1.6x-synthetic
02:43 +1101: C:/Users/Atharva Patil/AppData/Local/Temp/gymlog-session-2-isolated-_7ofw15r/test/upgrade/session_2_acceptance_render_test.dart: library-no-choice-higgsfield-1.6x-synthetic
02:44 +1102: C:/Users/Atharva Patil/AppData/Local/Temp/gymlog-session-2-isolated-_7ofw15r/test/upgrade/session_2_acceptance_render_test.dart: library-no-choice-higgsfield-1.6x-synthetic
02:44 +1103: C:/Users/Atharva Patil/AppData/Local/Temp/gymlog-session-2-isolated-_7ofw15r/test/upgrade/error_reassurance_render_test.dart: sync-error-neonMagenta-1.6x-synthetic
02:44 +1104: C:/Users/Atharva Patil/AppData/Local/Temp/gymlog-session-2-isolated-_7ofw15r/test/upgrade/error_reassurance_render_test.dart: sync-error-neonMagenta-1.6x-synthetic
02:44 +1105: C:/Users/Atharva Patil/AppData/Local/Temp/gymlog-session-2-isolated-_7ofw15r/test/upgrade/error_reassurance_render_test.dart: sync-error-neonMagenta-1.6x-synthetic
02:44 +1106: C:/Users/Atharva Patil/AppData/Local/Temp/gymlog-session-2-isolated-_7ofw15r/test/upgrade/error_reassurance_render_test.dart: sync-error-neonMagenta-1.6x-synthetic
02:44 +1107: C:/Users/Atharva Patil/AppData/Local/Temp/gymlog-session-2-isolated-_7ofw15r/test/upgrade/error_reassurance_render_test.dart: sync-error-neonMagenta-1.6x-synthetic
02:44 +1108: C:/Users/Atharva Patil/AppData/Local/Temp/gymlog-session-2-isolated-_7ofw15r/test/upgrade/error_reassurance_render_test.dart: sync-error-neonMagenta-1.6x-synthetic
02:44 +1109: C:/Users/Atharva Patil/AppData/Local/Temp/gymlog-session-2-isolated-_7ofw15r/test/upgrade/session_1_render_test.dart: finish-reps-white-1.0x-synthetic
02:44 +1110: C:/Users/Atharva Patil/AppData/Local/Temp/gymlog-session-2-isolated-_7ofw15r/test/upgrade/session_1_render_test.dart: finish-reps-white-1.0x-synthetic
02:44 +1111: C:/Users/Atharva Patil/AppData/Local/Temp/gymlog-session-2-isolated-_7ofw15r/test/upgrade/session_2_acceptance_render_test.dart: home-deleted-choice-higgsfield-1.6x-synthetic
02:44 +1112: C:/Users/Atharva Patil/AppData/Local/Temp/gymlog-session-2-isolated-_7ofw15r/test/upgrade/error_reassurance_render_test.dart: storage-free-neonMagenta-1.6x-synthetic
02:44 +1113: C:/Users/Atharva Patil/AppData/Local/Temp/gymlog-session-2-isolated-_7ofw15r/test/upgrade/error_reassurance_render_test.dart: storage-free-neonMagenta-1.6x-synthetic
02:44 +1114: C:/Users/Atharva Patil/AppData/Local/Temp/gymlog-session-2-isolated-_7ofw15r/test/upgrade/error_reassurance_render_test.dart: storage-free-neonMagenta-1.6x-synthetic
02:44 +1115: C:/Users/Atharva Patil/AppData/Local/Temp/gymlog-session-2-isolated-_7ofw15r/test/upgrade/session_1_render_test.dart: finish-distance-white-1.0x-synthetic
02:44 +1116: C:/Users/Atharva Patil/AppData/Local/Temp/gymlog-session-2-isolated-_7ofw15r/test/upgrade/session_2_acceptance_render_test.dart: home-empty-choice-higgsfield-1.6x-synthetic
02:44 +1117: C:/Users/Atharva Patil/AppData/Local/Temp/gymlog-session-2-isolated-_7ofw15r/test/upgrade/session_2_acceptance_render_test.dart: home-empty-choice-higgsfield-1.6x-synthetic
02:44 +1118: C:/Users/Atharva Patil/AppData/Local/Temp/gymlog-session-2-isolated-_7ofw15r/test/upgrade/error_reassurance_render_test.dart: storage-pro-neonMagenta-1.6x-synthetic
02:44 +1119: C:/Users/Atharva Patil/AppData/Local/Temp/gymlog-session-2-isolated-_7ofw15r/test/upgrade/error_reassurance_render_test.dart: storage-pro-neonMagenta-1.6x-synthetic
02:44 +1120: C:/Users/Atharva Patil/AppData/Local/Temp/gymlog-session-2-isolated-_7ofw15r/test/upgrade/session_2_acceptance_render_test.dart: library-empty-choice-higgsfield-1.6x-synthetic
02:44 +1121: C:/Users/Atharva Patil/AppData/Local/Temp/gymlog-session-2-isolated-_7ofw15r/test/upgrade/session_2_acceptance_render_test.dart: library-empty-choice-higgsfield-1.6x-synthetic
02:44 +1122: C:/Users/Atharva Patil/AppData/Local/Temp/gymlog-session-2-isolated-_7ofw15r/test/upgrade/session_2_acceptance_render_test.dart: library-empty-choice-higgsfield-1.6x-synthetic
02:44 +1123: C:/Users/Atharva Patil/AppData/Local/Temp/gymlog-session-2-isolated-_7ofw15r/test/upgrade/session_1_render_test.dart: share-technical-white-1.0x-synthetic
02:44 +1124: C:/Users/Atharva Patil/AppData/Local/Temp/gymlog-session-2-isolated-_7ofw15r/test/upgrade/session_1_render_test.dart: share-technical-white-1.0x-synthetic
02:44 +1125: C:/Users/Atharva Patil/AppData/Local/Temp/gymlog-session-2-isolated-_7ofw15r/test/upgrade/session_2_acceptance_render_test.dart: home-new-user-higgsfield-1.6x-synthetic
02:44 +1126: C:/Users/Atharva Patil/AppData/Local/Temp/gymlog-session-2-isolated-_7ofw15r/test/upgrade/error_reassurance_render_test.dart: detail-error-blazeOrange-1.0x-synthetic
02:44 +1127: C:/Users/Atharva Patil/AppData/Local/Temp/gymlog-session-2-isolated-_7ofw15r/test/upgrade/error_reassurance_render_test.dart: detail-error-blazeOrange-1.0x-synthetic
02:44 +1128: C:/Users/Atharva Patil/AppData/Local/Temp/gymlog-session-2-isolated-_7ofw15r/test/upgrade/session_2_acceptance_render_test.dart: library-new-user-higgsfield-1.6x-synthetic
02:44 +1129: C:/Users/Atharva Patil/AppData/Local/Temp/gymlog-session-2-isolated-_7ofw15r/test/upgrade/session_2_acceptance_render_test.dart: library-new-user-higgsfield-1.6x-synthetic
02:44 +1130: C:/Users/Atharva Patil/AppData/Local/Temp/gymlog-session-2-isolated-_7ofw15r/test/upgrade/error_reassurance_render_test.dart: routine-error-blazeOrange-1.0x-synthetic
02:45 +1131: C:/Users/Atharva Patil/AppData/Local/Temp/gymlog-session-2-isolated-_7ofw15r/test/upgrade/session_1_render_test.dart: share-duration-technical-white-1.0x-synthetic
02:45 +1132: C:/Users/Atharva Patil/AppData/Local/Temp/gymlog-session-2-isolated-_7ofw15r/test/upgrade/session_2_acceptance_render_test.dart: home-no-routine-higgsfield-1.6x-synthetic
02:45 +1133: C:/Users/Atharva Patil/AppData/Local/Temp/gymlog-session-2-isolated-_7ofw15r/test/upgrade/session_2_acceptance_render_test.dart: home-no-routine-higgsfield-1.6x-synthetic
02:45 +1134: C:/Users/Atharva Patil/AppData/Local/Temp/gymlog-session-2-isolated-_7ofw15r/test/upgrade/session_2_acceptance_render_test.dart: home-no-routine-higgsfield-1.6x-synthetic
02:45 +1135: C:/Users/Atharva Patil/AppData/Local/Temp/gymlog-session-2-isolated-_7ofw15r/test/upgrade/error_reassurance_render_test.dart: offline-blazeOrange-1.0x-synthetic
02:45 +1136: C:/Users/Atharva Patil/AppData/Local/Temp/gymlog-session-2-isolated-_7ofw15r/test/upgrade/error_reassurance_render_test.dart: offline-blazeOrange-1.0x-synthetic
02:45 +1137: C:/Users/Atharva Patil/AppData/Local/Temp/gymlog-session-2-isolated-_7ofw15r/test/upgrade/error_reassurance_render_test.dart: offline-blazeOrange-1.0x-synthetic
02:45 +1138: C:/Users/Atharva Patil/AppData/Local/Temp/gymlog-session-2-isolated-_7ofw15r/test/upgrade/error_reassurance_render_test.dart: offline-blazeOrange-1.0x-synthetic
02:45 +1139: C:/Users/Atharva Patil/AppData/Local/Temp/gymlog-session-2-isolated-_7ofw15r/test/upgrade/session_2_acceptance_render_test.dart: home-inactive-return-higgsfield-1.6x-synthetic
02:45 +1140: C:/Users/Atharva Patil/AppData/Local/Temp/gymlog-session-2-isolated-_7ofw15r/test/upgrade/session_2_acceptance_render_test.dart: home-inactive-return-higgsfield-1.6x-synthetic
02:45 +1141: C:/Users/Atharva Patil/AppData/Local/Temp/gymlog-session-2-isolated-_7ofw15r/test/upgrade/error_reassurance_render_test.dart: sync-error-blazeOrange-1.0x-synthetic
02:45 +1142: C:/Users/Atharva Patil/AppData/Local/Temp/gymlog-session-2-isolated-_7ofw15r/test/upgrade/error_reassurance_render_test.dart: sync-error-blazeOrange-1.0x-synthetic
02:45 +1143: C:/Users/Atharva Patil/AppData/Local/Temp/gymlog-session-2-isolated-_7ofw15r/test/upgrade/error_reassurance_render_test.dart: sync-error-blazeOrange-1.0x-synthetic
02:45 +1144: C:/Users/Atharva Patil/AppData/Local/Temp/gymlog-session-2-isolated-_7ofw15r/test/upgrade/session_2_acceptance_render_test.dart: library-inactive-return-higgsfield-1.6x-synthetic
02:45 +1145: C:/Users/Atharva Patil/AppData/Local/Temp/gymlog-session-2-isolated-_7ofw15r/test/upgrade/session_2_acceptance_render_test.dart: library-inactive-return-higgsfield-1.6x-synthetic
02:45 +1146: C:/Users/Atharva Patil/AppData/Local/Temp/gymlog-session-2-isolated-_7ofw15r/test/upgrade/error_reassurance_render_test.dart: storage-free-blazeOrange-1.0x-synthetic
02:45 +1147: C:/Users/Atharva Patil/AppData/Local/Temp/gymlog-session-2-isolated-_7ofw15r/test/upgrade/error_reassurance_render_test.dart: storage-free-blazeOrange-1.0x-synthetic
02:45 +1148: C:/Users/Atharva Patil/AppData/Local/Temp/gymlog-session-2-isolated-_7ofw15r/test/upgrade/error_reassurance_render_test.dart: storage-free-blazeOrange-1.0x-synthetic
02:45 +1149: C:/Users/Atharva Patil/AppData/Local/Temp/gymlog-session-2-isolated-_7ofw15r/test/upgrade/session_1_render_test.dart: detail-error-white-1.0x-synthetic
02:45 +1150: C:/Users/Atharva Patil/AppData/Local/Temp/gymlog-session-2-isolated-_7ofw15r/test/upgrade/session_2_acceptance_render_test.dart: library-low-data-higgsfield-1.6x-synthetic
02:45 +1151: C:/Users/Atharva Patil/AppData/Local/Temp/gymlog-session-2-isolated-_7ofw15r/test/upgrade/error_reassurance_render_test.dart: storage-pro-blazeOrange-1.0x-synthetic
02:46 +1152: C:/Users/Atharva Patil/AppData/Local/Temp/gymlog-session-2-isolated-_7ofw15r/test/upgrade/error_reassurance_render_test.dart: storage-pro-blazeOrange-1.0x-synthetic
02:46 +1153: C:/Users/Atharva Patil/AppData/Local/Temp/gymlog-session-2-isolated-_7ofw15r/test/upgrade/error_reassurance_render_test.dart: storage-pro-blazeOrange-1.0x-synthetic
02:46 +1154: C:/Users/Atharva Patil/AppData/Local/Temp/gymlog-session-2-isolated-_7ofw15r/test/upgrade/session_1_render_test.dart: exercise-white-1.0x-synthetic
02:46 +1155: C:/Users/Atharva Patil/AppData/Local/Temp/gymlog-session-2-isolated-_7ofw15r/test/upgrade/session_2_acceptance_render_test.dart: library-error-higgsfield-1.6x-synthetic
02:46 +1156: C:/Users/Atharva Patil/AppData/Local/Temp/gymlog-session-2-isolated-_7ofw15r/test/upgrade/session_2_acceptance_render_test.dart: library-error-higgsfield-1.6x-synthetic
02:46 +1157: C:/Users/Atharva Patil/AppData/Local/Temp/gymlog-session-2-isolated-_7ofw15r/test/upgrade/session_1_render_test.dart: exercise-no-estimate-white-1.0x-synthetic
02:46 +1158: C:/Users/Atharva Patil/AppData/Local/Temp/gymlog-session-2-isolated-_7ofw15r/test/upgrade/error_reassurance_render_test.dart: app-error-blazeOrange-1.6x-synthetic
02:46 +1159: C:/Users/Atharva Patil/AppData/Local/Temp/gymlog-session-2-isolated-_7ofw15r/test/upgrade/session_2_render_test.dart: before/home-returning-higgsfield-1.0x-synthetic
02:46 +1160: C:/Users/Atharva Patil/AppData/Local/Temp/gymlog-session-2-isolated-_7ofw15r/test/upgrade/session_2_render_test.dart: before/home-returning-higgsfield-1.0x-synthetic
02:46 +1161: C:/Users/Atharva Patil/AppData/Local/Temp/gymlog-session-2-isolated-_7ofw15r/test/upgrade/session_2_render_test.dart: before/home-returning-higgsfield-1.0x-synthetic
02:46 +1162: C:/Users/Atharva Patil/AppData/Local/Temp/gymlog-session-2-isolated-_7ofw15r/test/upgrade/session_2_render_test.dart: before/home-returning-higgsfield-1.0x-synthetic
02:46 +1163: C:/Users/Atharva Patil/AppData/Local/Temp/gymlog-session-2-isolated-_7ofw15r/test/upgrade/session_2_render_test.dart: before/home-returning-higgsfield-1.0x-synthetic
02:46 +1164: C:/Users/Atharva Patil/AppData/Local/Temp/gymlog-session-2-isolated-_7ofw15r/test/upgrade/session_2_render_test.dart: before/home-returning-higgsfield-1.0x-synthetic
02:46 +1165: C:/Users/Atharva Patil/AppData/Local/Temp/gymlog-session-2-isolated-_7ofw15r/test/upgrade/session_2_render_test.dart: before/home-returning-higgsfield-1.0x-synthetic
02:46 +1166: C:/Users/Atharva Patil/AppData/Local/Temp/gymlog-session-2-isolated-_7ofw15r/test/upgrade/session_2_render_test.dart: before/home-returning-higgsfield-1.0x-synthetic
02:46 +1167: C:/Users/Atharva Patil/AppData/Local/Temp/gymlog-session-2-isolated-_7ofw15r/test/upgrade/session_2_render_test.dart: before/home-returning-higgsfield-1.0x-synthetic
02:46 +1168: C:/Users/Atharva Patil/AppData/Local/Temp/gymlog-session-2-isolated-_7ofw15r/test/upgrade/session_2_render_test.dart: before/home-returning-higgsfield-1.0x-synthetic
02:46 +1169: C:/Users/Atharva Patil/AppData/Local/Temp/gymlog-session-2-isolated-_7ofw15r/test/upgrade/session_2_render_test.dart: before/home-returning-higgsfield-1.0x-synthetic
02:46 +1170: C:/Users/Atharva Patil/AppData/Local/Temp/gymlog-session-2-isolated-_7ofw15r/test/upgrade/session_2_render_test.dart: before/home-returning-higgsfield-1.0x-synthetic
02:46 +1171: C:/Users/Atharva Patil/AppData/Local/Temp/gymlog-session-2-isolated-_7ofw15r/test/upgrade/session_2_render_test.dart: before/home-returning-higgsfield-1.0x-synthetic
02:47 +1172: C:/Users/Atharva Patil/AppData/Local/Temp/gymlog-session-2-isolated-_7ofw15r/test/upgrade/session_2_render_test.dart: before/home-returning-higgsfield-1.0x-synthetic
02:47 +1173: C:/Users/Atharva Patil/AppData/Local/Temp/gymlog-session-2-isolated-_7ofw15r/test/upgrade/session_2_render_test.dart: before/home-returning-higgsfield-1.0x-synthetic
02:47 +1174: C:/Users/Atharva Patil/AppData/Local/Temp/gymlog-session-2-isolated-_7ofw15r/test/upgrade/session_2_render_test.dart: before/home-returning-higgsfield-1.0x-synthetic
02:47 +1175: C:/Users/Atharva Patil/AppData/Local/Temp/gymlog-session-2-isolated-_7ofw15r/test/upgrade/session_2_render_test.dart: before/home-returning-higgsfield-1.0x-synthetic
02:47 +1176: C:/Users/Atharva Patil/AppData/Local/Temp/gymlog-session-2-isolated-_7ofw15r/test/upgrade/session_2_render_test.dart: before/home-returning-higgsfield-1.0x-synthetic
02:47 +1177: C:/Users/Atharva Patil/AppData/Local/Temp/gymlog-session-2-isolated-_7ofw15r/test/upgrade/session_2_render_test.dart: before/home-returning-higgsfield-1.0x-synthetic
02:47 +1178: C:/Users/Atharva Patil/AppData/Local/Temp/gymlog-session-2-isolated-_7ofw15r/test/upgrade/session_2_render_test.dart: before/home-returning-higgsfield-1.0x-synthetic
02:47 +1179: C:/Users/Atharva Patil/AppData/Local/Temp/gymlog-session-2-isolated-_7ofw15r/test/upgrade/session_2_render_test.dart: before/home-returning-higgsfield-1.0x-synthetic
02:47 +1180: C:/Users/Atharva Patil/AppData/Local/Temp/gymlog-session-2-isolated-_7ofw15r/test/upgrade/session_2_render_test.dart: before/home-returning-higgsfield-1.0x-synthetic
02:47 +1181: C:/Users/Atharva Patil/AppData/Local/Temp/gymlog-session-2-isolated-_7ofw15r/test/upgrade/session_2_render_test.dart: before/home-returning-higgsfield-1.0x-synthetic
02:47 +1182: C:/Users/Atharva Patil/AppData/Local/Temp/gymlog-session-2-isolated-_7ofw15r/test/upgrade/session_2_render_test.dart: before/home-returning-higgsfield-1.0x-synthetic
02:47 +1183: C:/Users/Atharva Patil/AppData/Local/Temp/gymlog-session-2-isolated-_7ofw15r/test/upgrade/session_2_render_test.dart: before/home-returning-higgsfield-1.0x-synthetic
02:47 +1184: C:/Users/Atharva Patil/AppData/Local/Temp/gymlog-session-2-isolated-_7ofw15r/test/upgrade/session_2_render_test.dart: before/home-returning-higgsfield-1.0x-synthetic
02:47 +1185: C:/Users/Atharva Patil/AppData/Local/Temp/gymlog-session-2-isolated-_7ofw15r/test/upgrade/session_2_render_test.dart: before/home-returning-higgsfield-1.0x-synthetic
02:47 +1186: C:/Users/Atharva Patil/AppData/Local/Temp/gymlog-session-2-isolated-_7ofw15r/test/upgrade/session_2_render_test.dart: before/home-returning-higgsfield-1.0x-synthetic
02:47 +1187: C:/Users/Atharva Patil/AppData/Local/Temp/gymlog-session-2-isolated-_7ofw15r/test/upgrade/session_2_render_test.dart: before/home-returning-higgsfield-1.0x-synthetic
02:47 +1188: C:/Users/Atharva Patil/AppData/Local/Temp/gymlog-session-2-isolated-_7ofw15r/test/upgrade/session_2_render_test.dart: before/home-returning-higgsfield-1.0x-synthetic
02:47 +1189: C:/Users/Atharva Patil/AppData/Local/Temp/gymlog-session-2-isolated-_7ofw15r/test/upgrade/session_2_render_test.dart: before/home-returning-higgsfield-1.0x-synthetic
02:48 +1190: C:/Users/Atharva Patil/AppData/Local/Temp/gymlog-session-2-isolated-_7ofw15r/test/upgrade/session_2_render_test.dart: before/home-returning-higgsfield-1.0x-synthetic
02:48 +1191: C:/Users/Atharva Patil/AppData/Local/Temp/gymlog-session-2-isolated-_7ofw15r/test/upgrade/session_2_render_test.dart: before/home-returning-higgsfield-1.0x-synthetic
02:48 +1192: C:/Users/Atharva Patil/AppData/Local/Temp/gymlog-session-2-isolated-_7ofw15r/test/upgrade/session_2_render_test.dart: before/home-returning-higgsfield-1.0x-synthetic
02:48 +1193: C:/Users/Atharva Patil/AppData/Local/Temp/gymlog-session-2-isolated-_7ofw15r/test/upgrade/session_2_render_test.dart: before/home-returning-higgsfield-1.0x-synthetic
02:48 +1194: C:/Users/Atharva Patil/AppData/Local/Temp/gymlog-session-2-isolated-_7ofw15r/test/upgrade/session_2_render_test.dart: before/home-returning-higgsfield-1.0x-synthetic
02:48 +1195: C:/Users/Atharva Patil/AppData/Local/Temp/gymlog-session-2-isolated-_7ofw15r/test/upgrade/session_2_render_test.dart: before/home-returning-higgsfield-1.0x-synthetic
02:48 +1196: C:/Users/Atharva Patil/AppData/Local/Temp/gymlog-session-2-isolated-_7ofw15r/test/upgrade/session_2_render_test.dart: before/home-returning-higgsfield-1.0x-synthetic
02:48 +1197: C:/Users/Atharva Patil/AppData/Local/Temp/gymlog-session-2-isolated-_7ofw15r/test/upgrade/session_2_render_test.dart: before/home-returning-higgsfield-1.0x-synthetic
02:48 +1198: C:/Users/Atharva Patil/AppData/Local/Temp/gymlog-session-2-isolated-_7ofw15r/test/upgrade/session_2_render_test.dart: before/home-returning-higgsfield-1.0x-synthetic
02:48 +1199: C:/Users/Atharva Patil/AppData/Local/Temp/gymlog-session-2-isolated-_7ofw15r/test/upgrade/session_2_render_test.dart: before/home-returning-higgsfield-1.0x-synthetic
02:48 +1200: C:/Users/Atharva Patil/AppData/Local/Temp/gymlog-session-2-isolated-_7ofw15r/test/upgrade/session_2_acceptance_render_test.dart: home-active-error-higgsfield-1.6x-synthetic
02:48 +1201: C:/Users/Atharva Patil/AppData/Local/Temp/gymlog-session-2-isolated-_7ofw15r/test/upgrade/session_2_acceptance_render_test.dart: home-active-error-higgsfield-1.6x-synthetic
02:48 +1202: C:/Users/Atharva Patil/AppData/Local/Temp/gymlog-session-2-isolated-_7ofw15r/test/upgrade/session_2_render_test.dart: before/library-returning-higgsfield-1.0x-synthetic
02:48 +1203: C:/Users/Atharva Patil/AppData/Local/Temp/gymlog-session-2-isolated-_7ofw15r/test/upgrade/session_2_render_test.dart: before/library-returning-higgsfield-1.0x-synthetic
02:48 +1204: C:/Users/Atharva Patil/AppData/Local/Temp/gymlog-session-2-isolated-_7ofw15r/test/upgrade/session_2_render_test.dart: before/library-returning-higgsfield-1.0x-synthetic
02:48 +1205: C:/Users/Atharva Patil/AppData/Local/Temp/gymlog-session-2-isolated-_7ofw15r/test/upgrade/session_2_render_test.dart: before/library-returning-higgsfield-1.0x-synthetic
02:48 +1206: C:/Users/Atharva Patil/AppData/Local/Temp/gymlog-session-2-isolated-_7ofw15r/test/upgrade/session_2_render_test.dart: before/library-returning-higgsfield-1.0x-synthetic
02:49 +1207: C:/Users/Atharva Patil/AppData/Local/Temp/gymlog-session-2-isolated-_7ofw15r/test/upgrade/session_2_render_test.dart: before/library-returning-higgsfield-1.0x-synthetic
02:49 +1208: C:/Users/Atharva Patil/AppData/Local/Temp/gymlog-session-2-isolated-_7ofw15r/test/upgrade/session_2_acceptance_render_test.dart: home-chosen-neonPurple-1.0x-synthetic
02:49 +1209: C:/Users/Atharva Patil/AppData/Local/Temp/gymlog-session-2-isolated-_7ofw15r/test/upgrade/session_2_acceptance_render_test.dart: home-chosen-neonPurple-1.0x-synthetic
02:49 +1210: C:/Users/Atharva Patil/AppData/Local/Temp/gymlog-session-2-isolated-_7ofw15r/test/upgrade/session_2_acceptance_render_test.dart: home-chosen-neonPurple-1.0x-synthetic
02:49 +1211: C:/Users/Atharva Patil/AppData/Local/Temp/gymlog-session-2-isolated-_7ofw15r/test/upgrade/session_2_acceptance_render_test.dart: home-chosen-neonPurple-1.0x-synthetic
02:49 +1212: C:/Users/Atharva Patil/AppData/Local/Temp/gymlog-session-2-isolated-_7ofw15r/test/upgrade/session_2_acceptance_render_test.dart: home-chosen-neonPurple-1.0x-synthetic
02:49 +1213: C:/Users/Atharva Patil/AppData/Local/Temp/gymlog-session-2-isolated-_7ofw15r/test/upgrade/session_2_acceptance_render_test.dart: home-chosen-neonPurple-1.0x-synthetic
02:49 +1214: C:/Users/Atharva Patil/AppData/Local/Temp/gymlog-session-2-isolated-_7ofw15r/test/upgrade/session_2_acceptance_render_test.dart: home-chosen-neonPurple-1.0x-synthetic
02:50 +1215: C:/Users/Atharva Patil/AppData/Local/Temp/gymlog-session-2-isolated-_7ofw15r/test/upgrade/session_2_acceptance_render_test.dart: home-chosen-neonPurple-1.0x-synthetic
02:50 +1216: C:/Users/Atharva Patil/AppData/Local/Temp/gymlog-session-2-isolated-_7ofw15r/test/upgrade/session_2_render_test.dart: before/home-empty-higgsfield-1.0x-synthetic
02:50 +1217: C:/Users/Atharva Patil/AppData/Local/Temp/gymlog-session-2-isolated-_7ofw15r/test/upgrade/session_1_render_test.dart: exercise-no-estimate-white-1.6x-synthetic
02:50 +1218: C:/Users/Atharva Patil/AppData/Local/Temp/gymlog-session-2-isolated-_7ofw15r/test/upgrade/session_2_acceptance_render_test.dart: library-chosen-neonPurple-1.0x-synthetic
02:50 +1219: C:/Users/Atharva Patil/AppData/Local/Temp/gymlog-session-2-isolated-_7ofw15r/test/upgrade/session_2_acceptance_render_test.dart: library-chosen-neonPurple-1.0x-synthetic
02:50 +1220: C:/Users/Atharva Patil/AppData/Local/Temp/gymlog-session-2-isolated-_7ofw15r/test/upgrade/session_2_acceptance_render_test.dart: library-chosen-neonPurple-1.0x-synthetic
02:50 +1221: C:/Users/Atharva Patil/AppData/Local/Temp/gymlog-session-2-isolated-_7ofw15r/test/upgrade/session_2_render_test.dart: before/home-noRoutine-higgsfield-1.0x-synthetic
02:50 +1222: C:/Users/Atharva Patil/AppData/Local/Temp/gymlog-session-2-isolated-_7ofw15r/test/upgrade/session_2_render_test.dart: before/home-noRoutine-higgsfield-1.0x-synthetic
02:50 +1223: C:/Users/Atharva Patil/AppData/Local/Temp/gymlog-session-2-isolated-_7ofw15r/test/upgrade/session_2_acceptance_render_test.dart: home-no-choice-neonPurple-1.0x-synthetic
02:50 +1224: C:/Users/Atharva Patil/AppData/Local/Temp/gymlog-session-2-isolated-_7ofw15r/test/upgrade/session_2_acceptance_render_test.dart: home-no-choice-neonPurple-1.0x-synthetic
02:50 +1225: C:/Users/Atharva Patil/AppData/Local/Temp/gymlog-session-2-isolated-_7ofw15r/test/upgrade/session_2_render_test.dart: before/library-noRoutine-higgsfield-1.0x-synthetic
02:50 +1226: C:/Users/Atharva Patil/AppData/Local/Temp/gymlog-session-2-isolated-_7ofw15r/test/upgrade/session_2_render_test.dart: before/library-noRoutine-higgsfield-1.0x-synthetic
02:50 +1227: C:/Users/Atharva Patil/AppData/Local/Temp/gymlog-session-2-isolated-_7ofw15r/test/upgrade/session_2_acceptance_render_test.dart: library-no-choice-neonPurple-1.0x-synthetic
02:51 +1228: C:/Users/Atharva Patil/AppData/Local/Temp/gymlog-session-2-isolated-_7ofw15r/test/upgrade/session_2_acceptance_render_test.dart: library-no-choice-neonPurple-1.0x-synthetic
02:51 +1229: C:/Users/Atharva Patil/AppData/Local/Temp/gymlog-session-2-isolated-_7ofw15r/test/upgrade/session_2_acceptance_render_test.dart: library-no-choice-neonPurple-1.0x-synthetic
02:51 +1230: C:/Users/Atharva Patil/AppData/Local/Temp/gymlog-session-2-isolated-_7ofw15r/test/upgrade/session_2_acceptance_render_test.dart: library-no-choice-neonPurple-1.0x-synthetic
02:51 +1231: C:/Users/Atharva Patil/AppData/Local/Temp/gymlog-session-2-isolated-_7ofw15r/test/upgrade/session_2_acceptance_render_test.dart: library-no-choice-neonPurple-1.0x-synthetic
02:51 +1232: C:/Users/Atharva Patil/AppData/Local/Temp/gymlog-session-2-isolated-_7ofw15r/test/upgrade/session_2_acceptance_render_test.dart: library-no-choice-neonPurple-1.0x-synthetic
02:51 +1233: C:/Users/Atharva Patil/AppData/Local/Temp/gymlog-session-2-isolated-_7ofw15r/test/upgrade/session_2_acceptance_render_test.dart: library-no-choice-neonPurple-1.0x-synthetic
02:51 +1234: C:/Users/Atharva Patil/AppData/Local/Temp/gymlog-session-2-isolated-_7ofw15r/test/upgrade/session_2_acceptance_render_test.dart: library-no-choice-neonPurple-1.0x-synthetic
02:51 +1235: C:/Users/Atharva Patil/AppData/Local/Temp/gymlog-session-2-isolated-_7ofw15r/test/upgrade/session_2_acceptance_render_test.dart: library-no-choice-neonPurple-1.0x-synthetic
02:51 +1236: C:/Users/Atharva Patil/AppData/Local/Temp/gymlog-session-2-isolated-_7ofw15r/test/upgrade/session_2_acceptance_render_test.dart: library-no-choice-neonPurple-1.0x-synthetic
02:51 +1237: C:/Users/Atharva Patil/AppData/Local/Temp/gymlog-session-2-isolated-_7ofw15r/test/upgrade/session_2_acceptance_render_test.dart: library-no-choice-neonPurple-1.0x-synthetic
02:51 +1238: C:/Users/Atharva Patil/AppData/Local/Temp/gymlog-session-2-isolated-_7ofw15r/test/upgrade/session_1_render_test.dart: header-reps-neonCyan-1.0x-synthetic
02:51 +1239: C:/Users/Atharva Patil/AppData/Local/Temp/gymlog-session-2-isolated-_7ofw15r/test/upgrade/session_2_render_test.dart: before/library-lowData-higgsfield-1.0x-synthetic
02:51 +1240: C:/Users/Atharva Patil/AppData/Local/Temp/gymlog-session-2-isolated-_7ofw15r/test/upgrade/session_2_render_test.dart: before/library-lowData-higgsfield-1.0x-synthetic
02:51 +1241: C:/Users/Atharva Patil/AppData/Local/Temp/gymlog-session-2-isolated-_7ofw15r/test/upgrade/session_2_acceptance_render_test.dart: home-deleted-choice-neonPurple-1.0x-synthetic
02:51 +1242: C:/Users/Atharva Patil/AppData/Local/Temp/gymlog-session-2-isolated-_7ofw15r/test/upgrade/session_2_acceptance_render_test.dart: home-deleted-choice-neonPurple-1.0x-synthetic
02:51 +1243: C:/Users/Atharva Patil/AppData/Local/Temp/gymlog-session-2-isolated-_7ofw15r/test/upgrade/session_2_render_test.dart: before/home-error-higgsfield-1.0x-synthetic
02:51 +1244: C:/Users/Atharva Patil/AppData/Local/Temp/gymlog-session-2-isolated-_7ofw15r/test/upgrade/session_2_render_test.dart: before/home-error-higgsfield-1.0x-synthetic
02:51 +1245: C:/Users/Atharva Patil/AppData/Local/Temp/gymlog-session-2-isolated-_7ofw15r/test/upgrade/session_2_acceptance_render_test.dart: library-deleted-choice-neonPurple-1.0x-synthetic
02:51 +1246: C:/Users/Atharva Patil/AppData/Local/Temp/gymlog-session-2-isolated-_7ofw15r/test/upgrade/session_1_render_test.dart: finish-weighted-neonCyan-1.0x-synthetic
02:51 +1247: C:/Users/Atharva Patil/AppData/Local/Temp/gymlog-session-2-isolated-_7ofw15r/test/upgrade/session_2_render_test.dart: before/library-error-higgsfield-1.0x-synthetic
02:51 +1248: C:/Users/Atharva Patil/AppData/Local/Temp/gymlog-session-2-isolated-_7ofw15r/test/upgrade/session_2_acceptance_render_test.dart: home-empty-choice-neonPurple-1.0x-synthetic
02:52 +1249: C:/Users/Atharva Patil/AppData/Local/Temp/gymlog-session-2-isolated-_7ofw15r/test/upgrade/session_2_acceptance_render_test.dart: home-empty-choice-neonPurple-1.0x-synthetic
02:52 +1250: C:/Users/Atharva Patil/AppData/Local/Temp/gymlog-session-2-isolated-_7ofw15r/test/upgrade/session_2_render_test.dart: before/home-returning-higgsfield-1.6x-synthetic
02:52 +1251: C:/Users/Atharva Patil/AppData/Local/Temp/gymlog-session-2-isolated-_7ofw15r/test/upgrade/session_2_render_test.dart: before/home-returning-higgsfield-1.6x-synthetic
02:52 +1252: C:/Users/Atharva Patil/AppData/Local/Temp/gymlog-session-2-isolated-_7ofw15r/test/upgrade/session_2_render_test.dart: before/home-returning-higgsfield-1.6x-synthetic
02:52 +1253: C:/Users/Atharva Patil/AppData/Local/Temp/gymlog-session-2-isolated-_7ofw15r/test/upgrade/session_1_render_test.dart: finish-distance-neonCyan-1.0x-synthetic
02:52 +1254: C:/Users/Atharva Patil/AppData/Local/Temp/gymlog-session-2-isolated-_7ofw15r/test/upgrade/session_2_acceptance_render_test.dart: home-new-user-neonPurple-1.0x-synthetic
02:52 +1255: C:/Users/Atharva Patil/AppData/Local/Temp/gymlog-session-2-isolated-_7ofw15r/test/upgrade/session_2_render_test.dart: before/library-returning-higgsfield-1.6x-synthetic
02:52 +1256: C:/Users/Atharva Patil/AppData/Local/Temp/gymlog-session-2-isolated-_7ofw15r/test/upgrade/session_2_render_test.dart: before/library-returning-higgsfield-1.6x-synthetic
02:52 +1257: C:/Users/Atharva Patil/AppData/Local/Temp/gymlog-session-2-isolated-_7ofw15r/test/upgrade/session_2_render_test.dart: before/library-returning-higgsfield-1.6x-synthetic
02:52 +1258: C:/Users/Atharva Patil/AppData/Local/Temp/gymlog-session-2-isolated-_7ofw15r/test/upgrade/session_2_render_test.dart: before/library-returning-higgsfield-1.6x-synthetic
02:52 +1259: C:/Users/Atharva Patil/AppData/Local/Temp/gymlog-session-2-isolated-_7ofw15r/test/upgrade/session_1_render_test.dart: share-monument-neonCyan-1.0x-synthetic
02:52 +1260: C:/Users/Atharva Patil/AppData/Local/Temp/gymlog-session-2-isolated-_7ofw15r/test/upgrade/session_2_acceptance_render_test.dart: home-no-routine-neonPurple-1.0x-synthetic
02:52 +1261: C:/Users/Atharva Patil/AppData/Local/Temp/gymlog-session-2-isolated-_7ofw15r/test/upgrade/session_2_acceptance_render_test.dart: home-no-routine-neonPurple-1.0x-synthetic
02:52 +1262: C:/Users/Atharva Patil/AppData/Local/Temp/gymlog-session-2-isolated-_7ofw15r/test/upgrade/session_2_render_test.dart: before/home-inactive-higgsfield-1.6x-synthetic
02:52 +1263: C:/Users/Atharva Patil/AppData/Local/Temp/gymlog-session-2-isolated-_7ofw15r/test/upgrade/session_1_render_test.dart: share-sticker-neonCyan-1.0x-synthetic
02:52 +1264: C:/Users/Atharva Patil/AppData/Local/Temp/gymlog-session-2-isolated-_7ofw15r/test/upgrade/session_2_acceptance_render_test.dart: library-no-routine-neonPurple-1.0x-synthetic
02:53 +1265: C:/Users/Atharva Patil/AppData/Local/Temp/gymlog-session-2-isolated-_7ofw15r/test/upgrade/session_2_acceptance_render_test.dart: library-no-routine-neonPurple-1.0x-synthetic
02:53 +1266: C:/Users/Atharva Patil/AppData/Local/Temp/gymlog-session-2-isolated-_7ofw15r/test/upgrade/session_2_render_test.dart: before/library-inactive-higgsfield-1.6x-synthetic
02:53 +1267: C:/Users/Atharva Patil/AppData/Local/Temp/gymlog-session-2-isolated-_7ofw15r/test/upgrade/session_2_render_test.dart: before/library-inactive-higgsfield-1.6x-synthetic
02:53 +1268: C:/Users/Atharva Patil/AppData/Local/Temp/gymlog-session-2-isolated-_7ofw15r/test/upgrade/session_2_acceptance_render_test.dart: home-inactive-return-neonPurple-1.0x-synthetic
02:53 +1269: C:/Users/Atharva Patil/AppData/Local/Temp/gymlog-session-2-isolated-_7ofw15r/test/upgrade/session_2_acceptance_render_test.dart: home-inactive-return-neonPurple-1.0x-synthetic
02:53 +1270: C:/Users/Atharva Patil/AppData/Local/Temp/gymlog-session-2-isolated-_7ofw15r/test/upgrade/session_2_render_test.dart: before/home-empty-higgsfield-1.6x-synthetic
02:53 +1271: C:/Users/Atharva Patil/AppData/Local/Temp/gymlog-session-2-isolated-_7ofw15r/test/upgrade/session_1_render_test.dart: share-distance-monument-neonCyan-1.0x-synthetic
02:53 +1272: C:/Users/Atharva Patil/AppData/Local/Temp/gymlog-session-2-isolated-_7ofw15r/test/upgrade/session_2_acceptance_render_test.dart: library-inactive-return-neonPurple-1.0x-synthetic
02:53 +1273: C:/Users/Atharva Patil/AppData/Local/Temp/gymlog-session-2-isolated-_7ofw15r/test/upgrade/session_2_acceptance_render_test.dart: library-inactive-return-neonPurple-1.0x-synthetic
02:53 +1274: C:/Users/Atharva Patil/AppData/Local/Temp/gymlog-session-2-isolated-_7ofw15r/test/upgrade/session_2_acceptance_render_test.dart: library-inactive-return-neonPurple-1.0x-synthetic
02:53 +1275: C:/Users/Atharva Patil/AppData/Local/Temp/gymlog-session-2-isolated-_7ofw15r/test/upgrade/session_2_render_test.dart: before/home-noRoutine-higgsfield-1.6x-synthetic
02:53 +1276: C:/Users/Atharva Patil/AppData/Local/Temp/gymlog-session-2-isolated-_7ofw15r/test/upgrade/session_2_render_test.dart: before/home-noRoutine-higgsfield-1.6x-synthetic
02:53 +1277: C:/Users/Atharva Patil/AppData/Local/Temp/gymlog-session-2-isolated-_7ofw15r/test/upgrade/session_2_acceptance_render_test.dart: home-low-data-neonPurple-1.0x-synthetic
02:54 +1278: C:/Users/Atharva Patil/AppData/Local/Temp/gymlog-session-2-isolated-_7ofw15r/test/upgrade/session_1_render_test.dart: share-pace-monument-neonCyan-1.0x-synthetic
02:54 +1279: C:/Users/Atharva Patil/AppData/Local/Temp/gymlog-session-2-isolated-_7ofw15r/test/upgrade/session_2_render_test.dart: before/library-noRoutine-higgsfield-1.6x-synthetic
02:54 +1280: C:/Users/Atharva Patil/AppData/Local/Temp/gymlog-session-2-isolated-_7ofw15r/test/upgrade/session_2_acceptance_render_test.dart: library-low-data-neonPurple-1.0x-synthetic
02:54 +1281: C:/Users/Atharva Patil/AppData/Local/Temp/gymlog-session-2-isolated-_7ofw15r/test/upgrade/session_2_acceptance_render_test.dart: library-low-data-neonPurple-1.0x-synthetic
02:54 +1282: C:/Users/Atharva Patil/AppData/Local/Temp/gymlog-session-2-isolated-_7ofw15r/test/upgrade/session_2_render_test.dart: before/home-lowData-higgsfield-1.6x-synthetic
02:54 +1283: C:/Users/Atharva Patil/AppData/Local/Temp/gymlog-session-2-isolated-_7ofw15r/test/upgrade/session_1_render_test.dart: share-pace-sticker-neonCyan-1.0x-synthetic
02:54 +1284: C:/Users/Atharva Patil/AppData/Local/Temp/gymlog-session-2-isolated-_7ofw15r/test/upgrade/session_2_acceptance_render_test.dart: home-error-neonPurple-1.0x-synthetic
02:54 +1285: C:/Users/Atharva Patil/AppData/Local/Temp/gymlog-session-2-isolated-_7ofw15r/test/upgrade/session_2_acceptance_render_test.dart: home-error-neonPurple-1.0x-synthetic
02:54 +1286: C:/Users/Atharva Patil/AppData/Local/Temp/gymlog-session-2-isolated-_7ofw15r/test/upgrade/session_2_acceptance_render_test.dart: home-error-neonPurple-1.0x-synthetic
02:54 +1287: C:/Users/Atharva Patil/AppData/Local/Temp/gymlog-session-2-isolated-_7ofw15r/test/upgrade/session_2_acceptance_render_test.dart: home-error-neonPurple-1.0x-synthetic
02:54 +1288: C:/Users/Atharva Patil/AppData/Local/Temp/gymlog-session-2-isolated-_7ofw15r/test/upgrade/session_2_render_test.dart: before/library-lowData-higgsfield-1.6x-synthetic
02:54 +1289: C:/Users/Atharva Patil/AppData/Local/Temp/gymlog-session-2-isolated-_7ofw15r/test/upgrade/session_1_render_test.dart: detail-error-neonCyan-1.0x-synthetic
02:55 +1290: C:/Users/Atharva Patil/AppData/Local/Temp/gymlog-session-2-isolated-_7ofw15r/test/upgrade/session_2_acceptance_render_test.dart: library-error-neonPurple-1.0x-synthetic
02:55 +1291: C:/Users/Atharva Patil/AppData/Local/Temp/gymlog-session-2-isolated-_7ofw15r/test/upgrade/session_2_render_test.dart: before/home-error-higgsfield-1.6x-synthetic
02:55 +1292: C:/Users/Atharva Patil/AppData/Local/Temp/gymlog-session-2-isolated-_7ofw15r/test/upgrade/session_1_render_test.dart: detail-empty-neonCyan-1.0x-synthetic
02:55 +1293: C:/Users/Atharva Patil/AppData/Local/Temp/gymlog-session-2-isolated-_7ofw15r/test/upgrade/session_2_acceptance_render_test.dart: home-previous-error-neonPurple-1.0x-synthetic
02:55 +1294: C:/Users/Atharva Patil/AppData/Local/Temp/gymlog-session-2-isolated-_7ofw15r/test/upgrade/session_2_acceptance_render_test.dart: home-previous-error-neonPurple-1.0x-synthetic
02:56 +1295: C:/Users/Atharva Patil/AppData/Local/Temp/gymlog-session-2-isolated-_7ofw15r/test/upgrade/session_1_render_test.dart: exercise-neonCyan-1.0x-synthetic
02:56 +1296: C:/Users/Atharva Patil/AppData/Local/Temp/gymlog-session-2-isolated-_7ofw15r/test/upgrade/session_2_render_test.dart: before/home-returning-neonPurple-1.0x-synthetic
02:56 +1297: C:/Users/Atharva Patil/AppData/Local/Temp/gymlog-session-2-isolated-_7ofw15r/test/upgrade/session_2_render_test.dart: before/home-returning-neonPurple-1.0x-synthetic
02:56 +1298: C:/Users/Atharva Patil/AppData/Local/Temp/gymlog-session-2-isolated-_7ofw15r/test/upgrade/session_2_acceptance_render_test.dart: library-previous-error-neonPurple-1.0x-synthetic
02:56 +1299: C:/Users/Atharva Patil/AppData/Local/Temp/gymlog-session-2-isolated-_7ofw15r/test/upgrade/session_1_render_test.dart: progress-neonCyan-1.0x-synthetic
02:56 +1300: C:/Users/Atharva Patil/AppData/Local/Temp/gymlog-session-2-isolated-_7ofw15r/test/upgrade/session_2_render_test.dart: before/library-returning-neonPurple-1.0x-synthetic
02:56 +1301: C:/Users/Atharva Patil/AppData/Local/Temp/gymlog-session-2-isolated-_7ofw15r/test/upgrade/session_2_render_test.dart: before/library-returning-neonPurple-1.0x-synthetic
02:56 +1302: C:/Users/Atharva Patil/AppData/Local/Temp/gymlog-session-2-isolated-_7ofw15r/test/upgrade/session_2_render_test.dart: before/library-returning-neonPurple-1.0x-synthetic
02:56 +1303: C:/Users/Atharva Patil/AppData/Local/Temp/gymlog-session-2-isolated-_7ofw15r/test/upgrade/session_2_render_test.dart: before/library-returning-neonPurple-1.0x-synthetic
02:56 +1304: C:/Users/Atharva Patil/AppData/Local/Temp/gymlog-session-2-isolated-_7ofw15r/test/upgrade/session_1_render_test.dart: roles-neonCyan-1.0x-synthetic
02:56 +1305: C:/Users/Atharva Patil/AppData/Local/Temp/gymlog-session-2-isolated-_7ofw15r/test/upgrade/session_2_acceptance_render_test.dart: library-choice-error-neonPurple-1.0x-synthetic
02:56 +1306: C:/Users/Atharva Patil/AppData/Local/Temp/gymlog-session-2-isolated-_7ofw15r/test/upgrade/session_2_acceptance_render_test.dart: library-choice-error-neonPurple-1.0x-synthetic
02:56 +1307: C:/Users/Atharva Patil/AppData/Local/Temp/gymlog-session-2-isolated-_7ofw15r/test/upgrade/session_2_render_test.dart: before/home-inactive-neonPurple-1.0x-synthetic
02:56 +1308: C:/Users/Atharva Patil/AppData/Local/Temp/gymlog-session-2-isolated-_7ofw15r/test/upgrade/session_1_render_test.dart: header-reps-neonCyan-1.6x-synthetic
02:57 +1309: C:/Users/Atharva Patil/AppData/Local/Temp/gymlog-session-2-isolated-_7ofw15r/test/upgrade/session_2_acceptance_render_test.dart: home-loading-neonPurple-1.0x-synthetic
02:57 +1310: C:/Users/Atharva Patil/AppData/Local/Temp/gymlog-session-2-isolated-_7ofw15r/test/upgrade/session_2_acceptance_render_test.dart: home-loading-neonPurple-1.0x-synthetic
02:57 +1311: C:/Users/Atharva Patil/AppData/Local/Temp/gymlog-session-2-isolated-_7ofw15r/test/upgrade/session_2_render_test.dart: before/library-inactive-neonPurple-1.0x-synthetic
02:57 +1312: C:/Users/Atharva Patil/AppData/Local/Temp/gymlog-session-2-isolated-_7ofw15r/test/upgrade/session_1_render_test.dart: header-distance-neonCyan-1.6x-synthetic
02:57 +1313: C:/Users/Atharva Patil/AppData/Local/Temp/gymlog-session-2-isolated-_7ofw15r/test/upgrade/session_2_acceptance_render_test.dart: library-loading-neonPurple-1.0x-synthetic
02:57 +1314: C:/Users/Atharva Patil/AppData/Local/Temp/gymlog-session-2-isolated-_7ofw15r/test/upgrade/session_2_render_test.dart: before/home-empty-neonPurple-1.0x-synthetic
02:57 +1315: C:/Users/Atharva Patil/AppData/Local/Temp/gymlog-session-2-isolated-_7ofw15r/test/upgrade/session_1_render_test.dart: header-empty-neonCyan-1.6x-synthetic
02:57 +1316: C:/Users/Atharva Patil/AppData/Local/Temp/gymlog-session-2-isolated-_7ofw15r/test/upgrade/session_2_acceptance_render_test.dart: home-active-chosen-neonPurple-1.0x-synthetic
02:57 +1317: C:/Users/Atharva Patil/AppData/Local/Temp/gymlog-session-2-isolated-_7ofw15r/test/upgrade/session_2_acceptance_render_test.dart: home-active-chosen-neonPurple-1.0x-synthetic
02:57 +1318: C:/Users/Atharva Patil/AppData/Local/Temp/gymlog-session-2-isolated-_7ofw15r/test/upgrade/session_2_acceptance_render_test.dart: home-active-chosen-neonPurple-1.0x-synthetic
02:57 +1319: C:/Users/Atharva Patil/AppData/Local/Temp/gymlog-session-2-isolated-_7ofw15r/test/upgrade/session_2_render_test.dart: before/home-noRoutine-neonPurple-1.0x-synthetic
02:57 +1320: C:/Users/Atharva Patil/AppData/Local/Temp/gymlog-session-2-isolated-_7ofw15r/test/upgrade/session_1_render_test.dart: finish-reps-neonCyan-1.6x-synthetic
02:57 +1321: C:/Users/Atharva Patil/AppData/Local/Temp/gymlog-session-2-isolated-_7ofw15r/test/upgrade/session_2_acceptance_render_test.dart: library-active-chosen-neonPurple-1.0x-synthetic
02:57 +1322: C:/Users/Atharva Patil/AppData/Local/Temp/gymlog-session-2-isolated-_7ofw15r/test/upgrade/session_2_acceptance_render_test.dart: library-active-chosen-neonPurple-1.0x-synthetic
02:57 +1323: C:/Users/Atharva Patil/AppData/Local/Temp/gymlog-session-2-isolated-_7ofw15r/test/upgrade/session_1_render_test.dart: finish-timed-neonCyan-1.6x-synthetic
02:57 +1324: C:/Users/Atharva Patil/AppData/Local/Temp/gymlog-session-2-isolated-_7ofw15r/test/upgrade/session_2_render_test.dart: before/home-lowData-neonPurple-1.0x-synthetic
02:57 +1325: C:/Users/Atharva Patil/AppData/Local/Temp/gymlog-session-2-isolated-_7ofw15r/test/upgrade/session_2_acceptance_render_test.dart: home-active-no-choice-neonPurple-1.0x-synthetic
02:57 +1326: C:/Users/Atharva Patil/AppData/Local/Temp/gymlog-session-2-isolated-_7ofw15r/test/upgrade/session_1_render_test.dart: finish-distance-neonCyan-1.6x-synthetic
02:57 +1327: C:/Users/Atharva Patil/AppData/Local/Temp/gymlog-session-2-isolated-_7ofw15r/test/upgrade/session_1_render_test.dart: finish-distance-neonCyan-1.6x-synthetic
02:57 +1328: C:/Users/Atharva Patil/AppData/Local/Temp/gymlog-session-2-isolated-_7ofw15r/test/upgrade/session_2_acceptance_render_test.dart: library-active-no-choice-neonPurple-1.0x-synthetic
02:58 +1329: C:/Users/Atharva Patil/AppData/Local/Temp/gymlog-session-2-isolated-_7ofw15r/test/upgrade/session_2_acceptance_render_test.dart: library-active-no-choice-neonPurple-1.0x-synthetic
02:58 +1330: C:/Users/Atharva Patil/AppData/Local/Temp/gymlog-session-2-isolated-_7ofw15r/test/upgrade/session_2_acceptance_render_test.dart: library-active-no-choice-neonPurple-1.0x-synthetic
02:58 +1331: C:/Users/Atharva Patil/AppData/Local/Temp/gymlog-session-2-isolated-_7ofw15r/test/upgrade/session_1_render_test.dart: pr-pace-neonCyan-1.6x-synthetic
02:58 +1332: C:/Users/Atharva Patil/AppData/Local/Temp/gymlog-session-2-isolated-_7ofw15r/test/upgrade/session_2_render_test.dart: before/library-error-neonPurple-1.0x-synthetic
02:58 +1333: C:/Users/Atharva Patil/AppData/Local/Temp/gymlog-session-2-isolated-_7ofw15r/test/upgrade/session_2_acceptance_render_test.dart: home-active-no-routine-neonPurple-1.0x-synthetic
02:58 +1334: C:/Users/Atharva Patil/AppData/Local/Temp/gymlog-session-2-isolated-_7ofw15r/test/upgrade/session_1_render_test.dart: share-monument-neonCyan-1.6x-synthetic
02:58 +1335: C:/Users/Atharva Patil/AppData/Local/Temp/gymlog-session-2-isolated-_7ofw15r/test/upgrade/session_2_render_test.dart: before/home-returning-neonPurple-1.6x-synthetic
02:58 +1336: C:/Users/Atharva Patil/AppData/Local/Temp/gymlog-session-2-isolated-_7ofw15r/test/upgrade/session_2_render_test.dart: before/home-returning-neonPurple-1.6x-synthetic
02:58 +1337: C:/Users/Atharva Patil/AppData/Local/Temp/gymlog-session-2-isolated-_7ofw15r/test/upgrade/session_2_render_test.dart: before/home-returning-neonPurple-1.6x-synthetic
02:58 +1338: C:/Users/Atharva Patil/AppData/Local/Temp/gymlog-session-2-isolated-_7ofw15r/test/upgrade/session_2_render_test.dart: before/home-returning-neonPurple-1.6x-synthetic
02:58 +1339: C:/Users/Atharva Patil/AppData/Local/Temp/gymlog-session-2-isolated-_7ofw15r/test/upgrade/session_2_acceptance_render_test.dart: home-active-error-neonPurple-1.0x-synthetic
02:58 +1340: C:/Users/Atharva Patil/AppData/Local/Temp/gymlog-session-2-isolated-_7ofw15r/test/upgrade/session_2_render_test.dart: before/library-returning-neonPurple-1.6x-synthetic
02:58 +1341: C:/Users/Atharva Patil/AppData/Local/Temp/gymlog-session-2-isolated-_7ofw15r/test/upgrade/session_2_render_test.dart: before/library-returning-neonPurple-1.6x-synthetic
02:58 +1342: C:/Users/Atharva Patil/AppData/Local/Temp/gymlog-session-2-isolated-_7ofw15r/test/upgrade/session_2_render_test.dart: before/library-returning-neonPurple-1.6x-synthetic
02:58 +1343: C:/Users/Atharva Patil/AppData/Local/Temp/gymlog-session-2-isolated-_7ofw15r/test/upgrade/session_2_render_test.dart: before/library-returning-neonPurple-1.6x-synthetic
02:59 +1344: C:/Users/Atharva Patil/AppData/Local/Temp/gymlog-session-2-isolated-_7ofw15r/test/upgrade/session_1_render_test.dart: share-duration-sticker-neonCyan-1.6x-synthetic
02:59 +1345: C:/Users/Atharva Patil/AppData/Local/Temp/gymlog-session-2-isolated-_7ofw15r/test/upgrade/session_2_acceptance_render_test.dart: home-chosen-neonPurple-1.6x-synthetic
02:59 +1346: C:/Users/Atharva Patil/AppData/Local/Temp/gymlog-session-2-isolated-_7ofw15r/test/upgrade/session_2_acceptance_render_test.dart: home-chosen-neonPurple-1.6x-synthetic
02:59 +1347: C:/Users/Atharva Patil/AppData/Local/Temp/gymlog-session-2-isolated-_7ofw15r/test/upgrade/session_2_acceptance_render_test.dart: home-chosen-neonPurple-1.6x-synthetic
02:59 +1348: C:/Users/Atharva Patil/AppData/Local/Temp/gymlog-session-2-isolated-_7ofw15r/test/upgrade/session_2_acceptance_render_test.dart: home-chosen-neonPurple-1.6x-synthetic
02:59 +1349: C:/Users/Atharva Patil/AppData/Local/Temp/gymlog-session-2-isolated-_7ofw15r/test/upgrade/session_2_acceptance_render_test.dart: home-chosen-neonPurple-1.6x-synthetic
02:59 +1350: C:/Users/Atharva Patil/AppData/Local/Temp/gymlog-session-2-isolated-_7ofw15r/test/upgrade/session_2_acceptance_render_test.dart: home-chosen-neonPurple-1.6x-synthetic
02:59 +1351: C:/Users/Atharva Patil/AppData/Local/Temp/gymlog-session-2-isolated-_7ofw15r/test/upgrade/session_2_acceptance_render_test.dart: home-chosen-neonPurple-1.6x-synthetic
02:59 +1352: C:/Users/Atharva Patil/AppData/Local/Temp/gymlog-session-2-isolated-_7ofw15r/test/upgrade/session_2_acceptance_render_test.dart: home-chosen-neonPurple-1.6x-synthetic
02:59 +1353: C:/Users/Atharva Patil/AppData/Local/Temp/gymlog-session-2-isolated-_7ofw15r/test/upgrade/session_2_acceptance_render_test.dart: home-chosen-neonPurple-1.6x-synthetic
02:59 +1354: C:/Users/Atharva Patil/AppData/Local/Temp/gymlog-session-2-isolated-_7ofw15r/test/upgrade/session_2_acceptance_render_test.dart: home-chosen-neonPurple-1.6x-synthetic
02:59 +1355: C:/Users/Atharva Patil/AppData/Local/Temp/gymlog-session-2-isolated-_7ofw15r/test/upgrade/session_2_acceptance_render_test.dart: home-chosen-neonPurple-1.6x-synthetic
02:59 +1356: C:/Users/Atharva Patil/AppData/Local/Temp/gymlog-session-2-isolated-_7ofw15r/test/upgrade/session_2_acceptance_render_test.dart: home-chosen-neonPurple-1.6x-synthetic
02:59 +1357: C:/Users/Atharva Patil/AppData/Local/Temp/gymlog-session-2-isolated-_7ofw15r/test/upgrade/session_2_acceptance_render_test.dart: home-chosen-neonPurple-1.6x-synthetic
02:59 +1358: C:/Users/Atharva Patil/AppData/Local/Temp/gymlog-session-2-isolated-_7ofw15r/test/upgrade/session_2_acceptance_render_test.dart: home-chosen-neonPurple-1.6x-synthetic
03:00 +1359: C:/Users/Atharva Patil/AppData/Local/Temp/gymlog-session-2-isolated-_7ofw15r/test/upgrade/session_2_acceptance_render_test.dart: home-chosen-neonPurple-1.6x-synthetic
03:00 +1360: C:/Users/Atharva Patil/AppData/Local/Temp/gymlog-session-2-isolated-_7ofw15r/test/weekly_goal_sheet_test.dart: showWeeklyGoalSheet selecting a day updates weeklyGoalProvider and closes sheet
03:00 +1361: C:/Users/Atharva Patil/AppData/Local/Temp/gymlog-session-2-isolated-_7ofw15r/test/weekly_goal_sheet_test.dart: showWeeklyGoalSheet selecting a day updates weeklyGoalProvider and closes sheet
03:00 +1362: C:/Users/Atharva Patil/AppData/Local/Temp/gymlog-session-2-isolated-_7ofw15r/test/weekly_goal_sheet_test.dart: showWeeklyGoalSheet selecting a day updates weeklyGoalProvider and closes sheet
03:00 +1363: C:/Users/Atharva Patil/AppData/Local/Temp/gymlog-session-2-isolated-_7ofw15r/test/weekly_goal_sheet_test.dart: showWeeklyGoalSheet selecting a day updates weeklyGoalProvider and closes sheet
03:00 +1364: C:/Users/Atharva Patil/AppData/Local/Temp/gymlog-session-2-isolated-_7ofw15r/test/weekly_goal_sheet_test.dart: showWeeklyGoalSheet selecting a day updates weeklyGoalProvider and closes sheet
03:00 +1365: C:/Users/Atharva Patil/AppData/Local/Temp/gymlog-session-2-isolated-_7ofw15r/test/weekly_goal_sheet_test.dart: showWeeklyGoalSheet selecting a day updates weeklyGoalProvider and closes sheet
03:00 +1366: C:/Users/Atharva Patil/AppData/Local/Temp/gymlog-session-2-isolated-_7ofw15r/test/weekly_goal_sheet_test.dart: showWeeklyGoalSheet selecting a day updates weeklyGoalProvider and closes sheet
03:00 +1367: C:/Users/Atharva Patil/AppData/Local/Temp/gymlog-session-2-isolated-_7ofw15r/test/weekly_goal_sheet_test.dart: showWeeklyGoalSheet selecting a day updates weeklyGoalProvider and closes sheet
03:00 +1368: C:/Users/Atharva Patil/AppData/Local/Temp/gymlog-session-2-isolated-_7ofw15r/test/weekly_goal_sheet_test.dart: showWeeklyGoalSheet selecting a day updates weeklyGoalProvider and closes sheet
03:00 +1369: C:/Users/Atharva Patil/AppData/Local/Temp/gymlog-session-2-isolated-_7ofw15r/test/weekly_goal_sheet_test.dart: showWeeklyGoalSheet selecting a day updates weeklyGoalProvider and closes sheet
03:00 +1370: C:/Users/Atharva Patil/AppData/Local/Temp/gymlog-session-2-isolated-_7ofw15r/test/weekly_goal_sheet_test.dart: showWeeklyGoalSheet selecting a day updates weeklyGoalProvider and closes sheet
03:00 +1371: C:/Users/Atharva Patil/AppData/Local/Temp/gymlog-session-2-isolated-_7ofw15r/test/weekly_goal_sheet_test.dart: showWeeklyGoalSheet selecting a day updates weeklyGoalProvider and closes sheet
03:00 +1372: C:/Users/Atharva Patil/AppData/Local/Temp/gymlog-session-2-isolated-_7ofw15r/test/weekly_goal_sheet_test.dart: showWeeklyGoalSheet selecting a day updates weeklyGoalProvider and closes sheet
03:00 +1373: C:/Users/Atharva Patil/AppData/Local/Temp/gymlog-session-2-isolated-_7ofw15r/test/weekly_goal_sheet_test.dart: showWeeklyGoalSheet selecting a day updates weeklyGoalProvider and closes sheet
03:00 +1374: C:/Users/Atharva Patil/AppData/Local/Temp/gymlog-session-2-isolated-_7ofw15r/test/weekly_goal_sheet_test.dart: showWeeklyGoalSheet selecting a day updates weeklyGoalProvider and closes sheet
03:00 +1375: C:/Users/Atharva Patil/AppData/Local/Temp/gymlog-session-2-isolated-_7ofw15r/test/weekly_goal_sheet_test.dart: showWeeklyGoalSheet selecting a day updates weeklyGoalProvider and closes sheet
03:01 +1376: C:/Users/Atharva Patil/AppData/Local/Temp/gymlog-session-2-isolated-_7ofw15r/test/weekly_goal_sheet_test.dart: showWeeklyGoalSheet selecting a day updates weeklyGoalProvider and closes sheet
03:01 +1377: C:/Users/Atharva Patil/AppData/Local/Temp/gymlog-session-2-isolated-_7ofw15r/test/weekly_goal_sheet_test.dart: showWeeklyGoalSheet selecting a day updates weeklyGoalProvider and closes sheet
03:01 +1378: C:/Users/Atharva Patil/AppData/Local/Temp/gymlog-session-2-isolated-_7ofw15r/test/weekly_goal_sheet_test.dart: showWeeklyGoalSheet selecting a day updates weeklyGoalProvider and closes sheet
03:01 +1379: C:/Users/Atharva Patil/AppData/Local/Temp/gymlog-session-2-isolated-_7ofw15r/test/weekly_goal_sheet_test.dart: showWeeklyGoalSheet selecting a day updates weeklyGoalProvider and closes sheet
03:01 +1380: C:/Users/Atharva Patil/AppData/Local/Temp/gymlog-session-2-isolated-_7ofw15r/test/weekly_goal_sheet_test.dart: showWeeklyGoalSheet selecting a day updates weeklyGoalProvider and closes sheet
03:01 +1381: C:/Users/Atharva Patil/AppData/Local/Temp/gymlog-session-2-isolated-_7ofw15r/test/weekly_goal_sheet_test.dart: showWeeklyGoalSheet selecting a day updates weeklyGoalProvider and closes sheet
03:01 +1382: C:/Users/Atharva Patil/AppData/Local/Temp/gymlog-session-2-isolated-_7ofw15r/test/weekly_goal_sheet_test.dart: showWeeklyGoalSheet selecting a day updates weeklyGoalProvider and closes sheet
03:01 +1383: C:/Users/Atharva Patil/AppData/Local/Temp/gymlog-session-2-isolated-_7ofw15r/test/weekly_goal_sheet_test.dart: showWeeklyGoalSheet selecting a day updates weeklyGoalProvider and closes sheet
03:01 +1384: C:/Users/Atharva Patil/AppData/Local/Temp/gymlog-session-2-isolated-_7ofw15r/test/weekly_goal_sheet_test.dart: showWeeklyGoalSheet selecting a day updates weeklyGoalProvider and closes sheet
03:01 +1385: C:/Users/Atharva Patil/AppData/Local/Temp/gymlog-session-2-isolated-_7ofw15r/test/weekly_goal_sheet_test.dart: showWeeklyGoalSheet selecting a day updates weeklyGoalProvider and closes sheet
03:01 +1386: C:/Users/Atharva Patil/AppData/Local/Temp/gymlog-session-2-isolated-_7ofw15r/test/weekly_goal_sheet_test.dart: showWeeklyGoalSheet selecting a day updates weeklyGoalProvider and closes sheet
03:01 +1387: C:/Users/Atharva Patil/AppData/Local/Temp/gymlog-session-2-isolated-_7ofw15r/test/upgrade/session_2_acceptance_render_test.dart: home-empty-choice-neonPurple-1.6x-synthetic
03:01 +1388: C:/Users/Atharva Patil/AppData/Local/Temp/gymlog-session-2-isolated-_7ofw15r/test/upgrade/session_2_acceptance_render_test.dart: home-empty-choice-neonPurple-1.6x-synthetic
03:01 +1389: C:/Users/Atharva Patil/AppData/Local/Temp/gymlog-session-2-isolated-_7ofw15r/test/upgrade/session_1_render_test.dart: finish-weighted-neonMagenta-1.0x-synthetic
03:01 +1390: C:/Users/Atharva Patil/AppData/Local/Temp/gymlog-session-2-isolated-_7ofw15r/test/upgrade/session_2_render_test.dart: chosen/home-noRoutine-higgsfield-1.0x-synthetic
03:01 +1391: C:/Users/Atharva Patil/AppData/Local/Temp/gymlog-session-2-isolated-_7ofw15r/test/upgrade/session_2_acceptance_render_test.dart: library-empty-choice-neonPurple-1.6x-synthetic
03:01 +1392: C:/Users/Atharva Patil/AppData/Local/Temp/gymlog-session-2-isolated-_7ofw15r/test/upgrade/session_2_acceptance_render_test.dart: library-empty-choice-neonPurple-1.6x-synthetic
03:01 +1393: C:/Users/Atharva Patil/AppData/Local/Temp/gymlog-session-2-isolated-_7ofw15r/test/upgrade/session_2_acceptance_render_test.dart: library-empty-choice-neonPurple-1.6x-synthetic
03:01 +1394: C:/Users/Atharva Patil/AppData/Local/Temp/gymlog-session-2-isolated-_7ofw15r/test/upgrade/session_2_render_test.dart: chosen/home-lowData-higgsfield-1.0x-synthetic
03:01 +1395: C:/Users/Atharva Patil/AppData/Local/Temp/gymlog-session-2-isolated-_7ofw15r/test/upgrade/session_1_render_test.dart: finish-timed-neonMagenta-1.0x-synthetic
03:02 +1396: C:/Users/Atharva Patil/AppData/Local/Temp/gymlog-session-2-isolated-_7ofw15r/test/upgrade/session_2_acceptance_render_test.dart: home-new-user-neonPurple-1.6x-synthetic
03:02 +1397: C:/Users/Atharva Patil/AppData/Local/Temp/gymlog-session-2-isolated-_7ofw15r/test/upgrade/session_2_acceptance_render_test.dart: home-new-user-neonPurple-1.6x-synthetic
03:02 +1398: C:/Users/Atharva Patil/AppData/Local/Temp/gymlog-session-2-isolated-_7ofw15r/test/upgrade/session_1_render_test.dart: finish-distance-neonMagenta-1.0x-synthetic
03:02 +1399: C:/Users/Atharva Patil/AppData/Local/Temp/gymlog-session-2-isolated-_7ofw15r/test/upgrade/session_1_render_test.dart: finish-distance-neonMagenta-1.0x-synthetic
03:02 +1400: C:/Users/Atharva Patil/AppData/Local/Temp/gymlog-session-2-isolated-_7ofw15r/test/upgrade/session_2_acceptance_render_test.dart: library-new-user-neonPurple-1.6x-synthetic
03:02 +1401: C:/Users/Atharva Patil/AppData/Local/Temp/gymlog-session-2-isolated-_7ofw15r/test/upgrade/session_2_acceptance_render_test.dart: library-new-user-neonPurple-1.6x-synthetic
03:02 +1402: C:/Users/Atharva Patil/AppData/Local/Temp/gymlog-session-2-isolated-_7ofw15r/test/upgrade/session_1_render_test.dart: pr-neonMagenta-1.0x-synthetic
03:02 +1403: C:/Users/Atharva Patil/AppData/Local/Temp/gymlog-session-2-isolated-_7ofw15r/test/upgrade/session_2_render_test.dart: chosen/home-returning-higgsfield-1.6x-synthetic
03:02 +1404: C:/Users/Atharva Patil/AppData/Local/Temp/gymlog-session-2-isolated-_7ofw15r/test/upgrade/session_2_acceptance_render_test.dart: home-no-routine-neonPurple-1.6x-synthetic
03:02 +1405: C:/Users/Atharva Patil/AppData/Local/Temp/gymlog-session-2-isolated-_7ofw15r/test/upgrade/session_2_acceptance_render_test.dart: home-no-routine-neonPurple-1.6x-synthetic
03:02 +1406: C:/Users/Atharva Patil/AppData/Local/Temp/gymlog-session-2-isolated-_7ofw15r/test/upgrade/session_2_render_test.dart: chosen/library-returning-higgsfield-1.6x-synthetic
03:02 +1407: C:/Users/Atharva Patil/AppData/Local/Temp/gymlog-session-2-isolated-_7ofw15r/test/upgrade/session_2_render_test.dart: chosen/library-returning-higgsfield-1.6x-synthetic
03:02 +1408: C:/Users/Atharva Patil/AppData/Local/Temp/gymlog-session-2-isolated-_7ofw15r/test/upgrade/session_2_acceptance_render_test.dart: library-no-routine-neonPurple-1.6x-synthetic
03:02 +1409: C:/Users/Atharva Patil/AppData/Local/Temp/gymlog-session-2-isolated-_7ofw15r/test/upgrade/session_1_render_test.dart: share-technical-neonMagenta-1.0x-synthetic
03:02 +1410: C:/Users/Atharva Patil/AppData/Local/Temp/gymlog-session-2-isolated-_7ofw15r/test/upgrade/session_2_render_test.dart: chosen/home-inactive-higgsfield-1.6x-synthetic
03:02 +1411: C:/Users/Atharva Patil/AppData/Local/Temp/gymlog-session-2-isolated-_7ofw15r/test/upgrade/session_1_render_test.dart: share-sticker-neonMagenta-1.0x-synthetic
03:02 +1412: C:/Users/Atharva Patil/AppData/Local/Temp/gymlog-session-2-isolated-_7ofw15r/test/upgrade/session_2_acceptance_render_test.dart: home-inactive-return-neonPurple-1.6x-synthetic
03:02 +1413: C:/Users/Atharva Patil/AppData/Local/Temp/gymlog-session-2-isolated-_7ofw15r/test/upgrade/session_2_acceptance_render_test.dart: home-inactive-return-neonPurple-1.6x-synthetic
03:02 +1414: C:/Users/Atharva Patil/AppData/Local/Temp/gymlog-session-2-isolated-_7ofw15r/test/upgrade/session_2_acceptance_render_test.dart: home-inactive-return-neonPurple-1.6x-synthetic
03:02 +1415: C:/Users/Atharva Patil/AppData/Local/Temp/gymlog-session-2-isolated-_7ofw15r/test/upgrade/session_2_render_test.dart: chosen/home-empty-higgsfield-1.6x-synthetic
03:02 +1416: C:/Users/Atharva Patil/AppData/Local/Temp/gymlog-session-2-isolated-_7ofw15r/test/upgrade/session_1_render_test.dart: share-duration-technical-neonMagenta-1.0x-synthetic
03:02 +1417: C:/Users/Atharva Patil/AppData/Local/Temp/gymlog-session-2-isolated-_7ofw15r/test/upgrade/session_2_acceptance_render_test.dart: library-inactive-return-neonPurple-1.6x-synthetic
03:02 +1418: C:/Users/Atharva Patil/AppData/Local/Temp/gymlog-session-2-isolated-_7ofw15r/test/upgrade/session_2_acceptance_render_test.dart: library-inactive-return-neonPurple-1.6x-synthetic
03:02 +1419: C:/Users/Atharva Patil/AppData/Local/Temp/gymlog-session-2-isolated-_7ofw15r/test/upgrade/session_2_acceptance_render_test.dart: library-inactive-return-neonPurple-1.6x-synthetic
03:02 +1420: C:/Users/Atharva Patil/AppData/Local/Temp/gymlog-session-2-isolated-_7ofw15r/test/upgrade/session_2_render_test.dart: chosen/home-noRoutine-higgsfield-1.6x-synthetic
03:03 +1421: C:/Users/Atharva Patil/AppData/Local/Temp/gymlog-session-2-isolated-_7ofw15r/test/upgrade/session_1_render_test.dart: share-distance-monument-neonMagenta-1.0x-synthetic
03:03 +1422: C:/Users/Atharva Patil/AppData/Local/Temp/gymlog-session-2-isolated-_7ofw15r/test/upgrade/session_1_render_test.dart: share-distance-monument-neonMagenta-1.0x-synthetic
03:03 +1423: C:/Users/Atharva Patil/AppData/Local/Temp/gymlog-session-2-isolated-_7ofw15r/test/upgrade/session_2_acceptance_render_test.dart: home-low-data-neonPurple-1.6x-synthetic
03:03 +1424: C:/Users/Atharva Patil/AppData/Local/Temp/gymlog-session-2-isolated-_7ofw15r/test/upgrade/session_2_render_test.dart: chosen/home-lowData-higgsfield-1.6x-synthetic
03:03 +1425: C:/Users/Atharva Patil/AppData/Local/Temp/gymlog-session-2-isolated-_7ofw15r/test/upgrade/session_1_render_test.dart: share-distance-technical-neonMagenta-1.0x-synthetic
03:03 +1426: C:/Users/Atharva Patil/AppData/Local/Temp/gymlog-session-2-isolated-_7ofw15r/test/upgrade/session_2_acceptance_render_test.dart: library-low-data-neonPurple-1.6x-synthetic
03:03 +1427: C:/Users/Atharva Patil/AppData/Local/Temp/gymlog-session-2-isolated-_7ofw15r/test/upgrade/session_2_acceptance_render_test.dart: library-low-data-neonPurple-1.6x-synthetic
03:03 +1428: C:/Users/Atharva Patil/AppData/Local/Temp/gymlog-session-2-isolated-_7ofw15r/test/upgrade/session_2_acceptance_render_test.dart: library-low-data-neonPurple-1.6x-synthetic
03:03 +1429: C:/Users/Atharva Patil/AppData/Local/Temp/gymlog-session-2-isolated-_7ofw15r/test/upgrade/session_2_render_test.dart: chosen/home-error-higgsfield-1.6x-synthetic
03:03 +1430: C:/Users/Atharva Patil/AppData/Local/Temp/gymlog-session-2-isolated-_7ofw15r/test/upgrade/session_1_render_test.dart: share-pace-monument-neonMagenta-1.0x-synthetic
03:03 +1431: C:/Users/Atharva Patil/AppData/Local/Temp/gymlog-session-2-isolated-_7ofw15r/test/upgrade/session_2_acceptance_render_test.dart: home-error-neonPurple-1.6x-synthetic
03:03 +1432: C:/Users/Atharva Patil/AppData/Local/Temp/gymlog-session-2-isolated-_7ofw15r/test/upgrade/session_2_acceptance_render_test.dart: home-error-neonPurple-1.6x-synthetic
03:03 +1433: C:/Users/Atharva Patil/AppData/Local/Temp/gymlog-session-2-isolated-_7ofw15r/test/upgrade/session_1_render_test.dart: share-pace-technical-neonMagenta-1.0x-synthetic
03:03 +1434: C:/Users/Atharva Patil/AppData/Local/Temp/gymlog-session-2-isolated-_7ofw15r/test/upgrade/session_2_render_test.dart: chosen/home-returning-neonPurple-1.0x-synthetic
03:03 +1435: C:/Users/Atharva Patil/AppData/Local/Temp/gymlog-session-2-isolated-_7ofw15r/test/upgrade/session_2_acceptance_render_test.dart: library-error-neonPurple-1.6x-synthetic
03:03 +1436: C:/Users/Atharva Patil/AppData/Local/Temp/gymlog-session-2-isolated-_7ofw15r/test/upgrade/session_2_acceptance_render_test.dart: library-error-neonPurple-1.6x-synthetic
03:03 +1437: C:/Users/Atharva Patil/AppData/Local/Temp/gymlog-session-2-isolated-_7ofw15r/test/upgrade/session_2_render_test.dart: chosen/library-returning-neonPurple-1.0x-synthetic
03:03 +1438: C:/Users/Atharva Patil/AppData/Local/Temp/gymlog-session-2-isolated-_7ofw15r/test/upgrade/session_1_render_test.dart: detail-neonMagenta-1.0x-synthetic
03:03 +1439: C:/Users/Atharva Patil/AppData/Local/Temp/gymlog-session-2-isolated-_7ofw15r/test/upgrade/session_2_acceptance_render_test.dart: home-previous-error-neonPurple-1.6x-synthetic
03:03 +1440: C:/Users/Atharva Patil/AppData/Local/Temp/gymlog-session-2-isolated-_7ofw15r/test/upgrade/session_2_acceptance_render_test.dart: home-previous-error-neonPurple-1.6x-synthetic
03:03 +1441: C:/Users/Atharva Patil/AppData/Local/Temp/gymlog-session-2-isolated-_7ofw15r/test/upgrade/session_1_render_test.dart: detail-error-neonMagenta-1.0x-synthetic
03:03 +1442: C:/Users/Atharva Patil/AppData/Local/Temp/gymlog-session-2-isolated-_7ofw15r/test/upgrade/session_1_render_test.dart: detail-error-neonMagenta-1.0x-synthetic
03:03 +1443: C:/Users/Atharva Patil/AppData/Local/Temp/gymlog-session-2-isolated-_7ofw15r/test/upgrade/session_1_render_test.dart: detail-error-neonMagenta-1.0x-synthetic
03:03 +1444: C:/Users/Atharva Patil/AppData/Local/Temp/gymlog-session-2-isolated-_7ofw15r/test/upgrade/session_1_render_test.dart: detail-error-neonMagenta-1.0x-synthetic
03:03 +1445: C:/Users/Atharva Patil/AppData/Local/Temp/gymlog-session-2-isolated-_7ofw15r/test/upgrade/session_1_render_test.dart: detail-error-neonMagenta-1.0x-synthetic
03:03 +1446: C:/Users/Atharva Patil/AppData/Local/Temp/gymlog-session-2-isolated-_7ofw15r/test/upgrade/session_1_render_test.dart: detail-error-neonMagenta-1.0x-synthetic
03:03 +1447: C:/Users/Atharva Patil/AppData/Local/Temp/gymlog-session-2-isolated-_7ofw15r/test/upgrade/session_1_render_test.dart: detail-error-neonMagenta-1.0x-synthetic
03:03 +1448: C:/Users/Atharva Patil/AppData/Local/Temp/gymlog-session-2-isolated-_7ofw15r/test/upgrade/session_1_render_test.dart: detail-error-neonMagenta-1.0x-synthetic
03:03 +1449: C:/Users/Atharva Patil/AppData/Local/Temp/gymlog-session-2-isolated-_7ofw15r/test/upgrade/session_2_render_test.dart: chosen/library-returning-neonPurple-1.6x-synthetic
03:03 +1450: C:/Users/Atharva Patil/AppData/Local/Temp/gymlog-session-2-isolated-_7ofw15r/test/upgrade/session_2_render_test.dart: chosen/library-returning-neonPurple-1.6x-synthetic
03:04 +1451: C:/Users/Atharva Patil/AppData/Local/Temp/gymlog-session-2-isolated-_7ofw15r/test/upgrade/session_2_acceptance_render_test.dart: library-previous-error-neonPurple-1.6x-synthetic
03:04 +1452: C:/Users/Atharva Patil/AppData/Local/Temp/gymlog-session-2-isolated-_7ofw15r/test/upgrade/session_2_acceptance_render_test.dart: library-previous-error-neonPurple-1.6x-synthetic
03:04 +1453: C:/Users/Atharva Patil/AppData/Local/Temp/gymlog-session-2-isolated-_7ofw15r/test/widget_test.dart: UI kit PrimaryButton renders label and fires onPressed
03:04 +1454: C:/Users/Atharva Patil/AppData/Local/Temp/gymlog-session-2-isolated-_7ofw15r/test/widget_test.dart: UI kit PrimaryButton renders label and fires onPressed
03:04 +1455: C:/Users/Atharva Patil/AppData/Local/Temp/gymlog-session-2-isolated-_7ofw15r/test/widget_test.dart: UI kit PrimaryButton renders label and fires onPressed
03:04 +1456: C:/Users/Atharva Patil/AppData/Local/Temp/gymlog-session-2-isolated-_7ofw15r/test/widget_test.dart: UI kit PrimaryButton renders label and fires onPressed
03:04 +1457: C:/Users/Atharva Patil/AppData/Local/Temp/gymlog-session-2-isolated-_7ofw15r/test/widget_test.dart: UI kit PrimaryButton renders label and fires onPressed
03:04 +1458: C:/Users/Atharva Patil/AppData/Local/Temp/gymlog-session-2-isolated-_7ofw15r/test/widget_test.dart: UI kit PrimaryButton renders label and fires onPressed
03:04 +1459: C:/Users/Atharva Patil/AppData/Local/Temp/gymlog-session-2-isolated-_7ofw15r/test/widget_test.dart: UI kit PrimaryButton renders label and fires onPressed
03:04 +1460: C:/Users/Atharva Patil/AppData/Local/Temp/gymlog-session-2-isolated-_7ofw15r/test/widget_test.dart: UI kit PrimaryButton renders label and fires onPressed
03:04 +1461: C:/Users/Atharva Patil/AppData/Local/Temp/gymlog-session-2-isolated-_7ofw15r/test/widget_test.dart: UI kit PrimaryButton renders label and fires onPressed
03:04 +1462: C:/Users/Atharva Patil/AppData/Local/Temp/gymlog-session-2-isolated-_7ofw15r/test/widget_test.dart: UI kit PrimaryButton renders label and fires onPressed
03:04 +1463: C:/Users/Atharva Patil/AppData/Local/Temp/gymlog-session-2-isolated-_7ofw15r/test/widget_test.dart: UI kit PrimaryButton renders label and fires onPressed
03:04 +1464: C:/Users/Atharva Patil/AppData/Local/Temp/gymlog-session-2-isolated-_7ofw15r/test/widget_test.dart: UI kit PrimaryButton renders label and fires onPressed
03:04 +1465: C:/Users/Atharva Patil/AppData/Local/Temp/gymlog-session-2-isolated-_7ofw15r/test/widget_test.dart: UI kit PrimaryButton renders label and fires onPressed
03:04 +1466: C:/Users/Atharva Patil/AppData/Local/Temp/gymlog-session-2-isolated-_7ofw15r/test/widget_test.dart: UI kit PrimaryButton renders label and fires onPressed
03:05 +1467: C:/Users/Atharva Patil/AppData/Local/Temp/gymlog-session-2-isolated-_7ofw15r/test/widget_test.dart: UI kit PrimaryButton renders label and fires onPressed
03:05 +1468: C:/Users/Atharva Patil/AppData/Local/Temp/gymlog-session-2-isolated-_7ofw15r/test/widget_test.dart: UI kit PrimaryButton renders label and fires onPressed
03:05 +1469: C:/Users/Atharva Patil/AppData/Local/Temp/gymlog-session-2-isolated-_7ofw15r/test/widget_test.dart: UI kit PrimaryButton renders label and fires onPressed
03:05 +1470: C:/Users/Atharva Patil/AppData/Local/Temp/gymlog-session-2-isolated-_7ofw15r/test/widget_test.dart: UI kit PrimaryButton renders label and fires onPressed
03:05 +1471: C:/Users/Atharva Patil/AppData/Local/Temp/gymlog-session-2-isolated-_7ofw15r/test/widget_test.dart: UI kit PrimaryButton renders label and fires onPressed
03:05 +1472: C:/Users/Atharva Patil/AppData/Local/Temp/gymlog-session-2-isolated-_7ofw15r/test/widget_test.dart: UI kit PrimaryButton renders label and fires onPressed
03:05 +1473: C:/Users/Atharva Patil/AppData/Local/Temp/gymlog-session-2-isolated-_7ofw15r/test/widget_test.dart: UI kit PrimaryButton renders label and fires onPressed
03:05 +1474: C:/Users/Atharva Patil/AppData/Local/Temp/gymlog-session-2-isolated-_7ofw15r/test/widget_test.dart: UI kit PrimaryButton renders label and fires onPressed
03:05 +1475: C:/Users/Atharva Patil/AppData/Local/Temp/gymlog-session-2-isolated-_7ofw15r/test/widget_test.dart: UI kit PrimaryButton renders label and fires onPressed
03:05 +1476: C:/Users/Atharva Patil/AppData/Local/Temp/gymlog-session-2-isolated-_7ofw15r/test/widget_test.dart: UI kit PrimaryButton renders label and fires onPressed
03:05 +1477: C:/Users/Atharva Patil/AppData/Local/Temp/gymlog-session-2-isolated-_7ofw15r/test/widget_test.dart: UI kit PrimaryButton renders label and fires onPressed
03:05 +1478: C:/Users/Atharva Patil/AppData/Local/Temp/gymlog-session-2-isolated-_7ofw15r/test/widget_test.dart: UI kit PrimaryButton renders label and fires onPressed
03:05 +1479: C:/Users/Atharva Patil/AppData/Local/Temp/gymlog-session-2-isolated-_7ofw15r/test/upgrade/session_2_acceptance_render_test.dart: library-active-chosen-neonPurple-1.6x-synthetic
03:05 +1480: C:/Users/Atharva Patil/AppData/Local/Temp/gymlog-session-2-isolated-_7ofw15r/test/upgrade/session_2_acceptance_render_test.dart: library-active-chosen-neonPurple-1.6x-synthetic
03:05 +1481: C:/Users/Atharva Patil/AppData/Local/Temp/gymlog-session-2-isolated-_7ofw15r/test/upgrade/session_2_acceptance_render_test.dart: library-active-chosen-neonPurple-1.6x-synthetic
03:05 +1482: C:/Users/Atharva Patil/AppData/Local/Temp/gymlog-session-2-isolated-_7ofw15r/test/widget_test.dart: UI kit TogglePill reflects active state
03:05 +1483: C:/Users/Atharva Patil/AppData/Local/Temp/gymlog-session-2-isolated-_7ofw15r/test/upgrade/session_2_render_test.dart: sequence/home-returning-higgsfield-1.6x-synthetic
03:05 +1484: C:/Users/Atharva Patil/AppData/Local/Temp/gymlog-session-2-isolated-_7ofw15r/test/upgrade/session_2_render_test.dart: sequence/home-returning-higgsfield-1.6x-synthetic
03:05 +1485: C:/Users/Atharva Patil/AppData/Local/Temp/gymlog-session-2-isolated-_7ofw15r/test/upgrade/session_2_acceptance_render_test.dart: home-active-no-choice-neonPurple-1.6x-synthetic
03:05 +1486: C:/Users/Atharva Patil/AppData/Local/Temp/gymlog-session-2-isolated-_7ofw15r/test/upgrade/session_1_render_test.dart: finish-weighted-neonMagenta-1.6x-synthetic
03:06 +1487: C:/Users/Atharva Patil/AppData/Local/Temp/gymlog-session-2-isolated-_7ofw15r/test/upgrade/session_2_render_test.dart: sequence/library-returning-higgsfield-1.6x-synthetic
03:06 +1488: C:/Users/Atharva Patil/AppData/Local/Temp/gymlog-session-2-isolated-_7ofw15r/test/upgrade/session_2_acceptance_render_test.dart: library-active-no-choice-neonPurple-1.6x-synthetic
03:06 +1489: C:/Users/Atharva Patil/AppData/Local/Temp/gymlog-session-2-isolated-_7ofw15r/test/upgrade/session_2_acceptance_render_test.dart: library-active-no-choice-neonPurple-1.6x-synthetic
03:06 +1490: C:/Users/Atharva Patil/AppData/Local/Temp/gymlog-session-2-isolated-_7ofw15r/test/upgrade/session_1_render_test.dart: finish-reps-neonMagenta-1.6x-synthetic
03:06 +1491: C:/Users/Atharva Patil/AppData/Local/Temp/gymlog-session-2-isolated-_7ofw15r/test/upgrade/session_2_render_test.dart: sequence/library-inactive-higgsfield-1.6x-synthetic
03:06 +1492: C:/Users/Atharva Patil/AppData/Local/Temp/gymlog-session-2-isolated-_7ofw15r/test/upgrade/session_2_acceptance_render_test.dart: home-active-no-routine-neonPurple-1.6x-synthetic
03:06 +1493: C:/Users/Atharva Patil/AppData/Local/Temp/gymlog-session-2-isolated-_7ofw15r/test/upgrade/session_1_render_test.dart: finish-timed-neonMagenta-1.6x-synthetic
03:06 +1494: C:/Users/Atharva Patil/AppData/Local/Temp/gymlog-session-2-isolated-_7ofw15r/test/upgrade/session_2_render_test.dart: sequence/home-empty-higgsfield-1.6x-synthetic
03:06 +1495: C:/Users/Atharva Patil/AppData/Local/Temp/gymlog-session-2-isolated-_7ofw15r/test/upgrade/session_2_acceptance_render_test.dart: library-active-no-routine-neonPurple-1.6x-synthetic
03:06 +1496: C:/Users/Atharva Patil/AppData/Local/Temp/gymlog-session-2-isolated-_7ofw15r/test/upgrade/session_2_acceptance_render_test.dart: library-active-no-routine-neonPurple-1.6x-synthetic
03:06 +1497: C:/Users/Atharva Patil/AppData/Local/Temp/gymlog-session-2-isolated-_7ofw15r/test/upgrade/session_1_render_test.dart: finish-distance-neonMagenta-1.6x-synthetic
03:06 +1498: C:/Users/Atharva Patil/AppData/Local/Temp/gymlog-session-2-isolated-_7ofw15r/test/upgrade/session_2_render_test.dart: sequence/home-noRoutine-higgsfield-1.6x-synthetic
03:06 +1499: C:/Users/Atharva Patil/AppData/Local/Temp/gymlog-session-2-isolated-_7ofw15r/test/upgrade/session_2_acceptance_render_test.dart: home-active-error-neonPurple-1.6x-synthetic
03:06 +1500: C:/Users/Atharva Patil/AppData/Local/Temp/gymlog-session-2-isolated-_7ofw15r/test/upgrade/session_2_acceptance_render_test.dart: home-active-error-neonPurple-1.6x-synthetic
03:06 +1501: C:/Users/Atharva Patil/AppData/Local/Temp/gymlog-session-2-isolated-_7ofw15r/test/upgrade/session_2_acceptance_render_test.dart: home-active-error-neonPurple-1.6x-synthetic
03:06 +1502: C:/Users/Atharva Patil/AppData/Local/Temp/gymlog-session-2-isolated-_7ofw15r/test/upgrade/session_2_acceptance_render_test.dart: home-active-error-neonPurple-1.6x-synthetic
03:06 +1503: C:/Users/Atharva Patil/AppData/Local/Temp/gymlog-session-2-isolated-_7ofw15r/test/upgrade/session_2_render_test.dart: sequence/library-lowData-higgsfield-1.6x-synthetic
03:06 +1504: C:/Users/Atharva Patil/AppData/Local/Temp/gymlog-session-2-isolated-_7ofw15r/test/upgrade/session_1_render_test.dart: pr-pace-neonMagenta-1.6x-synthetic
03:06 +1505: C:/Users/Atharva Patil/AppData/Local/Temp/gymlog-session-2-isolated-_7ofw15r/test/upgrade/session_2_acceptance_render_test.dart: library-active-error-neonPurple-1.6x-synthetic
03:06 +1506: C:/Users/Atharva Patil/AppData/Local/Temp/gymlog-session-2-isolated-_7ofw15r/test/upgrade/session_2_acceptance_render_test.dart: library-active-error-neonPurple-1.6x-synthetic
03:06 +1507: C:/Users/Atharva Patil/AppData/Local/Temp/gymlog-session-2-isolated-_7ofw15r/test/upgrade/session_1_render_test.dart: share-monument-neonMagenta-1.6x-synthetic
03:06 +1508: C:/Users/Atharva Patil/AppData/Local/Temp/gymlog-session-2-isolated-_7ofw15r/test/upgrade/session_1_render_test.dart: share-monument-neonMagenta-1.6x-synthetic
03:06 +1509: C:/Users/Atharva Patil/AppData/Local/Temp/gymlog-session-2-isolated-_7ofw15r/test/upgrade/session_2_acceptance_render_test.dart: home-chosen-white-1.0x-synthetic
03:06 +1510: C:/Users/Atharva Patil/AppData/Local/Temp/gymlog-session-2-isolated-_7ofw15r/test/upgrade/session_2_acceptance_render_test.dart: home-chosen-white-1.0x-synthetic
03:06 +1511: C:/Users/Atharva Patil/AppData/Local/Temp/gymlog-session-2-isolated-_7ofw15r/test/upgrade/session_2_acceptance_render_test.dart: home-chosen-white-1.0x-synthetic
03:06 +1512: C:/Users/Atharva Patil/AppData/Local/Temp/gymlog-session-2-isolated-_7ofw15r/test/upgrade/session_2_acceptance_render_test.dart: home-chosen-white-1.0x-synthetic
03:06 +1513: C:/Users/Atharva Patil/AppData/Local/Temp/gymlog-session-2-isolated-_7ofw15r/test/upgrade/session_2_acceptance_render_test.dart: home-chosen-white-1.0x-synthetic
03:07 +1514: C:/Users/Atharva Patil/AppData/Local/Temp/gymlog-session-2-isolated-_7ofw15r/test/upgrade/session_2_acceptance_render_test.dart: home-chosen-white-1.0x-synthetic
03:07 +1515: C:/Users/Atharva Patil/AppData/Local/Temp/gymlog-session-2-isolated-_7ofw15r/test/upgrade/session_2_acceptance_render_test.dart: home-chosen-white-1.0x-synthetic
03:07 +1516: C:/Users/Atharva Patil/AppData/Local/Temp/gymlog-session-2-isolated-_7ofw15r/test/upgrade/session_2_acceptance_render_test.dart: home-chosen-white-1.0x-synthetic
03:07 +1517: C:/Users/Atharva Patil/AppData/Local/Temp/gymlog-session-2-isolated-_7ofw15r/test/upgrade/session_2_acceptance_render_test.dart: home-chosen-white-1.0x-synthetic
03:07 +1518: C:/Users/Atharva Patil/AppData/Local/Temp/gymlog-session-2-isolated-_7ofw15r/test/upgrade/session_2_acceptance_render_test.dart: home-chosen-white-1.0x-synthetic
03:07 +1519: C:/Users/Atharva Patil/AppData/Local/Temp/gymlog-session-2-isolated-_7ofw15r/test/upgrade/session_2_acceptance_render_test.dart: home-chosen-white-1.0x-synthetic
03:07 +1520: C:/Users/Atharva Patil/AppData/Local/Temp/gymlog-session-2-isolated-_7ofw15r/test/upgrade/session_2_acceptance_render_test.dart: home-chosen-white-1.0x-synthetic
03:07 +1521: C:/Users/Atharva Patil/AppData/Local/Temp/gymlog-session-2-isolated-_7ofw15r/test/upgrade/session_2_acceptance_render_test.dart: home-chosen-white-1.0x-synthetic
03:07 +1522: C:/Users/Atharva Patil/AppData/Local/Temp/gymlog-session-2-isolated-_7ofw15r/test/upgrade/session_2_acceptance_render_test.dart: home-chosen-white-1.0x-synthetic
03:07 +1523: C:/Users/Atharva Patil/AppData/Local/Temp/gymlog-session-2-isolated-_7ofw15r/test/upgrade/session_2_render_test.dart: chooser/library-inactive-higgsfield-1.0x-synthetic
03:07 +1524: C:/Users/Atharva Patil/AppData/Local/Temp/gymlog-session-2-isolated-_7ofw15r/test/upgrade/session_1_render_test.dart: share-distance-technical-neonMagenta-1.6x-synthetic
03:07 +1525: C:/Users/Atharva Patil/AppData/Local/Temp/gymlog-session-2-isolated-_7ofw15r/test/upgrade/session_2_acceptance_render_test.dart: library-chosen-white-1.0x-synthetic
03:07 +1526: C:/Users/Atharva Patil/AppData/Local/Temp/gymlog-session-2-isolated-_7ofw15r/test/upgrade/session_2_acceptance_render_test.dart: library-chosen-white-1.0x-synthetic
03:07 +1527: C:/Users/Atharva Patil/AppData/Local/Temp/gymlog-session-2-isolated-_7ofw15r/test/upgrade/session_2_acceptance_render_test.dart: library-chosen-white-1.0x-synthetic
03:07 +1528: C:/Users/Atharva Patil/AppData/Local/Temp/gymlog-session-2-isolated-_7ofw15r/test/upgrade/session_2_acceptance_render_test.dart: library-chosen-white-1.0x-synthetic
03:07 +1529: C:/Users/Atharva Patil/AppData/Local/Temp/gymlog-session-2-isolated-_7ofw15r/test/upgrade/session_2_acceptance_render_test.dart: library-chosen-white-1.0x-synthetic
03:07 +1530: C:/Users/Atharva Patil/AppData/Local/Temp/gymlog-session-2-isolated-_7ofw15r/test/upgrade/session_2_acceptance_render_test.dart: library-chosen-white-1.0x-synthetic
03:07 +1531: C:/Users/Atharva Patil/AppData/Local/Temp/gymlog-session-2-isolated-_7ofw15r/test/upgrade/session_2_acceptance_render_test.dart: library-chosen-white-1.0x-synthetic
03:07 +1532: C:/Users/Atharva Patil/AppData/Local/Temp/gymlog-session-2-isolated-_7ofw15r/test/upgrade/session_1_render_test.dart: share-pace-technical-neonMagenta-1.6x-synthetic
03:07 +1533: C:/Users/Atharva Patil/AppData/Local/Temp/gymlog-session-2-isolated-_7ofw15r/test/upgrade/session_1_render_test.dart: share-pace-technical-neonMagenta-1.6x-synthetic
03:07 +1534: C:/Users/Atharva Patil/AppData/Local/Temp/gymlog-session-2-isolated-_7ofw15r/test/upgrade/session_2_acceptance_render_test.dart: home-no-choice-white-1.0x-synthetic
03:07 +1535: C:/Users/Atharva Patil/AppData/Local/Temp/gymlog-session-2-isolated-_7ofw15r/test/upgrade/session_2_acceptance_render_test.dart: home-no-choice-white-1.0x-synthetic
03:07 +1536: C:/Users/Atharva Patil/AppData/Local/Temp/gymlog-session-2-isolated-_7ofw15r/test/upgrade/session_2_acceptance_render_test.dart: home-no-choice-white-1.0x-synthetic
03:07 +1537: C:/Users/Atharva Patil/AppData/Local/Temp/gymlog-session-2-isolated-_7ofw15r/test/upgrade/session_2_render_test.dart: chooser/home-error-higgsfield-1.0x-synthetic
03:07 +1538: C:/Users/Atharva Patil/AppData/Local/Temp/gymlog-session-2-isolated-_7ofw15r/test/upgrade/session_1_render_test.dart: detail-neonMagenta-1.6x-synthetic
03:07 +1539: C:/Users/Atharva Patil/AppData/Local/Temp/gymlog-session-2-isolated-_7ofw15r/test/upgrade/session_1_render_test.dart: detail-neonMagenta-1.6x-synthetic
03:07 +1540: C:/Users/Atharva Patil/AppData/Local/Temp/gymlog-session-2-isolated-_7ofw15r/test/upgrade/session_2_acceptance_render_test.dart: library-no-choice-white-1.0x-synthetic
03:07 +1541: C:/Users/Atharva Patil/AppData/Local/Temp/gymlog-session-2-isolated-_7ofw15r/test/upgrade/session_2_acceptance_render_test.dart: library-no-choice-white-1.0x-synthetic
03:07 +1542: C:/Users/Atharva Patil/AppData/Local/Temp/gymlog-session-2-isolated-_7ofw15r/test/upgrade/session_1_render_test.dart: detail-error-neonMagenta-1.6x-synthetic
03:07 +1543: C:/Users/Atharva Patil/AppData/Local/Temp/gymlog-session-2-isolated-_7ofw15r/test/upgrade/session_1_render_test.dart: detail-error-neonMagenta-1.6x-synthetic
03:07 +1544: C:/Users/Atharva Patil/AppData/Local/Temp/gymlog-session-2-isolated-_7ofw15r/test/upgrade/session_2_acceptance_render_test.dart: home-deleted-choice-white-1.0x-synthetic
03:08 +1545: C:/Users/Atharva Patil/AppData/Local/Temp/gymlog-session-2-isolated-_7ofw15r/test/upgrade/session_2_acceptance_render_test.dart: home-deleted-choice-white-1.0x-synthetic
03:08 +1546: C:/Users/Atharva Patil/AppData/Local/Temp/gymlog-session-2-isolated-_7ofw15r/test/upgrade/session_1_render_test.dart: detail-empty-neonMagenta-1.6x-synthetic
03:08 +1547: C:/Users/Atharva Patil/AppData/Local/Temp/gymlog-session-2-isolated-_7ofw15r/test/upgrade/session_2_render_test.dart: chooser/library-inactive-higgsfield-1.6x-synthetic
03:08 +1548: C:/Users/Atharva Patil/AppData/Local/Temp/gymlog-session-2-isolated-_7ofw15r/test/upgrade/session_2_acceptance_render_test.dart: library-deleted-choice-white-1.0x-synthetic
03:08 +1549: C:/Users/Atharva Patil/AppData/Local/Temp/gymlog-session-2-isolated-_7ofw15r/test/upgrade/session_2_acceptance_render_test.dart: library-deleted-choice-white-1.0x-synthetic
03:08 +1550: C:/Users/Atharva Patil/AppData/Local/Temp/gymlog-session-2-isolated-_7ofw15r/test/upgrade/session_2_acceptance_render_test.dart: library-deleted-choice-white-1.0x-synthetic
03:08 +1551: C:/Users/Atharva Patil/AppData/Local/Temp/gymlog-session-2-isolated-_7ofw15r/test/upgrade/session_2_acceptance_render_test.dart: library-deleted-choice-white-1.0x-synthetic
03:08 +1552: C:/Users/Atharva Patil/AppData/Local/Temp/gymlog-session-2-isolated-_7ofw15r/test/upgrade/session_2_render_test.dart: chooser/home-noRoutine-higgsfield-1.6x-synthetic
03:08 +1553: C:/Users/Atharva Patil/AppData/Local/Temp/gymlog-session-2-isolated-_7ofw15r/test/upgrade/session_1_render_test.dart: exercise-no-estimate-neonMagenta-1.6x-synthetic
03:08 +1554: C:/Users/Atharva Patil/AppData/Local/Temp/gymlog-session-2-isolated-_7ofw15r/test/upgrade/session_1_render_test.dart: exercise-no-estimate-neonMagenta-1.6x-synthetic
03:08 +1555: C:/Users/Atharva Patil/AppData/Local/Temp/gymlog-session-2-isolated-_7ofw15r/test/upgrade/session_1_render_test.dart: exercise-no-estimate-neonMagenta-1.6x-synthetic
03:08 +1556: C:/Users/Atharva Patil/AppData/Local/Temp/gymlog-session-2-isolated-_7ofw15r/test/upgrade/session_1_render_test.dart: exercise-no-estimate-neonMagenta-1.6x-synthetic
03:08 +1557: C:/Users/Atharva Patil/AppData/Local/Temp/gymlog-session-2-isolated-_7ofw15r/test/upgrade/session_1_render_test.dart: exercise-no-estimate-neonMagenta-1.6x-synthetic
03:08 +1558: C:/Users/Atharva Patil/AppData/Local/Temp/gymlog-session-2-isolated-_7ofw15r/test/upgrade/session_1_render_test.dart: exercise-no-estimate-neonMagenta-1.6x-synthetic
03:08 +1559: C:/Users/Atharva Patil/AppData/Local/Temp/gymlog-session-2-isolated-_7ofw15r/test/upgrade/session_1_render_test.dart: exercise-no-estimate-neonMagenta-1.6x-synthetic
03:08 +1560: C:/Users/Atharva Patil/AppData/Local/Temp/gymlog-session-2-isolated-_7ofw15r/test/upgrade/session_1_render_test.dart: exercise-no-estimate-neonMagenta-1.6x-synthetic
03:08 +1561: C:/Users/Atharva Patil/AppData/Local/Temp/gymlog-session-2-isolated-_7ofw15r/test/upgrade/session_2_acceptance_render_test.dart: home-empty-choice-white-1.0x-synthetic
03:08 +1561: C:/Users/Atharva Patil/AppData/Local/Temp/gymlog-session-2-isolated-_7ofw15r/test/workout_draft_store_test.dart: WorkoutDraftStore P0-03 Resilience & Persistence Suite corrupt JSON payload fails safely, clears storage, and returns null
[WorkoutDraftStore] Corrupted or invalid draft payload: FormatException: Unexpected character (at character 2)
{invalid_json_payload: [incomplete
 ^
. Clearing draft.
03:08 +1562: C:/Users/Atharva Patil/AppData/Local/Temp/gymlog-session-2-isolated-_7ofw15r/test/upgrade/session_2_acceptance_render_test.dart: home-empty-choice-white-1.0x-synthetic
03:08 +1563: C:/Users/Atharva Patil/AppData/Local/Temp/gymlog-session-2-isolated-_7ofw15r/test/upgrade/session_2_acceptance_render_test.dart: home-empty-choice-white-1.0x-synthetic
03:08 +1563: C:/Users/Atharva Patil/AppData/Local/Temp/gymlog-session-2-isolated-_7ofw15r/test/workout_draft_store_test.dart: WorkoutDraftStore P0-03 Resilience & Persistence Suite draft belonging to user_A cannot be loaded by user_B
[WorkoutDraftStore] Ignoring draft from different user (user-A vs user-B)
03:08 +1564: C:/Users/Atharva Patil/AppData/Local/Temp/gymlog-session-2-isolated-_7ofw15r/test/upgrade/session_2_acceptance_render_test.dart: home-empty-choice-white-1.0x-synthetic
03:08 +1564: C:/Users/Atharva Patil/AppData/Local/Temp/gymlog-session-2-isolated-_7ofw15r/test/workout_draft_store_test.dart: WorkoutDraftStore P0-03 Resilience & Persistence Suite draft older than 24 hours is treated as stale and auto-cleared
[WorkoutDraftStore] Draft expired (>24h), clearing.
03:08 +1565: C:/Users/Atharva Patil/AppData/Local/Temp/gymlog-session-2-isolated-_7ofw15r/test/upgrade/session_2_acceptance_render_test.dart: home-empty-choice-white-1.0x-synthetic
03:08 +1566: C:/Users/Atharva Patil/AppData/Local/Temp/gymlog-session-2-isolated-_7ofw15r/test/upgrade/session_2_acceptance_render_test.dart: home-empty-choice-white-1.0x-synthetic
03:08 +1567: C:/Users/Atharva Patil/AppData/Local/Temp/gymlog-session-2-isolated-_7ofw15r/test/upgrade/session_1_render_test.dart: progress-neonMagenta-1.6x-synthetic
03:08 +1568: C:/Users/Atharva Patil/AppData/Local/Temp/gymlog-session-2-isolated-_7ofw15r/test/upgrade/session_2_render_test.dart: chooser/library-lowData-higgsfield-1.6x-synthetic
03:08 +1569: C:/Users/Atharva Patil/AppData/Local/Temp/gymlog-session-2-isolated-_7ofw15r/test/upgrade/session_2_acceptance_render_test.dart: library-empty-choice-white-1.0x-synthetic
03:08 +1570: C:/Users/Atharva Patil/AppData/Local/Temp/gymlog-session-2-isolated-_7ofw15r/test/upgrade/session_2_acceptance_render_test.dart: library-empty-choice-white-1.0x-synthetic
03:08 +1571: C:/Users/Atharva Patil/AppData/Local/Temp/gymlog-session-2-isolated-_7ofw15r/test/upgrade/session_2_acceptance_render_test.dart: library-empty-choice-white-1.0x-synthetic
03:08 +1572: C:/Users/Atharva Patil/AppData/Local/Temp/gymlog-session-2-isolated-_7ofw15r/test/upgrade/session_2_acceptance_render_test.dart: library-empty-choice-white-1.0x-synthetic
03:08 +1573: C:/Users/Atharva Patil/AppData/Local/Temp/gymlog-session-2-isolated-_7ofw15r/test/upgrade/session_2_acceptance_render_test.dart: library-empty-choice-white-1.0x-synthetic
03:08 +1574: C:/Users/Atharva Patil/AppData/Local/Temp/gymlog-session-2-isolated-_7ofw15r/test/upgrade/session_2_render_test.dart: chooser/home-returning-neonPurple-1.0x-synthetic
03:08 +1575: C:/Users/Atharva Patil/AppData/Local/Temp/gymlog-session-2-isolated-_7ofw15r/test/upgrade/session_1_render_test.dart: roles-neonMagenta-1.6x-synthetic
03:08 +1576: C:/Users/Atharva Patil/AppData/Local/Temp/gymlog-session-2-isolated-_7ofw15r/test/upgrade/session_2_acceptance_render_test.dart: home-new-user-white-1.0x-synthetic
03:08 +1577: C:/Users/Atharva Patil/AppData/Local/Temp/gymlog-session-2-isolated-_7ofw15r/test/upgrade/session_2_acceptance_render_test.dart: home-new-user-white-1.0x-synthetic
03:08 +1578: C:/Users/Atharva Patil/AppData/Local/Temp/gymlog-session-2-isolated-_7ofw15r/test/upgrade/session_1_render_test.dart: header-weighted-blazeOrange-1.0x-synthetic
03:08 +1579: C:/Users/Atharva Patil/AppData/Local/Temp/gymlog-session-2-isolated-_7ofw15r/test/upgrade/session_2_render_test.dart: chooser/home-returning-neonPurple-1.6x-synthetic
03:08 +1580: C:/Users/Atharva Patil/AppData/Local/Temp/gymlog-session-2-isolated-_7ofw15r/test/upgrade/session_2_acceptance_render_test.dart: library-new-user-white-1.0x-synthetic
03:08 +1581: C:/Users/Atharva Patil/AppData/Local/Temp/gymlog-session-2-isolated-_7ofw15r/test/upgrade/session_2_acceptance_render_test.dart: library-new-user-white-1.0x-synthetic
03:08 +1582: C:/Users/Atharva Patil/AppData/Local/Temp/gymlog-session-2-isolated-_7ofw15r/test/upgrade/session_2_render_test.dart: chooser/library-returning-neonPurple-1.6x-synthetic
03:08 +1583: C:/Users/Atharva Patil/AppData/Local/Temp/gymlog-session-2-isolated-_7ofw15r/test/upgrade/session_1_render_test.dart: header-timed-blazeOrange-1.0x-synthetic
03:09 +1584: C:/Users/Atharva Patil/AppData/Local/Temp/gymlog-session-2-isolated-_7ofw15r/test/upgrade/session_2_acceptance_render_test.dart: home-no-routine-white-1.0x-synthetic
03:09 +1585: C:/Users/Atharva Patil/AppData/Local/Temp/gymlog-session-2-isolated-_7ofw15r/test/upgrade/session_2_acceptance_render_test.dart: home-no-routine-white-1.0x-synthetic
03:09 +1586: C:/Users/Atharva Patil/AppData/Local/Temp/gymlog-session-2-isolated-_7ofw15r/test/upgrade/session_1_render_test.dart: header-empty-blazeOrange-1.0x-synthetic
03:09 +1587: C:/Users/Atharva Patil/AppData/Local/Temp/gymlog-session-2-isolated-_7ofw15r/test/upgrade/session_2_acceptance_render_test.dart: library-no-routine-white-1.0x-synthetic
03:09 +1588: C:/Users/Atharva Patil/AppData/Local/Temp/gymlog-session-2-isolated-_7ofw15r/test/upgrade/session_1_render_test.dart: finish-weighted-blazeOrange-1.0x-synthetic
03:09 +1589: C:/Users/Atharva Patil/AppData/Local/Temp/gymlog-session-2-isolated-_7ofw15r/test/upgrade/session_2_acceptance_render_test.dart: home-inactive-return-white-1.0x-synthetic
03:09 +1590: C:/Users/Atharva Patil/AppData/Local/Temp/gymlog-session-2-isolated-_7ofw15r/test/upgrade/session_1_render_test.dart: finish-reps-blazeOrange-1.0x-synthetic
03:09 +1591: C:/Users/Atharva Patil/AppData/Local/Temp/gymlog-session-2-isolated-_7ofw15r/test/upgrade/session_2_acceptance_render_test.dart: library-inactive-return-white-1.0x-synthetic
03:09 +1592: C:/Users/Atharva Patil/AppData/Local/Temp/gymlog-session-2-isolated-_7ofw15r/test/upgrade/session_1_render_test.dart: finish-timed-blazeOrange-1.0x-synthetic
03:09 +1593: C:/Users/Atharva Patil/AppData/Local/Temp/gymlog-session-2-isolated-_7ofw15r/test/upgrade/session_2_acceptance_render_test.dart: home-low-data-white-1.0x-synthetic
03:09 +1594: C:/Users/Atharva Patil/AppData/Local/Temp/gymlog-session-2-isolated-_7ofw15r/test/upgrade/session_2_acceptance_render_test.dart: home-low-data-white-1.0x-synthetic
03:09 +1595: C:/Users/Atharva Patil/AppData/Local/Temp/gymlog-session-2-isolated-_7ofw15r/test/upgrade/session_1_render_test.dart: pr-blazeOrange-1.0x-synthetic
03:09 +1596: C:/Users/Atharva Patil/AppData/Local/Temp/gymlog-session-2-isolated-_7ofw15r/test/upgrade/session_2_acceptance_render_test.dart: library-low-data-white-1.0x-synthetic
03:09 +1597: C:/Users/Atharva Patil/AppData/Local/Temp/gymlog-session-2-isolated-_7ofw15r/test/upgrade/session_1_render_test.dart: pr-pace-blazeOrange-1.0x-synthetic
03:09 +1598: C:/Users/Atharva Patil/AppData/Local/Temp/gymlog-session-2-isolated-_7ofw15r/test/upgrade/session_2_acceptance_render_test.dart: home-error-white-1.0x-synthetic
03:10 +1599: C:/Users/Atharva Patil/AppData/Local/Temp/gymlog-session-2-isolated-_7ofw15r/test/upgrade/session_1_render_test.dart: share-monument-blazeOrange-1.0x-synthetic
03:10 +1600: C:/Users/Atharva Patil/AppData/Local/Temp/gymlog-session-2-isolated-_7ofw15r/test/upgrade/session_2_acceptance_render_test.dart: library-error-white-1.0x-synthetic
03:10 +1601: C:/Users/Atharva Patil/AppData/Local/Temp/gymlog-session-2-isolated-_7ofw15r/test/upgrade/session_2_acceptance_render_test.dart: library-error-white-1.0x-synthetic
03:10 +1602: C:/Users/Atharva Patil/AppData/Local/Temp/gymlog-session-2-isolated-_7ofw15r/test/upgrade/session_1_render_test.dart: share-sticker-blazeOrange-1.0x-synthetic
03:10 +1603: C:/Users/Atharva Patil/AppData/Local/Temp/gymlog-session-2-isolated-_7ofw15r/test/upgrade/session_2_acceptance_render_test.dart: home-previous-error-white-1.0x-synthetic
03:10 +1604: C:/Users/Atharva Patil/AppData/Local/Temp/gymlog-session-2-isolated-_7ofw15r/test/upgrade/session_2_acceptance_render_test.dart: home-previous-error-white-1.0x-synthetic
03:10 +1605: C:/Users/Atharva Patil/AppData/Local/Temp/gymlog-session-2-isolated-_7ofw15r/test/upgrade/session_1_render_test.dart: share-duration-technical-blazeOrange-1.0x-synthetic
03:10 +1606: C:/Users/Atharva Patil/AppData/Local/Temp/gymlog-session-2-isolated-_7ofw15r/test/upgrade/session_2_acceptance_render_test.dart: library-previous-error-white-1.0x-synthetic
03:10 +1607: C:/Users/Atharva Patil/AppData/Local/Temp/gymlog-session-2-isolated-_7ofw15r/test/upgrade/session_2_acceptance_render_test.dart: library-previous-error-white-1.0x-synthetic
03:10 +1608: C:/Users/Atharva Patil/AppData/Local/Temp/gymlog-session-2-isolated-_7ofw15r/test/upgrade/session_1_render_test.dart: share-distance-monument-blazeOrange-1.0x-synthetic
03:10 +1609: C:/Users/Atharva Patil/AppData/Local/Temp/gymlog-session-2-isolated-_7ofw15r/test/upgrade/session_2_acceptance_render_test.dart: home-choice-error-white-1.0x-synthetic
03:10 +1610: C:/Users/Atharva Patil/AppData/Local/Temp/gymlog-session-2-isolated-_7ofw15r/test/upgrade/session_1_render_test.dart: share-distance-technical-blazeOrange-1.0x-synthetic
03:10 +1611: C:/Users/Atharva Patil/AppData/Local/Temp/gymlog-session-2-isolated-_7ofw15r/test/upgrade/session_2_acceptance_render_test.dart: library-choice-error-white-1.0x-synthetic
03:10 +1612: C:/Users/Atharva Patil/AppData/Local/Temp/gymlog-session-2-isolated-_7ofw15r/test/upgrade/session_1_render_test.dart: share-distance-sticker-blazeOrange-1.0x-synthetic
03:10 +1613: C:/Users/Atharva Patil/AppData/Local/Temp/gymlog-session-2-isolated-_7ofw15r/test/upgrade/session_2_acceptance_render_test.dart: home-loading-white-1.0x-synthetic
03:11 +1614: C:/Users/Atharva Patil/AppData/Local/Temp/gymlog-session-2-isolated-_7ofw15r/test/upgrade/session_2_acceptance_render_test.dart: home-loading-white-1.0x-synthetic
03:11 +1615: C:/Users/Atharva Patil/AppData/Local/Temp/gymlog-session-2-isolated-_7ofw15r/test/upgrade/session_1_render_test.dart: share-pace-technical-blazeOrange-1.0x-synthetic
03:11 +1616: C:/Users/Atharva Patil/AppData/Local/Temp/gymlog-session-2-isolated-_7ofw15r/test/upgrade/session_2_acceptance_render_test.dart: library-loading-white-1.0x-synthetic
03:11 +1617: C:/Users/Atharva Patil/AppData/Local/Temp/gymlog-session-2-isolated-_7ofw15r/test/upgrade/session_1_render_test.dart: share-pace-sticker-blazeOrange-1.0x-synthetic
03:11 +1618: C:/Users/Atharva Patil/AppData/Local/Temp/gymlog-session-2-isolated-_7ofw15r/test/upgrade/session_2_acceptance_render_test.dart: home-active-chosen-white-1.0x-synthetic
03:11 +1619: C:/Users/Atharva Patil/AppData/Local/Temp/gymlog-session-2-isolated-_7ofw15r/test/upgrade/session_2_acceptance_render_test.dart: home-active-chosen-white-1.0x-synthetic
03:11 +1620: C:/Users/Atharva Patil/AppData/Local/Temp/gymlog-session-2-isolated-_7ofw15r/test/upgrade/session_1_render_test.dart: detail-error-blazeOrange-1.0x-synthetic
03:11 +1621: C:/Users/Atharva Patil/AppData/Local/Temp/gymlog-session-2-isolated-_7ofw15r/test/upgrade/session_2_acceptance_render_test.dart: library-active-chosen-white-1.0x-synthetic
03:11 +1622: C:/Users/Atharva Patil/AppData/Local/Temp/gymlog-session-2-isolated-_7ofw15r/test/workout_export_test.dart: exports v2 schema with 20 columns for completed sessions only
03:11 +1623: C:/Users/Atharva Patil/AppData/Local/Temp/gymlog-session-2-isolated-_7ofw15r/test/workout_export_test.dart: exports v2 schema with 20 columns for completed sessions only
03:11 +1624: C:/Users/Atharva Patil/AppData/Local/Temp/gymlog-session-2-isolated-_7ofw15r/test/workout_export_test.dart: exports v2 schema with 20 columns for completed sessions only
03:11 +1625: C:/Users/Atharva Patil/AppData/Local/Temp/gymlog-session-2-isolated-_7ofw15r/test/workout_export_test.dart: exports v2 schema with 20 columns for completed sessions only
03:12 +1626: C:/Users/Atharva Patil/AppData/Local/Temp/gymlog-session-2-isolated-_7ofw15r/test/upgrade/session_1_render_test.dart: exercise-no-estimate-blazeOrange-1.0x-synthetic
03:12 +1627: C:/Users/Atharva Patil/AppData/Local/Temp/gymlog-session-2-isolated-_7ofw15r/test/upgrade/session_2_acceptance_render_test.dart: library-active-no-choice-white-1.0x-synthetic
03:12 +1628: C:/Users/Atharva Patil/AppData/Local/Temp/gymlog-session-2-isolated-_7ofw15r/test/upgrade/session_2_acceptance_render_test.dart: library-active-no-choice-white-1.0x-synthetic
03:12 +1629: C:/Users/Atharva Patil/AppData/Local/Temp/gymlog-session-2-isolated-_7ofw15r/test/upgrade/session_2_acceptance_render_test.dart: library-active-no-choice-white-1.0x-synthetic
03:12 +1630: C:/Users/Atharva Patil/AppData/Local/Temp/gymlog-session-2-isolated-_7ofw15r/test/upgrade/session_2_acceptance_render_test.dart: library-active-no-choice-white-1.0x-synthetic
03:12 +1631: C:/Users/Atharva Patil/AppData/Local/Temp/gymlog-session-2-isolated-_7ofw15r/test/upgrade/session_2_acceptance_render_test.dart: library-active-no-choice-white-1.0x-synthetic
03:12 +1632: C:/Users/Atharva Patil/AppData/Local/Temp/gymlog-session-2-isolated-_7ofw15r/test/upgrade/session_1_render_test.dart: progress-low-blazeOrange-1.0x-synthetic
03:12 +1633: C:/Users/Atharva Patil/AppData/Local/Temp/gymlog-session-2-isolated-_7ofw15r/test/upgrade/session_2_acceptance_render_test.dart: home-active-no-routine-white-1.0x-synthetic
03:12 +1634: C:/Users/Atharva Patil/AppData/Local/Temp/gymlog-session-2-isolated-_7ofw15r/test/upgrade/session_1_render_test.dart: progress-empty-blazeOrange-1.0x-synthetic
03:12 +1635: C:/Users/Atharva Patil/AppData/Local/Temp/gymlog-session-2-isolated-_7ofw15r/test/upgrade/session_2_acceptance_render_test.dart: library-active-no-routine-white-1.0x-synthetic
03:12 +1636: C:/Users/Atharva Patil/AppData/Local/Temp/gymlog-session-2-isolated-_7ofw15r/test/upgrade/session_2_acceptance_render_test.dart: library-active-no-routine-white-1.0x-synthetic
03:12 +1637: C:/Users/Atharva Patil/AppData/Local/Temp/gymlog-session-2-isolated-_7ofw15r/test/upgrade/session_1_render_test.dart: header-weighted-blazeOrange-1.6x-synthetic
03:12 +1638: C:/Users/Atharva Patil/AppData/Local/Temp/gymlog-session-2-isolated-_7ofw15r/test/upgrade/session_2_acceptance_render_test.dart: home-active-error-white-1.0x-synthetic
03:12 +1639: C:/Users/Atharva Patil/AppData/Local/Temp/gymlog-session-2-isolated-_7ofw15r/test/upgrade/session_1_render_test.dart: header-reps-blazeOrange-1.6x-synthetic
03:12 +1640: C:/Users/Atharva Patil/AppData/Local/Temp/gymlog-session-2-isolated-_7ofw15r/test/upgrade/session_2_acceptance_render_test.dart: library-active-error-white-1.0x-synthetic
03:12 +1641: C:/Users/Atharva Patil/AppData/Local/Temp/gymlog-session-2-isolated-_7ofw15r/test/upgrade/session_2_acceptance_render_test.dart: library-active-error-white-1.0x-synthetic
03:13 +1642: C:/Users/Atharva Patil/AppData/Local/Temp/gymlog-session-2-isolated-_7ofw15r/test/workout_hero_transition_test.dart: WorkoutHistoryCard renders Hero when enableHero is true and animations enabled
03:13 +1643: C:/Users/Atharva Patil/AppData/Local/Temp/gymlog-session-2-isolated-_7ofw15r/test/workout_hero_transition_test.dart: WorkoutHistoryCard renders Hero when enableHero is true and animations enabled
03:13 +1644: C:/Users/Atharva Patil/AppData/Local/Temp/gymlog-session-2-isolated-_7ofw15r/test/workout_hero_transition_test.dart: WorkoutHistoryCard renders Hero when enableHero is true and animations enabled
03:13 +1645: C:/Users/Atharva Patil/AppData/Local/Temp/gymlog-session-2-isolated-_7ofw15r/test/workout_hero_transition_test.dart: WorkoutHistoryCard renders Hero when enableHero is true and animations enabled
03:13 +1646: C:/Users/Atharva Patil/AppData/Local/Temp/gymlog-session-2-isolated-_7ofw15r/test/workout_hero_transition_test.dart: WorkoutHistoryCard renders Hero when enableHero is true and animations enabled
03:13 +1647: C:/Users/Atharva Patil/AppData/Local/Temp/gymlog-session-2-isolated-_7ofw15r/test/workout_hero_transition_test.dart: WorkoutHistoryCard renders Hero when enableHero is true and animations enabled
03:13 +1648: C:/Users/Atharva Patil/AppData/Local/Temp/gymlog-session-2-isolated-_7ofw15r/test/workout_hero_transition_test.dart: WorkoutHistoryCard renders Hero when enableHero is true and animations enabled
03:13 +1649: C:/Users/Atharva Patil/AppData/Local/Temp/gymlog-session-2-isolated-_7ofw15r/test/workout_hero_transition_test.dart: WorkoutHistoryCard renders Hero when enableHero is true and animations enabled
03:13 +1650: C:/Users/Atharva Patil/AppData/Local/Temp/gymlog-session-2-isolated-_7ofw15r/test/workout_hero_transition_test.dart: WorkoutHistoryCard renders Hero when enableHero is true and animations enabled
03:13 +1651: C:/Users/Atharva Patil/AppData/Local/Temp/gymlog-session-2-isolated-_7ofw15r/test/workout_hero_transition_test.dart: WorkoutHistoryCard renders Hero when enableHero is true and animations enabled
03:14 +1652: C:/Users/Atharva Patil/AppData/Local/Temp/gymlog-session-2-isolated-_7ofw15r/test/workout_hero_transition_test.dart: WorkoutHistoryCard renders Hero when enableHero is true and animations enabled
03:14 +1653: C:/Users/Atharva Patil/AppData/Local/Temp/gymlog-session-2-isolated-_7ofw15r/test/workout_hero_transition_test.dart: WorkoutHistoryCard renders Hero when enableHero is true and animations enabled
03:14 +1654: C:/Users/Atharva Patil/AppData/Local/Temp/gymlog-session-2-isolated-_7ofw15r/test/workout_hero_transition_test.dart: WorkoutHistoryCard renders Hero when enableHero is true and animations enabled
03:14 +1655: C:/Users/Atharva Patil/AppData/Local/Temp/gymlog-session-2-isolated-_7ofw15r/test/workout_hero_transition_test.dart: WorkoutHistoryCard renders Hero when enableHero is true and animations enabled
03:14 +1656: C:/Users/Atharva Patil/AppData/Local/Temp/gymlog-session-2-isolated-_7ofw15r/test/workout_hero_transition_test.dart: WorkoutHistoryCard renders Hero when enableHero is true and animations enabled
03:14 +1657: C:/Users/Atharva Patil/AppData/Local/Temp/gymlog-session-2-isolated-_7ofw15r/test/workout_hero_transition_test.dart: WorkoutHistoryCard renders Hero when enableHero is true and animations enabled
03:14 +1658: C:/Users/Atharva Patil/AppData/Local/Temp/gymlog-session-2-isolated-_7ofw15r/test/upgrade/session_2_acceptance_render_test.dart: library-no-choice-white-1.6x-synthetic
03:14 +1659: C:/Users/Atharva Patil/AppData/Local/Temp/gymlog-session-2-isolated-_7ofw15r/test/upgrade/session_2_acceptance_render_test.dart: library-no-choice-white-1.6x-synthetic
03:14 +1660: C:/Users/Atharva Patil/AppData/Local/Temp/gymlog-session-2-isolated-_7ofw15r/test/upgrade/session_2_acceptance_render_test.dart: library-no-choice-white-1.6x-synthetic
03:14 +1661: C:/Users/Atharva Patil/AppData/Local/Temp/gymlog-session-2-isolated-_7ofw15r/test/upgrade/session_2_acceptance_render_test.dart: library-no-choice-white-1.6x-synthetic
03:14 +1662: C:/Users/Atharva Patil/AppData/Local/Temp/gymlog-session-2-isolated-_7ofw15r/test/upgrade/session_2_acceptance_render_test.dart: library-no-choice-white-1.6x-synthetic
03:14 +1663: C:/Users/Atharva Patil/AppData/Local/Temp/gymlog-session-2-isolated-_7ofw15r/test/upgrade/session_1_render_test.dart: share-duration-technical-blazeOrange-1.6x-synthetic
03:14 +1664: C:/Users/Atharva Patil/AppData/Local/Temp/gymlog-session-2-isolated-_7ofw15r/test/workout_hero_transition_test.dart: WorkoutHistoryCard does NOT render Hero when enableHero is false
03:14 +1665: C:/Users/Atharva Patil/AppData/Local/Temp/gymlog-session-2-isolated-_7ofw15r/test/upgrade/session_2_acceptance_render_test.dart: home-deleted-choice-white-1.6x-synthetic
03:14 +1666: C:/Users/Atharva Patil/AppData/Local/Temp/gymlog-session-2-isolated-_7ofw15r/test/upgrade/session_2_acceptance_render_test.dart: home-deleted-choice-white-1.6x-synthetic
03:14 +1667: C:/Users/Atharva Patil/AppData/Local/Temp/gymlog-session-2-isolated-_7ofw15r/test/workout_hero_transition_test.dart: WorkoutHeroSliver renders Hero when workoutId is present and animations enabled
03:14 +1668: C:/Users/Atharva Patil/AppData/Local/Temp/gymlog-session-2-isolated-_7ofw15r/test/workout_hero_transition_test.dart: WorkoutHeroSliver renders Hero when workoutId is present and animations enabled
03:14 +1669: C:/Users/Atharva Patil/AppData/Local/Temp/gymlog-session-2-isolated-_7ofw15r/test/workout_hero_transition_test.dart: WorkoutHeroSliver renders Hero when workoutId is present and animations enabled
03:14 +1670: C:/Users/Atharva Patil/AppData/Local/Temp/gymlog-session-2-isolated-_7ofw15r/test/workout_hero_transition_test.dart: WorkoutHeroSliver renders Hero when workoutId is present and animations enabled
03:14 +1671: C:/Users/Atharva Patil/AppData/Local/Temp/gymlog-session-2-isolated-_7ofw15r/test/workout_hero_transition_test.dart: WorkoutHeroSliver renders Hero when workoutId is present and animations enabled
03:14 +1672: C:/Users/Atharva Patil/AppData/Local/Temp/gymlog-session-2-isolated-_7ofw15r/test/workout_hero_transition_test.dart: WorkoutHeroSliver renders Hero when workoutId is present and animations enabled
03:14 +1673: C:/Users/Atharva Patil/AppData/Local/Temp/gymlog-session-2-isolated-_7ofw15r/test/upgrade/session_1_render_test.dart: share-pace-monument-blazeOrange-1.6x-synthetic
03:14 +1674: C:/Users/Atharva Patil/AppData/Local/Temp/gymlog-session-2-isolated-_7ofw15r/test/upgrade/session_2_acceptance_render_test.dart: library-empty-choice-white-1.6x-synthetic
03:14 +1675: C:/Users/Atharva Patil/AppData/Local/Temp/gymlog-session-2-isolated-_7ofw15r/test/upgrade/session_2_acceptance_render_test.dart: library-empty-choice-white-1.6x-synthetic
03:14 +1676: C:/Users/Atharva Patil/AppData/Local/Temp/gymlog-session-2-isolated-_7ofw15r/test/upgrade/session_2_acceptance_render_test.dart: library-empty-choice-white-1.6x-synthetic
03:15 +1677: C:/Users/Atharva Patil/AppData/Local/Temp/gymlog-session-2-isolated-_7ofw15r/test/upgrade/session_1_render_test.dart: share-pace-sticker-blazeOrange-1.6x-synthetic
03:15 +1678: C:/Users/Atharva Patil/AppData/Local/Temp/gymlog-session-2-isolated-_7ofw15r/test/upgrade/session_2_acceptance_render_test.dart: home-new-user-white-1.6x-synthetic
03:15 +1679: C:/Users/Atharva Patil/AppData/Local/Temp/gymlog-session-2-isolated-_7ofw15r/test/upgrade/session_1_render_test.dart: detail-blazeOrange-1.6x-synthetic
03:15 +1680: C:/Users/Atharva Patil/AppData/Local/Temp/gymlog-session-2-isolated-_7ofw15r/test/upgrade/session_2_acceptance_render_test.dart: library-new-user-white-1.6x-synthetic
03:15 +1681: C:/Users/Atharva Patil/AppData/Local/Temp/gymlog-session-2-isolated-_7ofw15r/test/upgrade/session_1_render_test.dart: detail-error-blazeOrange-1.6x-synthetic
03:15 +1682: C:/Users/Atharva Patil/AppData/Local/Temp/gymlog-session-2-isolated-_7ofw15r/test/upgrade/session_2_acceptance_render_test.dart: home-no-routine-white-1.6x-synthetic
03:15 +1683: C:/Users/Atharva Patil/AppData/Local/Temp/gymlog-session-2-isolated-_7ofw15r/test/upgrade/session_2_acceptance_render_test.dart: home-no-routine-white-1.6x-synthetic
03:15 +1684: C:/Users/Atharva Patil/AppData/Local/Temp/gymlog-session-2-isolated-_7ofw15r/test/upgrade/session_1_render_test.dart: exercise-blazeOrange-1.6x-synthetic
03:15 +1685: C:/Users/Atharva Patil/AppData/Local/Temp/gymlog-session-2-isolated-_7ofw15r/test/upgrade/session_1_render_test.dart: exercise-blazeOrange-1.6x-synthetic
03:15 +1686: C:/Users/Atharva Patil/AppData/Local/Temp/gymlog-session-2-isolated-_7ofw15r/test/upgrade/session_2_acceptance_render_test.dart: home-inactive-return-white-1.6x-synthetic
03:15 +1687: C:/Users/Atharva Patil/AppData/Local/Temp/gymlog-session-2-isolated-_7ofw15r/test/upgrade/session_2_acceptance_render_test.dart: home-inactive-return-white-1.6x-synthetic
03:15 +1688: C:/Users/Atharva Patil/AppData/Local/Temp/gymlog-session-2-isolated-_7ofw15r/test/upgrade/session_1_render_test.dart: progress-blazeOrange-1.6x-synthetic
03:15 +1689: C:/Users/Atharva Patil/AppData/Local/Temp/gymlog-session-2-isolated-_7ofw15r/test/upgrade/session_2_acceptance_render_test.dart: library-inactive-return-white-1.6x-synthetic
03:15 +1690: C:/Users/Atharva Patil/AppData/Local/Temp/gymlog-session-2-isolated-_7ofw15r/test/upgrade/session_2_acceptance_render_test.dart: library-inactive-return-white-1.6x-synthetic
03:15 +1691: C:/Users/Atharva Patil/AppData/Local/Temp/gymlog-session-2-isolated-_7ofw15r/test/upgrade/session_1_render_test.dart: progress-empty-blazeOrange-1.6x-synthetic
03:15 +1692: C:/Users/Atharva Patil/AppData/Local/Temp/gymlog-session-2-isolated-_7ofw15r/test/upgrade/session_2_acceptance_render_test.dart: home-low-data-white-1.6x-synthetic
03:15 +1693: C:/Users/Atharva Patil/AppData/Local/Temp/gymlog-session-2-isolated-_7ofw15r/test/upgrade/session_1_render_test.dart: roles-blazeOrange-1.6x-synthetic
03:15 +1694: C:/Users/Atharva Patil/AppData/Local/Temp/gymlog-session-2-isolated-_7ofw15r/test/upgrade/session_2_acceptance_render_test.dart: library-low-data-white-1.6x-synthetic
03:15 +1695: C:/Users/Atharva Patil/AppData/Local/Temp/gymlog-session-2-isolated-_7ofw15r/test/upgrade/session_2_acceptance_render_test.dart: home-error-white-1.6x-synthetic
03:16 +1696: C:/Users/Atharva Patil/AppData/Local/Temp/gymlog-session-2-isolated-_7ofw15r/test/upgrade/session_2_acceptance_render_test.dart: library-error-white-1.6x-synthetic
03:16 +1697: C:/Users/Atharva Patil/AppData/Local/Temp/gymlog-session-2-isolated-_7ofw15r/test/upgrade/session_2_acceptance_render_test.dart: home-previous-error-white-1.6x-synthetic
03:16 +1698: C:/Users/Atharva Patil/AppData/Local/Temp/gymlog-session-2-isolated-_7ofw15r/test/upgrade/session_2_acceptance_render_test.dart: library-previous-error-white-1.6x-synthetic
03:16 +1699: C:/Users/Atharva Patil/AppData/Local/Temp/gymlog-session-2-isolated-_7ofw15r/test/upgrade/session_2_acceptance_render_test.dart: home-choice-error-white-1.6x-synthetic
03:16 +1700: C:/Users/Atharva Patil/AppData/Local/Temp/gymlog-session-2-isolated-_7ofw15r/test/upgrade/session_2_acceptance_render_test.dart: library-choice-error-white-1.6x-synthetic
03:16 +1701: C:/Users/Atharva Patil/AppData/Local/Temp/gymlog-session-2-isolated-_7ofw15r/test/upgrade/session_2_acceptance_render_test.dart: home-loading-white-1.6x-synthetic
03:16 +1702: C:/Users/Atharva Patil/AppData/Local/Temp/gymlog-session-2-isolated-_7ofw15r/test/upgrade/session_2_acceptance_render_test.dart: library-loading-white-1.6x-synthetic
03:16 +1703: C:/Users/Atharva Patil/AppData/Local/Temp/gymlog-session-2-isolated-_7ofw15r/test/upgrade/session_2_acceptance_render_test.dart: home-active-chosen-white-1.6x-synthetic
03:16 +1704: C:/Users/Atharva Patil/AppData/Local/Temp/gymlog-session-2-isolated-_7ofw15r/test/upgrade/session_2_acceptance_render_test.dart: library-active-chosen-white-1.6x-synthetic
03:16 +1705: C:/Users/Atharva Patil/AppData/Local/Temp/gymlog-session-2-isolated-_7ofw15r/test/upgrade/session_2_acceptance_render_test.dart: home-active-no-choice-white-1.6x-synthetic
03:16 +1706: C:/Users/Atharva Patil/AppData/Local/Temp/gymlog-session-2-isolated-_7ofw15r/test/upgrade/session_2_acceptance_render_test.dart: library-active-no-choice-white-1.6x-synthetic
03:16 +1707: C:/Users/Atharva Patil/AppData/Local/Temp/gymlog-session-2-isolated-_7ofw15r/test/upgrade/session_2_acceptance_render_test.dart: home-active-no-routine-white-1.6x-synthetic
03:16 +1708: C:/Users/Atharva Patil/AppData/Local/Temp/gymlog-session-2-isolated-_7ofw15r/test/upgrade/session_2_acceptance_render_test.dart: library-active-no-routine-white-1.6x-synthetic
03:17 +1709: C:/Users/Atharva Patil/AppData/Local/Temp/gymlog-session-2-isolated-_7ofw15r/test/upgrade/session_2_acceptance_render_test.dart: home-active-error-white-1.6x-synthetic
03:17 +1710: C:/Users/Atharva Patil/AppData/Local/Temp/gymlog-session-2-isolated-_7ofw15r/test/upgrade/session_2_acceptance_render_test.dart: library-active-error-white-1.6x-synthetic
03:17 +1711: C:/Users/Atharva Patil/AppData/Local/Temp/gymlog-session-2-isolated-_7ofw15r/test/upgrade/session_2_acceptance_render_test.dart: home-chosen-neonCyan-1.0x-synthetic
03:17 +1712: C:/Users/Atharva Patil/AppData/Local/Temp/gymlog-session-2-isolated-_7ofw15r/test/upgrade/session_2_acceptance_render_test.dart: library-chosen-neonCyan-1.0x-synthetic
03:17 +1713: C:/Users/Atharva Patil/AppData/Local/Temp/gymlog-session-2-isolated-_7ofw15r/test/upgrade/session_2_acceptance_render_test.dart: home-no-choice-neonCyan-1.0x-synthetic
03:17 +1714: C:/Users/Atharva Patil/AppData/Local/Temp/gymlog-session-2-isolated-_7ofw15r/test/upgrade/session_2_acceptance_render_test.dart: library-no-choice-neonCyan-1.0x-synthetic
03:17 +1715: C:/Users/Atharva Patil/AppData/Local/Temp/gymlog-session-2-isolated-_7ofw15r/test/upgrade/session_2_acceptance_render_test.dart: home-deleted-choice-neonCyan-1.0x-synthetic
03:17 +1716: C:/Users/Atharva Patil/AppData/Local/Temp/gymlog-session-2-isolated-_7ofw15r/test/upgrade/session_2_acceptance_render_test.dart: library-deleted-choice-neonCyan-1.0x-synthetic
03:17 +1717: C:/Users/Atharva Patil/AppData/Local/Temp/gymlog-session-2-isolated-_7ofw15r/test/upgrade/session_2_acceptance_render_test.dart: home-empty-choice-neonCyan-1.0x-synthetic
03:18 +1718: C:/Users/Atharva Patil/AppData/Local/Temp/gymlog-session-2-isolated-_7ofw15r/test/upgrade/session_2_acceptance_render_test.dart: library-empty-choice-neonCyan-1.0x-synthetic
03:18 +1719: C:/Users/Atharva Patil/AppData/Local/Temp/gymlog-session-2-isolated-_7ofw15r/test/upgrade/session_2_acceptance_render_test.dart: home-new-user-neonCyan-1.0x-synthetic
03:18 +1720: C:/Users/Atharva Patil/AppData/Local/Temp/gymlog-session-2-isolated-_7ofw15r/test/upgrade/session_2_acceptance_render_test.dart: library-new-user-neonCyan-1.0x-synthetic
03:18 +1721: C:/Users/Atharva Patil/AppData/Local/Temp/gymlog-session-2-isolated-_7ofw15r/test/upgrade/session_2_acceptance_render_test.dart: home-no-routine-neonCyan-1.0x-synthetic
03:18 +1722: C:/Users/Atharva Patil/AppData/Local/Temp/gymlog-session-2-isolated-_7ofw15r/test/upgrade/session_2_acceptance_render_test.dart: library-no-routine-neonCyan-1.0x-synthetic
03:18 +1723: C:/Users/Atharva Patil/AppData/Local/Temp/gymlog-session-2-isolated-_7ofw15r/test/upgrade/session_2_acceptance_render_test.dart: home-inactive-return-neonCyan-1.0x-synthetic
03:18 +1724: C:/Users/Atharva Patil/AppData/Local/Temp/gymlog-session-2-isolated-_7ofw15r/test/upgrade/session_2_acceptance_render_test.dart: library-inactive-return-neonCyan-1.0x-synthetic
03:18 +1725: C:/Users/Atharva Patil/AppData/Local/Temp/gymlog-session-2-isolated-_7ofw15r/test/upgrade/session_2_acceptance_render_test.dart: home-low-data-neonCyan-1.0x-synthetic
03:18 +1726: C:/Users/Atharva Patil/AppData/Local/Temp/gymlog-session-2-isolated-_7ofw15r/test/upgrade/session_2_acceptance_render_test.dart: library-low-data-neonCyan-1.0x-synthetic
03:18 +1727: C:/Users/Atharva Patil/AppData/Local/Temp/gymlog-session-2-isolated-_7ofw15r/test/upgrade/session_2_acceptance_render_test.dart: home-error-neonCyan-1.0x-synthetic
03:18 +1728: C:/Users/Atharva Patil/AppData/Local/Temp/gymlog-session-2-isolated-_7ofw15r/test/upgrade/session_2_acceptance_render_test.dart: library-error-neonCyan-1.0x-synthetic
03:19 +1729: C:/Users/Atharva Patil/AppData/Local/Temp/gymlog-session-2-isolated-_7ofw15r/test/upgrade/session_2_acceptance_render_test.dart: home-previous-error-neonCyan-1.0x-synthetic
03:19 +1730: C:/Users/Atharva Patil/AppData/Local/Temp/gymlog-session-2-isolated-_7ofw15r/test/upgrade/session_2_acceptance_render_test.dart: library-previous-error-neonCyan-1.0x-synthetic
03:19 +1731: C:/Users/Atharva Patil/AppData/Local/Temp/gymlog-session-2-isolated-_7ofw15r/test/upgrade/session_2_acceptance_render_test.dart: home-choice-error-neonCyan-1.0x-synthetic
03:19 +1732: C:/Users/Atharva Patil/AppData/Local/Temp/gymlog-session-2-isolated-_7ofw15r/test/upgrade/session_2_acceptance_render_test.dart: library-choice-error-neonCyan-1.0x-synthetic
03:19 +1733: C:/Users/Atharva Patil/AppData/Local/Temp/gymlog-session-2-isolated-_7ofw15r/test/upgrade/session_2_acceptance_render_test.dart: home-loading-neonCyan-1.0x-synthetic
03:19 +1734: C:/Users/Atharva Patil/AppData/Local/Temp/gymlog-session-2-isolated-_7ofw15r/test/upgrade/session_2_acceptance_render_test.dart: library-loading-neonCyan-1.0x-synthetic
03:19 +1735: C:/Users/Atharva Patil/AppData/Local/Temp/gymlog-session-2-isolated-_7ofw15r/test/upgrade/session_2_acceptance_render_test.dart: home-active-chosen-neonCyan-1.0x-synthetic
03:19 +1736: C:/Users/Atharva Patil/AppData/Local/Temp/gymlog-session-2-isolated-_7ofw15r/test/upgrade/session_2_acceptance_render_test.dart: library-active-chosen-neonCyan-1.0x-synthetic
03:19 +1737: C:/Users/Atharva Patil/AppData/Local/Temp/gymlog-session-2-isolated-_7ofw15r/test/upgrade/session_2_acceptance_render_test.dart: home-active-no-choice-neonCyan-1.0x-synthetic
03:20 +1738: C:/Users/Atharva Patil/AppData/Local/Temp/gymlog-session-2-isolated-_7ofw15r/test/upgrade/session_2_acceptance_render_test.dart: library-active-no-choice-neonCyan-1.0x-synthetic
03:20 +1739: C:/Users/Atharva Patil/AppData/Local/Temp/gymlog-session-2-isolated-_7ofw15r/test/upgrade/session_2_acceptance_render_test.dart: home-active-no-routine-neonCyan-1.0x-synthetic
03:20 +1740: C:/Users/Atharva Patil/AppData/Local/Temp/gymlog-session-2-isolated-_7ofw15r/test/upgrade/session_2_acceptance_render_test.dart: library-active-no-routine-neonCyan-1.0x-synthetic
03:20 +1741: C:/Users/Atharva Patil/AppData/Local/Temp/gymlog-session-2-isolated-_7ofw15r/test/upgrade/session_2_acceptance_render_test.dart: home-active-error-neonCyan-1.0x-synthetic
03:20 +1742: C:/Users/Atharva Patil/AppData/Local/Temp/gymlog-session-2-isolated-_7ofw15r/test/upgrade/session_2_acceptance_render_test.dart: library-active-error-neonCyan-1.0x-synthetic
03:20 +1743: C:/Users/Atharva Patil/AppData/Local/Temp/gymlog-session-2-isolated-_7ofw15r/test/upgrade/session_2_acceptance_render_test.dart: home-chosen-neonCyan-1.6x-synthetic
03:20 +1744: C:/Users/Atharva Patil/AppData/Local/Temp/gymlog-session-2-isolated-_7ofw15r/test/upgrade/session_2_acceptance_render_test.dart: library-chosen-neonCyan-1.6x-synthetic
03:20 +1745: C:/Users/Atharva Patil/AppData/Local/Temp/gymlog-session-2-isolated-_7ofw15r/test/upgrade/session_2_acceptance_render_test.dart: home-no-choice-neonCyan-1.6x-synthetic
03:21 +1746: C:/Users/Atharva Patil/AppData/Local/Temp/gymlog-session-2-isolated-_7ofw15r/test/upgrade/session_2_acceptance_render_test.dart: library-no-choice-neonCyan-1.6x-synthetic
03:21 +1747: C:/Users/Atharva Patil/AppData/Local/Temp/gymlog-session-2-isolated-_7ofw15r/test/upgrade/session_2_acceptance_render_test.dart: home-deleted-choice-neonCyan-1.6x-synthetic
03:21 +1748: C:/Users/Atharva Patil/AppData/Local/Temp/gymlog-session-2-isolated-_7ofw15r/test/upgrade/session_2_acceptance_render_test.dart: library-deleted-choice-neonCyan-1.6x-synthetic
03:21 +1749: C:/Users/Atharva Patil/AppData/Local/Temp/gymlog-session-2-isolated-_7ofw15r/test/upgrade/session_2_acceptance_render_test.dart: home-empty-choice-neonCyan-1.6x-synthetic
03:21 +1750: C:/Users/Atharva Patil/AppData/Local/Temp/gymlog-session-2-isolated-_7ofw15r/test/upgrade/session_2_acceptance_render_test.dart: library-empty-choice-neonCyan-1.6x-synthetic
03:21 +1751: C:/Users/Atharva Patil/AppData/Local/Temp/gymlog-session-2-isolated-_7ofw15r/test/upgrade/session_2_acceptance_render_test.dart: home-new-user-neonCyan-1.6x-synthetic
03:21 +1752: C:/Users/Atharva Patil/AppData/Local/Temp/gymlog-session-2-isolated-_7ofw15r/test/upgrade/session_2_acceptance_render_test.dart: library-new-user-neonCyan-1.6x-synthetic
03:21 +1753: C:/Users/Atharva Patil/AppData/Local/Temp/gymlog-session-2-isolated-_7ofw15r/test/upgrade/session_2_acceptance_render_test.dart: home-no-routine-neonCyan-1.6x-synthetic
03:21 +1754: C:/Users/Atharva Patil/AppData/Local/Temp/gymlog-session-2-isolated-_7ofw15r/test/upgrade/session_2_acceptance_render_test.dart: library-no-routine-neonCyan-1.6x-synthetic
03:21 +1755: C:/Users/Atharva Patil/AppData/Local/Temp/gymlog-session-2-isolated-_7ofw15r/test/upgrade/session_2_acceptance_render_test.dart: home-inactive-return-neonCyan-1.6x-synthetic
03:22 +1756: C:/Users/Atharva Patil/AppData/Local/Temp/gymlog-session-2-isolated-_7ofw15r/test/upgrade/session_2_acceptance_render_test.dart: library-inactive-return-neonCyan-1.6x-synthetic
03:22 +1757: C:/Users/Atharva Patil/AppData/Local/Temp/gymlog-session-2-isolated-_7ofw15r/test/upgrade/session_2_acceptance_render_test.dart: home-low-data-neonCyan-1.6x-synthetic
03:22 +1758: C:/Users/Atharva Patil/AppData/Local/Temp/gymlog-session-2-isolated-_7ofw15r/test/upgrade/session_2_acceptance_render_test.dart: library-low-data-neonCyan-1.6x-synthetic
03:22 +1759: C:/Users/Atharva Patil/AppData/Local/Temp/gymlog-session-2-isolated-_7ofw15r/test/upgrade/session_2_acceptance_render_test.dart: home-error-neonCyan-1.6x-synthetic
03:22 +1760: C:/Users/Atharva Patil/AppData/Local/Temp/gymlog-session-2-isolated-_7ofw15r/test/upgrade/session_2_acceptance_render_test.dart: library-error-neonCyan-1.6x-synthetic
03:22 +1761: C:/Users/Atharva Patil/AppData/Local/Temp/gymlog-session-2-isolated-_7ofw15r/test/upgrade/session_2_acceptance_render_test.dart: home-previous-error-neonCyan-1.6x-synthetic
03:22 +1762: C:/Users/Atharva Patil/AppData/Local/Temp/gymlog-session-2-isolated-_7ofw15r/test/upgrade/session_2_acceptance_render_test.dart: library-previous-error-neonCyan-1.6x-synthetic
03:22 +1763: C:/Users/Atharva Patil/AppData/Local/Temp/gymlog-session-2-isolated-_7ofw15r/test/upgrade/session_2_acceptance_render_test.dart: home-choice-error-neonCyan-1.6x-synthetic
03:22 +1764: C:/Users/Atharva Patil/AppData/Local/Temp/gymlog-session-2-isolated-_7ofw15r/test/upgrade/session_2_acceptance_render_test.dart: library-choice-error-neonCyan-1.6x-synthetic
03:22 +1765: C:/Users/Atharva Patil/AppData/Local/Temp/gymlog-session-2-isolated-_7ofw15r/test/upgrade/session_2_acceptance_render_test.dart: home-loading-neonCyan-1.6x-synthetic
03:22 +1766: C:/Users/Atharva Patil/AppData/Local/Temp/gymlog-session-2-isolated-_7ofw15r/test/upgrade/session_2_acceptance_render_test.dart: library-loading-neonCyan-1.6x-synthetic
03:22 +1767: C:/Users/Atharva Patil/AppData/Local/Temp/gymlog-session-2-isolated-_7ofw15r/test/upgrade/session_2_acceptance_render_test.dart: home-active-chosen-neonCyan-1.6x-synthetic
03:23 +1768: C:/Users/Atharva Patil/AppData/Local/Temp/gymlog-session-2-isolated-_7ofw15r/test/upgrade/session_2_acceptance_render_test.dart: library-active-chosen-neonCyan-1.6x-synthetic
03:23 +1769: C:/Users/Atharva Patil/AppData/Local/Temp/gymlog-session-2-isolated-_7ofw15r/test/upgrade/session_2_acceptance_render_test.dart: home-active-no-choice-neonCyan-1.6x-synthetic
03:23 +1770: C:/Users/Atharva Patil/AppData/Local/Temp/gymlog-session-2-isolated-_7ofw15r/test/upgrade/session_2_acceptance_render_test.dart: library-active-no-choice-neonCyan-1.6x-synthetic
03:23 +1771: C:/Users/Atharva Patil/AppData/Local/Temp/gymlog-session-2-isolated-_7ofw15r/test/upgrade/session_2_acceptance_render_test.dart: home-active-no-routine-neonCyan-1.6x-synthetic
03:23 +1772: C:/Users/Atharva Patil/AppData/Local/Temp/gymlog-session-2-isolated-_7ofw15r/test/upgrade/session_2_acceptance_render_test.dart: library-active-no-routine-neonCyan-1.6x-synthetic
03:23 +1773: C:/Users/Atharva Patil/AppData/Local/Temp/gymlog-session-2-isolated-_7ofw15r/test/upgrade/session_2_acceptance_render_test.dart: home-active-error-neonCyan-1.6x-synthetic
03:23 +1774: C:/Users/Atharva Patil/AppData/Local/Temp/gymlog-session-2-isolated-_7ofw15r/test/upgrade/session_2_acceptance_render_test.dart: library-active-error-neonCyan-1.6x-synthetic
03:23 +1775: C:/Users/Atharva Patil/AppData/Local/Temp/gymlog-session-2-isolated-_7ofw15r/test/upgrade/session_2_acceptance_render_test.dart: home-chosen-neonMagenta-1.0x-synthetic
03:23 +1776: C:/Users/Atharva Patil/AppData/Local/Temp/gymlog-session-2-isolated-_7ofw15r/test/upgrade/session_2_acceptance_render_test.dart: library-chosen-neonMagenta-1.0x-synthetic
03:23 +1777: C:/Users/Atharva Patil/AppData/Local/Temp/gymlog-session-2-isolated-_7ofw15r/test/upgrade/session_2_acceptance_render_test.dart: home-no-choice-neonMagenta-1.0x-synthetic
03:23 +1778: C:/Users/Atharva Patil/AppData/Local/Temp/gymlog-session-2-isolated-_7ofw15r/test/upgrade/session_2_acceptance_render_test.dart: library-no-choice-neonMagenta-1.0x-synthetic
03:24 +1779: C:/Users/Atharva Patil/AppData/Local/Temp/gymlog-session-2-isolated-_7ofw15r/test/upgrade/session_2_acceptance_render_test.dart: home-deleted-choice-neonMagenta-1.0x-synthetic
03:24 +1780: C:/Users/Atharva Patil/AppData/Local/Temp/gymlog-session-2-isolated-_7ofw15r/test/upgrade/session_2_acceptance_render_test.dart: library-deleted-choice-neonMagenta-1.0x-synthetic
03:24 +1781: C:/Users/Atharva Patil/AppData/Local/Temp/gymlog-session-2-isolated-_7ofw15r/test/upgrade/session_2_acceptance_render_test.dart: home-empty-choice-neonMagenta-1.0x-synthetic
03:24 +1782: C:/Users/Atharva Patil/AppData/Local/Temp/gymlog-session-2-isolated-_7ofw15r/test/upgrade/session_2_acceptance_render_test.dart: library-empty-choice-neonMagenta-1.0x-synthetic
03:24 +1783: C:/Users/Atharva Patil/AppData/Local/Temp/gymlog-session-2-isolated-_7ofw15r/test/upgrade/session_2_acceptance_render_test.dart: home-new-user-neonMagenta-1.0x-synthetic
03:24 +1784: C:/Users/Atharva Patil/AppData/Local/Temp/gymlog-session-2-isolated-_7ofw15r/test/upgrade/session_2_acceptance_render_test.dart: library-new-user-neonMagenta-1.0x-synthetic
03:24 +1785: C:/Users/Atharva Patil/AppData/Local/Temp/gymlog-session-2-isolated-_7ofw15r/test/upgrade/session_2_acceptance_render_test.dart: home-no-routine-neonMagenta-1.0x-synthetic
03:24 +1786: C:/Users/Atharva Patil/AppData/Local/Temp/gymlog-session-2-isolated-_7ofw15r/test/upgrade/session_2_acceptance_render_test.dart: library-no-routine-neonMagenta-1.0x-synthetic
03:24 +1787: C:/Users/Atharva Patil/AppData/Local/Temp/gymlog-session-2-isolated-_7ofw15r/test/upgrade/session_2_acceptance_render_test.dart: home-inactive-return-neonMagenta-1.0x-synthetic
03:24 +1788: C:/Users/Atharva Patil/AppData/Local/Temp/gymlog-session-2-isolated-_7ofw15r/test/upgrade/session_2_acceptance_render_test.dart: library-inactive-return-neonMagenta-1.0x-synthetic
03:24 +1789: C:/Users/Atharva Patil/AppData/Local/Temp/gymlog-session-2-isolated-_7ofw15r/test/upgrade/session_2_acceptance_render_test.dart: home-low-data-neonMagenta-1.0x-synthetic
03:24 +1790: C:/Users/Atharva Patil/AppData/Local/Temp/gymlog-session-2-isolated-_7ofw15r/test/upgrade/session_2_acceptance_render_test.dart: library-low-data-neonMagenta-1.0x-synthetic
03:24 +1791: C:/Users/Atharva Patil/AppData/Local/Temp/gymlog-session-2-isolated-_7ofw15r/test/upgrade/session_2_acceptance_render_test.dart: home-error-neonMagenta-1.0x-synthetic
03:24 +1792: C:/Users/Atharva Patil/AppData/Local/Temp/gymlog-session-2-isolated-_7ofw15r/test/upgrade/session_2_acceptance_render_test.dart: library-error-neonMagenta-1.0x-synthetic
03:25 +1793: C:/Users/Atharva Patil/AppData/Local/Temp/gymlog-session-2-isolated-_7ofw15r/test/upgrade/session_2_acceptance_render_test.dart: home-previous-error-neonMagenta-1.0x-synthetic
03:25 +1794: C:/Users/Atharva Patil/AppData/Local/Temp/gymlog-session-2-isolated-_7ofw15r/test/upgrade/session_2_acceptance_render_test.dart: library-previous-error-neonMagenta-1.0x-synthetic
03:25 +1795: C:/Users/Atharva Patil/AppData/Local/Temp/gymlog-session-2-isolated-_7ofw15r/test/upgrade/session_2_acceptance_render_test.dart: home-choice-error-neonMagenta-1.0x-synthetic
03:25 +1796: C:/Users/Atharva Patil/AppData/Local/Temp/gymlog-session-2-isolated-_7ofw15r/test/upgrade/session_2_acceptance_render_test.dart: library-choice-error-neonMagenta-1.0x-synthetic
03:25 +1797: C:/Users/Atharva Patil/AppData/Local/Temp/gymlog-session-2-isolated-_7ofw15r/test/upgrade/session_2_acceptance_render_test.dart: home-loading-neonMagenta-1.0x-synthetic
03:25 +1798: C:/Users/Atharva Patil/AppData/Local/Temp/gymlog-session-2-isolated-_7ofw15r/test/upgrade/session_2_acceptance_render_test.dart: library-loading-neonMagenta-1.0x-synthetic
03:25 +1799: C:/Users/Atharva Patil/AppData/Local/Temp/gymlog-session-2-isolated-_7ofw15r/test/upgrade/session_2_acceptance_render_test.dart: home-active-chosen-neonMagenta-1.0x-synthetic
03:25 +1800: C:/Users/Atharva Patil/AppData/Local/Temp/gymlog-session-2-isolated-_7ofw15r/test/upgrade/session_2_acceptance_render_test.dart: library-active-chosen-neonMagenta-1.0x-synthetic
03:25 +1801: C:/Users/Atharva Patil/AppData/Local/Temp/gymlog-session-2-isolated-_7ofw15r/test/upgrade/session_2_acceptance_render_test.dart: home-active-no-choice-neonMagenta-1.0x-synthetic
03:25 +1802: C:/Users/Atharva Patil/AppData/Local/Temp/gymlog-session-2-isolated-_7ofw15r/test/upgrade/session_2_acceptance_render_test.dart: library-active-no-choice-neonMagenta-1.0x-synthetic
03:25 +1803: C:/Users/Atharva Patil/AppData/Local/Temp/gymlog-session-2-isolated-_7ofw15r/test/upgrade/session_2_acceptance_render_test.dart: home-active-no-routine-neonMagenta-1.0x-synthetic
03:25 +1804: C:/Users/Atharva Patil/AppData/Local/Temp/gymlog-session-2-isolated-_7ofw15r/test/upgrade/session_2_acceptance_render_test.dart: library-active-no-routine-neonMagenta-1.0x-synthetic
03:26 +1805: C:/Users/Atharva Patil/AppData/Local/Temp/gymlog-session-2-isolated-_7ofw15r/test/upgrade/session_2_acceptance_render_test.dart: home-active-error-neonMagenta-1.0x-synthetic
03:26 +1806: C:/Users/Atharva Patil/AppData/Local/Temp/gymlog-session-2-isolated-_7ofw15r/test/upgrade/session_2_acceptance_render_test.dart: library-active-error-neonMagenta-1.0x-synthetic
03:26 +1807: C:/Users/Atharva Patil/AppData/Local/Temp/gymlog-session-2-isolated-_7ofw15r/test/upgrade/session_2_acceptance_render_test.dart: home-chosen-neonMagenta-1.6x-synthetic
03:26 +1808: C:/Users/Atharva Patil/AppData/Local/Temp/gymlog-session-2-isolated-_7ofw15r/test/upgrade/session_2_acceptance_render_test.dart: library-chosen-neonMagenta-1.6x-synthetic
03:26 +1809: C:/Users/Atharva Patil/AppData/Local/Temp/gymlog-session-2-isolated-_7ofw15r/test/upgrade/session_2_acceptance_render_test.dart: home-no-choice-neonMagenta-1.6x-synthetic
03:26 +1810: C:/Users/Atharva Patil/AppData/Local/Temp/gymlog-session-2-isolated-_7ofw15r/test/upgrade/session_2_acceptance_render_test.dart: library-no-choice-neonMagenta-1.6x-synthetic
03:26 +1811: C:/Users/Atharva Patil/AppData/Local/Temp/gymlog-session-2-isolated-_7ofw15r/test/upgrade/session_2_acceptance_render_test.dart: home-deleted-choice-neonMagenta-1.6x-synthetic
03:26 +1812: C:/Users/Atharva Patil/AppData/Local/Temp/gymlog-session-2-isolated-_7ofw15r/test/upgrade/session_2_acceptance_render_test.dart: library-deleted-choice-neonMagenta-1.6x-synthetic
03:26 +1813: C:/Users/Atharva Patil/AppData/Local/Temp/gymlog-session-2-isolated-_7ofw15r/test/upgrade/session_2_acceptance_render_test.dart: home-empty-choice-neonMagenta-1.6x-synthetic
03:26 +1814: C:/Users/Atharva Patil/AppData/Local/Temp/gymlog-session-2-isolated-_7ofw15r/test/upgrade/session_2_acceptance_render_test.dart: library-empty-choice-neonMagenta-1.6x-synthetic
03:27 +1815: C:/Users/Atharva Patil/AppData/Local/Temp/gymlog-session-2-isolated-_7ofw15r/test/upgrade/session_2_acceptance_render_test.dart: home-new-user-neonMagenta-1.6x-synthetic
03:27 +1816: C:/Users/Atharva Patil/AppData/Local/Temp/gymlog-session-2-isolated-_7ofw15r/test/upgrade/session_2_acceptance_render_test.dart: library-new-user-neonMagenta-1.6x-synthetic
03:27 +1817: C:/Users/Atharva Patil/AppData/Local/Temp/gymlog-session-2-isolated-_7ofw15r/test/upgrade/session_2_acceptance_render_test.dart: home-no-routine-neonMagenta-1.6x-synthetic
03:27 +1818: C:/Users/Atharva Patil/AppData/Local/Temp/gymlog-session-2-isolated-_7ofw15r/test/upgrade/session_2_acceptance_render_test.dart: library-no-routine-neonMagenta-1.6x-synthetic
03:27 +1819: C:/Users/Atharva Patil/AppData/Local/Temp/gymlog-session-2-isolated-_7ofw15r/test/upgrade/session_2_acceptance_render_test.dart: home-inactive-return-neonMagenta-1.6x-synthetic
03:27 +1820: C:/Users/Atharva Patil/AppData/Local/Temp/gymlog-session-2-isolated-_7ofw15r/test/upgrade/session_2_acceptance_render_test.dart: library-inactive-return-neonMagenta-1.6x-synthetic
03:27 +1821: C:/Users/Atharva Patil/AppData/Local/Temp/gymlog-session-2-isolated-_7ofw15r/test/upgrade/session_2_acceptance_render_test.dart: home-low-data-neonMagenta-1.6x-synthetic
03:27 +1822: C:/Users/Atharva Patil/AppData/Local/Temp/gymlog-session-2-isolated-_7ofw15r/test/upgrade/session_2_acceptance_render_test.dart: library-low-data-neonMagenta-1.6x-synthetic
03:27 +1823: C:/Users/Atharva Patil/AppData/Local/Temp/gymlog-session-2-isolated-_7ofw15r/test/upgrade/session_2_acceptance_render_test.dart: home-error-neonMagenta-1.6x-synthetic
03:27 +1824: C:/Users/Atharva Patil/AppData/Local/Temp/gymlog-session-2-isolated-_7ofw15r/test/upgrade/session_2_acceptance_render_test.dart: library-error-neonMagenta-1.6x-synthetic
03:27 +1825: C:/Users/Atharva Patil/AppData/Local/Temp/gymlog-session-2-isolated-_7ofw15r/test/upgrade/session_2_acceptance_render_test.dart: home-previous-error-neonMagenta-1.6x-synthetic
03:27 +1826: C:/Users/Atharva Patil/AppData/Local/Temp/gymlog-session-2-isolated-_7ofw15r/test/upgrade/session_2_acceptance_render_test.dart: library-previous-error-neonMagenta-1.6x-synthetic
03:27 +1827: C:/Users/Atharva Patil/AppData/Local/Temp/gymlog-session-2-isolated-_7ofw15r/test/upgrade/session_2_acceptance_render_test.dart: home-choice-error-neonMagenta-1.6x-synthetic
03:27 +1828: C:/Users/Atharva Patil/AppData/Local/Temp/gymlog-session-2-isolated-_7ofw15r/test/upgrade/session_2_acceptance_render_test.dart: library-choice-error-neonMagenta-1.6x-synthetic
03:27 +1829: C:/Users/Atharva Patil/AppData/Local/Temp/gymlog-session-2-isolated-_7ofw15r/test/upgrade/session_2_acceptance_render_test.dart: home-loading-neonMagenta-1.6x-synthetic
03:28 +1830: C:/Users/Atharva Patil/AppData/Local/Temp/gymlog-session-2-isolated-_7ofw15r/test/upgrade/session_2_acceptance_render_test.dart: library-loading-neonMagenta-1.6x-synthetic
03:28 +1831: C:/Users/Atharva Patil/AppData/Local/Temp/gymlog-session-2-isolated-_7ofw15r/test/upgrade/session_2_acceptance_render_test.dart: home-active-chosen-neonMagenta-1.6x-synthetic
03:28 +1832: C:/Users/Atharva Patil/AppData/Local/Temp/gymlog-session-2-isolated-_7ofw15r/test/upgrade/session_2_acceptance_render_test.dart: library-active-chosen-neonMagenta-1.6x-synthetic
03:28 +1833: C:/Users/Atharva Patil/AppData/Local/Temp/gymlog-session-2-isolated-_7ofw15r/test/upgrade/session_2_acceptance_render_test.dart: home-active-no-choice-neonMagenta-1.6x-synthetic
03:28 +1834: C:/Users/Atharva Patil/AppData/Local/Temp/gymlog-session-2-isolated-_7ofw15r/test/upgrade/session_2_acceptance_render_test.dart: library-active-no-choice-neonMagenta-1.6x-synthetic
03:28 +1835: C:/Users/Atharva Patil/AppData/Local/Temp/gymlog-session-2-isolated-_7ofw15r/test/upgrade/session_2_acceptance_render_test.dart: home-active-no-routine-neonMagenta-1.6x-synthetic
03:28 +1836: C:/Users/Atharva Patil/AppData/Local/Temp/gymlog-session-2-isolated-_7ofw15r/test/upgrade/session_2_acceptance_render_test.dart: library-active-no-routine-neonMagenta-1.6x-synthetic
03:28 +1837: C:/Users/Atharva Patil/AppData/Local/Temp/gymlog-session-2-isolated-_7ofw15r/test/upgrade/session_2_acceptance_render_test.dart: home-active-error-neonMagenta-1.6x-synthetic
03:28 +1838: C:/Users/Atharva Patil/AppData/Local/Temp/gymlog-session-2-isolated-_7ofw15r/test/upgrade/session_2_acceptance_render_test.dart: library-active-error-neonMagenta-1.6x-synthetic
03:28 +1839: C:/Users/Atharva Patil/AppData/Local/Temp/gymlog-session-2-isolated-_7ofw15r/test/upgrade/session_2_acceptance_render_test.dart: home-chosen-blazeOrange-1.0x-synthetic
03:29 +1840: C:/Users/Atharva Patil/AppData/Local/Temp/gymlog-session-2-isolated-_7ofw15r/test/upgrade/session_2_acceptance_render_test.dart: library-chosen-blazeOrange-1.0x-synthetic
03:29 +1841: C:/Users/Atharva Patil/AppData/Local/Temp/gymlog-session-2-isolated-_7ofw15r/test/upgrade/session_2_acceptance_render_test.dart: home-no-choice-blazeOrange-1.0x-synthetic
03:29 +1842: C:/Users/Atharva Patil/AppData/Local/Temp/gymlog-session-2-isolated-_7ofw15r/test/upgrade/session_2_acceptance_render_test.dart: library-no-choice-blazeOrange-1.0x-synthetic
03:29 +1843: C:/Users/Atharva Patil/AppData/Local/Temp/gymlog-session-2-isolated-_7ofw15r/test/upgrade/session_2_acceptance_render_test.dart: home-deleted-choice-blazeOrange-1.0x-synthetic
03:29 +1844: C:/Users/Atharva Patil/AppData/Local/Temp/gymlog-session-2-isolated-_7ofw15r/test/upgrade/session_2_acceptance_render_test.dart: library-deleted-choice-blazeOrange-1.0x-synthetic
03:29 +1845: C:/Users/Atharva Patil/AppData/Local/Temp/gymlog-session-2-isolated-_7ofw15r/test/upgrade/session_2_acceptance_render_test.dart: home-empty-choice-blazeOrange-1.0x-synthetic
03:29 +1846: C:/Users/Atharva Patil/AppData/Local/Temp/gymlog-session-2-isolated-_7ofw15r/test/upgrade/session_2_acceptance_render_test.dart: library-empty-choice-blazeOrange-1.0x-synthetic
03:29 +1847: C:/Users/Atharva Patil/AppData/Local/Temp/gymlog-session-2-isolated-_7ofw15r/test/upgrade/session_2_acceptance_render_test.dart: home-new-user-blazeOrange-1.0x-synthetic
03:29 +1848: C:/Users/Atharva Patil/AppData/Local/Temp/gymlog-session-2-isolated-_7ofw15r/test/upgrade/session_2_acceptance_render_test.dart: library-new-user-blazeOrange-1.0x-synthetic
03:29 +1849: C:/Users/Atharva Patil/AppData/Local/Temp/gymlog-session-2-isolated-_7ofw15r/test/upgrade/session_2_acceptance_render_test.dart: home-no-routine-blazeOrange-1.0x-synthetic
03:29 +1850: C:/Users/Atharva Patil/AppData/Local/Temp/gymlog-session-2-isolated-_7ofw15r/test/upgrade/session_2_acceptance_render_test.dart: library-no-routine-blazeOrange-1.0x-synthetic
03:29 +1851: C:/Users/Atharva Patil/AppData/Local/Temp/gymlog-session-2-isolated-_7ofw15r/test/upgrade/session_2_acceptance_render_test.dart: home-inactive-return-blazeOrange-1.0x-synthetic
03:30 +1852: C:/Users/Atharva Patil/AppData/Local/Temp/gymlog-session-2-isolated-_7ofw15r/test/upgrade/session_2_acceptance_render_test.dart: library-inactive-return-blazeOrange-1.0x-synthetic
03:30 +1853: C:/Users/Atharva Patil/AppData/Local/Temp/gymlog-session-2-isolated-_7ofw15r/test/upgrade/session_2_acceptance_render_test.dart: home-low-data-blazeOrange-1.0x-synthetic
03:30 +1854: C:/Users/Atharva Patil/AppData/Local/Temp/gymlog-session-2-isolated-_7ofw15r/test/upgrade/session_2_acceptance_render_test.dart: library-low-data-blazeOrange-1.0x-synthetic
03:30 +1855: C:/Users/Atharva Patil/AppData/Local/Temp/gymlog-session-2-isolated-_7ofw15r/test/upgrade/session_2_acceptance_render_test.dart: home-error-blazeOrange-1.0x-synthetic
03:30 +1856: C:/Users/Atharva Patil/AppData/Local/Temp/gymlog-session-2-isolated-_7ofw15r/test/upgrade/session_2_acceptance_render_test.dart: library-error-blazeOrange-1.0x-synthetic
03:30 +1857: C:/Users/Atharva Patil/AppData/Local/Temp/gymlog-session-2-isolated-_7ofw15r/test/upgrade/session_2_acceptance_render_test.dart: home-previous-error-blazeOrange-1.0x-synthetic
03:30 +1858: C:/Users/Atharva Patil/AppData/Local/Temp/gymlog-session-2-isolated-_7ofw15r/test/upgrade/session_2_acceptance_render_test.dart: library-previous-error-blazeOrange-1.0x-synthetic
03:30 +1859: C:/Users/Atharva Patil/AppData/Local/Temp/gymlog-session-2-isolated-_7ofw15r/test/upgrade/session_2_acceptance_render_test.dart: home-choice-error-blazeOrange-1.0x-synthetic
03:30 +1860: C:/Users/Atharva Patil/AppData/Local/Temp/gymlog-session-2-isolated-_7ofw15r/test/upgrade/session_2_acceptance_render_test.dart: library-choice-error-blazeOrange-1.0x-synthetic
03:30 +1861: C:/Users/Atharva Patil/AppData/Local/Temp/gymlog-session-2-isolated-_7ofw15r/test/upgrade/session_2_acceptance_render_test.dart: home-loading-blazeOrange-1.0x-synthetic
03:30 +1862: C:/Users/Atharva Patil/AppData/Local/Temp/gymlog-session-2-isolated-_7ofw15r/test/upgrade/session_2_acceptance_render_test.dart: library-loading-blazeOrange-1.0x-synthetic
03:30 +1863: C:/Users/Atharva Patil/AppData/Local/Temp/gymlog-session-2-isolated-_7ofw15r/test/upgrade/session_2_acceptance_render_test.dart: home-active-chosen-blazeOrange-1.0x-synthetic
03:30 +1864: C:/Users/Atharva Patil/AppData/Local/Temp/gymlog-session-2-isolated-_7ofw15r/test/upgrade/session_2_acceptance_render_test.dart: library-active-chosen-blazeOrange-1.0x-synthetic
03:30 +1865: C:/Users/Atharva Patil/AppData/Local/Temp/gymlog-session-2-isolated-_7ofw15r/test/upgrade/session_2_acceptance_render_test.dart: home-active-no-choice-blazeOrange-1.0x-synthetic
03:31 +1866: C:/Users/Atharva Patil/AppData/Local/Temp/gymlog-session-2-isolated-_7ofw15r/test/upgrade/session_2_acceptance_render_test.dart: library-active-no-choice-blazeOrange-1.0x-synthetic
03:31 +1867: C:/Users/Atharva Patil/AppData/Local/Temp/gymlog-session-2-isolated-_7ofw15r/test/upgrade/session_2_acceptance_render_test.dart: home-active-no-routine-blazeOrange-1.0x-synthetic
03:31 +1868: C:/Users/Atharva Patil/AppData/Local/Temp/gymlog-session-2-isolated-_7ofw15r/test/upgrade/session_2_acceptance_render_test.dart: library-active-no-routine-blazeOrange-1.0x-synthetic
03:31 +1869: C:/Users/Atharva Patil/AppData/Local/Temp/gymlog-session-2-isolated-_7ofw15r/test/upgrade/session_2_acceptance_render_test.dart: home-active-error-blazeOrange-1.0x-synthetic
03:31 +1870: C:/Users/Atharva Patil/AppData/Local/Temp/gymlog-session-2-isolated-_7ofw15r/test/upgrade/session_2_acceptance_render_test.dart: library-active-error-blazeOrange-1.0x-synthetic
03:31 +1871: C:/Users/Atharva Patil/AppData/Local/Temp/gymlog-session-2-isolated-_7ofw15r/test/upgrade/session_2_acceptance_render_test.dart: home-chosen-blazeOrange-1.6x-synthetic
03:31 +1872: C:/Users/Atharva Patil/AppData/Local/Temp/gymlog-session-2-isolated-_7ofw15r/test/upgrade/session_2_acceptance_render_test.dart: library-chosen-blazeOrange-1.6x-synthetic
03:31 +1873: C:/Users/Atharva Patil/AppData/Local/Temp/gymlog-session-2-isolated-_7ofw15r/test/upgrade/session_2_acceptance_render_test.dart: home-no-choice-blazeOrange-1.6x-synthetic
03:31 +1874: C:/Users/Atharva Patil/AppData/Local/Temp/gymlog-session-2-isolated-_7ofw15r/test/upgrade/session_2_acceptance_render_test.dart: library-no-choice-blazeOrange-1.6x-synthetic
03:31 +1875: C:/Users/Atharva Patil/AppData/Local/Temp/gymlog-session-2-isolated-_7ofw15r/test/upgrade/session_2_acceptance_render_test.dart: home-deleted-choice-blazeOrange-1.6x-synthetic
03:32 +1876: C:/Users/Atharva Patil/AppData/Local/Temp/gymlog-session-2-isolated-_7ofw15r/test/upgrade/session_2_acceptance_render_test.dart: library-deleted-choice-blazeOrange-1.6x-synthetic
03:32 +1877: C:/Users/Atharva Patil/AppData/Local/Temp/gymlog-session-2-isolated-_7ofw15r/test/upgrade/session_2_acceptance_render_test.dart: home-empty-choice-blazeOrange-1.6x-synthetic
03:32 +1878: C:/Users/Atharva Patil/AppData/Local/Temp/gymlog-session-2-isolated-_7ofw15r/test/upgrade/session_2_acceptance_render_test.dart: library-empty-choice-blazeOrange-1.6x-synthetic
03:32 +1879: C:/Users/Atharva Patil/AppData/Local/Temp/gymlog-session-2-isolated-_7ofw15r/test/upgrade/session_2_acceptance_render_test.dart: home-new-user-blazeOrange-1.6x-synthetic
03:32 +1880: C:/Users/Atharva Patil/AppData/Local/Temp/gymlog-session-2-isolated-_7ofw15r/test/upgrade/session_2_acceptance_render_test.dart: library-new-user-blazeOrange-1.6x-synthetic
03:32 +1881: C:/Users/Atharva Patil/AppData/Local/Temp/gymlog-session-2-isolated-_7ofw15r/test/upgrade/session_2_acceptance_render_test.dart: home-no-routine-blazeOrange-1.6x-synthetic
03:32 +1882: C:/Users/Atharva Patil/AppData/Local/Temp/gymlog-session-2-isolated-_7ofw15r/test/upgrade/session_2_acceptance_render_test.dart: library-no-routine-blazeOrange-1.6x-synthetic
03:32 +1883: C:/Users/Atharva Patil/AppData/Local/Temp/gymlog-session-2-isolated-_7ofw15r/test/upgrade/session_2_acceptance_render_test.dart: home-inactive-return-blazeOrange-1.6x-synthetic
03:32 +1884: C:/Users/Atharva Patil/AppData/Local/Temp/gymlog-session-2-isolated-_7ofw15r/test/upgrade/session_2_acceptance_render_test.dart: library-inactive-return-blazeOrange-1.6x-synthetic
03:32 +1885: C:/Users/Atharva Patil/AppData/Local/Temp/gymlog-session-2-isolated-_7ofw15r/test/upgrade/session_2_acceptance_render_test.dart: home-low-data-blazeOrange-1.6x-synthetic
03:32 +1886: C:/Users/Atharva Patil/AppData/Local/Temp/gymlog-session-2-isolated-_7ofw15r/test/upgrade/session_2_acceptance_render_test.dart: library-low-data-blazeOrange-1.6x-synthetic
03:32 +1887: C:/Users/Atharva Patil/AppData/Local/Temp/gymlog-session-2-isolated-_7ofw15r/test/upgrade/session_2_acceptance_render_test.dart: home-error-blazeOrange-1.6x-synthetic
03:32 +1888: C:/Users/Atharva Patil/AppData/Local/Temp/gymlog-session-2-isolated-_7ofw15r/test/upgrade/session_2_acceptance_render_test.dart: library-error-blazeOrange-1.6x-synthetic
03:32 +1889: C:/Users/Atharva Patil/AppData/Local/Temp/gymlog-session-2-isolated-_7ofw15r/test/upgrade/session_2_acceptance_render_test.dart: home-previous-error-blazeOrange-1.6x-synthetic
03:33 +1890: C:/Users/Atharva Patil/AppData/Local/Temp/gymlog-session-2-isolated-_7ofw15r/test/upgrade/session_2_acceptance_render_test.dart: library-previous-error-blazeOrange-1.6x-synthetic
03:33 +1891: C:/Users/Atharva Patil/AppData/Local/Temp/gymlog-session-2-isolated-_7ofw15r/test/upgrade/session_2_acceptance_render_test.dart: home-choice-error-blazeOrange-1.6x-synthetic
03:33 +1892: C:/Users/Atharva Patil/AppData/Local/Temp/gymlog-session-2-isolated-_7ofw15r/test/upgrade/session_2_acceptance_render_test.dart: library-choice-error-blazeOrange-1.6x-synthetic
03:33 +1893: C:/Users/Atharva Patil/AppData/Local/Temp/gymlog-session-2-isolated-_7ofw15r/test/upgrade/session_2_acceptance_render_test.dart: home-loading-blazeOrange-1.6x-synthetic
03:33 +1894: C:/Users/Atharva Patil/AppData/Local/Temp/gymlog-session-2-isolated-_7ofw15r/test/upgrade/session_2_acceptance_render_test.dart: library-loading-blazeOrange-1.6x-synthetic
03:33 +1895: C:/Users/Atharva Patil/AppData/Local/Temp/gymlog-session-2-isolated-_7ofw15r/test/upgrade/session_2_acceptance_render_test.dart: home-active-chosen-blazeOrange-1.6x-synthetic
03:33 +1896: C:/Users/Atharva Patil/AppData/Local/Temp/gymlog-session-2-isolated-_7ofw15r/test/upgrade/session_2_acceptance_render_test.dart: library-active-chosen-blazeOrange-1.6x-synthetic
03:33 +1897: C:/Users/Atharva Patil/AppData/Local/Temp/gymlog-session-2-isolated-_7ofw15r/test/upgrade/session_2_acceptance_render_test.dart: home-active-no-choice-blazeOrange-1.6x-synthetic
03:33 +1898: C:/Users/Atharva Patil/AppData/Local/Temp/gymlog-session-2-isolated-_7ofw15r/test/upgrade/session_2_acceptance_render_test.dart: library-active-no-choice-blazeOrange-1.6x-synthetic
03:33 +1899: C:/Users/Atharva Patil/AppData/Local/Temp/gymlog-session-2-isolated-_7ofw15r/test/upgrade/session_2_acceptance_render_test.dart: home-active-no-routine-blazeOrange-1.6x-synthetic
03:33 +1900: C:/Users/Atharva Patil/AppData/Local/Temp/gymlog-session-2-isolated-_7ofw15r/test/upgrade/session_2_acceptance_render_test.dart: library-active-no-routine-blazeOrange-1.6x-synthetic
03:33 +1901: C:/Users/Atharva Patil/AppData/Local/Temp/gymlog-session-2-isolated-_7ofw15r/test/upgrade/session_2_acceptance_render_test.dart: home-active-error-blazeOrange-1.6x-synthetic
03:33 +1902: C:/Users/Atharva Patil/AppData/Local/Temp/gymlog-session-2-isolated-_7ofw15r/test/upgrade/session_2_acceptance_render_test.dart: library-active-error-blazeOrange-1.6x-synthetic
03:33 +1903: C:/Users/Atharva Patil/AppData/Local/Temp/gymlog-session-2-isolated-_7ofw15r/test/upgrade/session_2_acceptance_render_test.dart: (tearDownAll)
03:34 +1903: All tests passed!

✅ verify passed - desired state is mechanically confirmed.
