
â–¸ check inline GoogleFonts

â–¸ check non-semantic AppColors in migrated screens
â–¸ format
Formatted 374 files (0 changed) in 10.36 seconds.

â–¸ analyze
Analyzing gymlog-session-2-isolated-_7ofw15r...                 
No issues found! (ran in 270.7s)

â–¸ custom_lint
Analyzing...

No issues found!

â–¸ test
00:00 +0: loading C:/Users/Atharva Patil/AppData/Local/Temp/gymlog-session-2-isolated-_7ofw15r/test/a11y_wrapper_single_node_test.dart
00:00 +0: C:/Users/Atharva Patil/AppData/Local/Temp/gymlog-session-2-isolated-_7ofw15r/test/a11y_wrapper_single_node_test.dart: ProLockPill publishes a single semantic node with its label
00:01 +1: C:/Users/Atharva Patil/AppData/Local/Temp/gymlog-session-2-isolated-_7ofw15r/test/a11y_wrapper_single_node_test.dart: TimeRangeFilter publishes one node, not value twice
00:01 +2: C:/Users/Atharva Patil/AppData/Local/Temp/gymlog-session-2-isolated-_7ofw15r/test/a11y_wrapper_single_node_test.dart: MuscleLoadBar publishes one combined node for its legend
00:01 +3: C:/Users/Atharva Patil/AppData/Local/Temp/gymlog-session-2-isolated-_7ofw15r/test/a11y_wrapper_single_node_test.dart: AppErrorScreen error action is a single button node
00:01 +4: C:/Users/Atharva Patil/AppData/Local/Temp/gymlog-session-2-isolated-_7ofw15r/test/accessibility_atomic_12_test.dart: ATOMIC-12 Accessibility & Screen-Reader Qualification SetRow renders single coherent semantic label with custom actions
00:03 +5: C:/Users/Atharva Patil/AppData/Local/Temp/gymlog-session-2-isolated-_7ofw15r/test/accessibility_core_journey_test.dart: SetRow interactive elements meet 48dp touch target requirements
00:03 +6: C:/Users/Atharva Patil/AppData/Local/Temp/gymlog-session-2-isolated-_7ofw15r/test/accessibility_core_journey_test.dart: SetRow interactive elements meet 48dp touch target requirements
00:04 +7: C:/Users/Atharva Patil/AppData/Local/Temp/gymlog-session-2-isolated-_7ofw15r/test/accessibility_core_journey_test.dart: SetRow interactive elements meet 48dp touch target requirements
00:05 +8: C:/Users/Atharva Patil/AppData/Local/Temp/gymlog-session-2-isolated-_7ofw15r/test/accessibility_core_journey_test.dart: SetRow interactive elements meet 48dp touch target requirements
00:05 +9: C:/Users/Atharva Patil/AppData/Local/Temp/gymlog-session-2-isolated-_7ofw15r/test/accessibility_core_journey_test.dart: SetRow interactive elements meet 48dp touch target requirements
00:05 +10: C:/Users/Atharva Patil/AppData/Local/Temp/gymlog-session-2-isolated-_7ofw15r/test/accessibility_core_journey_test.dart: SetRow interactive elements meet 48dp touch target requirements
00:05 +11: C:/Users/Atharva Patil/AppData/Local/Temp/gymlog-session-2-isolated-_7ofw15r/test/accessibility_core_journey_test.dart: RestOverrideChip meets 48dp touch target requirements
WARNING (drift): It looks like you've created the database class AppDatabase multiple times. When these two databases use the same QueryExecutor, race conditions will occur and might corrupt the database. 
Try to follow the advice at https://drift.simonbinder.eu/faq/#using-the-database or, if you know what you're doing, set driftRuntimeOptions.dontWarnAboutMultipleDatabases = true
Here is the stacktrace from when the database was opened a second time:
#0      GeneratedDatabase._handleInstantiated (package:drift/src/runtime/api/db_base.dart:96:30)
#1      GeneratedDatabase._whenConstructed (package:drift/src/runtime/api/db_base.dart:73:12)
#2      new GeneratedDatabase (package:drift/src/runtime/api/db_base.dart:64:5)
#3      new _$AppDatabase (package:gymlog/core/database/database.g.dart:4170:36)
#4      new AppDatabase.forTesting (package:gymlog/core/database/database.dart)
#5      main.<anonymous closure> (file:///C:/Users/Atharva%20Patil/AppData/Local/Temp/gymlog-session-2-isolated-_7ofw15r/test/accessibility_core_journey_test.dart:41:22)
#6      Declarer._runSetUps.<anonymous closure> (package:test_api/src/backend/declarer.dart:439:61)
#7      Future.forEach.<anonymous closure> (dart:async/future.dart:674:26)
#8      Future.doWhile.<anonymous closure> (dart:async/future.dart:732:26)
#9      StackZoneSpecification._registerUnaryCallback.<anonymous closure>.<anonymous closure> (package:stack_trace/src/stack_zone_specification.dart:127:36)
#10     StackZoneSpecification._run (package:stack_trace/src/stack_zone_specification.dart:207:15)
#11     StackZoneSpecification._registerUnaryCallback.<anonymous closure> (package:stack_trace/src/stack_zone_specification.dart:127:24)
#12     _rootRunUnary (dart:async/zone_root.dart:48:47)
#13     _CustomZone.runUnary (dart:async/zone.dart:733:19)
#14     _CustomZone.runUnaryGuarded (dart:async/zone.dart:633:7)
#15     _CustomZone.bindUnaryCallbackGuarded.<anonymous closure> (dart:async/zone.dart:671:26)
#16     Future.doWhile (dart:async/future.dart:749:18)
#17     Future.forEach (dart:async/future.dart:672:12)
#18     Declarer._runSetUps (package:test_api/src/backend/declarer.dart:439:18)
#19     Declarer.test.<anonymous closure>.<anonymous closure> (package:test_api/src/backend/declarer.dart:252:21)
#20     _rootRun (dart:async/zone_root.dart:35:13)
#21     _CustomZone.run (dart:async/zone.dart:726:19)
#22     _runZoned (dart:async/zone_api.dart:166:6)
#23     runZoned (dart:async/zone_api.dart:92:10)
#24     Declarer.test.<anonymous closure> (package:test_api/src/backend/declarer.dart:250:17)
#25     Invoker._waitForOutstandingCallbacks.<anonymous closure> (package:test_api/src/backend/invoker.dart:318:17)
#26     _rootRun (dart:async/zone_root.dart:35:13)
#27     _CustomZone.run (dart:async/zone.dart:726:19)
#28     _runZoned (dart:async/zone_api.dart:166:6)
#29     runZoned (dart:async/zone_api.dart:92:10)
#30     Invoker._waitForOutstandingCallbacks (package:test_api/src/backend/invoker.dart:314:5)
#31     Invoker._onRun.<anonymous closure>.<anonymous closure>.<anonymous closure> (package:test_api/src/backend/invoker.dart:457:21)
<asynchronous suspension>
This warning will only appear on debug builds.
00:06 +12: C:/Users/Atharva Patil/AppData/Local/Temp/gymlog-session-2-isolated-_7ofw15r/test/accessibility_target_size_test.dart: _FilterChipButton in ExerciseSelectionScreen is at least 48dp tall
00:07 +12: C:/Users/Atharva Patil/AppData/Local/Temp/gymlog-session-2-isolated-_7ofw15r/test/accessibility_core_journey_test.dart: RestOverride sheet elements meet 48dp touch target requirements
WARNING (drift): It looks like you've created the database class AppDatabase multiple times. When these two databases use the same QueryExecutor, race conditions will occur and might corrupt the database. 
Try to follow the advice at https://drift.simonbinder.eu/faq/#using-the-database or, if you know what you're doing, set driftRuntimeOptions.dontWarnAboutMultipleDatabases = true
Here is the stacktrace from when the database was opened a second time:
#0      GeneratedDatabase._handleInstantiated (package:drift/src/runtime/api/db_base.dart:96:30)
#1      GeneratedDatabase._whenConstructed (package:drift/src/runtime/api/db_base.dart:73:12)
#2      new GeneratedDatabase (package:drift/src/runtime/api/db_base.dart:64:5)
#3      new _$AppDatabase (package:gymlog/core/database/database.g.dart:4170:36)
#4      new AppDatabase.forTesting (package:gymlog/core/database/database.dart)
#5      main.<anonymous closure> (file:///C:/Users/Atharva%20Patil/AppData/Local/Temp/gymlog-session-2-isolated-_7ofw15r/test/accessibility_core_journey_test.dart:41:22)
#6      Declarer._runSetUps.<anonymous closure> (package:test_api/src/backend/declarer.dart:439:61)
#7      Future.forEach.<anonymous closure> (dart:async/future.dart:674:26)
#8      Future.doWhile.<anonymous closure> (dart:async/future.dart:732:26)
#9      StackZoneSpecification._registerUnaryCallback.<anonymous closure>.<anonymous closure> (package:stack_trace/src/stack_zone_specification.dart:127:36)
#10     StackZoneSpecification._run (package:stack_trace/src/stack_zone_specification.dart:207:15)
#11     StackZoneSpecification._registerUnaryCallback.<anonymous closure> (package:stack_trace/src/stack_zone_specification.dart:127:24)
#12     _rootRunUnary (dart:async/zone_root.dart:48:47)
#13     _CustomZone.runUnary (dart:async/zone.dart:733:19)
#14     _CustomZone.runUnaryGuarded (dart:async/zone.dart:633:7)
#15     _CustomZone.bindUnaryCallbackGuarded.<anonymous closure> (dart:async/zone.dart:671:26)
#16     Future.doWhile (dart:async/future.dart:749:18)
#17     Future.forEach (dart:async/future.dart:672:12)
#18     Declarer._runSetUps (package:test_api/src/backend/declarer.dart:439:18)
#19     Declarer.test.<anonymous closure>.<anonymous closure> (package:test_api/src/backend/declarer.dart:252:21)
#20     _rootRun (dart:async/zone_root.dart:35:13)
#21     _CustomZone.run (dart:async/zone.dart:726:19)
#22     _runZoned (dart:async/zone_api.dart:166:6)
#23     runZoned (dart:async/zone_api.dart:92:10)
#24     Declarer.test.<anonymous closure> (package:test_api/src/backend/declarer.dart:250:17)
#25     Invoker._waitForOutstandingCallbacks.<anonymous closure> (package:test_api/src/backend/invoker.dart:318:17)
#26     _rootRun (dart:async/zone_root.dart:35:13)
#27     _CustomZone.run (dart:async/zone.dart:726:19)
#28     _runZoned (dart:async/zone_api.dart:166:6)
#29     runZoned (dart:async/zone_api.dart:92:10)
#30     Invoker._waitForOutstandingCallbacks (package:test_api/src/backend/invoker.dart:314:5)
#31     Invoker._onRun.<anonymous closure>.<anonymous closure>.<anonymous closure> (package:test_api/src/backend/invoker.dart:457:21)
<asynchronous suspension>
This warning will only appear on debug builds.
00:07 +13: C:/Users/Atharva Patil/AppData/Local/Temp/gymlog-session-2-isolated-_7ofw15r/test/accessibility_target_size_test.dart: _FilterChipButton in ExerciseSelectionScreen is at least 48dp tall
00:07 +13: C:/Users/Atharva Patil/AppData/Local/Temp/gymlog-session-2-isolated-_7ofw15r/test/accessibility_core_journey_test.dart: RestTimerBar action buttons meet 48dp height requirement
WARNING (drift): It looks like you've created the database class AppDatabase multiple times. When these two databases use the same QueryExecutor, race conditions will occur and might corrupt the database. 
Try to follow the advice at https://drift.simonbinder.eu/faq/#using-the-database or, if you know what you're doing, set driftRuntimeOptions.dontWarnAboutMultipleDatabases = true
Here is the stacktrace from when the database was opened a second time:
#0      GeneratedDatabase._handleInstantiated (package:drift/src/runtime/api/db_base.dart:96:30)
#1      GeneratedDatabase._whenConstructed (package:drift/src/runtime/api/db_base.dart:73:12)
#2      new GeneratedDatabase (package:drift/src/runtime/api/db_base.dart:64:5)
#3      new _$AppDatabase (package:gymlog/core/database/database.g.dart:4170:36)
#4      new AppDatabase.forTesting (package:gymlog/core/database/database.dart)
#5      main.<anonymous closure> (file:///C:/Users/Atharva%20Patil/AppData/Local/Temp/gymlog-session-2-isolated-_7ofw15r/test/accessibility_core_journey_test.dart:41:22)
#6      Declarer._runSetUps.<anonymous closure> (package:test_api/src/backend/declarer.dart:439:61)
#7      Future.forEach.<anonymous closure> (dart:async/future.dart:674:26)
#8      Future.doWhile.<anonymous closure> (dart:async/future.dart:732:26)
#9      StackZoneSpecification._registerUnaryCallback.<anonymous closure>.<anonymous closure> (package:stack_trace/src/stack_zone_specification.dart:127:36)
#10     StackZoneSpecification._run (package:stack_trace/src/stack_zone_specification.dart:207:15)
#11     StackZoneSpecification._registerUnaryCallback.<anonymous closure> (package:stack_trace/src/stack_zone_specification.dart:127:24)
#12     _rootRunUnary (dart:async/zone_root.dart:48:47)
#13     _CustomZone.runUnary (dart:async/zone.dart:733:19)
#14     _CustomZone.runUnaryGuarded (dart:async/zone.dart:633:7)
#15     _CustomZone.bindUnaryCallbackGuarded.<anonymous closure> (dart:async/zone.dart:671:26)
#16     Future.doWhile (dart:async/future.dart:749:18)
#17     Future.forEach (dart:async/future.dart:672:12)
#18     Declarer._runSetUps (package:test_api/src/backend/declarer.dart:439:18)
#19     Declarer.test.<anonymous closure>.<anonymous closure> (package:test_api/src/backend/declarer.dart:252:21)
#20     _rootRun (dart:async/zone_root.dart:35:13)
#21     _CustomZone.run (dart:async/zone.dart:726:19)
#22     _runZoned (dart:async/zone_api.dart:166:6)
#23     runZoned (dart:async/zone_api.dart:92:10)
#24     Declarer.test.<anonymous closure> (package:test_api/src/backend/declarer.dart:250:17)
#25     Invoker._waitForOutstandingCallbacks.<anonymous closure> (package:test_api/src/backend/invoker.dart:318:17)
#26     _rootRun (dart:async/zone_root.dart:35:13)
#27     _CustomZone.run (dart:async/zone.dart:726:19)
#28     _runZoned (dart:async/zone_api.dart:166:6)
#29     runZoned (dart:async/zone_api.dart:92:10)
#30     Invoker._waitForOutstandingCallbacks (package:test_api/src/backend/invoker.dart:314:5)
#31     Invoker._onRun.<anonymous closure>.<anonymous closure>.<anonymous closure> (package:test_api/src/backend/invoker.dart:457:21)
<asynchronous suspension>
This warning will only appear on debug builds.
00:07 +14: C:/Users/Atharva Patil/AppData/Local/Temp/gymlog-session-2-isolated-_7ofw15r/test/accessibility_target_size_test.dart: _FilterChipButton in ExerciseSelectionScreen is at least 48dp tall
00:08 +14: C:/Users/Atharva Patil/AppData/Local/Temp/gymlog-session-2-isolated-_7ofw15r/test/accessibility_core_journey_test.dart: ActiveWorkoutScreen renders correctly at 200% text scale without overflow
WARNING (drift): It looks like you've created the database class AppDatabase multiple times. When these two databases use the same QueryExecutor, race conditions will occur and might corrupt the database. 
Try to follow the advice at https://drift.simonbinder.eu/faq/#using-the-database or, if you know what you're doing, set driftRuntimeOptions.dontWarnAboutMultipleDatabases = true
Here is the stacktrace from when the database was opened a second time:
#0      GeneratedDatabase._handleInstantiated (package:drift/src/runtime/api/db_base.dart:96:30)
#1      GeneratedDatabase._whenConstructed (package:drift/src/runtime/api/db_base.dart:73:12)
#2      new GeneratedDatabase (package:drift/src/runtime/api/db_base.dart:64:5)
#3      new _$AppDatabase (package:gymlog/core/database/database.g.dart:4170:36)
#4      new AppDatabase.forTesting (package:gymlog/core/database/database.dart)
#5      main.<anonymous closure> (file:///C:/Users/Atharva%20Patil/AppData/Local/Temp/gymlog-session-2-isolated-_7ofw15r/test/accessibility_core_journey_test.dart:41:22)
#6      Declarer._runSetUps.<anonymous closure> (package:test_api/src/backend/declarer.dart:439:61)
#7      Future.forEach.<anonymous closure> (dart:async/future.dart:674:26)
#8      Future.doWhile.<anonymous closure> (dart:async/future.dart:732:26)
#9      StackZoneSpecification._registerUnaryCallback.<anonymous closure>.<anonymous closure> (package:stack_trace/src/stack_zone_specification.dart:127:36)
#10     StackZoneSpecification._run (package:stack_trace/src/stack_zone_specification.dart:207:15)
#11     StackZoneSpecification._registerUnaryCallback.<anonymous closure> (package:stack_trace/src/stack_zone_specification.dart:127:24)
#12     _rootRunUnary (dart:async/zone_root.dart:48:47)
#13     _CustomZone.runUnary (dart:async/zone.dart:733:19)
#14     _CustomZone.runUnaryGuarded (dart:async/zone.dart:633:7)
#15     _CustomZone.bindUnaryCallbackGuarded.<anonymous closure> (dart:async/zone.dart:671:26)
#16     Future.doWhile (dart:async/future.dart:749:18)
#17     Future.forEach (dart:async/future.dart:672:12)
#18     Declarer._runSetUps (package:test_api/src/backend/declarer.dart:439:18)
#19     Declarer.test.<anonymous closure>.<anonymous closure> (package:test_api/src/backend/declarer.dart:252:21)
#20     _rootRun (dart:async/zone_root.dart:35:13)
#21     _CustomZone.run (dart:async/zone.dart:726:19)
#22     _runZoned (dart:async/zone_api.dart:166:6)
#23     runZoned (dart:async/zone_api.dart:92:10)
#24     Declarer.test.<anonymous closure> (package:test_api/src/backend/declarer.dart:250:17)
#25     Invoker._waitForOutstandingCallbacks.<anonymous closure> (package:test_api/src/backend/invoker.dart:318:17)
#26     _rootRun (dart:async/zone_root.dart:35:13)
#27     _CustomZone.run (dart:async/zone.dart:726:19)
#28     _runZoned (dart:async/zone_api.dart:166:6)
#29     runZoned (dart:async/zone_api.dart:92:10)
#30     Invoker._waitForOutstandingCallbacks (package:test_api/src/backend/invoker.dart:314:5)
#31     Invoker._onRun.<anonymous closure>.<anonymous closure>.<anonymous closure> (package:test_api/src/backend/invoker.dart:457:21)
<asynchronous suspension>
This warning will only appear on debug builds.
00:08 +15: C:/Users/Atharva Patil/AppData/Local/Temp/gymlog-session-2-isolated-_7ofw15r/test/accessibility_target_size_test.dart: _FilterChipButton in ExerciseSelectionScreen is at least 48dp tall
00:09 +16: C:/Users/Atharva Patil/AppData/Local/Temp/gymlog-session-2-isolated-_7ofw15r/test/accessibility_target_size_test.dart: _FilterChipButton in ExerciseSelectionScreen is at least 48dp tall
00:09 +17: C:/Users/Atharva Patil/AppData/Local/Temp/gymlog-session-2-isolated-_7ofw15r/test/accessibility_target_size_test.dart: _FilterChipButton in ExerciseSelectionScreen is at least 48dp tall
00:09 +18: C:/Users/Atharva Patil/AppData/Local/Temp/gymlog-session-2-isolated-_7ofw15r/test/active_workout_atomic_03_test.dart: ATOMIC-03 Active Workout & Card Geometry Suite 3. SetRow cells have minHeight 48 and SetRow minHeight 56
00:09 +19: C:/Users/Atharva Patil/AppData/Local/Temp/gymlog-session-2-isolated-_7ofw15r/test/active_workout_atomic_03_test.dart: ATOMIC-03 Active Workout & Card Geometry Suite 3. SetRow cells have minHeight 48 and SetRow minHeight 56
00:09 +20: C:/Users/Atharva Patil/AppData/Local/Temp/gymlog-session-2-isolated-_7ofw15r/test/active_workout_atomic_03_test.dart: ATOMIC-03 Active Workout & Card Geometry Suite 3. SetRow cells have minHeight 48 and SetRow minHeight 56
00:10 +21: C:/Users/Atharva Patil/AppData/Local/Temp/gymlog-session-2-isolated-_7ofw15r/test/active_workout_atomic_03_test.dart: ATOMIC-03 Active Workout & Card Geometry Suite 3. SetRow cells have minHeight 48 and SetRow minHeight 56
00:10 +22: C:/Users/Atharva Patil/AppData/Local/Temp/gymlog-session-2-isolated-_7ofw15r/test/active_workout_atomic_03_test.dart: ATOMIC-03 Active Workout & Card Geometry Suite 3. SetRow cells have minHeight 48 and SetRow minHeight 56
00:10 +23: C:/Users/Atharva Patil/AppData/Local/Temp/gymlog-session-2-isolated-_7ofw15r/test/active_workout_atomic_03_test.dart: ATOMIC-03 Active Workout & Card Geometry Suite 3. SetRow cells have minHeight 48 and SetRow minHeight 56
00:10 +24: C:/Users/Atharva Patil/AppData/Local/Temp/gymlog-session-2-isolated-_7ofw15r/test/active_workout_atomic_03_test.dart: ATOMIC-03 Active Workout & Card Geometry Suite 3. SetRow cells have minHeight 48 and SetRow minHeight 56
00:10 +25: C:/Users/Atharva Patil/AppData/Local/Temp/gymlog-session-2-isolated-_7ofw15r/test/active_workout_atomic_03_test.dart: ATOMIC-03 Active Workout & Card Geometry Suite 3. SetRow cells have minHeight 48 and SetRow minHeight 56
00:10 +26: C:/Users/Atharva Patil/AppData/Local/Temp/gymlog-session-2-isolated-_7ofw15r/test/active_workout_atomic_03_test.dart: ATOMIC-03 Active Workout & Card Geometry Suite 3. SetRow cells have minHeight 48 and SetRow minHeight 56
00:10 +27: C:/Users/Atharva Patil/AppData/Local/Temp/gymlog-session-2-isolated-_7ofw15r/test/active_workout_atomic_03_test.dart: ATOMIC-03 Active Workout & Card Geometry Suite 3. SetRow cells have minHeight 48 and SetRow minHeight 56
00:10 +28: C:/Users/Atharva Patil/AppData/Local/Temp/gymlog-session-2-isolated-_7ofw15r/test/active_workout_atomic_03_test.dart: ATOMIC-03 Active Workout & Card Geometry Suite 3. SetRow cells have minHeight 48 and SetRow minHeight 56
00:10 +29: C:/Users/Atharva Patil/AppData/Local/Temp/gymlog-session-2-isolated-_7ofw15r/test/accessibility_target_size_test.dart: Legal links in AuthScreen flow inline and expose link semantics
00:10 +30: C:/Users/Atharva Patil/AppData/Local/Temp/gymlog-session-2-isolated-_7ofw15r/test/active_workout_atomic_03_test.dart: ATOMIC-03 Active Workout & Card Geometry Suite 4. Reps-only column behavior hides weight column
00:10 +31: C:/Users/Atharva Patil/AppData/Local/Temp/gymlog-session-2-isolated-_7ofw15r/test/active_workout_atomic_03_test.dart: ATOMIC-03 Active Workout & Card Geometry Suite 5. showAppSnackBar renders floating snackbar with radius 14
00:11 +32: C:/Users/Atharva Patil/AppData/Local/Temp/gymlog-session-2-isolated-_7ofw15r/test/active_workout_atomic_03_test.dart: ATOMIC-03 Active Workout & Card Geometry Suite 6. showAppSnackBar clears rest timer bar offset when active
00:11 +33: C:/Users/Atharva Patil/AppData/Local/Temp/gymlog-session-2-isolated-_7ofw15r/test/active_workout_draft_upgrade_test.dart: ATOMIC-RC3-05 Workout Draft and Routine Upgrades 1. WorkoutDraftStore upgrades legacy exercises via name inference on parse
00:11 +34: C:/Users/Atharva Patil/AppData/Local/Temp/gymlog-session-2-isolated-_7ofw15r/test/active_workout_draft_upgrade_test.dart: ATOMIC-RC3-05 Workout Draft and Routine Upgrades 2. ActiveWorkoutNotifier resumeDraft upgrades draft against database metadata
00:13 +35: C:/Users/Atharva Patil/AppData/Local/Temp/gymlog-session-2-isolated-_7ofw15r/test/active_workout_header_test.dart: ActiveWorkoutHeader normal layout renders elapsed time once at 1.0x
00:14 +36: C:/Users/Atharva Patil/AppData/Local/Temp/gymlog-session-2-isolated-_7ofw15r/test/active_workout_header_test.dart: ActiveWorkoutHeader normal layout renders elapsed time once at 1.6x
00:14 +37: C:/Users/Atharva Patil/AppData/Local/Temp/gymlog-session-2-isolated-_7ofw15r/test/active_workout_header_test.dart: ActiveWorkoutHeader normal layout renders at 2.0x without overflow
00:14 +38: C:/Users/Atharva Patil/AppData/Local/Temp/gymlog-session-2-isolated-_7ofw15r/test/active_workout_large_text_test.dart: ActiveWorkout large-text header pumps at 390x844 1.0x
00:14 +39: C:/Users/Atharva Patil/AppData/Local/Temp/gymlog-session-2-isolated-_7ofw15r/test/active_workout_large_text_test.dart: ActiveWorkout large-text header pumps at 390x844 1.0x
00:14 +40: C:/Users/Atharva Patil/AppData/Local/Temp/gymlog-session-2-isolated-_7ofw15r/test/active_workout_large_text_test.dart: ActiveWorkout large-text header pumps at 390x844 1.0x
00:14 +41: C:/Users/Atharva Patil/AppData/Local/Temp/gymlog-session-2-isolated-_7ofw15r/test/active_workout_large_text_test.dart: ActiveWorkout large-text header pumps at 390x844 1.0x
00:14 +42: C:/Users/Atharva Patil/AppData/Local/Temp/gymlog-session-2-isolated-_7ofw15r/test/active_workout_large_text_test.dart: ActiveWorkout large-text header pumps at 390x844 1.0x
00:14 +43: C:/Users/Atharva Patil/AppData/Local/Temp/gymlog-session-2-isolated-_7ofw15r/test/active_workout_large_text_test.dart: ActiveWorkout large-text header pumps at 390x844 1.0x
00:15 +44: C:/Users/Atharva Patil/AppData/Local/Temp/gymlog-session-2-isolated-_7ofw15r/test/active_workout_large_text_test.dart: ActiveWorkout large-text header pumps at 390x844 1.0x
00:15 +45: C:/Users/Atharva Patil/AppData/Local/Temp/gymlog-session-2-isolated-_7ofw15r/test/active_workout_large_text_test.dart: ActiveWorkout large-text header pumps at 390x844 1.0x
00:15 +46: C:/Users/Atharva Patil/AppData/Local/Temp/gymlog-session-2-isolated-_7ofw15r/test/active_workout_large_text_test.dart: ActiveWorkout large-text header pumps at 390x844 1.0x
00:15 +47: C:/Users/Atharva Patil/AppData/Local/Temp/gymlog-session-2-isolated-_7ofw15r/test/active_workout_large_text_test.dart: ActiveWorkout large-text header pumps at 390x844 1.0x
00:15 +48: C:/Users/Atharva Patil/AppData/Local/Temp/gymlog-session-2-isolated-_7ofw15r/test/active_workout_large_text_test.dart: ActiveWorkout large-text header pumps at 390x844 1.0x
00:15 +49: C:/Users/Atharva Patil/AppData/Local/Temp/gymlog-session-2-isolated-_7ofw15r/test/active_workout_large_text_test.dart: ActiveWorkout large-text header pumps at 390x844 1.0x
00:15 +50: C:/Users/Atharva Patil/AppData/Local/Temp/gymlog-session-2-isolated-_7ofw15r/test/active_workout_large_text_test.dart: ActiveWorkout large-text header pumps at 390x844 1.0x
00:15 +51: C:/Users/Atharva Patil/AppData/Local/Temp/gymlog-session-2-isolated-_7ofw15r/test/active_workout_large_text_test.dart: ActiveWorkout large-text header pumps at 390x844 1.0x
00:15 +52: C:/Users/Atharva Patil/AppData/Local/Temp/gymlog-session-2-isolated-_7ofw15r/test/active_workout_large_text_test.dart: ActiveWorkout large-text header pumps at 390x844 1.0x
00:15 +53: C:/Users/Atharva Patil/AppData/Local/Temp/gymlog-session-2-isolated-_7ofw15r/test/active_workout_large_text_test.dart: ActiveWorkout large-text header pumps at 390x844 1.0x
00:15 +54: C:/Users/Atharva Patil/AppData/Local/Temp/gymlog-session-2-isolated-_7ofw15r/test/active_workout_large_text_test.dart: ActiveWorkout large-text header pumps at 390x844 1.0x
00:15 +55: C:/Users/Atharva Patil/AppData/Local/Temp/gymlog-session-2-isolated-_7ofw15r/test/active_workout_large_text_test.dart: ActiveWorkout large-text header pumps at 390x844 1.0x
00:16 +56: C:/Users/Atharva Patil/AppData/Local/Temp/gymlog-session-2-isolated-_7ofw15r/test/active_workout_large_text_test.dart: ActiveWorkout large-text header pumps at 390x844 1.6x
00:16 +57: C:/Users/Atharva Patil/AppData/Local/Temp/gymlog-session-2-isolated-_7ofw15r/test/active_workout_large_text_test.dart: ActiveWorkout large-text header pumps at 390x844 2.0x
00:16 +58: C:/Users/Atharva Patil/AppData/Local/Temp/gymlog-session-2-isolated-_7ofw15r/test/active_workout_large_text_test.dart: ActiveWorkout large-text header Finish button renders at default scale
00:17 +59: C:/Users/Atharva Patil/AppData/Local/Temp/gymlog-session-2-isolated-_7ofw15r/test/active_workout_minimize_test.dart: ActiveWorkoutScreen minimize handle has tap gesture, semantics and pops router
00:18 +59: C:/Users/Atharva Patil/AppData/Local/Temp/gymlog-session-2-isolated-_7ofw15r/test/active_workout_persistence_fail_closed_test.dart: ATOMIC-RC3-01 Persistence Fail Closed Suite 1. Transaction failure retains state and draft
[finishWorkout] transaction failed: Exception: Simulated database write error
00:18 +60: C:/Users/Atharva Patil/AppData/Local/Temp/gymlog-session-2-isolated-_7ofw15r/test/active_workout_minimize_test.dart: ActiveWorkoutScreen minimize handle has tap gesture, semantics and pops router
00:18 +61: C:/Users/Atharva Patil/AppData/Local/Temp/gymlog-session-2-isolated-_7ofw15r/test/active_workout_minimize_test.dart: ActiveWorkoutScreen minimize handle has tap gesture, semantics and pops router
00:18 +61: C:/Users/Atharva Patil/AppData/Local/Temp/gymlog-session-2-isolated-_7ofw15r/test/active_workout_persistence_fail_closed_test.dart: ATOMIC-RC3-01 Persistence Fail Closed Suite 3. Edited-workout failure retains state
[saveEditedWorkout] transaction failed: Exception: Simulated database edit error
00:18 +62: C:/Users/Atharva Patil/AppData/Local/Temp/gymlog-session-2-isolated-_7ofw15r/test/active_workout_minimize_test.dart: ActiveWorkoutScreen minimize handle has tap gesture, semantics and pops router
00:19 +63: C:/Users/Atharva Patil/AppData/Local/Temp/gymlog-session-2-isolated-_7ofw15r/test/active_workout_minimize_test.dart: ActiveWorkoutScreen minimize handle has tap gesture, semantics and pops router
00:19 +64: C:/Users/Atharva Patil/AppData/Local/Temp/gymlog-session-2-isolated-_7ofw15r/test/active_workout_minimize_test.dart: ActiveWorkoutScreen minimize handle has tap gesture, semantics and pops router
00:19 +65: C:/Users/Atharva Patil/AppData/Local/Temp/gymlog-session-2-isolated-_7ofw15r/test/active_workout_minimize_test.dart: ActiveWorkoutScreen minimize handle has tap gesture, semantics and pops router
00:19 +66: C:/Users/Atharva Patil/AppData/Local/Temp/gymlog-session-2-isolated-_7ofw15r/test/active_workout_minimize_test.dart: ActiveWorkoutScreen minimize handle has tap gesture, semantics and pops router
00:20 +67: C:/Users/Atharva Patil/AppData/Local/Temp/gymlog-session-2-isolated-_7ofw15r/test/active_workout_set_row_test.dart: PREVIOUS column shows "15kg x 12" when prior data exists
00:21 +67: C:/Users/Atharva Patil/AppData/Local/Temp/gymlog-session-2-isolated-_7ofw15r/test/active_workout_start_test.dart: startWorkout backfills unique ids for exercises passed without one
[WorkoutDraftStore] save failed: Binding has not yet been initialized.
The "instance" getter on the ServicesBinding binding mixin is only available once that binding has been initialized.
Typically, this is done by calling "WidgetsFlutterBinding.ensureInitialized()" or "runApp()" (the latter calls the former). Typically this call is done in the "void main()" method. The "ensureInitialized" method is idempotent; calling it multiple times is not harmful. After calling that method, the "instance" getter will return the binding.
In a test, one can call "TestWidgetsFlutterBinding.ensureInitialized()" as the first line in the test's "main()" method to initialize the binding.
If ServicesBinding is a custom binding mixin, there must also be a custom binding class, like WidgetsFlutterBinding, but that mixes in the selected binding, and that is the class that must be constructed before using the "instance" getter.
00:21 +68: C:/Users/Atharva Patil/AppData/Local/Temp/gymlog-session-2-isolated-_7ofw15r/test/active_workout_set_row_test.dart: PREVIOUS column shows "15kg x 12" when prior data exists
00:21 +69: C:/Users/Atharva Patil/AppData/Local/Temp/gymlog-session-2-isolated-_7ofw15r/test/active_workout_start_test.dart: startWorkout preserves ids that callers already set
[WorkoutDraftStore] save failed: Binding has not yet been initialized.
The "instance" getter on the ServicesBinding binding mixin is only available once that binding has been initialized.
Typically, this is done by calling "WidgetsFlutterBinding.ensureInitialized()" or "runApp()" (the latter calls the former). Typically this call is done in the "void main()" method. The "ensureInitialized" method is idempotent; calling it multiple times is not harmful. After calling that method, the "instance" getter will return the binding.
In a test, one can call "TestWidgetsFlutterBinding.ensureInitialized()" as the first line in the test's "main()" method to initialize the binding.
If ServicesBinding is a custom binding mixin, there must also be a custom binding class, like WidgetsFlutterBinding, but that mixes in the selected binding, and that is the class that must be constructed before using the "instance" getter.
00:21 +70: C:/Users/Atharva Patil/AppData/Local/Temp/gymlog-session-2-isolated-_7ofw15r/test/active_workout_set_row_test.dart: PREVIOUS shows blank when there is no prior data
00:21 +71: C:/Users/Atharva Patil/AppData/Local/Temp/gymlog-session-2-isolated-_7ofw15r/test/active_workout_set_row_test.dart: SET column renders the type letter, never a number, for warmup
00:22 +72: C:/Users/Atharva Patil/AppData/Local/Temp/gymlog-session-2-isolated-_7ofw15r/test/active_workout_set_row_test.dart: normal set shows its 1-based number in the SET column
00:22 +73: C:/Users/Atharva Patil/AppData/Local/Temp/gymlog-session-2-isolated-_7ofw15r/test/active_workout_set_row_test.dart: no inline "kg" label and no "×" divider on the row
00:23 +74: C:/Users/Atharva Patil/AppData/Local/Temp/gymlog-session-2-isolated-_7ofw15r/test/analytics/metric_aware_pr_test.dart: ATOMIC-07: PersonalRecord Model & Formatters PersonalRecord backwards compatibility getters
00:23 +75: C:/Users/Atharva Patil/AppData/Local/Temp/gymlog-session-2-isolated-_7ofw15r/test/analytics/metric_aware_pr_test.dart: ATOMIC-07: PersonalRecord Model & Formatters MeasurementFormatter formats all canonical MeasurementTypes correctly
00:23 +76: C:/Users/Atharva Patil/AppData/Local/Temp/gymlog-session-2-isolated-_7ofw15r/test/analytics/metric_aware_pr_test.dart: ATOMIC-07: PersonalRecord Model & Formatters Null weight never renders 0 kg for reps-only
00:23 +77: C:/Users/Atharva Patil/AppData/Local/Temp/gymlog-session-2-isolated-_7ofw15r/test/analytics/metric_aware_pr_test.dart: ATOMIC-07: PR Detection Engine Detects weighted e1RM PRs and Max Weight PRs
00:23 +78: C:/Users/Atharva Patil/AppData/Local/Temp/gymlog-session-2-isolated-_7ofw15r/test/analytics/metric_aware_pr_test.dart: ATOMIC-07: PR Detection Engine Detects Reps-Only PRs correctly
00:23 +79: C:/Users/Atharva Patil/AppData/Local/Temp/gymlog-session-2-isolated-_7ofw15r/test/analytics/metric_aware_pr_test.dart: ATOMIC-07: PR Detection Engine Detects Duration PRs correctly
00:23 +80: C:/Users/Atharva Patil/AppData/Local/Temp/gymlog-session-2-isolated-_7ofw15r/test/analytics/metric_aware_pr_test.dart: ATOMIC-07: PR Detection Engine Assisted exercises do not award max weight PR for higher assistance
00:23 +81: C:/Users/Atharva Patil/AppData/Local/Temp/gymlog-session-2-isolated-_7ofw15r/test/analytics/metric_aware_pr_test.dart: ATOMIC-07: PR Detection Engine recalculateAllPrs is idempotent and preserves chronological history
00:23 +82: C:/Users/Atharva Patil/AppData/Local/Temp/gymlog-session-2-isolated-_7ofw15r/test/analytics/metric_aware_pr_test.dart: ATOMIC-07: PR Detection Engine Editing or deleting a PR recalculates later history
00:24 +83: C:/Users/Atharva Patil/AppData/Local/Temp/gymlog-session-2-isolated-_7ofw15r/test/auth/account_isolation_test.dart: (setUpAll)
00:24 +83: C:/Users/Atharva Patil/AppData/Local/Temp/gymlog-session-2-isolated-_7ofw15r/test/auth/account_isolation_test.dart: account A workouts hidden from account B
00:24 +84: C:/Users/Atharva Patil/AppData/Local/Temp/gymlog-session-2-isolated-_7ofw15r/test/auth/account_isolation_test.dart: account A drafts hidden from B
[WorkoutDraftStore] Ignoring draft from different user (user-a vs user-b)
00:24 +85: C:/Users/Atharva Patil/AppData/Local/Temp/gymlog-session-2-isolated-_7ofw15r/test/auth/account_isolation_test.dart: account A sync queue not uploaded as B
00:25 +86: C:/Users/Atharva Patil/AppData/Local/Temp/gymlog-session-2-isolated-_7ofw15r/test/auth/account_isolation_test.dart: custom exercises isolation policy
00:25 +87: C:/Users/Atharva Patil/AppData/Local/Temp/gymlog-session-2-isolated-_7ofw15r/test/auth/account_isolation_test.dart: pending sync warning and offline sign-out / restart flow
00:25 +88: C:/Users/Atharva Patil/AppData/Local/Temp/gymlog-session-2-isolated-_7ofw15r/test/auth/account_isolation_test.dart: (tearDownAll)
00:26 +88: C:/Users/Atharva Patil/AppData/Local/Temp/gymlog-session-2-isolated-_7ofw15r/test/auth/auth_screen_behavior_test.dart: AuthScreen Behavior Tests (AUTH-01 to AUTH-20) AUTH-01: Initial screen contains one primary CTA
00:28 +89: C:/Users/Atharva Patil/AppData/Local/Temp/gymlog-session-2-isolated-_7ofw15r/test/auth/auth_screen_behavior_test.dart: AuthScreen Behavior Tests (AUTH-01 to AUTH-20) AUTH-02: Only the atmosphere drift repeats; reduced motion halts it
00:28 +90: C:/Users/Atharva Patil/AppData/Local/Temp/gymlog-session-2-isolated-_7ofw15r/test/auth/auth_screen_behavior_test.dart: AuthScreen Behavior Tests (AUTH-01 to AUTH-20) AUTH-03: Reduced motion renders final state with no animation
00:28 +91: C:/Users/Atharva Patil/AppData/Local/Temp/gymlog-session-2-isolated-_7ofw15r/test/auth/auth_screen_behavior_test.dart: AuthScreen Behavior Tests (AUTH-01 to AUTH-20) AUTH-04: Sign-in button is disabled while request is in progress
00:28 +92: C:/Users/Atharva Patil/AppData/Local/Temp/gymlog-session-2-isolated-_7ofw15r/test/auth/auth_screen_behavior_test.dart: AuthScreen Behavior Tests (AUTH-01 to AUTH-20) AUTH-05: Rapid double tap starts one repository operation
00:29 +93: C:/Users/Atharva Patil/AppData/Local/Temp/gymlog-session-2-isolated-_7ofw15r/test/body_map_test.dart: workedGroupsFor primary target is separated from secondary muscles
00:29 +94: C:/Users/Atharva Patil/AppData/Local/Temp/gymlog-session-2-isolated-_7ofw15r/test/auth/auth_screen_behavior_test.dart: AuthScreen Behavior Tests (AUTH-01 to AUTH-20) AUTH-06: Account picker cancellation shows no error
00:29 +95: C:/Users/Atharva Patil/AppData/Local/Temp/gymlog-session-2-isolated-_7ofw15r/test/auth/auth_screen_behavior_test.dart: AuthScreen Behavior Tests (AUTH-01 to AUTH-20) AUTH-06: Account picker cancellation shows no error
00:29 +96: C:/Users/Atharva Patil/AppData/Local/Temp/gymlog-session-2-isolated-_7ofw15r/test/auth/auth_screen_behavior_test.dart: AuthScreen Behavior Tests (AUTH-01 to AUTH-20) AUTH-06: Account picker cancellation shows no error
00:29 +97: C:/Users/Atharva Patil/AppData/Local/Temp/gymlog-session-2-isolated-_7ofw15r/test/auth/auth_screen_behavior_test.dart: AuthScreen Behavior Tests (AUTH-01 to AUTH-20) AUTH-06: Account picker cancellation shows no error
00:29 +98: C:/Users/Atharva Patil/AppData/Local/Temp/gymlog-session-2-isolated-_7ofw15r/test/auth/auth_screen_behavior_test.dart: AuthScreen Behavior Tests (AUTH-01 to AUTH-20) AUTH-06: Account picker cancellation shows no error
00:29 +99: C:/Users/Atharva Patil/AppData/Local/Temp/gymlog-session-2-isolated-_7ofw15r/test/auth/auth_screen_behavior_test.dart: AuthScreen Behavior Tests (AUTH-01 to AUTH-20) AUTH-06: Account picker cancellation shows no error
00:29 +100: C:/Users/Atharva Patil/AppData/Local/Temp/gymlog-session-2-isolated-_7ofw15r/test/auth/auth_screen_behavior_test.dart: AuthScreen Behavior Tests (AUTH-01 to AUTH-20) AUTH-06: Account picker cancellation shows no error
00:29 +101: C:/Users/Atharva Patil/AppData/Local/Temp/gymlog-session-2-isolated-_7ofw15r/test/auth/auth_screen_behavior_test.dart: AuthScreen Behavior Tests (AUTH-01 to AUTH-20) AUTH-06: Account picker cancellation shows no error
00:29 +102: C:/Users/Atharva Patil/AppData/Local/Temp/gymlog-session-2-isolated-_7ofw15r/test/auth/auth_screen_behavior_test.dart: AuthScreen Behavior Tests (AUTH-01 to AUTH-20) AUTH-06: Account picker cancellation shows no error
00:29 +103: C:/Users/Atharva Patil/AppData/Local/Temp/gymlog-session-2-isolated-_7ofw15r/test/auth/auth_screen_behavior_test.dart: AuthScreen Behavior Tests (AUTH-01 to AUTH-20) AUTH-06: Account picker cancellation shows no error
00:29 +104: C:/Users/Atharva Patil/AppData/Local/Temp/gymlog-session-2-isolated-_7ofw15r/test/auth/auth_screen_behavior_test.dart: AuthScreen Behavior Tests (AUTH-01 to AUTH-20) AUTH-06: Account picker cancellation shows no error
00:29 +105: C:/Users/Atharva Patil/AppData/Local/Temp/gymlog-session-2-isolated-_7ofw15r/test/auth/auth_screen_behavior_test.dart: AuthScreen Behavior Tests (AUTH-01 to AUTH-20) AUTH-06: Account picker cancellation shows no error
00:29 +106: C:/Users/Atharva Patil/AppData/Local/Temp/gymlog-session-2-isolated-_7ofw15r/test/auth/auth_screen_behavior_test.dart: AuthScreen Behavior Tests (AUTH-01 to AUTH-20) AUTH-06: Account picker cancellation shows no error
00:29 +107: C:/Users/Atharva Patil/AppData/Local/Temp/gymlog-session-2-isolated-_7ofw15r/test/auth/auth_screen_behavior_test.dart: AuthScreen Behavior Tests (AUTH-01 to AUTH-20) AUTH-06: Account picker cancellation shows no error
00:29 +108: C:/Users/Atharva Patil/AppData/Local/Temp/gymlog-session-2-isolated-_7ofw15r/test/auth/auth_screen_behavior_test.dart: AuthScreen Behavior Tests (AUTH-01 to AUTH-20) AUTH-06: Account picker cancellation shows no error
00:29 +109: C:/Users/Atharva Patil/AppData/Local/Temp/gymlog-session-2-isolated-_7ofw15r/test/auth/auth_screen_behavior_test.dart: AuthScreen Behavior Tests (AUTH-01 to AUTH-20) AUTH-06: Account picker cancellation shows no error
00:29 +110: C:/Users/Atharva Patil/AppData/Local/Temp/gymlog-session-2-isolated-_7ofw15r/test/auth/auth_screen_behavior_test.dart: AuthScreen Behavior Tests (AUTH-01 to AUTH-20) AUTH-06: Account picker cancellation shows no error
00:29 +111: C:/Users/Atharva Patil/AppData/Local/Temp/gymlog-session-2-isolated-_7ofw15r/test/auth/auth_screen_behavior_test.dart: AuthScreen Behavior Tests (AUTH-01 to AUTH-20) AUTH-06: Account picker cancellation shows no error
00:29 +112: C:/Users/Atharva Patil/AppData/Local/Temp/gymlog-session-2-isolated-_7ofw15r/test/auth/auth_screen_behavior_test.dart: AuthScreen Behavior Tests (AUTH-01 to AUTH-20) AUTH-06: Account picker cancellation shows no error
00:29 +113: C:/Users/Atharva Patil/AppData/Local/Temp/gymlog-session-2-isolated-_7ofw15r/test/auth/auth_screen_behavior_test.dart: AuthScreen Behavior Tests (AUTH-01 to AUTH-20) AUTH-06: Account picker cancellation shows no error
00:29 +114: C:/Users/Atharva Patil/AppData/Local/Temp/gymlog-session-2-isolated-_7ofw15r/test/auth/auth_screen_behavior_test.dart: AuthScreen Behavior Tests (AUTH-01 to AUTH-20) AUTH-06: Account picker cancellation shows no error
00:29 +115: C:/Users/Atharva Patil/AppData/Local/Temp/gymlog-session-2-isolated-_7ofw15r/test/auth/auth_screen_behavior_test.dart: AuthScreen Behavior Tests (AUTH-01 to AUTH-20) AUTH-06: Account picker cancellation shows no error
00:29 +116: C:/Users/Atharva Patil/AppData/Local/Temp/gymlog-session-2-isolated-_7ofw15r/test/auth/auth_screen_behavior_test.dart: AuthScreen Behavior Tests (AUTH-01 to AUTH-20) AUTH-06: Account picker cancellation shows no error
00:29 +117: C:/Users/Atharva Patil/AppData/Local/Temp/gymlog-session-2-isolated-_7ofw15r/test/auth/auth_screen_behavior_test.dart: AuthScreen Behavior Tests (AUTH-01 to AUTH-20) AUTH-06: Account picker cancellation shows no error
00:29 +118: C:/Users/Atharva Patil/AppData/Local/Temp/gymlog-session-2-isolated-_7ofw15r/test/auth/auth_screen_behavior_test.dart: AuthScreen Behavior Tests (AUTH-01 to AUTH-20) AUTH-06: Account picker cancellation shows no error
00:29 +119: C:/Users/Atharva Patil/AppData/Local/Temp/gymlog-session-2-isolated-_7ofw15r/test/auth/auth_screen_behavior_test.dart: AuthScreen Behavior Tests (AUTH-01 to AUTH-20) AUTH-06: Account picker cancellation shows no error
00:29 +120: C:/Users/Atharva Patil/AppData/Local/Temp/gymlog-session-2-isolated-_7ofw15r/test/auth/auth_screen_behavior_test.dart: AuthScreen Behavior Tests (AUTH-01 to AUTH-20) AUTH-07: Network failure shows recovery copy
[Auth] failure=network
00:29 +121: C:/Users/Atharva Patil/AppData/Local/Temp/gymlog-session-2-isolated-_7ofw15r/test/auth/auth_screen_behavior_test.dart: AuthScreen Behavior Tests (AUTH-01 to AUTH-20) AUTH-08: Configuration failure does not expose SHA-1 or ApiException 10
[Auth] failure=configuration code=google_android_configuration
00:29 +122: C:/Users/Atharva Patil/AppData/Local/Temp/gymlog-session-2-isolated-_7ofw15r/test/auth/auth_screen_behavior_test.dart: AuthScreen Behavior Tests (AUTH-01 to AUTH-20) AUTH-09: Unknown error shows generic safe copy
[Auth] failure=unknown
00:29 +123: C:/Users/Atharva Patil/AppData/Local/Temp/gymlog-session-2-isolated-_7ofw15r/test/auth/auth_screen_behavior_test.dart: AuthScreen Behavior Tests (AUTH-01 to AUTH-20) AUTH-10 & AUTH-11: Legal URLs are defined and correct
00:29 +124: C:/Users/Atharva Patil/AppData/Local/Temp/gymlog-session-2-isolated-_7ofw15r/test/auth/auth_screen_behavior_test.dart: AuthScreen Behavior Tests (AUTH-01 to AUTH-20) AUTH-12: Legal links expose link semantics
00:29 +125: C:/Users/Atharva Patil/AppData/Local/Temp/gymlog-session-2-isolated-_7ofw15r/test/auth/auth_screen_behavior_test.dart: AuthScreen Behavior Tests (AUTH-01 to AUTH-20) AUTH-13: Delt exposes heading semantics
00:29 +126: C:/Users/Atharva Patil/AppData/Local/Temp/gymlog-session-2-isolated-_7ofw15r/test/auth/auth_screen_behavior_test.dart: AuthScreen Behavior Tests (AUTH-01 to AUTH-20) AUTH-13: Delt exposes heading semantics
00:29 +127: C:/Users/Atharva Patil/AppData/Local/Temp/gymlog-session-2-isolated-_7ofw15r/test/auth/auth_screen_behavior_test.dart: AuthScreen Behavior Tests (AUTH-01 to AUTH-20) AUTH-13: Delt exposes heading semantics
00:29 +128: C:/Users/Atharva Patil/AppData/Local/Temp/gymlog-session-2-isolated-_7ofw15r/test/auth/auth_screen_behavior_test.dart: AuthScreen Behavior Tests (AUTH-01 to AUTH-20) AUTH-13: Delt exposes heading semantics
00:29 +129: C:/Users/Atharva Patil/AppData/Local/Temp/gymlog-session-2-isolated-_7ofw15r/test/chart_axis_format_test.dart: BrandedLineChart.yAxisUnit renders unit suffix on both Y axes
00:30 +130: C:/Users/Atharva Patil/AppData/Local/Temp/gymlog-session-2-isolated-_7ofw15r/test/chart_axis_format_test.dart: BrandedLineChart.yAxisUnit renders unit suffix on both Y axes
00:30 +131: C:/Users/Atharva Patil/AppData/Local/Temp/gymlog-session-2-isolated-_7ofw15r/test/chart_axis_format_test.dart: BrandedLineChart.yAxisUnit renders unit suffix on both Y axes
00:30 +132: C:/Users/Atharva Patil/AppData/Local/Temp/gymlog-session-2-isolated-_7ofw15r/test/chart_axis_format_test.dart: BrandedLineChart.yAxisUnit renders unit suffix on both Y axes
00:30 +133: C:/Users/Atharva Patil/AppData/Local/Temp/gymlog-session-2-isolated-_7ofw15r/test/chart_axis_format_test.dart: BrandedLineChart.yAxisUnit renders unit suffix on both Y axes
00:31 +134: C:/Users/Atharva Patil/AppData/Local/Temp/gymlog-session-2-isolated-_7ofw15r/test/chart_axis_format_test.dart: BrandedLineChart.yAxisUnit renders unit suffix on both Y axes
00:31 +135: C:/Users/Atharva Patil/AppData/Local/Temp/gymlog-session-2-isolated-_7ofw15r/test/auth/auth_screen_behavior_test.dart: AuthScreen Behavior Tests (AUTH-01 to AUTH-20) AUTH-21 (AU-C): Cancel affordance appears while signing in and returns the screen to idle
00:31 +136: C:/Users/Atharva Patil/AppData/Local/Temp/gymlog-session-2-isolated-_7ofw15r/test/auth/auth_screen_behavior_test.dart: AuthScreen Behavior Tests (AUTH-01 to AUTH-20) AUTH-22 (AU-C): Timeout failure surfaces honest recovery copy
[Auth] failure=timeout
00:31 +137: C:/Users/Atharva Patil/AppData/Local/Temp/gymlog-session-2-isolated-_7ofw15r/test/chart_density_test.dart: BrandedLineChart 300-point performance and grid density vertical grid interval scales with labelStep rather than 1 per point
00:33 +138: C:/Users/Atharva Patil/AppData/Local/Temp/gymlog-session-2-isolated-_7ofw15r/test/commerce_and_deletion_test.dart: (setUpAll)
00:33 +138: C:/Users/Atharva Patil/AppData/Local/Temp/gymlog-session-2-isolated-_7ofw15r/test/commerce_and_deletion_test.dart: Account Deletion Service & UI Guidance Idempotency — wipes local storage and finishes safely even when user is null (signed out)
[ExercisesDao] Hydration v9 complete: 822 exercises.
00:33 +139: C:/Users/Atharva Patil/AppData/Local/Temp/gymlog-session-2-isolated-_7ofw15r/test/commerce_and_deletion_test.dart: Account Deletion Service & UI Guidance Wipes local databases, secure preferences and settings on deletion
[ExercisesDao] Hydration v9 complete: 822 exercises.
00:34 +140: C:/Users/Atharva Patil/AppData/Local/Temp/gymlog-session-2-isolated-_7ofw15r/test/commerce_and_deletion_test.dart: Premium Service Entitlements & Caching isPremiumProvider returns false when no user is signed in
00:34 +141: C:/Users/Atharva Patil/AppData/Local/Temp/gymlog-session-2-isolated-_7ofw15r/test/commerce_and_deletion_test.dart: Premium Service Entitlements & Caching isPremiumProvider falls back to local user profile when CustomerInfo stream has no value (offline launch)
00:34 +142: C:/Users/Atharva Patil/AppData/Local/Temp/gymlog-session-2-isolated-_7ofw15r/test/commerce_and_deletion_test.dart: Premium Service Entitlements & Caching isPremiumProvider respects active entitlements from CustomerInfo over local SQLite profile
00:34 +143: C:/Users/Atharva Patil/AppData/Local/Temp/gymlog-session-2-isolated-_7ofw15r/test/commerce_and_deletion_test.dart: (tearDownAll)
00:34 +143: C:/Users/Atharva Patil/AppData/Local/Temp/gymlog-session-2-isolated-_7ofw15r/test/compile_surface_test.dart: full app graph compiles
00:36 +144: C:/Users/Atharva Patil/AppData/Local/Temp/gymlog-session-2-isolated-_7ofw15r/test/core/app_startup_test.dart: GymLogApp builds without throwing when cloud is not ready
00:37 +145: C:/Users/Atharva Patil/AppData/Local/Temp/gymlog-session-2-isolated-_7ofw15r/test/core/app_startup_test.dart: GymLogApp builds without throwing when cloud is not ready
00:37 +146: C:/Users/Atharva Patil/AppData/Local/Temp/gymlog-session-2-isolated-_7ofw15r/test/core/app_startup_test.dart: GymLogApp builds without throwing when cloud is not ready
00:37 +147: C:/Users/Atharva Patil/AppData/Local/Temp/gymlog-session-2-isolated-_7ofw15r/test/core/app_startup_test.dart: GymLogApp builds without throwing when cloud is not ready
00:37 +148: C:/Users/Atharva Patil/AppData/Local/Temp/gymlog-session-2-isolated-_7ofw15r/test/core/app_startup_test.dart: GymLogApp builds without throwing when cloud is not ready
00:37 +149: C:/Users/Atharva Patil/AppData/Local/Temp/gymlog-session-2-isolated-_7ofw15r/test/core/app_startup_test.dart: GymLogApp builds without throwing when cloud is not ready
00:37 +150: C:/Users/Atharva Patil/AppData/Local/Temp/gymlog-session-2-isolated-_7ofw15r/test/core/app_startup_test.dart: GymLogApp builds without throwing when cloud is not ready
00:37 +151: C:/Users/Atharva Patil/AppData/Local/Temp/gymlog-session-2-isolated-_7ofw15r/test/core/app_startup_test.dart: GymLogApp builds without throwing when cloud is not ready
00:37 +152: C:/Users/Atharva Patil/AppData/Local/Temp/gymlog-session-2-isolated-_7ofw15r/test/core/app_startup_test.dart: GymLogApp builds without throwing when cloud is not ready
00:37 +153: C:/Users/Atharva Patil/AppData/Local/Temp/gymlog-session-2-isolated-_7ofw15r/test/core/app_startup_test.dart: GymLogApp builds without throwing when cloud is not ready
00:37 +154: C:/Users/Atharva Patil/AppData/Local/Temp/gymlog-session-2-isolated-_7ofw15r/test/core/app_startup_test.dart: GymLogApp builds without throwing when cloud is not ready
00:37 +155: C:/Users/Atharva Patil/AppData/Local/Temp/gymlog-session-2-isolated-_7ofw15r/test/core/app_startup_test.dart: GymLogApp builds without throwing when cloud is not ready
00:37 +156: C:/Users/Atharva Patil/AppData/Local/Temp/gymlog-session-2-isolated-_7ofw15r/test/core/app_startup_test.dart: GymLogApp builds without throwing when cloud is not ready
00:37 +157: C:/Users/Atharva Patil/AppData/Local/Temp/gymlog-session-2-isolated-_7ofw15r/test/core/app_startup_test.dart: GymLogApp builds without throwing when cloud is not ready
00:37 +158: C:/Users/Atharva Patil/AppData/Local/Temp/gymlog-session-2-isolated-_7ofw15r/test/core/app_startup_test.dart: GymLogApp builds without throwing when cloud is not ready
00:38 +159: C:/Users/Atharva Patil/AppData/Local/Temp/gymlog-session-2-isolated-_7ofw15r/test/core/app_startup_test.dart: router is constructable without Supabase being initialized
00:39 +160: C:/Users/Atharva Patil/AppData/Local/Temp/gymlog-session-2-isolated-_7ofw15r/test/core/models/measurement_type_duration_test.dart: MeasurementType Duration Taxonomy & Resolver resolves isometric and duration exercises to duration
00:39 +161: C:/Users/Atharva Patil/AppData/Local/Temp/gymlog-session-2-isolated-_7ofw15r/test/core/models/measurement_type_duration_test.dart: MeasurementType Duration Taxonomy & Resolver preserves Olympic barbell and dumbbell lifts with hang as weighted
00:39 +162: C:/Users/Atharva Patil/AppData/Local/Temp/gymlog-session-2-isolated-_7ofw15r/test/core/models/measurement_type_duration_test.dart: MeasurementType Duration Taxonomy & Resolver explicit exceptions override default weight_and_reps
00:39 +163: C:/Users/Atharva Patil/AppData/Local/Temp/gymlog-session-2-isolated-_7ofw15r/test/core/models/measurement_type_duration_test.dart: MeasurementType Duration Taxonomy & Resolver repsColumnLabel is TIME for duration
00:39 +164: C:/Users/Atharva Patil/AppData/Local/Temp/gymlog-session-2-isolated-_7ofw15r/test/core/models/measurement_type_duration_test.dart: MeasurementType Duration Taxonomy & Resolver weighted duration shows weight column and provides +KG header
00:39 +165: C:/Users/Atharva Patil/AppData/Local/Temp/gymlog-session-2-isolated-_7ofw15r/test/core/models/measurement_type_duration_test.dart: MeasurementType Duration Taxonomy & Resolver dynamic hanging exercises resolve to reps, not duration
00:41 +166: C:/Users/Atharva Patil/AppData/Local/Temp/gymlog-session-2-isolated-_7ofw15r/test/core/premium/library_quota_test.dart: the free-tier dead end a new free user CAN import the featured 6-day program
00:41 +167: C:/Users/Atharva Patil/AppData/Local/Temp/gymlog-session-2-isolated-_7ofw15r/test/core/premium/library_quota_test.dart: the free-tier dead end program size does not consume routine slots
00:41 +168: C:/Users/Atharva Patil/AppData/Local/Temp/gymlog-session-2-isolated-_7ofw15r/test/core/premium/library_quota_test.dart: program slot the second program is where the paywall lands
00:41 +169: C:/Users/Atharva Patil/AppData/Local/Temp/gymlog-session-2-isolated-_7ofw15r/test/core/premium/library_quota_test.dart: program slot Pro is never gated
00:41 +170: C:/Users/Atharva Patil/AppData/Local/Temp/gymlog-session-2-isolated-_7ofw15r/test/core/premium/library_quota_test.dart: program slot hasUsedFreeProgramSlot tracks the cap
00:41 +171: C:/Users/Atharva Patil/AppData/Local/Temp/gymlog-session-2-isolated-_7ofw15r/test/core/premium/library_quota_test.dart: completing an owned program is always free even when both caps are already exhausted
00:41 +172: C:/Users/Atharva Patil/AppData/Local/Temp/gymlog-session-2-isolated-_7ofw15r/test/core/premium/library_quota_test.dart: standalone routines fills exactly to the cap
00:41 +173: C:/Users/Atharva Patil/AppData/Local/Temp/gymlog-session-2-isolated-_7ofw15r/test/core/premium/library_quota_test.dart: standalone routines blocks the one that would overflow
00:41 +174: C:/Users/Atharva Patil/AppData/Local/Temp/gymlog-session-2-isolated-_7ofw15r/test/core/premium/library_quota_test.dart: standalone routines checks the whole batch, not one at a time
00:41 +175: C:/Users/Atharva Patil/AppData/Local/Temp/gymlog-session-2-isolated-_7ofw15r/test/core/premium/library_quota_test.dart: standalone routines remaining slots never go negative for grandfathered users
00:41 +176: C:/Users/Atharva Patil/AppData/Local/Temp/gymlog-session-2-isolated-_7ofw15r/test/core/premium/library_quota_test.dart: copy allowed has no blocking copy
00:41 +177: C:/Users/Atharva Patil/AppData/Local/Temp/gymlog-session-2-isolated-_7ofw15r/test/core/premium/library_quota_test.dart: copy every blocked verdict has copy
00:43 +178: C:/Users/Atharva Patil/AppData/Local/Temp/gymlog-session-2-isolated-_7ofw15r/test/core/router_deeplink_test.dart: deep link without extra loads the exercise by id instead of crashing
00:44 +179: C:/Users/Atharva Patil/AppData/Local/Temp/gymlog-session-2-isolated-_7ofw15r/test/core/router_deeplink_test.dart: deep link without extra loads the exercise by id instead of crashing
00:44 +180: C:/Users/Atharva Patil/AppData/Local/Temp/gymlog-session-2-isolated-_7ofw15r/test/core/router_deeplink_test.dart: deep link without extra loads the exercise by id instead of crashing
00:44 +181: C:/Users/Atharva Patil/AppData/Local/Temp/gymlog-session-2-isolated-_7ofw15r/test/core/router_deeplink_test.dart: deep link without extra loads the exercise by id instead of crashing
00:44 +182: C:/Users/Atharva Patil/AppData/Local/Temp/gymlog-session-2-isolated-_7ofw15r/test/core/router_deeplink_test.dart: deep link without extra loads the exercise by id instead of crashing
00:44 +183: C:/Users/Atharva Patil/AppData/Local/Temp/gymlog-session-2-isolated-_7ofw15r/test/core/router_deeplink_test.dart: deep link without extra loads the exercise by id instead of crashing
00:44 +184: C:/Users/Atharva Patil/AppData/Local/Temp/gymlog-session-2-isolated-_7ofw15r/test/core/router_deeplink_test.dart: deep link without extra loads the exercise by id instead of crashing
00:44 +185: C:/Users/Atharva Patil/AppData/Local/Temp/gymlog-session-2-isolated-_7ofw15r/test/core/router_deeplink_test.dart: deep link without extra loads the exercise by id instead of crashing
00:44 +186: C:/Users/Atharva Patil/AppData/Local/Temp/gymlog-session-2-isolated-_7ofw15r/test/core/router_deeplink_test.dart: deep link without extra loads the exercise by id instead of crashing
00:44 +187: C:/Users/Atharva Patil/AppData/Local/Temp/gymlog-session-2-isolated-_7ofw15r/test/core/router_deeplink_test.dart: deep link without extra loads the exercise by id instead of crashing
00:44 +188: C:/Users/Atharva Patil/AppData/Local/Temp/gymlog-session-2-isolated-_7ofw15r/test/core/router_deeplink_test.dart: deep link without extra loads the exercise by id instead of crashing
00:44 +189: C:/Users/Atharva Patil/AppData/Local/Temp/gymlog-session-2-isolated-_7ofw15r/test/core/router_deeplink_test.dart: deep link without extra loads the exercise by id instead of crashing
00:44 +190: C:/Users/Atharva Patil/AppData/Local/Temp/gymlog-session-2-isolated-_7ofw15r/test/core/router_deeplink_test.dart: deep link without extra loads the exercise by id instead of crashing
00:44 +191: C:/Users/Atharva Patil/AppData/Local/Temp/gymlog-session-2-isolated-_7ofw15r/test/core/router_deeplink_test.dart: deep link without extra loads the exercise by id instead of crashing
00:44 +192: C:/Users/Atharva Patil/AppData/Local/Temp/gymlog-session-2-isolated-_7ofw15r/test/core/router_deeplink_test.dart: deep link without extra loads the exercise by id instead of crashing
00:44 +193: C:/Users/Atharva Patil/AppData/Local/Temp/gymlog-session-2-isolated-_7ofw15r/test/core/router_deeplink_test.dart: deep link without extra loads the exercise by id instead of crashing
00:44 +194: C:/Users/Atharva Patil/AppData/Local/Temp/gymlog-session-2-isolated-_7ofw15r/test/core/router_deeplink_test.dart: deep link without extra loads the exercise by id instead of crashing
00:44 +195: C:/Users/Atharva Patil/AppData/Local/Temp/gymlog-session-2-isolated-_7ofw15r/test/core/router_deeplink_test.dart: deep link without extra loads the exercise by id instead of crashing
00:44 +196: C:/Users/Atharva Patil/AppData/Local/Temp/gymlog-session-2-isolated-_7ofw15r/test/core/router_deeplink_test.dart: deep link without extra loads the exercise by id instead of crashing
00:46 +197: C:/Users/Atharva Patil/AppData/Local/Temp/gymlog-session-2-isolated-_7ofw15r/test/core/theme/border_affordance_test.dart: Three-Tier Visual Grammar Affordance Tests AppStatusTag strictly renders NO border under any configuration
00:46 +198: C:/Users/Atharva Patil/AppData/Local/Temp/gymlog-session-2-isolated-_7ofw15r/test/core/router_deeplink_test.dart: non-numeric deep link falls back to the library, no crash
00:46 +199: C:/Users/Atharva Patil/AppData/Local/Temp/gymlog-session-2-isolated-_7ofw15r/test/core/router_deeplink_test.dart: non-numeric deep link falls back to the library, no crash
00:47 +200: C:/Users/Atharva Patil/AppData/Local/Temp/gymlog-session-2-isolated-_7ofw15r/test/core/router_deeplink_test.dart: non-numeric deep link falls back to the library, no crash
00:47 +201: C:/Users/Atharva Patil/AppData/Local/Temp/gymlog-session-2-isolated-_7ofw15r/test/core/router_deeplink_test.dart: non-numeric deep link falls back to the library, no crash
00:47 +202: C:/Users/Atharva Patil/AppData/Local/Temp/gymlog-session-2-isolated-_7ofw15r/test/core/router_deeplink_test.dart: non-numeric deep link falls back to the library, no crash
00:47 +203: C:/Users/Atharva Patil/AppData/Local/Temp/gymlog-session-2-isolated-_7ofw15r/test/core/router_deeplink_test.dart: non-numeric deep link falls back to the library, no crash
00:47 +204: C:/Users/Atharva Patil/AppData/Local/Temp/gymlog-session-2-isolated-_7ofw15r/test/core/router_deeplink_test.dart: non-numeric deep link falls back to the library, no crash
00:47 +205: C:/Users/Atharva Patil/AppData/Local/Temp/gymlog-session-2-isolated-_7ofw15r/test/core/router_deeplink_test.dart: non-numeric deep link falls back to the library, no crash
00:47 +206: C:/Users/Atharva Patil/AppData/Local/Temp/gymlog-session-2-isolated-_7ofw15r/test/core/router_deeplink_test.dart: non-numeric deep link falls back to the library, no crash
00:47 +207: C:/Users/Atharva Patil/AppData/Local/Temp/gymlog-session-2-isolated-_7ofw15r/test/core/router_deeplink_test.dart: non-numeric deep link falls back to the library, no crash
00:47 +208: C:/Users/Atharva Patil/AppData/Local/Temp/gymlog-session-2-isolated-_7ofw15r/test/core/router_deeplink_test.dart: non-numeric deep link falls back to the library, no crash
00:47 +209: C:/Users/Atharva Patil/AppData/Local/Temp/gymlog-session-2-isolated-_7ofw15r/test/core/router_deeplink_test.dart: non-numeric deep link falls back to the library, no crash
00:47 +210: C:/Users/Atharva Patil/AppData/Local/Temp/gymlog-session-2-isolated-_7ofw15r/test/core/router_deeplink_test.dart: non-numeric deep link falls back to the library, no crash
00:47 +211: C:/Users/Atharva Patil/AppData/Local/Temp/gymlog-session-2-isolated-_7ofw15r/test/core/router_deeplink_test.dart: non-numeric deep link falls back to the library, no crash
00:47 +212: C:/Users/Atharva Patil/AppData/Local/Temp/gymlog-session-2-isolated-_7ofw15r/test/core/router_deeplink_test.dart: non-numeric deep link falls back to the library, no crash
00:47 +213: C:/Users/Atharva Patil/AppData/Local/Temp/gymlog-session-2-isolated-_7ofw15r/test/core/router_deeplink_test.dart: non-numeric deep link falls back to the library, no crash
00:47 +214: C:/Users/Atharva Patil/AppData/Local/Temp/gymlog-session-2-isolated-_7ofw15r/test/core/router_deeplink_test.dart: non-numeric deep link falls back to the library, no crash
00:47 +215: C:/Users/Atharva Patil/AppData/Local/Temp/gymlog-session-2-isolated-_7ofw15r/test/dao_integration_test.dart: session and routine restore-after-delete (SYS-3)
00:47 +216: C:/Users/Atharva Patil/AppData/Local/Temp/gymlog-session-2-isolated-_7ofw15r/test/dao_integration_test.dart: watchDailyVolumeForRoutine tracks each completed session individually on the same day
00:47 +217: C:/Users/Atharva Patil/AppData/Local/Temp/gymlog-session-2-isolated-_7ofw15r/test/dao_integration_test.dart: (tearDownAll)
00:48 +217: C:/Users/Atharva Patil/AppData/Local/Temp/gymlog-session-2-isolated-_7ofw15r/test/das1_delete_completion_test.dart: DAS-1 Delete Account Completion Honesty full success shows permanent-deletion copy and routes to auth
00:49 +218: C:/Users/Atharva Patil/AppData/Local/Temp/gymlog-session-2-isolated-_7ofw15r/test/das1_delete_completion_test.dart: DAS-1 Delete Account Completion Honesty full success shows permanent-deletion copy and routes to auth
00:49 +219: C:/Users/Atharva Patil/AppData/Local/Temp/gymlog-session-2-isolated-_7ofw15r/test/das1_delete_completion_test.dart: DAS-1 Delete Account Completion Honesty full success shows permanent-deletion copy and routes to auth
00:51 +220: C:/Users/Atharva Patil/AppData/Local/Temp/gymlog-session-2-isolated-_7ofw15r/test/das1_delete_completion_test.dart: DAS-1 Delete Account Completion Honesty full success shows permanent-deletion copy and routes to auth
00:51 +221: C:/Users/Atharva Patil/AppData/Local/Temp/gymlog-session-2-isolated-_7ofw15r/test/das1_delete_completion_test.dart: DAS-1 Delete Account Completion Honesty full success shows permanent-deletion copy and routes to auth
00:51 +222: C:/Users/Atharva Patil/AppData/Local/Temp/gymlog-session-2-isolated-_7ofw15r/test/delivery_diagnostics_test.dart: Tapping Version AppActionRow 5 times throws controlled StateError
00:51 +223: C:/Users/Atharva Patil/AppData/Local/Temp/gymlog-session-2-isolated-_7ofw15r/test/delivery_diagnostics_test.dart: Tapping Version AppActionRow 5 times throws controlled StateError
00:51 +224: C:/Users/Atharva Patil/AppData/Local/Temp/gymlog-session-2-isolated-_7ofw15r/test/delivery_diagnostics_test.dart: Tapping Version AppActionRow 5 times throws controlled StateError
00:52 +225: C:/Users/Atharva Patil/AppData/Local/Temp/gymlog-session-2-isolated-_7ofw15r/test/delivery_diagnostics_test.dart: Tapping Version AppActionRow 5 times throws controlled StateError
00:53 +226: C:/Users/Atharva Patil/AppData/Local/Temp/gymlog-session-2-isolated-_7ofw15r/test/delivery_diagnostics_test.dart: Tapping Version AppActionRow 5 times throws controlled StateError
00:53 +227: C:/Users/Atharva Patil/AppData/Local/Temp/gymlog-session-2-isolated-_7ofw15r/test/delivery_diagnostics_test.dart: Tapping Version AppActionRow 5 times throws controlled StateError
00:53 +228: C:/Users/Atharva Patil/AppData/Local/Temp/gymlog-session-2-isolated-_7ofw15r/test/delivery_diagnostics_test.dart: Tapping Version AppActionRow 5 times throws controlled StateError
00:53 +229: C:/Users/Atharva Patil/AppData/Local/Temp/gymlog-session-2-isolated-_7ofw15r/test/delivery_diagnostics_test.dart: Tapping Version AppActionRow 5 times throws controlled StateError
00:54 +230: C:/Users/Atharva Patil/AppData/Local/Temp/gymlog-session-2-isolated-_7ofw15r/test/delivery_diagnostics_test.dart: Tapping Version AppActionRow 5 times throws controlled StateError
00:55 +231: C:/Users/Atharva Patil/AppData/Local/Temp/gymlog-session-2-isolated-_7ofw15r/test/delivery_diagnostics_test.dart: Tapping Version AppActionRow 5 times throws controlled StateError
00:55 +232: C:/Users/Atharva Patil/AppData/Local/Temp/gymlog-session-2-isolated-_7ofw15r/test/delivery_diagnostics_test.dart: Tapping Version AppActionRow 5 times throws controlled StateError
00:56 +233: C:/Users/Atharva Patil/AppData/Local/Temp/gymlog-session-2-isolated-_7ofw15r/test/exercises_hydration_test.dart: ATOMIC-RC3-04 Exercises Hydration Engine v9 1. Runs hydration and converts raw types when v9 key is missing
[ExercisesDao] Hydration v9 complete: 822 exercises.
00:56 +234: C:/Users/Atharva Patil/AppData/Local/Temp/gymlog-session-2-isolated-_7ofw15r/test/exercises_hydration_test.dart: ATOMIC-RC3-04 Exercises Hydration Engine v9 2. Skips hydration if exercises_hydrated_v9 is already true
00:56 +235: C:/Users/Atharva Patil/AppData/Local/Temp/gymlog-session-2-isolated-_7ofw15r/test/exercises_hydration_test.dart: ATOMIC-RC3-04 Exercises Hydration Engine v9 3. seedDefaultExercises runs the resolver and seeds correctly
00:57 +236: C:/Users/Atharva Patil/AppData/Local/Temp/gymlog-session-2-isolated-_7ofw15r/test/exercise_detail_polish_test.dart: worked-muscle chips distinguish primary and secondary targets
00:58 +237: C:/Users/Atharva Patil/AppData/Local/Temp/gymlog-session-2-isolated-_7ofw15r/test/exercise_hero_transition_test.dart: Library(browse:true) row renders a Hero with tag exercise-hero-<id>
00:59 +238: C:/Users/Atharva Patil/AppData/Local/Temp/gymlog-session-2-isolated-_7ofw15r/test/exercise_hero_transition_test.dart: Library(browse:true) row renders a Hero with tag exercise-hero-<id>
00:59 +239: C:/Users/Atharva Patil/AppData/Local/Temp/gymlog-session-2-isolated-_7ofw15r/test/exercise_detail_polish_test.dart: analytics-error retry invalidates and recovers
01:00 +240: C:/Users/Atharva Patil/AppData/Local/Temp/gymlog-session-2-isolated-_7ofw15r/test/exercise_selection_polish_test.dart: ExerciseSelectionScreen filters catalog and handles caching correctly
01:00 +241: C:/Users/Atharva Patil/AppData/Local/Temp/gymlog-session-2-isolated-_7ofw15r/test/exercise_selection_polish_test.dart: ExerciseSelectionScreen filters catalog and handles caching correctly
01:00 +242: C:/Users/Atharva Patil/AppData/Local/Temp/gymlog-session-2-isolated-_7ofw15r/test/exercise_selection_polish_test.dart: ExerciseSelectionScreen filters catalog and handles caching correctly
01:00 +243: C:/Users/Atharva Patil/AppData/Local/Temp/gymlog-session-2-isolated-_7ofw15r/test/exercise_selection_polish_test.dart: ExerciseSelectionScreen filters catalog and handles caching correctly
01:01 +244: C:/Users/Atharva Patil/AppData/Local/Temp/gymlog-session-2-isolated-_7ofw15r/test/exercise_selection_polish_test.dart: ExerciseSelectionScreen filters catalog and handles caching correctly
01:02 +245: C:/Users/Atharva Patil/AppData/Local/Temp/gymlog-session-2-isolated-_7ofw15r/test/expiry_symptom_test.dart: timer expiry does not trigger Set removed snackbar
01:02 +246: C:/Users/Atharva Patil/AppData/Local/Temp/gymlog-session-2-isolated-_7ofw15r/test/expiry_symptom_test.dart: timer expiry does not trigger Set removed snackbar
01:02 +247: C:/Users/Atharva Patil/AppData/Local/Temp/gymlog-session-2-isolated-_7ofw15r/test/expiry_symptom_test.dart: timer expiry does not trigger Set removed snackbar
01:02 +248: C:/Users/Atharva Patil/AppData/Local/Temp/gymlog-session-2-isolated-_7ofw15r/test/expiry_symptom_test.dart: timer expiry does not trigger Set removed snackbar
01:02 +249: C:/Users/Atharva Patil/AppData/Local/Temp/gymlog-session-2-isolated-_7ofw15r/test/expiry_symptom_test.dart: timer expiry does not trigger Set removed snackbar
01:03 +250: C:/Users/Atharva Patil/AppData/Local/Temp/gymlog-session-2-isolated-_7ofw15r/test/explore_contrast_guard_test.dart: dark surface text tokens meet WCAG AA (4.5:1) on their surfaces
01:03 +251: C:/Users/Atharva Patil/AppData/Local/Temp/gymlog-session-2-isolated-_7ofw15r/test/explore_contrast_guard_test.dart: intermediate levelColor is never the brand accent hue
01:04 +252: C:/Users/Atharva Patil/AppData/Local/Temp/gymlog-session-2-isolated-_7ofw15r/test/export_share_previews_test.dart: (setUpAll)
01:04 +252: C:/Users/Atharva Patil/AppData/Local/Temp/gymlog-session-2-isolated-_7ofw15r/test/export_share_previews_test.dart: Export 1080x1920 preview PNGs for visual inspection
01:05 +253: C:/Users/Atharva Patil/AppData/Local/Temp/gymlog-session-2-isolated-_7ofw15r/test/export_share_previews_test.dart: Export 1080x1920 preview PNGs for visual inspection
01:06 +254: C:/Users/Atharva Patil/AppData/Local/Temp/gymlog-session-2-isolated-_7ofw15r/test/export_share_previews_test.dart: Export 1080x1920 preview PNGs for visual inspection
01:06 +255: C:/Users/Atharva Patil/AppData/Local/Temp/gymlog-session-2-isolated-_7ofw15r/test/export_share_previews_test.dart: Export 1080x1920 preview PNGs for visual inspection
01:06 +256: C:/Users/Atharva Patil/AppData/Local/Temp/gymlog-session-2-isolated-_7ofw15r/test/export_share_previews_test.dart: Export 1080x1920 preview PNGs for visual inspection
01:07 +257: C:/Users/Atharva Patil/AppData/Local/Temp/gymlog-session-2-isolated-_7ofw15r/test/features/auth/onboarding_age_step_test.dart: StepAge age 100 stays on one line at every viewport and text scale
01:08 +258: C:/Users/Atharva Patil/AppData/Local/Temp/gymlog-session-2-isolated-_7ofw15r/test/features/auth/onboarding_weekly_goal_step_test.dart: StepWeeklyGoal preview consistency goal 1 previews 1 of 1 workout completed at 100%
01:08 +259: C:/Users/Atharva Patil/AppData/Local/Temp/gymlog-session-2-isolated-_7ofw15r/test/features/auth/onboarding_weekly_goal_step_test.dart: StepWeeklyGoal preview consistency goal 1 previews 1 of 1 workout completed at 100%
01:08 +260: C:/Users/Atharva Patil/AppData/Local/Temp/gymlog-session-2-isolated-_7ofw15r/test/features/auth/onboarding_weekly_goal_step_test.dart: StepWeeklyGoal preview consistency goal 1 previews 1 of 1 workout completed at 100%
01:09 +261: C:/Users/Atharva Patil/AppData/Local/Temp/gymlog-session-2-isolated-_7ofw15r/test/features/auth/onboarding_weekly_goal_step_test.dart: StepWeeklyGoal preview consistency goal 1 previews 1 of 1 workout completed at 100%
01:09 +262: C:/Users/Atharva Patil/AppData/Local/Temp/gymlog-session-2-isolated-_7ofw15r/test/features/auth/onboarding_age_step_test.dart: StepAge decrement disabled at 14, increment disabled at 100
01:09 +263: C:/Users/Atharva Patil/AppData/Local/Temp/gymlog-session-2-isolated-_7ofw15r/test/features/auth/onboarding_age_step_test.dart: StepAge decrement disabled at 14, increment disabled at 100
01:09 +264: C:/Users/Atharva Patil/AppData/Local/Temp/gymlog-session-2-isolated-_7ofw15r/test/features/auth/onboarding_weekly_goal_step_test.dart: StepWeeklyGoal preview consistency goal 3 previews 2 of 3 workouts completed
01:09 +265: C:/Users/Atharva Patil/AppData/Local/Temp/gymlog-session-2-isolated-_7ofw15r/test/features/auth/onboarding_weekly_goal_step_test.dart: StepWeeklyGoal preview consistency goal 7 previews 2 of 7 workouts completed
01:09 +266: C:/Users/Atharva Patil/AppData/Local/Temp/gymlog-session-2-isolated-_7ofw15r/test/features/auth/onboarding_weekly_goal_step_test.dart: StepWeeklyGoal preview consistency tapping goal 1 updates caption and ring together
01:10 +267: C:/Users/Atharva Patil/AppData/Local/Temp/gymlog-session-2-isolated-_7ofw15r/test/features/routines/domain/ai_exercise_reconciler_test.dart: AiExerciseReconciler - Exercise Matching resolves exact match to verified status
01:10 +268: C:/Users/Atharva Patil/AppData/Local/Temp/gymlog-session-2-isolated-_7ofw15r/test/features/routines/domain/ai_exercise_reconciler_test.dart: AiExerciseReconciler - Exercise Matching resolves common gym acronyms and aliases via Tier 1 dictionary
01:10 +269: C:/Users/Atharva Patil/AppData/Local/Temp/gymlog-session-2-isolated-_7ofw15r/test/features/routines/domain/ai_exercise_reconciler_test.dart: AiExerciseReconciler - Exercise Matching strictly preserves equipment isolation (DB vs Barbell)
01:10 +270: C:/Users/Atharva Patil/AppData/Local/Temp/gymlog-session-2-isolated-_7ofw15r/test/features/routines/domain/ai_exercise_reconciler_test.dart: AiExerciseReconciler - Exercise Matching marks novel or non-existent exercises as unmatched without dropping them
01:10 +271: C:/Users/Atharva Patil/AppData/Local/Temp/gymlog-session-2-isolated-_7ofw15r/test/features/routines/domain/ai_exercise_reconciler_test.dart: AiExerciseReconciler - Exercise Matching strips coach styles and fuses compound words to match catalog (N1-Style Cross-Body Triceps Extension)
01:10 +272: C:/Users/Atharva Patil/AppData/Local/Temp/gymlog-session-2-isolated-_7ofw15r/test/features/routines/domain/ai_exercise_reconciler_test.dart: AiExerciseReconciler - Exercise Matching strips muscle annotations and maps cable y-raise to catalog lateral raise
01:10 +273: C:/Users/Atharva Patil/AppData/Local/Temp/gymlog-session-2-isolated-_7ofw15r/test/features/routines/domain/ai_exercise_reconciler_test.dart: AiExerciseReconciler - Exercise Matching strips superset tags and duration from raw exercise names
01:10 +274: C:/Users/Atharva Patil/AppData/Local/Temp/gymlog-session-2-isolated-_7ofw15r/test/features/routines/domain/ai_exercise_reconciler_test.dart: AiExerciseReconciler - Exercise Matching provides intelligent catalog suggestions for near-miss lifts like Larsen Press
01:10 +275: C:/Users/Atharva Patil/AppData/Local/Temp/gymlog-session-2-isolated-_7ofw15r/test/features/routines/domain/ai_exercise_reconciler_test.dart: AiExerciseReconciler - Numeric Sets & Reps & Weight Conversion parses rep ranges by picking representative midpoint
01:10 +276: C:/Users/Atharva Patil/AppData/Local/Temp/gymlog-session-2-isolated-_7ofw15r/test/features/routines/domain/ai_exercise_reconciler_test.dart: AiExerciseReconciler - Numeric Sets & Reps & Weight Conversion converts weight from lbs to kg when preferred unit is kg
01:10 +277: C:/Users/Atharva Patil/AppData/Local/Temp/gymlog-session-2-isolated-_7ofw15r/test/features/routines/domain/ai_exercise_reconciler_test.dart: AiExerciseReconciler - Numeric Sets & Reps & Weight Conversion preserves kg weight when target unit is kg
01:10 +278: C:/Users/Atharva Patil/AppData/Local/Temp/gymlog-session-2-isolated-_7ofw15r/test/features/routines/domain/ai_exercise_reconciler_test.dart: AiExerciseReconciler - Numeric Sets & Reps & Weight Conversion flags isDefaultedSets as true when sets is omitted in raw input
01:10 +279: C:/Users/Atharva Patil/AppData/Local/Temp/gymlog-session-2-isolated-_7ofw15r/test/features/routines/domain/ai_exercise_reconciler_test.dart: AiExerciseReconciler - Multi-Day Routine Structure reconciles multi-day routine preserving day groupings
01:11 +280: C:/Users/Atharva Patil/AppData/Local/Temp/gymlog-session-2-isolated-_7ofw15r/test/features/routines/domain/exercise_resolver_test.dart: normalisation lowercases and strips punctuation
01:11 +281: C:/Users/Atharva Patil/AppData/Local/Temp/gymlog-session-2-isolated-_7ofw15r/test/features/routines/domain/exercise_resolver_test.dart: normalisation base form drops the equipment parenthetical
01:11 +282: C:/Users/Atharva Patil/AppData/Local/Temp/gymlog-session-2-isolated-_7ofw15r/test/features/routines/domain/exercise_resolver_test.dart: resolve matches an exact name
01:11 +283: C:/Users/Atharva Patil/AppData/Local/Temp/gymlog-session-2-isolated-_7ofw15r/test/features/routines/domain/exercise_resolver_test.dart: resolve matches regardless of case and punctuation
01:11 +284: C:/Users/Atharva Patil/AppData/Local/Temp/gymlog-session-2-isolated-_7ofw15r/test/features/routines/domain/exercise_resolver_test.dart: resolve matches across an equipment parenthetical
01:11 +285: C:/Users/Atharva Patil/AppData/Local/Temp/gymlog-session-2-isolated-_7ofw15r/test/features/routines/domain/exercise_resolver_test.dart: resolve prefers the shortest qualifying candidate
01:11 +286: C:/Users/Atharva Patil/AppData/Local/Temp/gymlog-session-2-isolated-_7ofw15r/test/features/routines/domain/exercise_resolver_test.dart: resolve returns null rather than guessing wrong
01:11 +287: C:/Users/Atharva Patil/AppData/Local/Temp/gymlog-session-2-isolated-_7ofw15r/test/features/routines/domain/exercise_resolver_test.dart: resolve a single shared word is not enough to match
01:11 +288: C:/Users/Atharva Patil/AppData/Local/Temp/gymlog-session-2-isolated-_7ofw15r/test/features/routines/domain/exercise_resolver_test.dart: resolve known aliases collapse onto one exercise
01:11 +289: C:/Users/Atharva Patil/AppData/Local/Temp/gymlog-session-2-isolated-_7ofw15r/test/features/routines/domain/exercise_resolver_test.dart: resolve an alias pointing at nothing is ignored, not fatal
01:11 +290: C:/Users/Atharva Patil/AppData/Local/Temp/gymlog-session-2-isolated-_7ofw15r/test/features/routines/domain/exercise_resolver_test.dart: resolve repeat lookups are memoised to the same instance
01:11 +291: C:/Users/Atharva Patil/AppData/Local/Temp/gymlog-session-2-isolated-_7ofw15r/test/features/routines/domain/exercise_resolver_test.dart: resolve an empty catalog resolves nothing without throwing
01:11 +292: C:/Users/Atharva Patil/AppData/Local/Temp/gymlog-session-2-isolated-_7ofw15r/test/features/routines/domain/exercise_resolver_test.dart: unresolvedNames reports only the gaps
01:11 +293: C:/Users/Atharva Patil/AppData/Local/Temp/gymlog-session-2-isolated-_7ofw15r/test/features/routines/domain/exercise_resolver_test.dart: muscleProfileFor a push day does not report leg muscles
01:11 +294: C:/Users/Atharva Patil/AppData/Local/Temp/gymlog-session-2-isolated-_7ofw15r/test/features/routines/domain/exercise_resolver_test.dart: muscleProfileFor secondary never duplicates a primary group
01:11 +295: C:/Users/Atharva Patil/AppData/Local/Temp/gymlog-session-2-isolated-_7ofw15r/test/features/routines/domain/exercise_resolver_test.dart: muscleProfileFor unresolvable slots are skipped, not fatal
01:11 +296: C:/Users/Atharva Patil/AppData/Local/Temp/gymlog-session-2-isolated-_7ofw15r/test/features/routines/domain/exercise_resolver_test.dart: muscleProfileFor an all-unresolvable day yields an empty profile
01:11 +297: C:/Users/Atharva Patil/AppData/Local/Temp/gymlog-session-2-isolated-_7ofw15r/test/features/routines/domain/exercise_resolver_test.dart: muscleProfileFor two different days produce different profiles
01:11 +298: C:/Users/Atharva Patil/AppData/Local/Temp/gymlog-session-2-isolated-_7ofw15r/test/features/routines/domain/exercise_resolver_test.dart: exerciseIdsFor returns ids in slot order and skips gaps
01:12 +299: C:/Users/Atharva Patil/AppData/Local/Temp/gymlog-session-2-isolated-_7ofw15r/test/features/routines/presentation/ai_routine_import_screen_test.dart: AiRoutineImportScreen renders segmented control and photo mode initially
01:15 +300: C:/Users/Atharva Patil/AppData/Local/Temp/gymlog-session-2-isolated-_7ofw15r/test/features/routines/presentation/ai_routine_review_screen_test.dart: AiRoutineReviewScreen renders reconciled exercises and badges
01:15 +301: C:/Users/Atharva Patil/AppData/Local/Temp/gymlog-session-2-isolated-_7ofw15r/test/features/routines/presentation/ai_routine_review_screen_test.dart: AiRoutineReviewScreen renders reconciled exercises and badges
01:15 +302: C:/Users/Atharva Patil/AppData/Local/Temp/gymlog-session-2-isolated-_7ofw15r/test/features/routines/presentation/ai_routine_review_screen_test.dart: AiRoutineReviewScreen renders reconciled exercises and badges
01:15 +303: C:/Users/Atharva Patil/AppData/Local/Temp/gymlog-session-2-isolated-_7ofw15r/test/features/routines/presentation/ai_routine_review_screen_test.dart: AiRoutineReviewScreen renders reconciled exercises and badges
01:15 +304: C:/Users/Atharva Patil/AppData/Local/Temp/gymlog-session-2-isolated-_7ofw15r/test/features/routines/presentation/ai_routine_review_screen_test.dart: AiRoutineReviewScreen renders reconciled exercises and badges
01:15 +305: C:/Users/Atharva Patil/AppData/Local/Temp/gymlog-session-2-isolated-_7ofw15r/test/features/routines/presentation/ai_routine_review_screen_test.dart: AiRoutineReviewScreen renders reconciled exercises and badges
01:15 +306: C:/Users/Atharva Patil/AppData/Local/Temp/gymlog-session-2-isolated-_7ofw15r/test/features/routines/presentation/ai_routine_review_screen_test.dart: AiRoutineReviewScreen renders reconciled exercises and badges
01:15 +307: C:/Users/Atharva Patil/AppData/Local/Temp/gymlog-session-2-isolated-_7ofw15r/test/features/routines/presentation/ai_routine_review_screen_test.dart: AiRoutineReviewScreen renders reconciled exercises and badges
01:15 +308: C:/Users/Atharva Patil/AppData/Local/Temp/gymlog-session-2-isolated-_7ofw15r/test/features/routines/presentation/ai_routine_review_screen_test.dart: AiRoutineReviewScreen renders reconciled exercises and badges
01:15 +309: C:/Users/Atharva Patil/AppData/Local/Temp/gymlog-session-2-isolated-_7ofw15r/test/features/routines/presentation/ai_routine_review_screen_test.dart: AiRoutineReviewScreen renders reconciled exercises and badges
01:15 +310: C:/Users/Atharva Patil/AppData/Local/Temp/gymlog-session-2-isolated-_7ofw15r/test/features/routines/presentation/ai_routine_review_screen_test.dart: AiRoutineReviewScreen renders reconciled exercises and badges
01:15 +311: C:/Users/Atharva Patil/AppData/Local/Temp/gymlog-session-2-isolated-_7ofw15r/test/features/routines/presentation/ai_routine_review_screen_test.dart: AiRoutineReviewScreen renders reconciled exercises and badges
01:16 +312: C:/Users/Atharva Patil/AppData/Local/Temp/gymlog-session-2-isolated-_7ofw15r/test/features/routines/presentation/ai_routine_review_screen_test.dart: AiRoutineReviewScreen renders reconciled exercises and badges
01:16 +313: C:/Users/Atharva Patil/AppData/Local/Temp/gymlog-session-2-isolated-_7ofw15r/test/features/routines/presentation/ai_routine_review_screen_test.dart: AiRoutineReviewScreen renders reconciled exercises and badges
01:16 +314: C:/Users/Atharva Patil/AppData/Local/Temp/gymlog-session-2-isolated-_7ofw15r/test/features/routines/presentation/ai_routine_review_screen_test.dart: AiRoutineReviewScreen renders reconciled exercises and badges
01:16 +315: C:/Users/Atharva Patil/AppData/Local/Temp/gymlog-session-2-isolated-_7ofw15r/test/features/routines/presentation/ai_routine_review_screen_test.dart: AiRoutineReviewScreen renders reconciled exercises and badges
01:16 +316: C:/Users/Atharva Patil/AppData/Local/Temp/gymlog-session-2-isolated-_7ofw15r/test/features/routines/presentation/ai_routine_review_screen_test.dart: AiRoutineReviewScreen renders reconciled exercises and badges
01:16 +317: C:/Users/Atharva Patil/AppData/Local/Temp/gymlog-session-2-isolated-_7ofw15r/test/features/routines/presentation/ai_routine_review_screen_test.dart: AiRoutineReviewScreen renders reconciled exercises and badges
01:16 +318: C:/Users/Atharva Patil/AppData/Local/Temp/gymlog-session-2-isolated-_7ofw15r/test/features/routines/presentation/ai_routine_review_screen_test.dart: AiRoutineReviewScreen renders reconciled exercises and badges
01:16 +319: C:/Users/Atharva Patil/AppData/Local/Temp/gymlog-session-2-isolated-_7ofw15r/test/features/routines/presentation/ai_routine_review_screen_test.dart: AiRoutineReviewScreen renders reconciled exercises and badges
01:16 +320: C:/Users/Atharva Patil/AppData/Local/Temp/gymlog-session-2-isolated-_7ofw15r/test/features/routines/presentation/ai_routine_review_screen_test.dart: AiRoutineReviewScreen renders reconciled exercises and badges
01:16 +321: C:/Users/Atharva Patil/AppData/Local/Temp/gymlog-session-2-isolated-_7ofw15r/test/features/routines/presentation/ai_routine_review_screen_test.dart: AiRoutineReviewScreen renders reconciled exercises and badges
01:16 +322: C:/Users/Atharva Patil/AppData/Local/Temp/gymlog-session-2-isolated-_7ofw15r/test/features/routines/presentation/ai_routine_review_screen_test.dart: AiRoutineReviewScreen renders reconciled exercises and badges
01:16 +323: C:/Users/Atharva Patil/AppData/Local/Temp/gymlog-session-2-isolated-_7ofw15r/test/features/routines/presentation/ai_routine_review_screen_test.dart: AiRoutineReviewScreen renders reconciled exercises and badges
01:16 +324: C:/Users/Atharva Patil/AppData/Local/Temp/gymlog-session-2-isolated-_7ofw15r/test/features/routines/presentation/ai_routine_review_screen_test.dart: AiRoutineReviewScreen renders reconciled exercises and badges
01:16 +325: C:/Users/Atharva Patil/AppData/Local/Temp/gymlog-session-2-isolated-_7ofw15r/test/features/routines/presentation/ai_routine_review_screen_test.dart: AiRoutineReviewScreen renders reconciled exercises and badges
01:16 +326: C:/Users/Atharva Patil/AppData/Local/Temp/gymlog-session-2-isolated-_7ofw15r/test/features/routines/presentation/ai_routine_review_screen_test.dart: AiRoutineReviewScreen renders reconciled exercises and badges
01:16 +327: C:/Users/Atharva Patil/AppData/Local/Temp/gymlog-session-2-isolated-_7ofw15r/test/features/routines/presentation/ai_routine_review_screen_test.dart: AiRoutineReviewScreen renders reconciled exercises and badges
01:16 +328: C:/Users/Atharva Patil/AppData/Local/Temp/gymlog-session-2-isolated-_7ofw15r/test/features/routines/presentation/ai_routine_review_screen_test.dart: AiRoutineReviewScreen renders reconciled exercises and badges
01:16 +329: C:/Users/Atharva Patil/AppData/Local/Temp/gymlog-session-2-isolated-_7ofw15r/test/features/routines/presentation/ai_routine_review_screen_test.dart: AiRoutineReviewScreen renders reconciled exercises and badges
01:16 +330: C:/Users/Atharva Patil/AppData/Local/Temp/gymlog-session-2-isolated-_7ofw15r/test/features/routines/presentation/ai_routine_review_screen_test.dart: AiRoutineReviewScreen renders reconciled exercises and badges
01:16 +331: C:/Users/Atharva Patil/AppData/Local/Temp/gymlog-session-2-isolated-_7ofw15r/test/features/routines/presentation/ai_routine_review_screen_test.dart: AiRoutineReviewScreen renders reconciled exercises and badges
01:16 +332: C:/Users/Atharva Patil/AppData/Local/Temp/gymlog-session-2-isolated-_7ofw15r/test/features/routines/presentation/ai_routine_review_screen_test.dart: AiRoutineReviewScreen renders reconciled exercises and badges
01:16 +333: C:/Users/Atharva Patil/AppData/Local/Temp/gymlog-session-2-isolated-_7ofw15r/test/features/routines/presentation/ai_routine_review_screen_test.dart: AiRoutineReviewScreen renders reconciled exercises and badges
01:17 +334: C:/Users/Atharva Patil/AppData/Local/Temp/gymlog-session-2-isolated-_7ofw15r/test/features/routines/presentation/ai_routine_review_screen_test.dart: AiRoutineReviewScreen stepper increments set count
01:18 +335: C:/Users/Atharva Patil/AppData/Local/Temp/gymlog-session-2-isolated-_7ofw15r/test/features/routines/presentation/ai_routine_review_screen_test.dart: AiRoutineReviewScreen stepper increments set count
01:18 +336: C:/Users/Atharva Patil/AppData/Local/Temp/gymlog-session-2-isolated-_7ofw15r/test/features/routines/presentation/ai_routine_review_screen_test.dart: AiRoutineReviewScreen stepper increments set count
01:18 +337: C:/Users/Atharva Patil/AppData/Local/Temp/gymlog-session-2-isolated-_7ofw15r/test/features/routines/presentation/ai_routine_review_screen_test.dart: AiRoutineReviewScreen stepper increments set count
01:18 +338: C:/Users/Atharva Patil/AppData/Local/Temp/gymlog-session-2-isolated-_7ofw15r/test/features/routines/presentation/ai_routine_review_screen_test.dart: AiRoutineReviewScreen stepper increments set count
01:18 +339: C:/Users/Atharva Patil/AppData/Local/Temp/gymlog-session-2-isolated-_7ofw15r/test/features/routines/presentation/ai_routine_review_screen_test.dart: AiRoutineReviewScreen stepper increments set count
01:18 +340: C:/Users/Atharva Patil/AppData/Local/Temp/gymlog-session-2-isolated-_7ofw15r/test/features/routines/presentation/ai_routine_review_screen_test.dart: AiRoutineReviewScreen stepper increments set count
01:18 +341: C:/Users/Atharva Patil/AppData/Local/Temp/gymlog-session-2-isolated-_7ofw15r/test/features/routines/presentation/ai_routine_review_screen_test.dart: AiRoutineReviewScreen stepper increments set count
01:18 +342: C:/Users/Atharva Patil/AppData/Local/Temp/gymlog-session-2-isolated-_7ofw15r/test/features/routines/presentation/ai_routine_review_screen_test.dart: AiRoutineReviewScreen stepper increments set count
01:18 +343: C:/Users/Atharva Patil/AppData/Local/Temp/gymlog-session-2-isolated-_7ofw15r/test/features/routines/presentation/ai_routine_review_screen_test.dart: AiRoutineReviewScreen stepper increments set count
01:18 +344: C:/Users/Atharva Patil/AppData/Local/Temp/gymlog-session-2-isolated-_7ofw15r/test/features/routines/presentation/ai_routine_review_screen_test.dart: AiRoutineReviewScreen stepper increments set count
01:18 +345: C:/Users/Atharva Patil/AppData/Local/Temp/gymlog-session-2-isolated-_7ofw15r/test/features/routines/presentation/ai_routine_review_screen_test.dart: AiRoutineReviewScreen stepper increments set count
01:18 +346: C:/Users/Atharva Patil/AppData/Local/Temp/gymlog-session-2-isolated-_7ofw15r/test/features/routines/presentation/ai_routine_review_screen_test.dart: AiRoutineReviewScreen stepper increments set count
01:18 +347: C:/Users/Atharva Patil/AppData/Local/Temp/gymlog-session-2-isolated-_7ofw15r/test/features/routines/presentation/ai_routine_review_screen_test.dart: AiRoutineReviewScreen stepper increments set count
01:19 +348: C:/Users/Atharva Patil/AppData/Local/Temp/gymlog-session-2-isolated-_7ofw15r/test/features/routines/presentation/widgets/explore_preview_sheet_test.dart: RoutinePreviewSheet renders routine details, exercises, and muscle map
01:21 +349: C:/Users/Atharva Patil/AppData/Local/Temp/gymlog-session-2-isolated-_7ofw15r/test/features/routines/presentation/widgets/explore_preview_sheet_test.dart: RoutinePreviewSheet renders routine details, exercises, and muscle map
01:21 +350: C:/Users/Atharva Patil/AppData/Local/Temp/gymlog-session-2-isolated-_7ofw15r/test/features/routines/presentation/widgets/explore_preview_sheet_test.dart: RoutinePreviewSheet renders routine details, exercises, and muscle map
01:21 +351: C:/Users/Atharva Patil/AppData/Local/Temp/gymlog-session-2-isolated-_7ofw15r/test/features/routines/presentation/widgets/explore_preview_sheet_test.dart: RoutinePreviewSheet renders routine details, exercises, and muscle map
01:21 +352: C:/Users/Atharva Patil/AppData/Local/Temp/gymlog-session-2-isolated-_7ofw15r/test/features/routines/presentation/widgets/explore_preview_sheet_test.dart: RoutinePreviewSheet renders routine details, exercises, and muscle map
01:21 +353: C:/Users/Atharva Patil/AppData/Local/Temp/gymlog-session-2-isolated-_7ofw15r/test/features/routines/presentation/widgets/explore_preview_sheet_test.dart: RoutinePreviewSheet renders routine details, exercises, and muscle map
01:21 +354: C:/Users/Atharva Patil/AppData/Local/Temp/gymlog-session-2-isolated-_7ofw15r/test/features/routines/presentation/widgets/explore_preview_sheet_test.dart: RoutinePreviewSheet renders routine details, exercises, and muscle map
01:21 +355: C:/Users/Atharva Patil/AppData/Local/Temp/gymlog-session-2-isolated-_7ofw15r/test/features/routines/presentation/widgets/explore_preview_sheet_test.dart: RoutinePreviewSheet renders routine details, exercises, and muscle map
01:21 +356: C:/Users/Atharva Patil/AppData/Local/Temp/gymlog-session-2-isolated-_7ofw15r/test/features/routines/presentation/widgets/explore_preview_sheet_test.dart: RoutinePreviewSheet renders routine details, exercises, and muscle map
01:21 +357: C:/Users/Atharva Patil/AppData/Local/Temp/gymlog-session-2-isolated-_7ofw15r/test/features/routines/presentation/widgets/explore_preview_sheet_test.dart: RoutinePreviewSheet renders routine details, exercises, and muscle map
01:21 +358: C:/Users/Atharva Patil/AppData/Local/Temp/gymlog-session-2-isolated-_7ofw15r/test/features/routines/presentation/widgets/explore_preview_sheet_test.dart: RoutinePreviewSheet renders routine details, exercises, and muscle map
01:21 +359: C:/Users/Atharva Patil/AppData/Local/Temp/gymlog-session-2-isolated-_7ofw15r/test/features/routines/presentation/widgets/explore_preview_sheet_test.dart: RoutinePreviewSheet renders routine details, exercises, and muscle map
01:21 +360: C:/Users/Atharva Patil/AppData/Local/Temp/gymlog-session-2-isolated-_7ofw15r/test/features/routines/presentation/widgets/explore_preview_sheet_test.dart: RoutinePreviewSheet renders routine details, exercises, and muscle map
01:21 +361: C:/Users/Atharva Patil/AppData/Local/Temp/gymlog-session-2-isolated-_7ofw15r/test/features/routines/presentation/widgets/explore_preview_sheet_test.dart: RoutinePreviewSheet renders routine details, exercises, and muscle map
01:21 +362: C:/Users/Atharva Patil/AppData/Local/Temp/gymlog-session-2-isolated-_7ofw15r/test/features/routines/presentation/widgets/explore_preview_sheet_test.dart: RoutinePreviewSheet renders routine details, exercises, and muscle map
01:21 +363: C:/Users/Atharva Patil/AppData/Local/Temp/gymlog-session-2-isolated-_7ofw15r/test/features/routines/presentation/widgets/explore_preview_sheet_test.dart: RoutinePreviewSheet renders routine details, exercises, and muscle map
01:21 +364: C:/Users/Atharva Patil/AppData/Local/Temp/gymlog-session-2-isolated-_7ofw15r/test/features/routines/presentation/widgets/explore_preview_sheet_test.dart: RoutinePreviewSheet renders routine details, exercises, and muscle map
01:21 +365: C:/Users/Atharva Patil/AppData/Local/Temp/gymlog-session-2-isolated-_7ofw15r/test/features/routines/presentation/widgets/explore_preview_sheet_test.dart: RoutinePreviewSheet renders routine details, exercises, and muscle map
01:21 +366: C:/Users/Atharva Patil/AppData/Local/Temp/gymlog-session-2-isolated-_7ofw15r/test/features/routines/presentation/widgets/explore_preview_sheet_test.dart: RoutinePreviewSheet renders routine details, exercises, and muscle map
01:21 +367: C:/Users/Atharva Patil/AppData/Local/Temp/gymlog-session-2-isolated-_7ofw15r/test/features/routines/presentation/widgets/explore_preview_sheet_test.dart: RoutinePreviewSheet renders routine details, exercises, and muscle map
01:21 +368: C:/Users/Atharva Patil/AppData/Local/Temp/gymlog-session-2-isolated-_7ofw15r/test/features/routines/presentation/widgets/explore_preview_sheet_test.dart: RoutinePreviewSheet renders routine details, exercises, and muscle map
01:21 +369: C:/Users/Atharva Patil/AppData/Local/Temp/gymlog-session-2-isolated-_7ofw15r/test/features/routines/presentation/widgets/explore_preview_sheet_test.dart: RoutinePreviewSheet renders routine details, exercises, and muscle map
01:21 +370: C:/Users/Atharva Patil/AppData/Local/Temp/gymlog-session-2-isolated-_7ofw15r/test/features/routines/presentation/widgets/explore_preview_sheet_test.dart: RoutinePreviewSheet renders routine details, exercises, and muscle map
01:21 +371: C:/Users/Atharva Patil/AppData/Local/Temp/gymlog-session-2-isolated-_7ofw15r/test/features/routines/presentation/widgets/explore_preview_sheet_test.dart: RoutinePreviewSheet renders routine details, exercises, and muscle map
01:21 +372: C:/Users/Atharva Patil/AppData/Local/Temp/gymlog-session-2-isolated-_7ofw15r/test/features/routines/presentation/widgets/explore_preview_sheet_test.dart: RoutinePreviewSheet renders routine details, exercises, and muscle map
01:21 +373: C:/Users/Atharva Patil/AppData/Local/Temp/gymlog-session-2-isolated-_7ofw15r/test/features/routines/presentation/widgets/explore_preview_sheet_test.dart: RoutinePreviewSheet renders routine details, exercises, and muscle map
01:21 +374: C:/Users/Atharva Patil/AppData/Local/Temp/gymlog-session-2-isolated-_7ofw15r/test/features/routines/presentation/widgets/explore_preview_sheet_test.dart: RoutinePreviewSheet renders routine details, exercises, and muscle map
01:21 +375: C:/Users/Atharva Patil/AppData/Local/Temp/gymlog-session-2-isolated-_7ofw15r/test/features/routines/presentation/widgets/explore_preview_sheet_test.dart: RoutinePreviewSheet renders routine details, exercises, and muscle map
01:21 +376: C:/Users/Atharva Patil/AppData/Local/Temp/gymlog-session-2-isolated-_7ofw15r/test/features/routines/presentation/widgets/explore_preview_sheet_test.dart: RoutinePreviewSheet renders routine details, exercises, and muscle map
01:21 +377: C:/Users/Atharva Patil/AppData/Local/Temp/gymlog-session-2-isolated-_7ofw15r/test/features/routines/presentation/widgets/explore_preview_sheet_test.dart: RoutinePreviewSheet renders routine details, exercises, and muscle map
01:23 +378: C:/Users/Atharva Patil/AppData/Local/Temp/gymlog-session-2-isolated-_7ofw15r/test/features/routines/presentation/widgets/explore_preview_sheet_test.dart: RoutinePreviewSheet renders routine details, exercises, and muscle map
01:23 +379: C:/Users/Atharva Patil/AppData/Local/Temp/gymlog-session-2-isolated-_7ofw15r/test/features/routines/presentation/widgets/explore_preview_sheet_test.dart: RoutinePreviewSheet renders routine details, exercises, and muscle map
01:23 +380: C:/Users/Atharva Patil/AppData/Local/Temp/gymlog-session-2-isolated-_7ofw15r/test/features/routines/presentation/widgets/explore_preview_sheet_test.dart: RoutinePreviewSheet renders routine details, exercises, and muscle map
01:23 +381: C:/Users/Atharva Patil/AppData/Local/Temp/gymlog-session-2-isolated-_7ofw15r/test/features/routines/presentation/widgets/explore_preview_sheet_test.dart: RoutinePreviewSheet renders routine details, exercises, and muscle map
01:23 +382: C:/Users/Atharva Patil/AppData/Local/Temp/gymlog-session-2-isolated-_7ofw15r/test/features/routines/presentation/widgets/explore_preview_sheet_test.dart: RoutinePreviewSheet renders routine details, exercises, and muscle map
01:23 +383: C:/Users/Atharva Patil/AppData/Local/Temp/gymlog-session-2-isolated-_7ofw15r/test/features/routines/presentation/widgets/explore_preview_sheet_test.dart: RoutinePreviewSheet renders routine details, exercises, and muscle map
01:23 +384: C:/Users/Atharva Patil/AppData/Local/Temp/gymlog-session-2-isolated-_7ofw15r/test/features/routines/presentation/widgets/explore_preview_sheet_test.dart: RoutinePreviewSheet renders routine details, exercises, and muscle map
01:23 +385: C:/Users/Atharva Patil/AppData/Local/Temp/gymlog-session-2-isolated-_7ofw15r/test/features/routines/presentation/widgets/explore_preview_sheet_test.dart: RoutinePreviewSheet renders routine details, exercises, and muscle map
01:23 +386: C:/Users/Atharva Patil/AppData/Local/Temp/gymlog-session-2-isolated-_7ofw15r/test/features/routines/presentation/widgets/explore_preview_sheet_test.dart: RoutinePreviewSheet renders routine details, exercises, and muscle map
unhandled element <style/>; Picture key: Svg loader
01:24 +387: C:/Users/Atharva Patil/AppData/Local/Temp/gymlog-session-2-isolated-_7ofw15r/test/features/routines/presentation/widgets/explore_preview_sheet_test.dart: RoutinePreviewSheet shows View in My Routines when isOwned is true
01:24 +388: C:/Users/Atharva Patil/AppData/Local/Temp/gymlog-session-2-isolated-_7ofw15r/test/features/workout/presentation/screens/active_workout_hold_timer_integration_test.dart: ExerciseBlock renders TIMER column and triggers HoldTimer
01:25 +389: C:/Users/Atharva Patil/AppData/Local/Temp/gymlog-session-2-isolated-_7ofw15r/test/features/workout/presentation/screens/active_workout_hold_timer_integration_test.dart: ExerciseBlock renders TIMER column and triggers HoldTimer
01:27 +390: C:/Users/Atharva Patil/AppData/Local/Temp/gymlog-session-2-isolated-_7ofw15r/test/features/workout/presentation/screens/active_workout_hold_timer_integration_test.dart: ExerciseBlock renders TIMER column and triggers HoldTimer
01:27 +391: C:/Users/Atharva Patil/AppData/Local/Temp/gymlog-session-2-isolated-_7ofw15r/test/features/workout/presentation/screens/active_workout_hold_timer_integration_test.dart: ExerciseBlock renders TIMER column and triggers HoldTimer
01:27 +392: C:/Users/Atharva Patil/AppData/Local/Temp/gymlog-session-2-isolated-_7ofw15r/test/features/workout/presentation/screens/active_workout_hold_timer_integration_test.dart: ExerciseBlock renders TIMER column and triggers HoldTimer
01:28 +393: C:/Users/Atharva Patil/AppData/Local/Temp/gymlog-session-2-isolated-_7ofw15r/test/features/workout/presentation/widgets/set_row_hold_timer_test.dart: SetRow Hold Timer Integration Tests renders play icon trigger and TextField for duration measurementType
01:29 +394: C:/Users/Atharva Patil/AppData/Local/Temp/gymlog-session-2-isolated-_7ofw15r/test/features/workout/pr_celebration_overlay_test.dart: PR celebration overlay Keep Going stays fully on-screen on a short viewport with large text and many PRs
01:29 +395: C:/Users/Atharva Patil/AppData/Local/Temp/gymlog-session-2-isolated-_7ofw15r/test/features/workout/pr_celebration_overlay_test.dart: PR celebration overlay Keep Going stays fully on-screen on a short viewport with large text and many PRs
01:29 +396: C:/Users/Atharva Patil/AppData/Local/Temp/gymlog-session-2-isolated-_7ofw15r/test/features/workout/pr_celebration_overlay_test.dart: PR celebration overlay Keep Going stays fully on-screen on a short viewport with large text and many PRs
01:29 +397: C:/Users/Atharva Patil/AppData/Local/Temp/gymlog-session-2-isolated-_7ofw15r/test/features/workout/pr_celebration_overlay_test.dart: PR celebration overlay Keep Going stays fully on-screen on a short viewport with large text and many PRs
01:30 +398: C:/Users/Atharva Patil/AppData/Local/Temp/gymlog-session-2-isolated-_7ofw15r/test/features/workout/pr_celebration_overlay_test.dart: PR celebration overlay Keep Going stays fully on-screen on a short viewport with large text and many PRs
01:30 +399: C:/Users/Atharva Patil/AppData/Local/Temp/gymlog-session-2-isolated-_7ofw15r/test/features/workout/pr_celebration_overlay_test.dart: PR celebration overlay Keep Going stays fully on-screen on a short viewport with large text and many PRs
01:30 +399: loading C:/Users/Atharva Patil/AppData/Local/Temp/gymlog-session-2-isolated-_7ofw15r/test/golden/active_workout_header_golden_test.dart
Warning: A tag was used that wasn't specified in dart_test.yaml.
  golden was used in the suite itself

01:30 +400: C:/Users/Atharva Patil/AppData/Local/Temp/gymlog-session-2-isolated-_7ofw15r/test/features/workout/presentation/widgets/set_row_hold_timer_test.dart: SetRow Hold Timer Integration Tests completed duration renders 45s and allows tapping to edit
01:30 +401: C:/Users/Atharva Patil/AppData/Local/Temp/gymlog-session-2-isolated-_7ofw15r/test/golden/active_workout_header_golden_test.dart: ActiveWorkoutHeader renders correctly per theme (normal layout) (variant: Windows)
01:30 +402: C:/Users/Atharva Patil/AppData/Local/Temp/gymlog-session-2-isolated-_7ofw15r/test/golden/active_workout_header_golden_test.dart: ActiveWorkoutHeader renders correctly per theme (normal layout) (variant: Windows)
01:30 +403: C:/Users/Atharva Patil/AppData/Local/Temp/gymlog-session-2-isolated-_7ofw15r/test/golden/active_workout_header_golden_test.dart: ActiveWorkoutHeader renders correctly per theme (normal layout) (variant: Windows)
01:31 +404: C:/Users/Atharva Patil/AppData/Local/Temp/gymlog-session-2-isolated-_7ofw15r/test/golden/active_workout_header_golden_test.dart: ActiveWorkoutHeader renders correctly per theme (normal layout) (variant: Windows)
01:31 +405: C:/Users/Atharva Patil/AppData/Local/Temp/gymlog-session-2-isolated-_7ofw15r/test/golden/active_workout_header_golden_test.dart: ActiveWorkoutHeader renders correctly per theme (normal layout) (variant: Windows)
01:31 +406: C:/Users/Atharva Patil/AppData/Local/Temp/gymlog-session-2-isolated-_7ofw15r/test/golden/active_workout_header_golden_test.dart: ActiveWorkoutHeader renders correctly per theme (normal layout) (variant: Windows)
01:33 +406: loading C:/Users/Atharva Patil/AppData/Local/Temp/gymlog-session-2-isolated-_7ofw15r/test/golden/muscle_load_bar_golden_test.dart
Warning: A tag was used that wasn't specified in dart_test.yaml.
  golden was used in the suite itself

01:33 +407: C:/Users/Atharva Patil/AppData/Local/Temp/gymlog-session-2-isolated-_7ofw15r/test/golden/auth_screen_golden_test.dart: AuthScreen Golden Tests 1. Dark Purple Palette 390x844
01:34 +408: C:/Users/Atharva Patil/AppData/Local/Temp/gymlog-session-2-isolated-_7ofw15r/test/golden/auth_screen_golden_test.dart: AuthScreen Golden Tests 1. Dark Purple Palette 390x844
01:34 +408: loading C:/Users/Atharva Patil/AppData/Local/Temp/gymlog-session-2-isolated-_7ofw15r/test/golden/muscle_map_golden_test.dart
Warning: A tag was used that wasn't specified in dart_test.yaml.
  golden was used in the suite itself

01:34 +409: C:/Users/Atharva Patil/AppData/Local/Temp/gymlog-session-2-isolated-_7ofw15r/test/golden/muscle_load_bar_golden_test.dart: MuscleLoadBar renders in all six accent palettes (variant: Windows)
01:34 +410: C:/Users/Atharva Patil/AppData/Local/Temp/gymlog-session-2-isolated-_7ofw15r/test/golden/muscle_load_bar_golden_test.dart: MuscleLoadBar renders in all six accent palettes (variant: Windows)
01:34 +411: C:/Users/Atharva Patil/AppData/Local/Temp/gymlog-session-2-isolated-_7ofw15r/test/golden/muscle_load_bar_golden_test.dart: MuscleLoadBar renders in all six accent palettes (variant: Windows)
01:35 +412: C:/Users/Atharva Patil/AppData/Local/Temp/gymlog-session-2-isolated-_7ofw15r/test/golden/muscle_load_bar_golden_test.dart: MuscleLoadBar renders in all six accent palettes (variant: Windows)
01:35 +413: C:/Users/Atharva Patil/AppData/Local/Temp/gymlog-session-2-isolated-_7ofw15r/test/golden/muscle_map_golden_test.dart: MuscleMap front-only male highlights Chest and Triceps (variant: Windows)
01:35 +414: C:/Users/Atharva Patil/AppData/Local/Temp/gymlog-session-2-isolated-_7ofw15r/test/golden/muscle_map_golden_test.dart: MuscleMap front-only male highlights Chest and Triceps (variant: Windows)
01:35 +415: C:/Users/Atharva Patil/AppData/Local/Temp/gymlog-session-2-isolated-_7ofw15r/test/golden/muscle_map_golden_test.dart: MuscleMap front-only male highlights Chest and Triceps (variant: Windows)
01:35 +416: C:/Users/Atharva Patil/AppData/Local/Temp/gymlog-session-2-isolated-_7ofw15r/test/golden/muscle_map_golden_test.dart: MuscleMap front-only male highlights Chest and Triceps (variant: Windows)
01:35 +417: C:/Users/Atharva Patil/AppData/Local/Temp/gymlog-session-2-isolated-_7ofw15r/test/golden/muscle_map_golden_test.dart: MuscleMap front-only male highlights Chest and Triceps (variant: Windows)
01:35 +418: C:/Users/Atharva Patil/AppData/Local/Temp/gymlog-session-2-isolated-_7ofw15r/test/golden/muscle_map_golden_test.dart: MuscleMap front-only male highlights Chest and Triceps (variant: Windows)
01:35 +419: C:/Users/Atharva Patil/AppData/Local/Temp/gymlog-session-2-isolated-_7ofw15r/test/golden/muscle_map_golden_test.dart: MuscleMap front-only male highlights Chest and Triceps (variant: Windows)
01:36 +420: C:/Users/Atharva Patil/AppData/Local/Temp/gymlog-session-2-isolated-_7ofw15r/test/golden/muscle_map_golden_test.dart: MuscleMap front-only male highlights Chest and Triceps (variant: Windows)
unhandled element <style/>; Picture key: Svg loader
01:36 +421: C:/Users/Atharva Patil/AppData/Local/Temp/gymlog-session-2-isolated-_7ofw15r/test/golden/muscle_map_golden_test.dart: MuscleMap front-only male highlights Chest and Triceps (variant: Windows)
01:36 +422: C:/Users/Atharva Patil/AppData/Local/Temp/gymlog-session-2-isolated-_7ofw15r/test/golden/muscle_map_golden_test.dart: MuscleMap front-only male highlights Chest and Triceps (variant: Windows)
01:36 +423: C:/Users/Atharva Patil/AppData/Local/Temp/gymlog-session-2-isolated-_7ofw15r/test/golden/auth_screen_golden_test.dart: AuthScreen Golden Tests 10. Text Scale 2.0
01:36 +424: C:/Users/Atharva Patil/AppData/Local/Temp/gymlog-session-2-isolated-_7ofw15r/test/golden/active_workout_header_golden_test.dart: ActiveWorkoutHeader renders correctly per theme (status-bar inset) (variant: CI)
01:37 +425: C:/Users/Atharva Patil/AppData/Local/Temp/gymlog-session-2-isolated-_7ofw15r/test/golden/muscle_map_golden_test.dart: MuscleMap front-only male highlights Chest and Triceps (variant: CI)
01:37 +426: C:/Users/Atharva Patil/AppData/Local/Temp/gymlog-session-2-isolated-_7ofw15r/test/golden/auth_screen_golden_test.dart: AuthScreen Golden Tests 11. Loading State
01:37 +427: C:/Users/Atharva Patil/AppData/Local/Temp/gymlog-session-2-isolated-_7ofw15r/test/golden/muscle_map_golden_test.dart: MuscleMap front+back female highlights Back and Biceps (variant: Windows)
01:38 +428: C:/Users/Atharva Patil/AppData/Local/Temp/gymlog-session-2-isolated-_7ofw15r/test/golden/muscle_map_golden_test.dart: MuscleMap front+back female highlights Back and Biceps (variant: Windows)
01:38 +428: loading C:/Users/Atharva Patil/AppData/Local/Temp/gymlog-session-2-isolated-_7ofw15r/test/golden/nav_bar_golden_test.dart
Warning: A tag was used that wasn't specified in dart_test.yaml.
  golden was used in the suite itself

01:38 +428: C:/Users/Atharva Patil/AppData/Local/Temp/gymlog-session-2-isolated-_7ofw15r/test/golden/auth_screen_golden_test.dart: AuthScreen Golden Tests 13. Offline Snackbar
[Auth] failure=network
01:38 +429: C:/Users/Atharva Patil/AppData/Local/Temp/gymlog-session-2-isolated-_7ofw15r/test/golden/muscle_map_golden_test.dart: MuscleMap front+back female highlights Back and Biceps (variant: Windows)
01:38 +429: C:/Users/Atharva Patil/AppData/Local/Temp/gymlog-session-2-isolated-_7ofw15r/test/golden/auth_screen_golden_test.dart: AuthScreen Golden Tests 14. Configuration-error Snackbar
[Auth] failure=configuration code=google_android_configuration
01:38 +430: C:/Users/Atharva Patil/AppData/Local/Temp/gymlog-session-2-isolated-_7ofw15r/test/golden/muscle_map_golden_test.dart: MuscleMap front+back female highlights Back and Biceps (variant: Windows)
01:38 +431: C:/Users/Atharva Patil/AppData/Local/Temp/gymlog-session-2-isolated-_7ofw15r/test/golden/nav_bar_golden_test.dart: BottomNavBar — all palettes, tab 0 selected, standard sizes (variant: Windows)
01:39 +432: C:/Users/Atharva Patil/AppData/Local/Temp/gymlog-session-2-isolated-_7ofw15r/test/golden/nav_bar_golden_test.dart: BottomNavBar — all palettes, tab 0 selected, standard sizes (variant: Windows)
01:39 +432: loading C:/Users/Atharva Patil/AppData/Local/Temp/gymlog-session-2-isolated-_7ofw15r/test/golden/onboarding_steps_golden_test.dart
Warning: A tag was used that wasn't specified in dart_test.yaml.
  golden was used in the suite itself

01:40 +433: C:/Users/Atharva Patil/AppData/Local/Temp/gymlog-session-2-isolated-_7ofw15r/test/golden/nav_bar_golden_test.dart: BottomNavBar — all palettes, tab 0 selected, standard sizes (variant: Windows)
01:40 +434: C:/Users/Atharva Patil/AppData/Local/Temp/gymlog-session-2-isolated-_7ofw15r/test/golden/nav_bar_golden_test.dart: BottomNavBar — all palettes, tab 0 selected, standard sizes (variant: Windows)
01:41 +435: C:/Users/Atharva Patil/AppData/Local/Temp/gymlog-session-2-isolated-_7ofw15r/test/golden/onboarding_steps_golden_test.dart: StepAge renders per theme (variant: Windows)
01:41 +435: loading C:/Users/Atharva Patil/AppData/Local/Temp/gymlog-session-2-isolated-_7ofw15r/test/golden/pr_celebration_golden_test.dart
Warning: A tag was used that wasn't specified in dart_test.yaml.
  golden was used in the suite itself

01:42 +436: C:/Users/Atharva Patil/AppData/Local/Temp/gymlog-session-2-isolated-_7ofw15r/test/golden/onboarding_steps_golden_test.dart: StepAge renders per theme (variant: Windows)
01:43 +437: C:/Users/Atharva Patil/AppData/Local/Temp/gymlog-session-2-isolated-_7ofw15r/test/golden/pr_celebration_golden_test.dart: PrCelebrationCard renders per theme (variant: Windows)
01:43 +438: C:/Users/Atharva Patil/AppData/Local/Temp/gymlog-session-2-isolated-_7ofw15r/test/golden/pr_celebration_golden_test.dart: PrCelebrationCard renders per theme (variant: Windows)
01:43 +438: loading C:/Users/Atharva Patil/AppData/Local/Temp/gymlog-session-2-isolated-_7ofw15r/test/golden/segmented_control_golden_test.dart
Warning: A tag was used that wasn't specified in dart_test.yaml.
  golden was used in the suite itself

01:44 +439: C:/Users/Atharva Patil/AppData/Local/Temp/gymlog-session-2-isolated-_7ofw15r/test/golden/pr_celebration_golden_test.dart: PrCelebrationCard renders per theme (variant: Windows)
01:44 +440: C:/Users/Atharva Patil/AppData/Local/Temp/gymlog-session-2-isolated-_7ofw15r/test/golden/pr_celebration_golden_test.dart: PrCelebrationCard renders per theme (variant: Windows)
01:44 +441: C:/Users/Atharva Patil/AppData/Local/Temp/gymlog-session-2-isolated-_7ofw15r/test/golden/segmented_control_golden_test.dart: SegmentedControl renders correctly per theme (variant: Windows)
01:45 +442: C:/Users/Atharva Patil/AppData/Local/Temp/gymlog-session-2-isolated-_7ofw15r/test/golden/segmented_control_golden_test.dart: SegmentedControl renders correctly per theme (variant: Windows)
01:45 +443: C:/Users/Atharva Patil/AppData/Local/Temp/gymlog-session-2-isolated-_7ofw15r/test/golden/onboarding_steps_golden_test.dart: StepAge at 100 renders per theme (regression: 3 digits must not wrap) (variant: Windows)
01:45 +444: C:/Users/Atharva Patil/AppData/Local/Temp/gymlog-session-2-isolated-_7ofw15r/test/golden/pr_celebration_golden_test.dart: PrCelebrationCard renders per theme (variant: CI)
01:45 +445: C:/Users/Atharva Patil/AppData/Local/Temp/gymlog-session-2-isolated-_7ofw15r/test/golden/pr_celebration_golden_test.dart: PrCelebrationCard renders per theme (variant: CI)
01:46 +446: C:/Users/Atharva Patil/AppData/Local/Temp/gymlog-session-2-isolated-_7ofw15r/test/golden/segmented_control_golden_test.dart: SegmentedControl renders correctly per theme (variant: CI)
01:46 +447: C:/Users/Atharva Patil/AppData/Local/Temp/gymlog-session-2-isolated-_7ofw15r/test/golden/onboarding_steps_golden_test.dart: StepAge at 100 renders per theme (regression: 3 digits must not wrap) (variant: CI)
01:46 +448: C:/Users/Atharva Patil/AppData/Local/Temp/gymlog-session-2-isolated-_7ofw15r/test/golden/onboarding_steps_golden_test.dart: StepAge at 100 renders per theme (regression: 3 digits must not wrap) (variant: CI)
01:46 +449: C:/Users/Atharva Patil/AppData/Local/Temp/gymlog-session-2-isolated-_7ofw15r/test/golden/pr_celebration_golden_test.dart: PrCelebrationCard fits a short viewport with a bottom inset (3-button nav edge-to-edge) — Keep Going must stay on-screen (variant: Windows)
01:47 +450: C:/Users/Atharva Patil/AppData/Local/Temp/gymlog-session-2-isolated-_7ofw15r/test/golden/pr_celebration_golden_test.dart: PrCelebrationCard fits a short viewport with a bottom inset (3-button nav edge-to-edge) — Keep Going must stay on-screen (variant: Windows)
01:47 +451: C:/Users/Atharva Patil/AppData/Local/Temp/gymlog-session-2-isolated-_7ofw15r/test/golden/onboarding_steps_golden_test.dart: StepWeeklyGoal renders per theme (variant: Windows)
01:48 +452: C:/Users/Atharva Patil/AppData/Local/Temp/gymlog-session-2-isolated-_7ofw15r/test/golden/onboarding_steps_golden_test.dart: StepWeeklyGoal renders per theme (variant: Windows)
01:48 +453: C:/Users/Atharva Patil/AppData/Local/Temp/gymlog-session-2-isolated-_7ofw15r/test/golden/pr_celebration_golden_test.dart: PrCelebrationCard fits a short viewport with a bottom inset (3-button nav edge-to-edge) — Keep Going must stay on-screen (variant: CI)
01:48 +454: C:/Users/Atharva Patil/AppData/Local/Temp/gymlog-session-2-isolated-_7ofw15r/test/golden/nav_bar_golden_test.dart: BottomNavBar — tablet 600x1024 (variant: CI)
01:48 +455: C:/Users/Atharva Patil/AppData/Local/Temp/gymlog-session-2-isolated-_7ofw15r/test/golden/onboarding_steps_golden_test.dart: StepWeeklyGoal renders per theme (variant: CI)
01:49 +455: loading C:/Users/Atharva Patil/AppData/Local/Temp/gymlog-session-2-isolated-_7ofw15r/test/golden/share_cards_golden_test.dart
Warning: A tag was used that wasn't specified in dart_test.yaml.
  golden was used in the suite itself

01:49 +456: C:/Users/Atharva Patil/AppData/Local/Temp/gymlog-session-2-isolated-_7ofw15r/test/golden/onboarding_steps_golden_test.dart: StepWeeklyGoal renders per theme (variant: CI)
01:49 +457: C:/Users/Atharva Patil/AppData/Local/Temp/gymlog-session-2-isolated-_7ofw15r/test/golden/share_cards_golden_test.dart: DELT Share Card - Monument Variant across all themes (variant: Windows)
01:50 +458: C:/Users/Atharva Patil/AppData/Local/Temp/gymlog-session-2-isolated-_7ofw15r/test/golden/share_cards_golden_test.dart: DELT Share Card - Monument Variant across all themes (variant: Windows)
01:50 +459: C:/Users/Atharva Patil/AppData/Local/Temp/gymlog-session-2-isolated-_7ofw15r/test/golden/share_cards_golden_test.dart: DELT Share Card - Monument Variant across all themes (variant: Windows)
01:50 +460: C:/Users/Atharva Patil/AppData/Local/Temp/gymlog-session-2-isolated-_7ofw15r/test/golden/share_cards_golden_test.dart: DELT Share Card - Monument Variant across all themes (variant: Windows)
01:51 +461: C:/Users/Atharva Patil/AppData/Local/Temp/gymlog-session-2-isolated-_7ofw15r/test/golden/share_cards_golden_test.dart: DELT Share Card - Monument Variant across all themes (variant: Windows)
01:51 +462: C:/Users/Atharva Patil/AppData/Local/Temp/gymlog-session-2-isolated-_7ofw15r/test/golden/share_cards_golden_test.dart: DELT Share Card - Monument Variant across all themes (variant: Windows)
01:51 +463: C:/Users/Atharva Patil/AppData/Local/Temp/gymlog-session-2-isolated-_7ofw15r/test/golden/share_cards_golden_test.dart: DELT Share Card - Monument Variant across all themes (variant: Windows)
01:51 +464: C:/Users/Atharva Patil/AppData/Local/Temp/gymlog-session-2-isolated-_7ofw15r/test/golden/share_cards_golden_test.dart: DELT Share Card - Monument Variant across all themes (variant: Windows)
01:51 +465: C:/Users/Atharva Patil/AppData/Local/Temp/gymlog-session-2-isolated-_7ofw15r/test/golden/share_cards_golden_test.dart: DELT Share Card - Monument Variant across all themes (variant: Windows)
01:51 +466: C:/Users/Atharva Patil/AppData/Local/Temp/gymlog-session-2-isolated-_7ofw15r/test/golden/share_cards_golden_test.dart: DELT Share Card - Monument Variant across all themes (variant: Windows)
01:51 +467: C:/Users/Atharva Patil/AppData/Local/Temp/gymlog-session-2-isolated-_7ofw15r/test/golden/share_cards_golden_test.dart: DELT Share Card - Monument Variant across all themes (variant: Windows)
01:51 +468: C:/Users/Atharva Patil/AppData/Local/Temp/gymlog-session-2-isolated-_7ofw15r/test/golden/share_cards_golden_test.dart: DELT Share Card - Monument Variant across all themes (variant: Windows)
01:51 +469: C:/Users/Atharva Patil/AppData/Local/Temp/gymlog-session-2-isolated-_7ofw15r/test/golden/share_cards_golden_test.dart: DELT Share Card - Monument Variant across all themes (variant: Windows)
01:51 +470: C:/Users/Atharva Patil/AppData/Local/Temp/gymlog-session-2-isolated-_7ofw15r/test/golden/share_cards_golden_test.dart: DELT Share Card - Monument Variant across all themes (variant: Windows)
01:51 +471: C:/Users/Atharva Patil/AppData/Local/Temp/gymlog-session-2-isolated-_7ofw15r/test/golden/share_cards_golden_test.dart: DELT Share Card - Monument Variant across all themes (variant: Windows)
01:51 +472: C:/Users/Atharva Patil/AppData/Local/Temp/gymlog-session-2-isolated-_7ofw15r/test/golden/share_cards_golden_test.dart: DELT Share Card - Monument Variant across all themes (variant: Windows)
01:51 +473: C:/Users/Atharva Patil/AppData/Local/Temp/gymlog-session-2-isolated-_7ofw15r/test/golden/share_cards_golden_test.dart: DELT Share Card - Monument Variant across all themes (variant: Windows)
01:51 +474: C:/Users/Atharva Patil/AppData/Local/Temp/gymlog-session-2-isolated-_7ofw15r/test/import/atomic_05_import_test.dart: ATOMIC-05 Section B, C, D, E & F: Metric-Aware Import Suite unknown exercise is resolved and custom exercise is created
01:51 +475: C:/Users/Atharva Patil/AppData/Local/Temp/gymlog-session-2-isolated-_7ofw15r/test/golden/share_cards_golden_test.dart: DELT Share Card - Monument Variant across all themes (variant: CI)
01:51 +476: C:/Users/Atharva Patil/AppData/Local/Temp/gymlog-session-2-isolated-_7ofw15r/test/golden/share_cards_golden_test.dart: DELT Share Card - Monument Variant across all themes (variant: CI)
01:51 +477: C:/Users/Atharva Patil/AppData/Local/Temp/gymlog-session-2-isolated-_7ofw15r/test/golden/share_cards_golden_test.dart: DELT Share Card - Monument Variant across all themes (variant: CI)
01:52 +478: C:/Users/Atharva Patil/AppData/Local/Temp/gymlog-session-2-isolated-_7ofw15r/test/golden/share_cards_golden_test.dart: DELT Share Card - Technical Variant (variant: Windows)
01:52 +479: C:/Users/Atharva Patil/AppData/Local/Temp/gymlog-session-2-isolated-_7ofw15r/test/golden/share_cards_golden_test.dart: DELT Share Card - Technical Variant (variant: Windows)
01:52 +480: C:/Users/Atharva Patil/AppData/Local/Temp/gymlog-session-2-isolated-_7ofw15r/test/golden/share_cards_golden_test.dart: DELT Share Card - Technical Variant (variant: Windows)
01:52 +481: C:/Users/Atharva Patil/AppData/Local/Temp/gymlog-session-2-isolated-_7ofw15r/test/golden/share_cards_golden_test.dart: DELT Share Card - Technical Variant (variant: Windows)
01:52 +482: C:/Users/Atharva Patil/AppData/Local/Temp/gymlog-session-2-isolated-_7ofw15r/test/golden/share_cards_golden_test.dart: DELT Share Card - Technical Variant (variant: Windows)
01:52 +483: C:/Users/Atharva Patil/AppData/Local/Temp/gymlog-session-2-isolated-_7ofw15r/test/import/catalog_integrity_test.dart: real Hevy/Strong export names LINK to the catalog (no duplicates)
01:52 +484: C:/Users/Atharva Patil/AppData/Local/Temp/gymlog-session-2-isolated-_7ofw15r/test/golden/share_cards_golden_test.dart: DELT Share Card - Technical Variant (variant: CI)
01:52 +485: C:/Users/Atharva Patil/AppData/Local/Temp/gymlog-session-2-isolated-_7ofw15r/test/golden/share_cards_golden_test.dart: DELT Share Card - Sticker Variant (Alpha Background) (variant: Windows)
01:53 +486: C:/Users/Atharva Patil/AppData/Local/Temp/gymlog-session-2-isolated-_7ofw15r/test/golden/share_cards_golden_test.dart: DELT Share Card - Sticker Variant (Alpha Background) (variant: CI)
01:53 +487: C:/Users/Atharva Patil/AppData/Local/Temp/gymlog-session-2-isolated-_7ofw15r/test/import/csv_codec_test.dart: CsvCodec.detectDelimiter picks comma for a Hevy-style header
01:53 +488: C:/Users/Atharva Patil/AppData/Local/Temp/gymlog-session-2-isolated-_7ofw15r/test/import/csv_codec_test.dart: CsvCodec.detectDelimiter picks semicolon for a Strong-style header
01:53 +489: C:/Users/Atharva Patil/AppData/Local/Temp/gymlog-session-2-isolated-_7ofw15r/test/import/csv_codec_test.dart: CsvCodec.detectDelimiter picks tab for a TSV header (Hevy Pro)
01:53 +490: C:/Users/Atharva Patil/AppData/Local/Temp/gymlog-session-2-isolated-_7ofw15r/test/import/csv_codec_test.dart: CsvCodec.detectDelimiter ignores delimiters that appear only inside quotes
01:53 +491: C:/Users/Atharva Patil/AppData/Local/Temp/gymlog-session-2-isolated-_7ofw15r/test/import/csv_codec_test.dart: CsvCodec.parse strips a leading UTF-8 BOM
01:53 +492: C:/Users/Atharva Patil/AppData/Local/Temp/gymlog-session-2-isolated-_7ofw15r/test/import/csv_codec_test.dart: CsvCodec.parse keeps commas inside quoted fields
01:53 +493: C:/Users/Atharva Patil/AppData/Local/Temp/gymlog-session-2-isolated-_7ofw15r/test/import/csv_codec_test.dart: CsvCodec.parse unescapes doubled quotes
01:53 +494: C:/Users/Atharva Patil/AppData/Local/Temp/gymlog-session-2-isolated-_7ofw15r/test/import/csv_codec_test.dart: CsvCodec.parse handles embedded newlines within quotes
01:53 +495: C:/Users/Atharva Patil/AppData/Local/Temp/gymlog-session-2-isolated-_7ofw15r/test/import/csv_codec_test.dart: CsvCodec.parse handles CRLF line endings and drops blank lines
01:53 +496: C:/Users/Atharva Patil/AppData/Local/Temp/gymlog-session-2-isolated-_7ofw15r/test/import/csv_codec_test.dart: CsvCodec.parse parses empty trailing cells
01:54 +497: C:/Users/Atharva Patil/AppData/Local/Temp/gymlog-session-2-isolated-_7ofw15r/test/import/exercise_matcher_test.dart: exact match (case-insensitive)
01:54 +498: C:/Users/Atharva Patil/AppData/Local/Temp/gymlog-session-2-isolated-_7ofw15r/test/import/exercise_matcher_test.dart: word-order independent: parenthetical ↔ prefixed equipment
01:54 +499: C:/Users/Atharva Patil/AppData/Local/Temp/gymlog-session-2-isolated-_7ofw15r/test/import/exercise_matcher_test.dart: equipment is preserved (no cross-equipment link)
01:54 +500: C:/Users/Atharva Patil/AppData/Local/Temp/gymlog-session-2-isolated-_7ofw15r/test/import/exercise_matcher_test.dart: equipment-less import name links to the single movement match
01:54 +501: C:/Users/Atharva Patil/AppData/Local/Temp/gymlog-session-2-isolated-_7ofw15r/test/import/exercise_matcher_test.dart: returns null when the movement is unknown
01:54 +502: C:/Users/Atharva Patil/AppData/Local/Temp/gymlog-session-2-isolated-_7ofw15r/test/import/exercise_matcher_test.dart: movementKey strips equipment and ignores word order
01:54 +503: C:/Users/Atharva Patil/AppData/Local/Temp/gymlog-session-2-isolated-_7ofw15r/test/import/exercise_matcher_test.dart: equipFromName reads parenthetical or prefixed equipment
01:56 +504: C:/Users/Atharva Patil/AppData/Local/Temp/gymlog-session-2-isolated-_7ofw15r/test/import/export_roundtrip_test.dart: (setUpAll)
01:56 +504: C:/Users/Atharva Patil/AppData/Local/Temp/gymlog-session-2-isolated-_7ofw15r/test/import/export_roundtrip_test.dart: ATOMIC-06: Lossless GymLog v2 Import/Export Round-Trip Round-trip invariant: decode(encode(workout)) preserves full history
WARNING (drift): It looks like you've created the database class AppDatabase multiple times. When these two databases use the same QueryExecutor, race conditions will occur and might corrupt the database. 
Try to follow the advice at https://drift.simonbinder.eu/faq/#using-the-database or, if you know what you're doing, set driftRuntimeOptions.dontWarnAboutMultipleDatabases = true
Here is the stacktrace from when the database was opened a second time:
#0      GeneratedDatabase._handleInstantiated (package:drift/src/runtime/api/db_base.dart:96:30)
#1      GeneratedDatabase._whenConstructed (package:drift/src/runtime/api/db_base.dart:73:12)
#2      new GeneratedDatabase (package:drift/src/runtime/api/db_base.dart:64:5)
#3      new _$AppDatabase (package:gymlog/core/database/database.g.dart:4170:36)
#4      new AppDatabase.forTesting (package:gymlog/core/database/database.dart)
#5      main.<anonymous closure>.<anonymous closure> (file:///C:/Users/Atharva%20Patil/AppData/Local/Temp/gymlog-session-2-isolated-_7ofw15r/test/import/export_roundtrip_test.dart:199:31)
<asynchronous suspension>
#6      Declarer.test.<anonymous closure>.<anonymous closure> (package:test_api/src/backend/declarer.dart:253:15)
<asynchronous suspension>
#7      Declarer.test.<anonymous closure> (package:test_api/src/backend/declarer.dart:250:11)
<asynchronous suspension>
#8      Invoker._waitForOutstandingCallbacks.<anonymous closure> (package:test_api/src/backend/invoker.dart:318:9)
<asynchronous suspension>
This warning will only appear on debug builds.
01:56 +505: C:/Users/Atharva Patil/AppData/Local/Temp/gymlog-session-2-isolated-_7ofw15r/test/import/export_roundtrip_test.dart: ATOMIC-06: Lossless GymLog v2 Import/Export Round-Trip v1 GymLog CSV remains readable
01:56 +506: C:/Users/Atharva Patil/AppData/Local/Temp/gymlog-session-2-isolated-_7ofw15r/test/import/export_roundtrip_test.dart: ATOMIC-06: Lossless GymLog v2 Import/Export Round-Trip unsupported future version throws explicit ImportException
01:56 +507: C:/Users/Atharva Patil/AppData/Local/Temp/gymlog-session-2-isolated-_7ofw15r/test/import/export_roundtrip_test.dart: ATOMIC-06: Lossless GymLog v2 Import/Export Round-Trip missing required v2 columns throws explicit ImportException
01:56 +508: C:/Users/Atharva Patil/AppData/Local/Temp/gymlog-session-2-isolated-_7ofw15r/test/import/export_roundtrip_test.dart: (tearDownAll)
01:56 +508: C:/Users/Atharva Patil/AppData/Local/Temp/gymlog-session-2-isolated-_7ofw15r/test/import/import_cluster_regression_test.dart: (setUpAll)
01:56 +508: C:/Users/Atharva Patil/AppData/Local/Temp/gymlog-session-2-isolated-_7ofw15r/test/import/import_cluster_regression_test.dart: CP-A: GymLog v2 rows are metric-validated (no silent garbage) a weight_and_reps row missing weight warns and skips
01:56 +509: C:/Users/Atharva Patil/AppData/Local/Temp/gymlog-session-2-isolated-_7ofw15r/test/import/import_cluster_regression_test.dart: CP-A: GymLog v2 rows are metric-validated (no silent garbage) a reps_only row missing reps warns and skips
01:56 +510: C:/Users/Atharva Patil/AppData/Local/Temp/gymlog-session-2-isolated-_7ofw15r/test/import/import_cluster_regression_test.dart: CP-B: UTC export dates come back as local wall-clock UTC-suffixed startedAt is converted to local on parse
01:56 +511: C:/Users/Atharva Patil/AppData/Local/Temp/gymlog-session-2-isolated-_7ofw15r/test/import/import_cluster_regression_test.dart: CP-C: case-insensitive session grouping same workout name in different case collapses to one session
01:56 +512: C:/Users/Atharva Patil/AppData/Local/Temp/gymlog-session-2-isolated-_7ofw15r/test/import/import_cluster_regression_test.dart: IM-A: kg is the default assumed unit parser defaults a unitless Strong file to kg
01:56 +513: C:/Users/Atharva Patil/AppData/Local/Temp/gymlog-session-2-isolated-_7ofw15r/test/import/import_cluster_regression_test.dart: IM-B: progress counts only importable sessions a duplicate does not move the progress counter
01:57 +514: C:/Users/Atharva Patil/AppData/Local/Temp/gymlog-session-2-isolated-_7ofw15r/test/import/import_cluster_regression_test.dart: IM-B: progress counts only importable sessions two fresh sessions report 2 of 2
01:57 +515: C:/Users/Atharva Patil/AppData/Local/Temp/gymlog-session-2-isolated-_7ofw15r/test/import/import_cluster_regression_test.dart: IM-C: cancel mid-import returns partial result isCancelled after the first session stops the rest
01:57 +516: C:/Users/Atharva Patil/AppData/Local/Temp/gymlog-session-2-isolated-_7ofw15r/test/import/import_cluster_regression_test.dart: IM-H: custom exercises roll back with a failing session a failed session transaction leaves no orphan custom exercise
01:57 +517: C:/Users/Atharva Patil/AppData/Local/Temp/gymlog-session-2-isolated-_7ofw15r/test/import/import_cluster_regression_test.dart: IM-I: honest partial-import reporting first session commits, second fails, partial result kept
01:57 +518: C:/Users/Atharva Patil/AppData/Local/Temp/gymlog-session-2-isolated-_7ofw15r/test/import/import_cluster_regression_test.dart: IM-2: template CSV round-trips template parses as GymLog v2 with one weight_and_reps set
01:57 +519: C:/Users/Atharva Patil/AppData/Local/Temp/gymlog-session-2-isolated-_7ofw15r/test/import/import_cluster_regression_test.dart: (tearDownAll)
01:57 +519: C:/Users/Atharva Patil/AppData/Local/Temp/gymlog-session-2-isolated-_7ofw15r/test/import/import_screen_polish_test.dart: _Banner renders with AppRadius.cardAll and semantic label
01:58 +520: C:/Users/Atharva Patil/AppData/Local/Temp/gymlog-session-2-isolated-_7ofw15r/test/import/import_service_test.dart: imports the Hevy export into the local database
01:59 +521: C:/Users/Atharva Patil/AppData/Local/Temp/gymlog-session-2-isolated-_7ofw15r/test/import/import_service_test.dart: imports the Hevy export into the local database
01:59 +522: C:/Users/Atharva Patil/AppData/Local/Temp/gymlog-session-2-isolated-_7ofw15r/test/import/import_service_test.dart: imports the Hevy export into the local database
01:59 +523: C:/Users/Atharva Patil/AppData/Local/Temp/gymlog-session-2-isolated-_7ofw15r/test/import/import_service_test.dart: stores weights in kilograms when importing a Strong (lbs) export
01:59 +524: C:/Users/Atharva Patil/AppData/Local/Temp/gymlog-session-2-isolated-_7ofw15r/test/import/import_service_test.dart: re-importing the same file is idempotent
01:59 +525: C:/Users/Atharva Patil/AppData/Local/Temp/gymlog-session-2-isolated-_7ofw15r/test/import/import_service_test.dart: preview reports the same shape without writing anything
01:59 +526: C:/Users/Atharva Patil/AppData/Local/Temp/gymlog-session-2-isolated-_7ofw15r/test/import/import_service_test.dart: (tearDownAll)
01:59 +526: C:/Users/Atharva Patil/AppData/Local/Temp/gymlog-session-2-isolated-_7ofw15r/test/import/muscle_taxonomy_test.dart: parent groups exist and are ordered
01:59 +527: C:/Users/Atharva Patil/AppData/Local/Temp/gymlog-session-2-isolated-_7ofw15r/test/import/muscle_taxonomy_test.dart: specific muscle resolves to its parent group
01:59 +528: C:/Users/Atharva Patil/AppData/Local/Temp/gymlog-session-2-isolated-_7ofw15r/test/import/muscle_taxonomy_test.dart: specific muscle resolves to its coarse region
01:59 +529: C:/Users/Atharva Patil/AppData/Local/Temp/gymlog-session-2-isolated-_7ofw15r/test/import/muscle_taxonomy_test.dart: parent → child lists are populated (e.g. Back)
01:59 +530: C:/Users/Atharva Patil/AppData/Local/Temp/gymlog-session-2-isolated-_7ofw15r/test/import/muscle_taxonomy_test.dart: unknown muscle falls back gracefully
02:00 +531: C:/Users/Atharva Patil/AppData/Local/Temp/gymlog-session-2-isolated-_7ofw15r/test/import/workout_csv_parser_test.dart: Hevy parses sessions, sets, and kg volume from a real export
02:00 +532: C:/Users/Atharva Patil/AppData/Local/Temp/gymlog-session-2-isolated-_7ofw15r/test/import/workout_csv_parser_test.dart: Hevy respects the explicit set_type column (no warmups here)
02:00 +533: C:/Users/Atharva Patil/AppData/Local/Temp/gymlog-session-2-isolated-_7ofw15r/test/import/workout_csv_parser_test.dart: Hevy orders sets 0-based and contiguous within each exercise
02:00 +534: C:/Users/Atharva Patil/AppData/Local/Temp/gymlog-session-2-isolated-_7ofw15r/test/import/workout_csv_parser_test.dart: Hevy reads weight_lbs header variant and converts to kg
02:00 +535: C:/Users/Atharva Patil/AppData/Local/Temp/gymlog-session-2-isolated-_7ofw15r/test/import/workout_csv_parser_test.dart: Strong parses semicolon export and converts lbs → kg
02:00 +536: C:/Users/Atharva Patil/AppData/Local/Temp/gymlog-session-2-isolated-_7ofw15r/test/import/workout_csv_parser_test.dart: Strong infers warmups from the Notes column
02:00 +537: C:/Users/Atharva Patil/AppData/Local/Temp/gymlog-session-2-isolated-_7ofw15r/test/import/workout_csv_parser_test.dart: Strong derives session end time from Workout Duration
02:00 +538: C:/Users/Atharva Patil/AppData/Local/Temp/gymlog-session-2-isolated-_7ofw15r/test/import/workout_csv_parser_test.dart: Strong flags an assumed unit when Weight Unit column is missing
02:00 +539: C:/Users/Atharva Patil/AppData/Local/Temp/gymlog-session-2-isolated-_7ofw15r/test/import/workout_csv_parser_test.dart: cross-check Hevy and Strong files describe the same training volume
02:00 +540: C:/Users/Atharva Patil/AppData/Local/Temp/gymlog-session-2-isolated-_7ofw15r/test/import/workout_csv_parser_test.dart: errors throws on an unrecognised header
02:00 +541: C:/Users/Atharva Patil/AppData/Local/Temp/gymlog-session-2-isolated-_7ofw15r/test/import/workout_csv_parser_test.dart: errors throws on an empty file
02:01 +542: C:/Users/Atharva Patil/AppData/Local/Temp/gymlog-session-2-isolated-_7ofw15r/test/legal_consistency_test.dart: Legal URLs are valid and secure HTTPS links
02:03 +543: C:/Users/Atharva Patil/AppData/Local/Temp/gymlog-session-2-isolated-_7ofw15r/test/muscle_load_bar_accent_test.dart: legend dots equal the higgsfield (Volt, app default) ramp
02:03 +544: C:/Users/Atharva Patil/AppData/Local/Temp/gymlog-session-2-isolated-_7ofw15r/test/muscle_load_bar_accent_test.dart: legend dots equal the higgsfield (Volt, app default) ramp
02:03 +545: C:/Users/Atharva Patil/AppData/Local/Temp/gymlog-session-2-isolated-_7ofw15r/test/muscle_load_bar_accent_test.dart: legend dots equal the neonPurple ramp
02:04 +546: C:/Users/Atharva Patil/AppData/Local/Temp/gymlog-session-2-isolated-_7ofw15r/test/muscle_load_bar_accent_test.dart: no legend dot uses the legacy static purple literal
02:04 +547: C:/Users/Atharva Patil/AppData/Local/Temp/gymlog-session-2-isolated-_7ofw15r/test/muscle_load_bar_accent_test.dart: legend caps at 3 items and shows +N overflow text
02:04 +548: C:/Users/Atharva Patil/AppData/Local/Temp/gymlog-session-2-isolated-_7ofw15r/test/muscle_load_bar_accent_test.dart: empty entries render nothing
02:04 +549: C:/Users/Atharva Patil/AppData/Local/Temp/gymlog-session-2-isolated-_7ofw15r/test/no_equipment_logging_certification_test.dart: ATOMIC-RC3-06 No-Equipment Logging End-to-End Certification Logs push-up and pull-up exercises without weight and exports cleanly
02:05 +550: C:/Users/Atharva Patil/AppData/Local/Temp/gymlog-session-2-isolated-_7ofw15r/test/performance/bounded_cache_and_startup_test.dart: (setUpAll)
02:05 +550: C:/Users/Atharva Patil/AppData/Local/Temp/gymlog-session-2-isolated-_7ofw15r/test/performance/bounded_cache_and_startup_test.dart: ATOMIC-11: Bounded Exercise Media Cache & Nonblocking Startup 1. Cache object limit is configured to 160 objects
02:06 +551: C:/Users/Atharva Patil/AppData/Local/Temp/gymlog-session-2-isolated-_7ofw15r/test/performance/bounded_cache_and_startup_test.dart: ATOMIC-11: Bounded Exercise Media Cache & Nonblocking Startup 2. Maintenance policy runs safely
[ExerciseMediaCacheManager] cache dir resolve error: MissingPluginException(No implementation found for method getTemporaryDirectory on channel plugins.flutter.io/path_provider)
02:06 +552: C:/Users/Atharva Patil/AppData/Local/Temp/gymlog-session-2-isolated-_7ofw15r/test/performance/bounded_cache_and_startup_test.dart: ATOMIC-11: Bounded Exercise Media Cache & Nonblocking Startup 3. Reduced-motion GIF behavior renders static poster/frame
02:06 +553: C:/Users/Atharva Patil/AppData/Local/Temp/gymlog-session-2-isolated-_7ofw15r/test/performance/bounded_cache_and_startup_test.dart: ATOMIC-11: Bounded Exercise Media Cache & Nonblocking Startup 4. Cancellation on widget unmount leaves no memory leak
02:07 +554: C:/Users/Atharva Patil/AppData/Local/Temp/gymlog-session-2-isolated-_7ofw15r/test/performance/bounded_cache_and_startup_test.dart: ATOMIC-11: Bounded Exercise Media Cache & Nonblocking Startup 5. Offline startup proceeds immediately without cloud
02:07 +555: C:/Users/Atharva Patil/AppData/Local/Temp/gymlog-session-2-isolated-_7ofw15r/test/premium/strict_entitlement_verification_test.dart: ATOMIC-08: Strict Premium Entitlement Verification 1. Required entitlement ("premium") active returns true
02:07 +556: C:/Users/Atharva Patil/AppData/Local/Temp/gymlog-session-2-isolated-_7ofw15r/test/premium/strict_entitlement_verification_test.dart: ATOMIC-08: Strict Premium Entitlement Verification 1. Required entitlement ("premium") active returns true
02:07 +557: C:/Users/Atharva Patil/AppData/Local/Temp/gymlog-session-2-isolated-_7ofw15r/test/premium/strict_entitlement_verification_test.dart: ATOMIC-08: Strict Premium Entitlement Verification 1. Required entitlement ("premium") active returns true
02:07 +558: C:/Users/Atharva Patil/AppData/Local/Temp/gymlog-session-2-isolated-_7ofw15r/test/premium/strict_entitlement_verification_test.dart: ATOMIC-08: Strict Premium Entitlement Verification 1. Required entitlement ("premium") active returns true
02:07 +559: C:/Users/Atharva Patil/AppData/Local/Temp/gymlog-session-2-isolated-_7ofw15r/test/premium/strict_entitlement_verification_test.dart: ATOMIC-08: Strict Premium Entitlement Verification 1. Required entitlement ("premium") active returns true
02:07 +560: C:/Users/Atharva Patil/AppData/Local/Temp/gymlog-session-2-isolated-_7ofw15r/test/premium/strict_entitlement_verification_test.dart: ATOMIC-08: Strict Premium Entitlement Verification 1. Required entitlement ("premium") active returns true
02:07 +561: C:/Users/Atharva Patil/AppData/Local/Temp/gymlog-session-2-isolated-_7ofw15r/test/premium/strict_entitlement_verification_test.dart: ATOMIC-08: Strict Premium Entitlement Verification 2. Unrelated entitlement ("gold" or "pro_tier") active returns false
02:07 +562: C:/Users/Atharva Patil/AppData/Local/Temp/gymlog-session-2-isolated-_7ofw15r/test/premium/strict_entitlement_verification_test.dart: ATOMIC-08: Strict Premium Entitlement Verification 3. Empty entitlement map returns false
02:07 +563: C:/Users/Atharva Patil/AppData/Local/Temp/gymlog-session-2-isolated-_7ofw15r/test/premium/strict_entitlement_verification_test.dart: ATOMIC-08: Strict Premium Entitlement Verification 4. Expiration check in isPremiumProvider rejects expired profile cache
02:07 +564: C:/Users/Atharva Patil/AppData/Local/Temp/gymlog-session-2-isolated-_7ofw15r/test/premium/strict_entitlement_verification_test.dart: ATOMIC-08: Strict Premium Entitlement Verification 5. Valid unexpired profile cache returns true when RevenueCat unavailable
02:07 +565: C:/Users/Atharva Patil/AppData/Local/Temp/gymlog-session-2-isolated-_7ofw15r/test/premium/strict_entitlement_verification_test.dart: ATOMIC-08: Strict Premium Entitlement Verification 6. Account A (premium) to Account B (free) transition does not leak entitlement
02:07 +566: C:/Users/Atharva Patil/AppData/Local/Temp/gymlog-session-2-isolated-_7ofw15r/test/premium/strict_entitlement_verification_test.dart: ATOMIC-08: Strict Premium Entitlement Verification 7. Stale local cache with null expiry but isPremium=false is rejected
02:07 +567: C:/Users/Atharva Patil/AppData/Local/Temp/gymlog-session-2-isolated-_7ofw15r/test/pressable_scale_test.dart: forwards taps to the child (does not steal the gesture)
02:08 +568: C:/Users/Atharva Patil/AppData/Local/Temp/gymlog-session-2-isolated-_7ofw15r/test/pressable_scale_test.dart: press squeezes, release springs back
02:08 +569: C:/Users/Atharva Patil/AppData/Local/Temp/gymlog-session-2-isolated-_7ofw15r/test/pressable_scale_test.dart: reduce motion → no squeeze
02:09 +570: C:/Users/Atharva Patil/AppData/Local/Temp/gymlog-session-2-isolated-_7ofw15r/test/profile/help_report_form_test.dart: UX-95-03 — Adaptive Help report form renders fields at default text scale
02:10 +571: C:/Users/Atharva Patil/AppData/Local/Temp/gymlog-session-2-isolated-_7ofw15r/test/profile/help_report_form_test.dart: UX-95-03 — Adaptive Help report form renders at max text scale in scrollable container
02:10 +572: C:/Users/Atharva Patil/AppData/Local/Temp/gymlog-session-2-isolated-_7ofw15r/test/profile_cluster_polish_test.dart: ProfileAvatar fallback displays display name letter
02:11 +573: C:/Users/Atharva Patil/AppData/Local/Temp/gymlog-session-2-isolated-_7ofw15r/test/profile_cluster_polish_test.dart: WeeklyBarChart low-data comparison view dynamic colors
02:11 +574: C:/Users/Atharva Patil/AppData/Local/Temp/gymlog-session-2-isolated-_7ofw15r/test/profile_cluster_polish_test.dart: PremiumPaywall UI headline resolves and sheet themes dynamically
02:11 +575: C:/Users/Atharva Patil/AppData/Local/Temp/gymlog-session-2-isolated-_7ofw15r/test/profile_cluster_polish_test.dart: PremiumPaywall UI headline resolves and sheet themes dynamically
02:11 +576: C:/Users/Atharva Patil/AppData/Local/Temp/gymlog-session-2-isolated-_7ofw15r/test/profile_cluster_polish_test.dart: PremiumPaywall UI headline resolves and sheet themes dynamically
02:11 +576: C:/Users/Atharva Patil/AppData/Local/Temp/gymlog-session-2-isolated-_7ofw15r/test/profile_sync_service_test.dart: submitDisplayName keeps local + queues when remote is offline, retry delivers later
[ProfileSyncService] Remote sync failed: Exception: offline
#0      FakeRemote.upsert (file:///C:/Users/Atharva%20Patil/AppData/Local/Temp/gymlog-session-2-isolated-_7ofw15r/test/profile_sync_service_test.dart:38:19)
#1      ProfileSyncService._flushPendingOrThrow (package:gymlog/core/services/profile_sync_service.dart:195:10)
<asynchronous suspension>
#2      ProfileSyncService.submitDisplayName (package:gymlog/core/services/profile_sync_service.dart:80:7)
<asynchronous suspension>
#3      main.<anonymous closure>.<anonymous closure> (file:///C:/Users/Atharva%20Patil/AppData/Local/Temp/gymlog-session-2-isolated-_7ofw15r/test/profile_sync_service_test.dart:101:7)
<asynchronous suspension>
#4      Declarer.test.<anonymous closure>.<anonymous closure> (package:test_api/src/backend/declarer.dart:253:15)
<asynchronous suspension>
#5      Declarer.test.<anonymous closure> (package:test_api/src/backend/declarer.dart:250:11)
<asynchronous suspension>
#6      Invoker._waitForOutstandingCallbacks.<anonymous closure> (package:test_api/src/backend/invoker.dart:318:9)
<asynchronous suspension>

02:11 +577: C:/Users/Atharva Patil/AppData/Local/Temp/gymlog-session-2-isolated-_7ofw15r/test/profile_cluster_polish_test.dart: PremiumPaywall UI headline resolves and sheet themes dynamically
02:11 +578: C:/Users/Atharva Patil/AppData/Local/Temp/gymlog-session-2-isolated-_7ofw15r/test/profile_cluster_polish_test.dart: PremiumPaywall UI headline resolves and sheet themes dynamically
02:11 +579: C:/Users/Atharva Patil/AppData/Local/Temp/gymlog-session-2-isolated-_7ofw15r/test/profile_cluster_polish_test.dart: PremiumPaywall UI headline resolves and sheet themes dynamically
02:11 +580: C:/Users/Atharva Patil/AppData/Local/Temp/gymlog-session-2-isolated-_7ofw15r/test/profile_cluster_polish_test.dart: PremiumPaywall UI headline resolves and sheet themes dynamically
02:11 +581: C:/Users/Atharva Patil/AppData/Local/Temp/gymlog-session-2-isolated-_7ofw15r/test/profile_cluster_polish_test.dart: PremiumPaywall UI headline resolves and sheet themes dynamically
02:11 +582: C:/Users/Atharva Patil/AppData/Local/Temp/gymlog-session-2-isolated-_7ofw15r/test/profile_cluster_polish_test.dart: PremiumPaywall UI headline resolves and sheet themes dynamically
02:11 +583: C:/Users/Atharva Patil/AppData/Local/Temp/gymlog-session-2-isolated-_7ofw15r/test/profile_cluster_polish_test.dart: PremiumPaywall UI headline resolves and sheet themes dynamically
02:11 +584: C:/Users/Atharva Patil/AppData/Local/Temp/gymlog-session-2-isolated-_7ofw15r/test/profile_cluster_polish_test.dart: PremiumPaywall UI headline resolves and sheet themes dynamically
02:11 +585: C:/Users/Atharva Patil/AppData/Local/Temp/gymlog-session-2-isolated-_7ofw15r/test/profile_cluster_polish_test.dart: PremiumPaywall UI headline resolves and sheet themes dynamically
02:12 +586: C:/Users/Atharva Patil/AppData/Local/Temp/gymlog-session-2-isolated-_7ofw15r/test/profile_cluster_polish_test.dart: OnboardingScreen resolves colors and borders under dark theme
02:12 +587: C:/Users/Atharva Patil/AppData/Local/Temp/gymlog-session-2-isolated-_7ofw15r/test/profile_cluster_polish_test.dart: OnboardingScreen resolves colors and borders under light theme
02:12 +588: C:/Users/Atharva Patil/AppData/Local/Temp/gymlog-session-2-isolated-_7ofw15r/test/profile_weekly_bar_chart_test.dart: ProfileGraphEmptyState renders title, subtitle and CTA
02:13 +589: C:/Users/Atharva Patil/AppData/Local/Temp/gymlog-session-2-isolated-_7ofw15r/test/profile_weekly_bar_chart_test.dart: GraphKpiHeader shows latest value and "This week" caption always when data exists
02:13 +590: C:/Users/Atharva Patil/AppData/Local/Temp/gymlog-session-2-isolated-_7ofw15r/test/profile_weekly_bar_chart_test.dart: GraphKpiHeader hides delta pill when fewer than 4 filled weeks have data
02:13 +591: C:/Users/Atharva Patil/AppData/Local/Temp/gymlog-session-2-isolated-_7ofw15r/test/profile_weekly_bar_chart_test.dart: GraphKpiHeader shows delta pill once 4+ filled weeks have data
02:14 +592: C:/Users/Atharva Patil/AppData/Local/Temp/gymlog-session-2-isolated-_7ofw15r/test/profile_weekly_bar_chart_test.dart: GraphKpiHeader shows neutral dash in delta pill when previous week value is zero
02:14 +593: C:/Users/Atharva Patil/AppData/Local/Temp/gymlog-session-2-isolated-_7ofw15r/test/profile_weekly_bar_chart_test.dart: WeeklyBarChart renders 8 weekly x-axis labels
02:14 +594: C:/Users/Atharva Patil/AppData/Local/Temp/gymlog-session-2-isolated-_7ofw15r/test/profile_weekly_bar_chart_test.dart: WeeklyBarChart uses duration unit on Y-axis for duration metric
02:14 +595: C:/Users/Atharva Patil/AppData/Local/Temp/gymlog-session-2-isolated-_7ofw15r/test/profile_weekly_bar_chart_test.dart: WeeklyBarChart uses compact numbers on Y-axis for volume metric
02:14 +596: C:/Users/Atharva Patil/AppData/Local/Temp/gymlog-session-2-isolated-_7ofw15r/test/profile_weekly_bar_chart_test.dart: WeeklyBarChart shows comparison view when fewer than 4 filled weeks
02:14 +597: C:/Users/Atharva Patil/AppData/Local/Temp/gymlog-session-2-isolated-_7ofw15r/test/profile_weekly_bar_chart_test.dart: ProfileGraphLowDataBanner renders info message
02:14 +598: C:/Users/Atharva Patil/AppData/Local/Temp/gymlog-session-2-isolated-_7ofw15r/test/pr_detection_defects_test.dart: PR detection defects audit DEFECT: warm-up set must NOT be marked as a PR
02:14 +599: C:/Users/Atharva Patil/AppData/Local/Temp/gymlog-session-2-isolated-_7ofw15r/test/pr_detection_defects_test.dart: PR detection defects audit DEFECT: lighter subsequent set in the same workout must NOT receive duplicate PR
02:14 +600: C:/Users/Atharva Patil/AppData/Local/Temp/gymlog-session-2-isolated-_7ofw15r/test/pr_detection_defects_test.dart: PR detection defects audit DEFECT: high-rep endurance set (reps > 15) must NOT award inflated Epley 1RM PR
02:15 +601: C:/Users/Atharva Patil/AppData/Local/Temp/gymlog-session-2-isolated-_7ofw15r/test/radius_token_test.dart: DeleteAccountScreen danger chip and _SectionCard use correct AppRadius tokens
02:16 +601: C:/Users/Atharva Patil/AppData/Local/Temp/gymlog-session-2-isolated-_7ofw15r/test/reorder_exercise_test.dart: move first item down (A→index 2): B, C, A, D
[WorkoutDraftStore] save failed: Binding has not yet been initialized.
The "instance" getter on the ServicesBinding binding mixin is only available once that binding has been initialized.
Typically, this is done by calling "WidgetsFlutterBinding.ensureInitialized()" or "runApp()" (the latter calls the former). Typically this call is done in the "void main()" method. The "ensureInitialized" method is idempotent; calling it multiple times is not harmful. After calling that method, the "instance" getter will return the binding.
In a test, one can call "TestWidgetsFlutterBinding.ensureInitialized()" as the first line in the test's "main()" method to initialize the binding.
If ServicesBinding is a custom binding mixin, there must also be a custom binding class, like WidgetsFlutterBinding, but that mixes in the selected binding, and that is the class that must be constructed before using the "instance" getter.
[WorkoutDraftStore] save failed: Binding has not yet been initialized.
The "instance" getter on the ServicesBinding binding mixin is only available once that binding has been initialized.
Typically, this is done by calling "WidgetsFlutterBinding.ensureInitialized()" or "runApp()" (the latter calls the former). Typically this call is done in the "void main()" method. The "ensureInitialized" method is idempotent; calling it multiple times is not harmful. After calling that method, the "instance" getter will return the binding.
In a test, one can call "TestWidgetsFlutterBinding.ensureInitialized()" as the first line in the test's "main()" method to initialize the binding.
If ServicesBinding is a custom binding mixin, there must also be a custom binding class, like WidgetsFlutterBinding, but that mixes in the selected binding, and that is the class that must be constructed before using the "instance" getter.
02:16 +602: C:/Users/Atharva Patil/AppData/Local/Temp/gymlog-session-2-isolated-_7ofw15r/test/radius_token_test.dart: DeleteAccountScreen danger chip and _SectionCard use correct AppRadius tokens
02:16 +602: C:/Users/Atharva Patil/AppData/Local/Temp/gymlog-session-2-isolated-_7ofw15r/test/reorder_exercise_test.dart: move last item to front (D→index 0): D, A, B, C
[WorkoutDraftStore] save failed: Binding has not yet been initialized.
The "instance" getter on the ServicesBinding binding mixin is only available once that binding has been initialized.
Typically, this is done by calling "WidgetsFlutterBinding.ensureInitialized()" or "runApp()" (the latter calls the former). Typically this call is done in the "void main()" method. The "ensureInitialized" method is idempotent; calling it multiple times is not harmful. After calling that method, the "instance" getter will return the binding.
In a test, one can call "TestWidgetsFlutterBinding.ensureInitialized()" as the first line in the test's "main()" method to initialize the binding.
If ServicesBinding is a custom binding mixin, there must also be a custom binding class, like WidgetsFlutterBinding, but that mixes in the selected binding, and that is the class that must be constructed before using the "instance" getter.
[WorkoutDraftStore] save failed: Binding has not yet been initialized.
The "instance" getter on the ServicesBinding binding mixin is only available once that binding has been initialized.
Typically, this is done by calling "WidgetsFlutterBinding.ensureInitialized()" or "runApp()" (the latter calls the former). Typically this call is done in the "void main()" method. The "ensureInitialized" method is idempotent; calling it multiple times is not harmful. After calling that method, the "instance" getter will return the binding.
In a test, one can call "TestWidgetsFlutterBinding.ensureInitialized()" as the first line in the test's "main()" method to initialize the binding.
If ServicesBinding is a custom binding mixin, there must also be a custom binding class, like WidgetsFlutterBinding, but that mixes in the selected binding, and that is the class that must be constructed before using the "instance" getter.
02:16 +603: C:/Users/Atharva Patil/AppData/Local/Temp/gymlog-session-2-isolated-_7ofw15r/test/radius_token_test.dart: DeleteAccountScreen danger chip and _SectionCard use correct AppRadius tokens
02:17 +603: C:/Users/Atharva Patil/AppData/Local/Temp/gymlog-session-2-isolated-_7ofw15r/test/reorder_exercise_test.dart: move middle up (C→index 1): A, C, B, D
[WorkoutDraftStore] save failed: Binding has not yet been initialized.
The "instance" getter on the ServicesBinding binding mixin is only available once that binding has been initialized.
Typically, this is done by calling "WidgetsFlutterBinding.ensureInitialized()" or "runApp()" (the latter calls the former). Typically this call is done in the "void main()" method. The "ensureInitialized" method is idempotent; calling it multiple times is not harmful. After calling that method, the "instance" getter will return the binding.
In a test, one can call "TestWidgetsFlutterBinding.ensureInitialized()" as the first line in the test's "main()" method to initialize the binding.
If ServicesBinding is a custom binding mixin, there must also be a custom binding class, like WidgetsFlutterBinding, but that mixes in the selected binding, and that is the class that must be constructed before using the "instance" getter.
[WorkoutDraftStore] save failed: Binding has not yet been initialized.
The "instance" getter on the ServicesBinding binding mixin is only available once that binding has been initialized.
Typically, this is done by calling "WidgetsFlutterBinding.ensureInitialized()" or "runApp()" (the latter calls the former). Typically this call is done in the "void main()" method. The "ensureInitialized" method is idempotent; calling it multiple times is not harmful. After calling that method, the "instance" getter will return the binding.
In a test, one can call "TestWidgetsFlutterBinding.ensureInitialized()" as the first line in the test's "main()" method to initialize the binding.
If ServicesBinding is a custom binding mixin, there must also be a custom binding class, like WidgetsFlutterBinding, but that mixes in the selected binding, and that is the class that must be constructed before using the "instance" getter.
02:17 +604: C:/Users/Atharva Patil/AppData/Local/Temp/gymlog-session-2-isolated-_7ofw15r/test/radius_token_test.dart: DeleteAccountScreen danger chip and _SectionCard use correct AppRadius tokens
02:17 +604: C:/Users/Atharva Patil/AppData/Local/Temp/gymlog-session-2-isolated-_7ofw15r/test/reorder_exercise_test.dart: out-of-range oldIndex is ignored (no throw, order intact)
[WorkoutDraftStore] save failed: Binding has not yet been initialized.
The "instance" getter on the ServicesBinding binding mixin is only available once that binding has been initialized.
Typically, this is done by calling "WidgetsFlutterBinding.ensureInitialized()" or "runApp()" (the latter calls the former). Typically this call is done in the "void main()" method. The "ensureInitialized" method is idempotent; calling it multiple times is not harmful. After calling that method, the "instance" getter will return the binding.
In a test, one can call "TestWidgetsFlutterBinding.ensureInitialized()" as the first line in the test's "main()" method to initialize the binding.
If ServicesBinding is a custom binding mixin, there must also be a custom binding class, like WidgetsFlutterBinding, but that mixes in the selected binding, and that is the class that must be constructed before using the "instance" getter.
02:17 +605: C:/Users/Atharva Patil/AppData/Local/Temp/gymlog-session-2-isolated-_7ofw15r/test/radius_token_test.dart: DeleteAccountScreen danger chip and _SectionCard use correct AppRadius tokens
02:17 +606: C:/Users/Atharva Patil/AppData/Local/Temp/gymlog-session-2-isolated-_7ofw15r/test/radius_token_test.dart: ExerciseSelectionScreen filter chip uses AppRadius.buttonSecondaryAll
02:18 +607: C:/Users/Atharva Patil/AppData/Local/Temp/gymlog-session-2-isolated-_7ofw15r/test/radius_token_test.dart: ExerciseSelectionScreen filter chip uses AppRadius.buttonSecondaryAll
02:18 +608: C:/Users/Atharva Patil/AppData/Local/Temp/gymlog-session-2-isolated-_7ofw15r/test/radius_token_test.dart: ExerciseSelectionScreen filter chip uses AppRadius.buttonSecondaryAll
02:18 +609: C:/Users/Atharva Patil/AppData/Local/Temp/gymlog-session-2-isolated-_7ofw15r/test/radius_token_test.dart: ExerciseSelectionScreen filter chip uses AppRadius.buttonSecondaryAll
02:18 +610: C:/Users/Atharva Patil/AppData/Local/Temp/gymlog-session-2-isolated-_7ofw15r/test/radius_token_test.dart: ExerciseSelectionScreen filter chip uses AppRadius.buttonSecondaryAll
02:18 +611: C:/Users/Atharva Patil/AppData/Local/Temp/gymlog-session-2-isolated-_7ofw15r/test/radius_token_test.dart: ExerciseSelectionScreen filter chip uses AppRadius.buttonSecondaryAll
02:18 +612: C:/Users/Atharva Patil/AppData/Local/Temp/gymlog-session-2-isolated-_7ofw15r/test/radius_token_test.dart: ExerciseSelectionScreen filter chip uses AppRadius.buttonSecondaryAll
02:18 +613: C:/Users/Atharva Patil/AppData/Local/Temp/gymlog-session-2-isolated-_7ofw15r/test/reps_only_exercise_test.dart: ActiveWorkoutNotifier Reps-Only & Switching Logic adding reps-only exercise initializes weightKg to null
[WorkoutDraftStore] save failed: Binding has not yet been initialized.
The "instance" getter on the ServicesBinding binding mixin is only available once that binding has been initialized.
Typically, this is done by calling "WidgetsFlutterBinding.ensureInitialized()" or "runApp()" (the latter calls the former). Typically this call is done in the "void main()" method. The "ensureInitialized" method is idempotent; calling it multiple times is not harmful. After calling that method, the "instance" getter will return the binding.
In a test, one can call "TestWidgetsFlutterBinding.ensureInitialized()" as the first line in the test's "main()" method to initialize the binding.
If ServicesBinding is a custom binding mixin, there must also be a custom binding class, like WidgetsFlutterBinding, but that mixes in the selected binding, and that is the class that must be constructed before using the "instance" getter.
[WorkoutDraftStore] save failed: Binding has not yet been initialized.
The "instance" getter on the ServicesBinding binding mixin is only available once that binding has been initialized.
Typically, this is done by calling "WidgetsFlutterBinding.ensureInitialized()" or "runApp()" (the latter calls the former). Typically this call is done in the "void main()" method. The "ensureInitialized" method is idempotent; calling it multiple times is not harmful. After calling that method, the "instance" getter will return the binding.
In a test, one can call "TestWidgetsFlutterBinding.ensureInitialized()" as the first line in the test's "main()" method to initialize the binding.
If ServicesBinding is a custom binding mixin, there must also be a custom binding class, like WidgetsFlutterBinding, but that mixes in the selected binding, and that is the class that must be constructed before using the "instance" getter.
02:18 +614: C:/Users/Atharva Patil/AppData/Local/Temp/gymlog-session-2-isolated-_7ofw15r/test/radius_token_test.dart: HomeScreen weekly loading card uses AppRadius.card
02:18 +614: C:/Users/Atharva Patil/AppData/Local/Temp/gymlog-session-2-isolated-_7ofw15r/test/reps_only_exercise_test.dart: ActiveWorkoutNotifier Reps-Only & Switching Logic adding weighted exercise initializes weightKg to 0.0
[WorkoutDraftStore] save failed: Binding has not yet been initialized.
The "instance" getter on the ServicesBinding binding mixin is only available once that binding has been initialized.
Typically, this is done by calling "WidgetsFlutterBinding.ensureInitialized()" or "runApp()" (the latter calls the former). Typically this call is done in the "void main()" method. The "ensureInitialized" method is idempotent; calling it multiple times is not harmful. After calling that method, the "instance" getter will return the binding.
In a test, one can call "TestWidgetsFlutterBinding.ensureInitialized()" as the first line in the test's "main()" method to initialize the binding.
If ServicesBinding is a custom binding mixin, there must also be a custom binding class, like WidgetsFlutterBinding, but that mixes in the selected binding, and that is the class that must be constructed before using the "instance" getter.
[WorkoutDraftStore] save failed: Binding has not yet been initialized.
The "instance" getter on the ServicesBinding binding mixin is only available once that binding has been initialized.
Typically, this is done by calling "WidgetsFlutterBinding.ensureInitialized()" or "runApp()" (the latter calls the former). Typically this call is done in the "void main()" method. The "ensureInitialized" method is idempotent; calling it multiple times is not harmful. After calling that method, the "instance" getter will return the binding.
In a test, one can call "TestWidgetsFlutterBinding.ensureInitialized()" as the first line in the test's "main()" method to initialize the binding.
If ServicesBinding is a custom binding mixin, there must also be a custom binding class, like WidgetsFlutterBinding, but that mixes in the selected binding, and that is the class that must be constructed before using the "instance" getter.
02:18 +615: C:/Users/Atharva Patil/AppData/Local/Temp/gymlog-session-2-isolated-_7ofw15r/test/radius_token_test.dart: HomeScreen weekly loading card uses AppRadius.card
02:19 +615: C:/Users/Atharva Patil/AppData/Local/Temp/gymlog-session-2-isolated-_7ofw15r/test/reps_only_exercise_test.dart: ActiveWorkoutNotifier Reps-Only & Switching Logic switching between weighted and reps-only respects target measurementType
[WorkoutDraftStore] save failed: Binding has not yet been initialized.
The "instance" getter on the ServicesBinding binding mixin is only available once that binding has been initialized.
Typically, this is done by calling "WidgetsFlutterBinding.ensureInitialized()" or "runApp()" (the latter calls the former). Typically this call is done in the "void main()" method. The "ensureInitialized" method is idempotent; calling it multiple times is not harmful. After calling that method, the "instance" getter will return the binding.
In a test, one can call "TestWidgetsFlutterBinding.ensureInitialized()" as the first line in the test's "main()" method to initialize the binding.
If ServicesBinding is a custom binding mixin, there must also be a custom binding class, like WidgetsFlutterBinding, but that mixes in the selected binding, and that is the class that must be constructed before using the "instance" getter.
[WorkoutDraftStore] save failed: Binding has not yet been initialized.
The "instance" getter on the ServicesBinding binding mixin is only available once that binding has been initialized.
Typically, this is done by calling "WidgetsFlutterBinding.ensureInitialized()" or "runApp()" (the latter calls the former). Typically this call is done in the "void main()" method. The "ensureInitialized" method is idempotent; calling it multiple times is not harmful. After calling that method, the "instance" getter will return the binding.
In a test, one can call "TestWidgetsFlutterBinding.ensureInitialized()" as the first line in the test's "main()" method to initialize the binding.
If ServicesBinding is a custom binding mixin, there must also be a custom binding class, like WidgetsFlutterBinding, but that mixes in the selected binding, and that is the class that must be constructed before using the "instance" getter.
[WorkoutDraftStore] save failed: Binding has not yet been initialized.
The "instance" getter on the ServicesBinding binding mixin is only available once that binding has been initialized.
Typically, this is done by calling "WidgetsFlutterBinding.ensureInitialized()" or "runApp()" (the latter calls the former). Typically this call is done in the "void main()" method. The "ensureInitialized" method is idempotent; calling it multiple times is not harmful. After calling that method, the "instance" getter will return the binding.
In a test, one can call "TestWidgetsFlutterBinding.ensureInitialized()" as the first line in the test's "main()" method to initialize the binding.
If ServicesBinding is a custom binding mixin, there must also be a custom binding class, like WidgetsFlutterBinding, but that mixes in the selected binding, and that is the class that must be constructed before using the "instance" getter.
[WorkoutDraftStore] save failed: Binding has not yet been initialized.
The "instance" getter on the ServicesBinding binding mixin is only available once that binding has been initialized.
Typically, this is done by calling "WidgetsFlutterBinding.ensureInitialized()" or "runApp()" (the latter calls the former). Typically this call is done in the "void main()" method. The "ensureInitialized" method is idempotent; calling it multiple times is not harmful. After calling that method, the "instance" getter will return the binding.
In a test, one can call "TestWidgetsFlutterBinding.ensureInitialized()" as the first line in the test's "main()" method to initialize the binding.
If ServicesBinding is a custom binding mixin, there must also be a custom binding class, like WidgetsFlutterBinding, but that mixes in the selected binding, and that is the class that must be constructed before using the "instance" getter.
02:19 +616: C:/Users/Atharva Patil/AppData/Local/Temp/gymlog-session-2-isolated-_7ofw15r/test/radius_token_test.dart: HomeScreen weekly loading card uses AppRadius.card
02:19 +616: C:/Users/Atharva Patil/AppData/Local/Temp/gymlog-session-2-isolated-_7ofw15r/test/reps_only_exercise_test.dart: ActiveWorkoutNotifier Reps-Only & Switching Logic sessionTotals volume calculation ignores null weights
[WorkoutDraftStore] save failed: Binding has not yet been initialized.
The "instance" getter on the ServicesBinding binding mixin is only available once that binding has been initialized.
Typically, this is done by calling "WidgetsFlutterBinding.ensureInitialized()" or "runApp()" (the latter calls the former). Typically this call is done in the "void main()" method. The "ensureInitialized" method is idempotent; calling it multiple times is not harmful. After calling that method, the "instance" getter will return the binding.
In a test, one can call "TestWidgetsFlutterBinding.ensureInitialized()" as the first line in the test's "main()" method to initialize the binding.
If ServicesBinding is a custom binding mixin, there must also be a custom binding class, like WidgetsFlutterBinding, but that mixes in the selected binding, and that is the class that must be constructed before using the "instance" getter.
[WorkoutDraftStore] save failed: Binding has not yet been initialized.
The "instance" getter on the ServicesBinding binding mixin is only available once that binding has been initialized.
Typically, this is done by calling "WidgetsFlutterBinding.ensureInitialized()" or "runApp()" (the latter calls the former). Typically this call is done in the "void main()" method. The "ensureInitialized" method is idempotent; calling it multiple times is not harmful. After calling that method, the "instance" getter will return the binding.
In a test, one can call "TestWidgetsFlutterBinding.ensureInitialized()" as the first line in the test's "main()" method to initialize the binding.
If ServicesBinding is a custom binding mixin, there must also be a custom binding class, like WidgetsFlutterBinding, but that mixes in the selected binding, and that is the class that must be constructed before using the "instance" getter.
[WorkoutDraftStore] save failed: Binding has not yet been initialized.
The "instance" getter on the ServicesBinding binding mixin is only available once that binding has been initialized.
Typically, this is done by calling "WidgetsFlutterBinding.ensureInitialized()" or "runApp()" (the latter calls the former). Typically this call is done in the "void main()" method. The "ensureInitialized" method is idempotent; calling it multiple times is not harmful. After calling that method, the "instance" getter will return the binding.
In a test, one can call "TestWidgetsFlutterBinding.ensureInitialized()" as the first line in the test's "main()" method to initialize the binding.
If ServicesBinding is a custom binding mixin, there must also be a custom binding class, like WidgetsFlutterBinding, but that mixes in the selected binding, and that is the class that must be constructed before using the "instance" getter.
[WorkoutDraftStore] save failed: Binding has not yet been initialized.
The "instance" getter on the ServicesBinding binding mixin is only available once that binding has been initialized.
Typically, this is done by calling "WidgetsFlutterBinding.ensureInitialized()" or "runApp()" (the latter calls the former). Typically this call is done in the "void main()" method. The "ensureInitialized" method is idempotent; calling it multiple times is not harmful. After calling that method, the "instance" getter will return the binding.
In a test, one can call "TestWidgetsFlutterBinding.ensureInitialized()" as the first line in the test's "main()" method to initialize the binding.
If ServicesBinding is a custom binding mixin, there must also be a custom binding class, like WidgetsFlutterBinding, but that mixes in the selected binding, and that is the class that must be constructed before using the "instance" getter.
[WorkoutDraftStore] save failed: Binding has not yet been initialized.
The "instance" getter on the ServicesBinding binding mixin is only available once that binding has been initialized.
Typically, this is done by calling "WidgetsFlutterBinding.ensureInitialized()" or "runApp()" (the latter calls the former). Typically this call is done in the "void main()" method. The "ensureInitialized" method is idempotent; calling it multiple times is not harmful. After calling that method, the "instance" getter will return the binding.
In a test, one can call "TestWidgetsFlutterBinding.ensureInitialized()" as the first line in the test's "main()" method to initialize the binding.
If ServicesBinding is a custom binding mixin, there must also be a custom binding class, like WidgetsFlutterBinding, but that mixes in the selected binding, and that is the class that must be constructed before using the "instance" getter.
[WorkoutDraftStore] save failed: Binding has not yet been initialized.
The "instance" getter on the ServicesBinding binding mixin is only available once that binding has been initialized.
Typically, this is done by calling "WidgetsFlutterBinding.ensureInitialized()" or "runApp()" (the latter calls the former). Typically this call is done in the "void main()" method. The "ensureInitialized" method is idempotent; calling it multiple times is not harmful. After calling that method, the "instance" getter will return the binding.
02:19 +617: C:/Users/Atharva Patil/AppData/Local/Temp/gymlog-session-2-isolated-_7ofw15r/test/radius_token_test.dart: HomeScreen weekly loading card uses AppRadius.card
02:19 +618: C:/Users/Atharva Patil/AppData/Local/Temp/gymlog-session-2-isolated-_7ofw15r/test/rest_preference_atomic_test.dart: ATOMIC-01 RestPreference & Normalization Suite 1. Default maps to null
02:19 +619: C:/Users/Atharva Patil/AppData/Local/Temp/gymlog-session-2-isolated-_7ofw15r/test/rest_preference_atomic_test.dart: ATOMIC-01 RestPreference & Normalization Suite 2. Disabled maps to zero
02:19 +620: C:/Users/Atharva Patil/AppData/Local/Temp/gymlog-session-2-isolated-_7ofw15r/test/rest_preference_atomic_test.dart: ATOMIC-01 RestPreference & Normalization Suite 3. Custom maps to positive seconds
02:19 +621: C:/Users/Atharva Patil/AppData/Local/Temp/gymlog-session-2-isolated-_7ofw15r/test/rest_preference_atomic_test.dart: ATOMIC-01 RestPreference & Normalization Suite 4. Null restores Default
02:19 +622: C:/Users/Atharva Patil/AppData/Local/Temp/gymlog-session-2-isolated-_7ofw15r/test/rest_preference_atomic_test.dart: ATOMIC-01 RestPreference & Normalization Suite 5. Zero restores Disabled
02:19 +623: C:/Users/Atharva Patil/AppData/Local/Temp/gymlog-session-2-isolated-_7ofw15r/test/rest_preference_atomic_test.dart: ATOMIC-01 RestPreference & Normalization Suite 6. Custom equal to global normalizes to Default
02:20 +624: C:/Users/Atharva Patil/AppData/Local/Temp/gymlog-session-2-isolated-_7ofw15r/test/rest_preference_atomic_test.dart: ATOMIC-01 RestPreference & Normalization Suite 7. Exactly one selection predicate is true
02:20 +625: C:/Users/Atharva Patil/AppData/Local/Temp/gymlog-session-2-isolated-_7ofw15r/test/rest_preference_atomic_test.dart: ATOMIC-01 RestPreference & Normalization Suite 8. No production widget contains visible text None
02:22 +626: C:/Users/Atharva Patil/AppData/Local/Temp/gymlog-session-2-isolated-_7ofw15r/test/rest_timer_bar_test.dart: RestTimerBar stays compact in a bottomNavigationBar
02:22 +627: C:/Users/Atharva Patil/AppData/Local/Temp/gymlog-session-2-isolated-_7ofw15r/test/rest_timer_bar_test.dart: RestTimerBar stays compact in a bottomNavigationBar
02:22 +628: C:/Users/Atharva Patil/AppData/Local/Temp/gymlog-session-2-isolated-_7ofw15r/test/rest_timer_bar_test.dart: RestTimerBar stays compact in a bottomNavigationBar
02:22 +629: C:/Users/Atharva Patil/AppData/Local/Temp/gymlog-session-2-isolated-_7ofw15r/test/rest_timer_expired_resume_test.dart: resumeFromEndTime with an expired endTime fires TimerExpiredEvent
02:23 +630: C:/Users/Atharva Patil/AppData/Local/Temp/gymlog-session-2-isolated-_7ofw15r/test/rest_timer_override_test.dart: GymLog P0-04 Rest Timer Override & Precedence Suite precedence: override > global setting default > safe fallback (90s)
02:23 +631: C:/Users/Atharva Patil/AppData/Local/Temp/gymlog-session-2-isolated-_7ofw15r/test/rest_timer_override_test.dart: GymLog P0-04 Rest Timer Override & Precedence Suite override scope: override on exercise A does not leak to exercise B
02:23 +632: C:/Users/Atharva Patil/AppData/Local/Temp/gymlog-session-2-isolated-_7ofw15r/test/rest_timer_override_test.dart: GymLog P0-04 Rest Timer Override & Precedence Suite new-workout starts without copying previous workout overrides
02:23 +633: C:/Users/Atharva Patil/AppData/Local/Temp/gymlog-session-2-isolated-_7ofw15r/test/rest_timer_override_test.dart: GymLog P0-04 Rest Timer Override & Precedence Suite background/resume: timer expired while backgrounded triggers finish on sync
02:23 +634: C:/Users/Atharva Patil/AppData/Local/Temp/gymlog-session-2-isolated-_7ofw15r/test/rest_timer_override_test.dart: GymLog P0-04 Rest Timer Override & Precedence Suite active timer change rule: mutating override does not alter already-running timer deadline
02:23 +635: C:/Users/Atharva Patil/AppData/Local/Temp/gymlog-session-2-isolated-_7ofw15r/test/rest_timer_override_test.dart: GymLog P0-04 Rest Timer Override & Precedence Suite process-death: restores override and running timer context successfully
02:23 +636: C:/Users/Atharva Patil/AppData/Local/Temp/gymlog-session-2-isolated-_7ofw15r/test/rest_timer_override_test.dart: GymLog P0-04 Rest Timer Override & Precedence Suite idempotency: multiple start, cancel, and skip calls behave predictably
02:23 +637: C:/Users/Atharva Patil/AppData/Local/Temp/gymlog-session-2-isolated-_7ofw15r/test/rest_timer_override_test.dart: GymLog P0-04 Rest Timer Override & Precedence Suite boundaries: custom overrides are clamped inside user UI picker sheets
02:25 +638: C:/Users/Atharva Patil/AppData/Local/Temp/gymlog-session-2-isolated-_7ofw15r/test/rest_time_sheet_atomic_test.dart: ATOMIC-02 RestTimeSheet Suite 1. no None or Matches default in sheet
02:25 +639: C:/Users/Atharva Patil/AppData/Local/Temp/gymlog-session-2-isolated-_7ofw15r/test/rest_time_sheet_atomic_test.dart: ATOMIC-02 RestTimeSheet Suite 1. no None or Matches default in sheet
02:25 +640: C:/Users/Atharva Patil/AppData/Local/Temp/gymlog-session-2-isolated-_7ofw15r/test/rest_time_sheet_atomic_test.dart: ATOMIC-02 RestTimeSheet Suite 1. no None or Matches default in sheet
02:26 +641: C:/Users/Atharva Patil/AppData/Local/Temp/gymlog-session-2-isolated-_7ofw15r/test/rest_time_sheet_atomic_test.dart: ATOMIC-02 RestTimeSheet Suite 2. option buttons replace preset chips; steppers + slider used
02:26 +642: C:/Users/Atharva Patil/AppData/Local/Temp/gymlog-session-2-isolated-_7ofw15r/test/rest_time_sheet_atomic_test.dart: ATOMIC-02 RestTimeSheet Suite 3. sheet below 72% height at normal scale
02:26 +643: C:/Users/Atharva Patil/AppData/Local/Temp/gymlog-session-2-isolated-_7ofw15r/test/rest_time_sheet_atomic_test.dart: ATOMIC-02 RestTimeSheet Suite 4. 200% text scale remains scrollable and does not overflow
02:26 +644: C:/Users/Atharva Patil/AppData/Local/Temp/gymlog-session-2-isolated-_7ofw15r/test/routine_detail_scroll_and_loading_test.dart: RoutineDetailScreen loaded view uses AlwaysScrollableScrollPhysics
02:27 +645: C:/Users/Atharva Patil/AppData/Local/Temp/gymlog-session-2-isolated-_7ofw15r/test/routine_detail_scroll_and_loading_test.dart: RoutineDetailScreen loaded view uses AlwaysScrollableScrollPhysics
02:27 +646: C:/Users/Atharva Patil/AppData/Local/Temp/gymlog-session-2-isolated-_7ofw15r/test/routine_detail_scroll_and_loading_test.dart: RoutineDetailScreen loaded view uses AlwaysScrollableScrollPhysics
02:27 +647: C:/Users/Atharva Patil/AppData/Local/Temp/gymlog-session-2-isolated-_7ofw15r/test/routine_detail_scroll_and_loading_test.dart: RoutineDetailScreen loaded view uses AlwaysScrollableScrollPhysics
02:28 +648: C:/Users/Atharva Patil/AppData/Local/Temp/gymlog-session-2-isolated-_7ofw15r/test/routine_editor_reorder_test.dart: full list renders through a drag and reorders correctly
02:28 +649: C:/Users/Atharva Patil/AppData/Local/Temp/gymlog-session-2-isolated-_7ofw15r/test/routine_editor_reorder_test.dart: full list renders through a drag and reorders correctly
02:28 +650: C:/Users/Atharva Patil/AppData/Local/Temp/gymlog-session-2-isolated-_7ofw15r/test/routine_volume_error_state_test.dart: failed volume stream renders error+retry, never a zeroed volume graph
02:31 +651: C:/Users/Atharva Patil/AppData/Local/Temp/gymlog-session-2-isolated-_7ofw15r/test/routine_editor_reorder_test.dart: RoutineEditorScreen reorders exercises and respects bounds
02:31 +652: C:/Users/Atharva Patil/AppData/Local/Temp/gymlog-session-2-isolated-_7ofw15r/test/screens_theme_test.dart: Screens Theme Verification Tests HomeScreen renders under multiple accents
02:32 +653: C:/Users/Atharva Patil/AppData/Local/Temp/gymlog-session-2-isolated-_7ofw15r/test/screens_typography_test.dart: AuthScreen renders without exceptions and key text is present
02:32 +654: C:/Users/Atharva Patil/AppData/Local/Temp/gymlog-session-2-isolated-_7ofw15r/test/screens_theme_test.dart: Screens Theme Verification Tests WorkoutDetailScreen renders under multiple accents
02:33 +655: C:/Users/Atharva Patil/AppData/Local/Temp/gymlog-session-2-isolated-_7ofw15r/test/screens_typography_test.dart: ExerciseDetailScreen renders without exceptions and key text is present
02:33 +656: C:/Users/Atharva Patil/AppData/Local/Temp/gymlog-session-2-isolated-_7ofw15r/test/screens_typography_test.dart: ExerciseDetailScreen renders without exceptions and key text is present
02:33 +657: C:/Users/Atharva Patil/AppData/Local/Temp/gymlog-session-2-isolated-_7ofw15r/test/set_row_debounce_persistence_test.dart: dispose mid-debounce flushes the in-flight weight (navigate-away gate)
02:34 +658: C:/Users/Atharva Patil/AppData/Local/Temp/gymlog-session-2-isolated-_7ofw15r/test/set_row_debounce_persistence_test.dart: dispose mid-debounce flushes the in-flight weight (navigate-away gate)
02:34 +659: C:/Users/Atharva Patil/AppData/Local/Temp/gymlog-session-2-isolated-_7ofw15r/test/set_row_debounce_persistence_test.dart: dispose mid-debounce flushes the in-flight weight (navigate-away gate)
02:34 +660: C:/Users/Atharva Patil/AppData/Local/Temp/gymlog-session-2-isolated-_7ofw15r/test/set_row_debounce_persistence_test.dart: dispose mid-debounce flushes the in-flight weight (navigate-away gate)
02:34 +661: C:/Users/Atharva Patil/AppData/Local/Temp/gymlog-session-2-isolated-_7ofw15r/test/screens_theme_test.dart: Screens Theme Verification Tests DeleteAccountScreen renders under multiple accents
02:35 +662: C:/Users/Atharva Patil/AppData/Local/Temp/gymlog-session-2-isolated-_7ofw15r/test/screens_theme_test.dart: Screens Theme Verification Tests DeleteAccountScreen renders under multiple accents
02:35 +663: C:/Users/Atharva Patil/AppData/Local/Temp/gymlog-session-2-isolated-_7ofw15r/test/screens_theme_test.dart: Screens Theme Verification Tests DeleteAccountScreen renders under multiple accents
02:35 +664: C:/Users/Atharva Patil/AppData/Local/Temp/gymlog-session-2-isolated-_7ofw15r/test/set_row_focus_test.dart: SetRow keeps focus + value across an ancestor rebuild
02:36 +665: C:/Users/Atharva Patil/AppData/Local/Temp/gymlog-session-2-isolated-_7ofw15r/test/set_row_focus_test.dart: SetRow keeps focus + value across an ancestor rebuild
02:36 +666: C:/Users/Atharva Patil/AppData/Local/Temp/gymlog-session-2-isolated-_7ofw15r/test/set_row_focus_test.dart: SetRow keeps focus + value across an ancestor rebuild
02:36 +667: C:/Users/Atharva Patil/AppData/Local/Temp/gymlog-session-2-isolated-_7ofw15r/test/set_row_measurement_types_test.dart: R1 — Field visibility weightAndReps: both weight and reps fields visible
02:38 +668: C:/Users/Atharva Patil/AppData/Local/Temp/gymlog-session-2-isolated-_7ofw15r/test/shared/adaptive_layout_test.dart: AdaptiveContext compact screen (<360) returns compact class
02:38 +669: C:/Users/Atharva Patil/AppData/Local/Temp/gymlog-session-2-isolated-_7ofw15r/test/shared/adaptive_layout_test.dart: AdaptiveContext compact screen (<360) returns compact class
02:38 +670: C:/Users/Atharva Patil/AppData/Local/Temp/gymlog-session-2-isolated-_7ofw15r/test/shared/adaptive_layout_test.dart: AdaptiveContext compact screen (<360) returns compact class
02:38 +671: C:/Users/Atharva Patil/AppData/Local/Temp/gymlog-session-2-isolated-_7ofw15r/test/shared/adaptive_layout_test.dart: AdaptiveContext compact screen (<360) returns compact class
02:38 +672: C:/Users/Atharva Patil/AppData/Local/Temp/gymlog-session-2-isolated-_7ofw15r/test/set_row_measurement_types_test.dart: R1 — Field visibility check button is always present regardless of type
02:38 +673: C:/Users/Atharva Patil/AppData/Local/Temp/gymlog-session-2-isolated-_7ofw15r/test/set_row_measurement_types_test.dart: R1 — Field visibility check button is always present regardless of type
02:38 +674: C:/Users/Atharva Patil/AppData/Local/Temp/gymlog-session-2-isolated-_7ofw15r/test/set_row_measurement_types_test.dart: R1 — Field visibility check button is always present regardless of type
02:38 +675: C:/Users/Atharva Patil/AppData/Local/Temp/gymlog-session-2-isolated-_7ofw15r/test/set_row_measurement_types_test.dart: R1 — Field visibility check button is always present regardless of type
02:38 +676: C:/Users/Atharva Patil/AppData/Local/Temp/gymlog-session-2-isolated-_7ofw15r/test/shared/chrome_tokens_test.dart: ChromeContextX context.chrome returns ChromeTokens in dark theme
02:38 +677: C:/Users/Atharva Patil/AppData/Local/Temp/gymlog-session-2-isolated-_7ofw15r/test/shared/chrome_tokens_test.dart: ChromeContextX context.chrome returns ChromeTokens in dark theme
02:38 +678: C:/Users/Atharva Patil/AppData/Local/Temp/gymlog-session-2-isolated-_7ofw15r/test/shared/chrome_tokens_test.dart: ChromeContextX context.chrome returns ChromeTokens in dark theme
02:38 +679: C:/Users/Atharva Patil/AppData/Local/Temp/gymlog-session-2-isolated-_7ofw15r/test/shared/chrome_tokens_test.dart: ChromeContextX context.chrome returns ChromeTokens in dark theme
02:38 +680: C:/Users/Atharva Patil/AppData/Local/Temp/gymlog-session-2-isolated-_7ofw15r/test/shared/chrome_tokens_test.dart: ChromeContextX context.chrome returns ChromeTokens in dark theme
02:39 +681: C:/Users/Atharva Patil/AppData/Local/Temp/gymlog-session-2-isolated-_7ofw15r/test/shared/chrome_tokens_test.dart: ChromeContextX context.chrome returns ChromeTokens in dark theme
02:39 +682: C:/Users/Atharva Patil/AppData/Local/Temp/gymlog-session-2-isolated-_7ofw15r/test/shared/chrome_tokens_test.dart: ChromeContextX context.chrome returns ChromeTokens in dark theme
02:39 +682: C:/Users/Atharva Patil/AppData/Local/Temp/gymlog-session-2-isolated-_7ofw15r/test/shared/draft_recovery_test.dart: UX-95-02 — Safe Draft Recovery store.loadSnapshot handles corrupted payload internally
[WorkoutDraftStore] Corrupted or invalid draft payload: FormatException: Unterminated string (at character 30)
{"corrupted: no closing brace
                             ^
. Clearing draft.
02:39 +683: C:/Users/Atharva Patil/AppData/Local/Temp/gymlog-session-2-isolated-_7ofw15r/test/shared/chrome_tokens_test.dart: ChromeContextX context.chrome returns ChromeTokens in dark theme
02:39 +684: C:/Users/Atharva Patil/AppData/Local/Temp/gymlog-session-2-isolated-_7ofw15r/test/shared/chrome_tokens_test.dart: ChromeContextX context.chrome returns ChromeTokens in dark theme
02:39 +685: C:/Users/Atharva Patil/AppData/Local/Temp/gymlog-session-2-isolated-_7ofw15r/test/shared/chrome_tokens_test.dart: ChromeContextX context.chrome returns ChromeTokens in dark theme
02:39 +686: C:/Users/Atharva Patil/AppData/Local/Temp/gymlog-session-2-isolated-_7ofw15r/test/shared/chrome_tokens_test.dart: ChromeContextX context.chrome returns ChromeTokens in dark theme
02:39 +687: C:/Users/Atharva Patil/AppData/Local/Temp/gymlog-session-2-isolated-_7ofw15r/test/set_row_measurement_types_test.dart: R3 — Reps-only / duration / distance complete without weight kg repsOnly completes with reps only
02:39 +688: C:/Users/Atharva Patil/AppData/Local/Temp/gymlog-session-2-isolated-_7ofw15r/test/set_row_measurement_types_test.dart: R3 — Reps-only / duration / distance complete without weight kg repsOnly completes with reps only
02:39 +689: C:/Users/Atharva Patil/AppData/Local/Temp/gymlog-session-2-isolated-_7ofw15r/test/set_row_measurement_types_test.dart: R3 — Reps-only / duration / distance complete without weight kg duration completes with reps (seconds) only
02:39 +690: C:/Users/Atharva Patil/AppData/Local/Temp/gymlog-session-2-isolated-_7ofw15r/test/set_row_measurement_types_test.dart: R3 — Reps-only / duration / distance complete without weight kg distance completes with distance (weightKg) only
02:40 +691: C:/Users/Atharva Patil/AppData/Local/Temp/gymlog-session-2-isolated-_7ofw15r/test/set_row_measurement_types_test.dart: R3 — Reps-only / duration / distance complete without weight kg repsOnly completes when only previousReps is available
02:40 +692: C:/Users/Atharva Patil/AppData/Local/Temp/gymlog-session-2-isolated-_7ofw15r/test/set_row_measurement_types_test.dart: R4 — weightAndReps requires weight AND reps cannot complete with reps only (no weight, no previous)
02:40 +693: C:/Users/Atharva Patil/AppData/Local/Temp/gymlog-session-2-isolated-_7ofw15r/test/set_row_measurement_types_test.dart: R4 — weightAndReps requires weight AND reps cannot complete with weight only (no reps, no previous)
02:40 +694: C:/Users/Atharva Patil/AppData/Local/Temp/gymlog-session-2-isolated-_7ofw15r/test/set_row_measurement_types_test.dart: R4 — weightAndReps requires weight AND reps completes with both weight and reps present
02:40 +695: C:/Users/Atharva Patil/AppData/Local/Temp/gymlog-session-2-isolated-_7ofw15r/test/set_row_measurement_types_test.dart: R4 — weightAndReps requires weight AND reps completes when previousWeight satisfies the weight requirement
02:40 +696: C:/Users/Atharva Patil/AppData/Local/Temp/gymlog-session-2-isolated-_7ofw15r/test/set_row_measurement_types_test.dart: R5 — Exercise type switch switching from weightAndReps to repsOnly hides the weight field
02:41 +697: C:/Users/Atharva Patil/AppData/Local/Temp/gymlog-session-2-isolated-_7ofw15r/test/set_row_measurement_types_test.dart: R5 — Exercise type switch switching from weightAndReps to repsOnly hides the weight field
02:41 +698: C:/Users/Atharva Patil/AppData/Local/Temp/gymlog-session-2-isolated-_7ofw15r/test/set_row_measurement_types_test.dart: R5 — Exercise type switch switching from weightAndReps to repsOnly hides the weight field
02:41 +699: C:/Users/Atharva Patil/AppData/Local/Temp/gymlog-session-2-isolated-_7ofw15r/test/set_row_measurement_types_test.dart: R5 — Exercise type switch switching from weightAndReps to repsOnly hides the weight field
02:41 +700: C:/Users/Atharva Patil/AppData/Local/Temp/gymlog-session-2-isolated-_7ofw15r/test/set_row_measurement_types_test.dart: R5 — Exercise type switch switching from weightAndReps to repsOnly hides the weight field
02:41 +701: C:/Users/Atharva Patil/AppData/Local/Temp/gymlog-session-2-isolated-_7ofw15r/test/set_row_measurement_types_test.dart: R5 — Exercise type switch switching from weightAndReps to repsOnly hides the weight field
02:41 +702: C:/Users/Atharva Patil/AppData/Local/Temp/gymlog-session-2-isolated-_7ofw15r/test/set_row_measurement_types_test.dart: R5 — Exercise type switch switching from weightAndReps to repsOnly hides the weight field
02:41 +703: C:/Users/Atharva Patil/AppData/Local/Temp/gymlog-session-2-isolated-_7ofw15r/test/set_row_measurement_types_test.dart: R5 — Exercise type switch switching from weightAndReps to repsOnly hides the weight field
02:41 +704: C:/Users/Atharva Patil/AppData/Local/Temp/gymlog-session-2-isolated-_7ofw15r/test/set_row_measurement_types_test.dart: R5 — Exercise type switch switching from weightAndReps to repsOnly hides the weight field
02:41 +705: C:/Users/Atharva Patil/AppData/Local/Temp/gymlog-session-2-isolated-_7ofw15r/test/set_row_measurement_types_test.dart: R5 — Exercise type switch switching from weightAndReps to repsOnly hides the weight field
02:41 +706: C:/Users/Atharva Patil/AppData/Local/Temp/gymlog-session-2-isolated-_7ofw15r/test/set_row_measurement_types_test.dart: R5 — Exercise type switch switching from repsOnly to distance hides reps field
02:41 +707: C:/Users/Atharva Patil/AppData/Local/Temp/gymlog-session-2-isolated-_7ofw15r/test/set_row_measurement_types_test.dart: R6 — Inline validation tapping check with empty required fields does NOT call onToggleComplete
02:41 +708: C:/Users/Atharva Patil/AppData/Local/Temp/gymlog-session-2-isolated-_7ofw15r/test/set_row_measurement_types_test.dart: R6 — Inline validation widget survives validation tap without throwing
02:41 +709: C:/Users/Atharva Patil/AppData/Local/Temp/gymlog-session-2-isolated-_7ofw15r/test/set_row_measurement_types_test.dart: R7 — Double-tap prevention double-tap on completable set fires onToggleComplete once
02:41 +710: C:/Users/Atharva Patil/AppData/Local/Temp/gymlog-session-2-isolated-_7ofw15r/test/set_row_measurement_types_test.dart: R8 — Focus order and keyboard actions weightAndReps: weight has TextInputAction.next, reps has .next
02:42 +711: C:/Users/Atharva Patil/AppData/Local/Temp/gymlog-session-2-isolated-_7ofw15r/test/sign_out_outcome_test.dart: SignOutCoordinator.execute outcome reports cloudSignOutFailed when the Supabase sign-out throws
02:42 +712: C:/Users/Atharva Patil/AppData/Local/Temp/gymlog-session-2-isolated-_7ofw15r/test/sign_out_outcome_test.dart: SignOutCoordinator.execute outcome reports cloudSignOutFailed when the Supabase sign-out throws
02:42 +713: C:/Users/Atharva Patil/AppData/Local/Temp/gymlog-session-2-isolated-_7ofw15r/test/set_row_measurement_types_test.dart: R8 — Focus order and keyboard actions duration: the single field has TextInputAction.next
02:42 +714: C:/Users/Atharva Patil/AppData/Local/Temp/gymlog-session-2-isolated-_7ofw15r/test/set_row_measurement_types_test.dart: R8 — Focus order and keyboard actions duration: the single field has TextInputAction.next
02:42 +715: C:/Users/Atharva Patil/AppData/Local/Temp/gymlog-session-2-isolated-_7ofw15r/test/set_row_measurement_types_test.dart: R8 — Focus order and keyboard actions duration: the single field has TextInputAction.next
02:42 +716: C:/Users/Atharva Patil/AppData/Local/Temp/gymlog-session-2-isolated-_7ofw15r/test/set_row_measurement_types_test.dart: R8 — Focus order and keyboard actions distance: the single (weight-slot) field has TextInputAction.next
02:42 +717: C:/Users/Atharva Patil/AppData/Local/Temp/gymlog-session-2-isolated-_7ofw15r/test/set_row_measurement_types_test.dart: Previous label formatting weightAndReps shows "15kg x 12"
02:42 +718: C:/Users/Atharva Patil/AppData/Local/Temp/gymlog-session-2-isolated-_7ofw15r/test/set_row_measurement_types_test.dart: Previous label formatting repsOnly shows "12 reps"
02:42 +719: C:/Users/Atharva Patil/AppData/Local/Temp/gymlog-session-2-isolated-_7ofw15r/test/set_row_measurement_types_test.dart: Previous label formatting duration shows "60s"
02:42 +720: C:/Users/Atharva Patil/AppData/Local/Temp/gymlog-session-2-isolated-_7ofw15r/test/set_row_measurement_types_test.dart: Previous label formatting distance shows "400m"
02:42 +721: C:/Users/Atharva Patil/AppData/Local/Temp/gymlog-session-2-isolated-_7ofw15r/test/set_row_measurement_types_test.dart: Previous label formatting no previous data renders empty string in PREVIOUS column
02:43 +722: C:/Users/Atharva Patil/AppData/Local/Temp/gymlog-session-2-isolated-_7ofw15r/test/set_row_measurement_types_test.dart: Previous-session backfill on complete repsOnly: backfills previousReps into state
02:43 +723: C:/Users/Atharva Patil/AppData/Local/Temp/gymlog-session-2-isolated-_7ofw15r/test/set_row_measurement_types_test.dart: Previous-session backfill on complete weightAndReps: backfills both weight and reps
02:43 +724: C:/Users/Atharva Patil/AppData/Local/Temp/gymlog-session-2-isolated-_7ofw15r/test/skeleton_radii_test.dart: WorkoutHistoryCardSkeleton thumbnail uses AppRadius.thumbnail
02:44 +725: C:/Users/Atharva Patil/AppData/Local/Temp/gymlog-session-2-isolated-_7ofw15r/test/skeleton_radii_test.dart: WorkoutHistoryCardSkeleton thumbnail uses AppRadius.thumbnail
02:44 +726: C:/Users/Atharva Patil/AppData/Local/Temp/gymlog-session-2-isolated-_7ofw15r/test/skeleton_radii_test.dart: WorkoutHistoryCardSkeleton thumbnail uses AppRadius.thumbnail
02:44 +727: C:/Users/Atharva Patil/AppData/Local/Temp/gymlog-session-2-isolated-_7ofw15r/test/skeleton_radii_test.dart: WorkoutHistoryCardSkeleton thumbnail uses AppRadius.thumbnail
02:44 +728: C:/Users/Atharva Patil/AppData/Local/Temp/gymlog-session-2-isolated-_7ofw15r/test/skeleton_radii_test.dart: RoutineDetailScreen skeleton uses correct tokenized radii
02:44 +729: C:/Users/Atharva Patil/AppData/Local/Temp/gymlog-session-2-isolated-_7ofw15r/test/skeleton_radii_test.dart: WorkoutScreen routines skeleton uses correct tokenized radii
02:45 +730: C:/Users/Atharva Patil/AppData/Local/Temp/gymlog-session-2-isolated-_7ofw15r/test/sync/sync_quarantine_and_monotonic_test.dart: (setUpAll)
02:45 +730: C:/Users/Atharva Patil/AppData/Local/Temp/gymlog-session-2-isolated-_7ofw15r/test/sync/sync_quarantine_and_monotonic_test.dart: corrupt payload is quarantined and does not abort pull of good objects
[SyncEngine] Quarantined object session:corrupt (reason: decodeFailure)
02:45 +731: C:/Users/Atharva Patil/AppData/Local/Temp/gymlog-session-2-isolated-_7ofw15r/test/sync/sync_quarantine_and_monotonic_test.dart: unsupported schema version is quarantined
[SyncEngine] Quarantined object session:s_future (reason: unsupportedVersion)
[SyncEngine] Quarantined object session:s_future (reason: unsupportedVersion)
02:45 +732: C:/Users/Atharva Patil/AppData/Local/Temp/gymlog-session-2-isolated-_7ofw15r/test/sync/sync_quarantine_and_monotonic_test.dart: quarantined object is removed from outbox and does not retry on every sync
[SyncEngine] Quarantined object session:bad_obj (reason: decodeFailure)
02:45 +733: C:/Users/Atharva Patil/AppData/Local/Temp/gymlog-session-2-isolated-_7ofw15r/test/sync/sync_quarantine_and_monotonic_test.dart: outbox coalesces multiple edits for (userId, entityType, entityId)
02:45 +734: C:/Users/Atharva Patil/AppData/Local/Temp/gymlog-session-2-isolated-_7ofw15r/test/sync/sync_quarantine_and_monotonic_test.dart: duplicate operation is idempotent
[SyncEngine] Quarantined object session:s1 (reason: localConstraintFailure)
02:45 +735: C:/Users/Atharva Patil/AppData/Local/Temp/gymlog-session-2-isolated-_7ofw15r/test/sync/sync_quarantine_and_monotonic_test.dart: stale revision reports conflict and clock skew does not decide winner
[SyncEngine] Quarantined object session:s1 (reason: localConstraintFailure)
02:45 +736: C:/Users/Atharva Patil/AppData/Local/Temp/gymlog-session-2-isolated-_7ofw15r/test/sync/sync_quarantine_and_monotonic_test.dart: account ownership mismatch is quarantined
[SyncEngine] Quarantined object session:s1 (reason: ownershipMismatch)
[SyncEngine] Quarantined object session:s1 (reason: ownershipMismatch)
02:45 +737: C:/Users/Atharva Patil/AppData/Local/Temp/gymlog-session-2-isolated-_7ofw15r/test/sync/sync_quarantine_and_monotonic_test.dart: delete tombstone is preserved in outbox and remote
02:45 +738: C:/Users/Atharva Patil/AppData/Local/Temp/gymlog-session-2-isolated-_7ofw15r/test/sync/sync_quarantine_and_monotonic_test.dart: privacy-safe logs contain no payload, email, or token string
02:45 +739: C:/Users/Atharva Patil/AppData/Local/Temp/gymlog-session-2-isolated-_7ofw15r/test/sync/sync_quarantine_and_monotonic_test.dart: (tearDownAll)
02:46 +739: C:/Users/Atharva Patil/AppData/Local/Temp/gymlog-session-2-isolated-_7ofw15r/test/sync_engine_test.dart: (setUpAll)
02:46 +739: C:/Users/Atharva Patil/AppData/Local/Temp/gymlog-session-2-isolated-_7ofw15r/test/sync_engine_test.dart: codec round-trips and actually compresses repetitive JSON
02:46 +740: C:/Users/Atharva Patil/AppData/Local/Temp/gymlog-session-2-isolated-_7ofw15r/test/sync_engine_test.dart: enqueueSession queues one row; syncNow uploads and clears it
02:46 +741: C:/Users/Atharva Patil/AppData/Local/Temp/gymlog-session-2-isolated-_7ofw15r/test/sync_engine_test.dart: offline keeps the queue; a later retry delivers it
[SyncEngine] push failed: Exception: offline
02:46 +742: C:/Users/Atharva Patil/AppData/Local/Temp/gymlog-session-2-isolated-_7ofw15r/test/sync_engine_test.dart: re-enqueuing the same session coalesces to one queued row
02:46 +743: C:/Users/Atharva Patil/AppData/Local/Temp/gymlog-session-2-isolated-_7ofw15r/test/sync_engine_test.dart: session round-trip: push, wipe local, pull, rehydrate
02:46 +744: C:/Users/Atharva Patil/AppData/Local/Temp/gymlog-session-2-isolated-_7ofw15r/test/sync_engine_test.dart: batches large queues across multiple push calls
02:47 +745: C:/Users/Atharva Patil/AppData/Local/Temp/gymlog-session-2-isolated-_7ofw15r/test/sync_engine_test.dart: batches large queues across multiple push calls
02:48 +746: C:/Users/Atharva Patil/AppData/Local/Temp/gymlog-session-2-isolated-_7ofw15r/test/sync_engine_test.dart: batches large queues across multiple push calls
02:48 +747: C:/Users/Atharva Patil/AppData/Local/Temp/gymlog-session-2-isolated-_7ofw15r/test/sync_engine_test.dart: batches large queues across multiple push calls
02:48 +748: C:/Users/Atharva Patil/AppData/Local/Temp/gymlog-session-2-isolated-_7ofw15r/test/sync_engine_test.dart: batches large queues across multiple push calls
02:48 +749: C:/Users/Atharva Patil/AppData/Local/Temp/gymlog-session-2-isolated-_7ofw15r/test/sync_engine_test.dart: batches large queues across multiple push calls
02:48 +750: C:/Users/Atharva Patil/AppData/Local/Temp/gymlog-session-2-isolated-_7ofw15r/test/sync_engine_test.dart: batches large queues across multiple push calls
02:48 +751: C:/Users/Atharva Patil/AppData/Local/Temp/gymlog-session-2-isolated-_7ofw15r/test/sync_engine_test.dart: batches large queues across multiple push calls
02:48 +752: C:/Users/Atharva Patil/AppData/Local/Temp/gymlog-session-2-isolated-_7ofw15r/test/sync_engine_test.dart: batches large queues across multiple push calls
02:48 +753: C:/Users/Atharva Patil/AppData/Local/Temp/gymlog-session-2-isolated-_7ofw15r/test/sync_engine_test.dart: batches large queues across multiple push calls
02:48 +754: C:/Users/Atharva Patil/AppData/Local/Temp/gymlog-session-2-isolated-_7ofw15r/test/sync_engine_test.dart: batches large queues across multiple push calls
02:48 +755: C:/Users/Atharva Patil/AppData/Local/Temp/gymlog-session-2-isolated-_7ofw15r/test/sync_engine_test.dart: batches large queues across multiple push calls
02:48 +756: C:/Users/Atharva Patil/AppData/Local/Temp/gymlog-session-2-isolated-_7ofw15r/test/sync_engine_test.dart: batches large queues across multiple push calls
02:48 +757: C:/Users/Atharva Patil/AppData/Local/Temp/gymlog-session-2-isolated-_7ofw15r/test/sync_engine_test.dart: batches large queues across multiple push calls
02:48 +758: C:/Users/Atharva Patil/AppData/Local/Temp/gymlog-session-2-isolated-_7ofw15r/test/sync_engine_test.dart: batches large queues across multiple push calls
02:48 +759: C:/Users/Atharva Patil/AppData/Local/Temp/gymlog-session-2-isolated-_7ofw15r/test/sync_engine_test.dart: batches large queues across multiple push calls
02:48 +760: C:/Users/Atharva Patil/AppData/Local/Temp/gymlog-session-2-isolated-_7ofw15r/test/sync_engine_test.dart: batches large queues across multiple push calls
02:48 +761: C:/Users/Atharva Patil/AppData/Local/Temp/gymlog-session-2-isolated-_7ofw15r/test/sync_engine_test.dart: batches large queues across multiple push calls
02:48 +762: C:/Users/Atharva Patil/AppData/Local/Temp/gymlog-session-2-isolated-_7ofw15r/test/sync_engine_test.dart: batches large queues across multiple push calls
02:48 +763: C:/Users/Atharva Patil/AppData/Local/Temp/gymlog-session-2-isolated-_7ofw15r/test/tour_orchestration_test.dart: SpotlightTourOverlay unresolved target does not auto-advance when target never mounts
02:48 +764: C:/Users/Atharva Patil/AppData/Local/Temp/gymlog-session-2-isolated-_7ofw15r/test/sync_engine_test.dart: routines creating a routine auto-enqueues it (DAO-level coverage)
02:48 +765: C:/Users/Atharva Patil/AppData/Local/Temp/gymlog-session-2-isolated-_7ofw15r/test/sync_engine_test.dart: routines creating a routine auto-enqueues it (DAO-level coverage)
02:48 +766: C:/Users/Atharva Patil/AppData/Local/Temp/gymlog-session-2-isolated-_7ofw15r/test/sync_engine_test.dart: routines creating a routine auto-enqueues it (DAO-level coverage)
02:48 +767: C:/Users/Atharva Patil/AppData/Local/Temp/gymlog-session-2-isolated-_7ofw15r/test/sync_engine_test.dart: routines routine round-trip: push, wipe local, pull, rehydrate
02:48 +768: C:/Users/Atharva Patil/AppData/Local/Temp/gymlog-session-2-isolated-_7ofw15r/test/typography_guard_test.dart: assert zero GoogleFonts.inter occurrences in lib/ (except core/theme/ and grandfathered files)
02:48 +769: C:/Users/Atharva Patil/AppData/Local/Temp/gymlog-session-2-isolated-_7ofw15r/test/typography_guard_test.dart: assert zero GoogleFonts.inter occurrences in lib/ (except core/theme/ and grandfathered files)
02:49 +770: C:/Users/Atharva Patil/AppData/Local/Temp/gymlog-session-2-isolated-_7ofw15r/test/typography_guard_test.dart: assert zero GoogleFonts.inter occurrences in lib/ (except core/theme/ and grandfathered files)
02:49 +771: C:/Users/Atharva Patil/AppData/Local/Temp/gymlog-session-2-isolated-_7ofw15r/test/sync_engine_test.dart: preferences round-trip restores weight unit + rest seconds
02:49 +772: C:/Users/Atharva Patil/AppData/Local/Temp/gymlog-session-2-isolated-_7ofw15r/test/sync_engine_test.dart: (tearDownAll)
02:50 +772: C:/Users/Atharva Patil/AppData/Local/Temp/gymlog-session-2-isolated-_7ofw15r/test/ui_p0_01_device_acceptance_test.dart: UI-P0-01 Complete Device Acceptance & Geometry Test Suite DEV-01 & DEV-03: No-equipment vs Assisted Machine layout
02:50 +773: C:/Users/Atharva Patil/AppData/Local/Temp/gymlog-session-2-isolated-_7ofw15r/test/ui_p0_01_device_acceptance_test.dart: UI-P0-01 Complete Device Acceptance & Geometry Test Suite Finish button is disabled until first set completion
02:51 +774: C:/Users/Atharva Patil/AppData/Local/Temp/gymlog-session-2-isolated-_7ofw15r/test/ui_p0_01_device_acceptance_test.dart: UI-P0-01 Complete Device Acceptance & Geometry Test Suite RestPreference model converts raw seconds cleanly
02:51 +775: C:/Users/Atharva Patil/AppData/Local/Temp/gymlog-session-2-isolated-_7ofw15r/test/ui_p0_01_device_acceptance_test.dart: UI-P0-01 Complete Device Acceptance & Geometry Test Suite Nullable-weight updates clear weight when switching to reps_only
02:51 +776: C:/Users/Atharva Patil/AppData/Local/Temp/gymlog-session-2-isolated-_7ofw15r/test/undoable_delete_test.dart: showUndoableDelete shows snackbar, handles Undo, and commits on expire/hide
02:52 +777: C:/Users/Atharva Patil/AppData/Local/Temp/gymlog-session-2-isolated-_7ofw15r/test/upgrade/error_reassurance_render_test.dart: async-error-higgsfield-1.0x-synthetic
02:53 +778: C:/Users/Atharva Patil/AppData/Local/Temp/gymlog-session-2-isolated-_7ofw15r/test/upgrade/error_reassurance_render_test.dart: async-error-higgsfield-1.0x-synthetic
02:53 +779: C:/Users/Atharva Patil/AppData/Local/Temp/gymlog-session-2-isolated-_7ofw15r/test/upgrade/error_reassurance_test.dart: async-error does not guarantee storage integrity on an error
02:53 +780: C:/Users/Atharva Patil/AppData/Local/Temp/gymlog-session-2-isolated-_7ofw15r/test/upgrade/error_reassurance_test.dart: async-error does not guarantee storage integrity on an error
02:54 +781: C:/Users/Atharva Patil/AppData/Local/Temp/gymlog-session-2-isolated-_7ofw15r/test/upgrade/error_reassurance_test.dart: async-error does not guarantee storage integrity on an error
02:54 +782: C:/Users/Atharva Patil/AppData/Local/Temp/gymlog-session-2-isolated-_7ofw15r/test/upgrade/error_reassurance_test.dart: async-error does not guarantee storage integrity on an error
02:54 +783: C:/Users/Atharva Patil/AppData/Local/Temp/gymlog-session-2-isolated-_7ofw15r/test/upgrade/error_reassurance_test.dart: async-error does not guarantee storage integrity on an error
02:54 +784: C:/Users/Atharva Patil/AppData/Local/Temp/gymlog-session-2-isolated-_7ofw15r/test/upgrade/error_reassurance_test.dart: async-error does not guarantee storage integrity on an error
02:54 +785: C:/Users/Atharva Patil/AppData/Local/Temp/gymlog-session-2-isolated-_7ofw15r/test/upgrade/error_reassurance_test.dart: async-error does not guarantee storage integrity on an error
02:54 +786: C:/Users/Atharva Patil/AppData/Local/Temp/gymlog-session-2-isolated-_7ofw15r/test/upgrade/error_reassurance_test.dart: async-error does not guarantee storage integrity on an error
02:54 +787: C:/Users/Atharva Patil/AppData/Local/Temp/gymlog-session-2-isolated-_7ofw15r/test/upgrade/error_reassurance_test.dart: async-error does not guarantee storage integrity on an error
02:54 +788: C:/Users/Atharva Patil/AppData/Local/Temp/gymlog-session-2-isolated-_7ofw15r/test/upgrade/error_reassurance_test.dart: async-error does not guarantee storage integrity on an error
02:54 +789: C:/Users/Atharva Patil/AppData/Local/Temp/gymlog-session-2-isolated-_7ofw15r/test/upgrade/error_reassurance_test.dart: async-error does not guarantee storage integrity on an error
02:54 +790: C:/Users/Atharva Patil/AppData/Local/Temp/gymlog-session-2-isolated-_7ofw15r/test/upgrade/error_reassurance_test.dart: async-error does not guarantee storage integrity on an error
02:54 +791: C:/Users/Atharva Patil/AppData/Local/Temp/gymlog-session-2-isolated-_7ofw15r/test/upgrade/error_reassurance_test.dart: async-error does not guarantee storage integrity on an error
02:54 +792: C:/Users/Atharva Patil/AppData/Local/Temp/gymlog-session-2-isolated-_7ofw15r/test/upgrade/error_reassurance_test.dart: async-error does not guarantee storage integrity on an error
02:54 +793: C:/Users/Atharva Patil/AppData/Local/Temp/gymlog-session-2-isolated-_7ofw15r/test/upgrade/error_reassurance_test.dart: async-error does not guarantee storage integrity on an error
02:54 +794: C:/Users/Atharva Patil/AppData/Local/Temp/gymlog-session-2-isolated-_7ofw15r/test/upgrade/error_reassurance_test.dart: async-error does not guarantee storage integrity on an error
02:54 +795: C:/Users/Atharva Patil/AppData/Local/Temp/gymlog-session-2-isolated-_7ofw15r/test/upgrade/error_reassurance_test.dart: async-error does not guarantee storage integrity on an error
02:54 +796: C:/Users/Atharva Patil/AppData/Local/Temp/gymlog-session-2-isolated-_7ofw15r/test/upgrade/error_reassurance_test.dart: async-error does not guarantee storage integrity on an error
02:54 +797: C:/Users/Atharva Patil/AppData/Local/Temp/gymlog-session-2-isolated-_7ofw15r/test/upgrade/error_reassurance_test.dart: async-error does not guarantee storage integrity on an error
02:54 +798: C:/Users/Atharva Patil/AppData/Local/Temp/gymlog-session-2-isolated-_7ofw15r/test/upgrade/error_reassurance_test.dart: async-error does not guarantee storage integrity on an error
02:54 +799: C:/Users/Atharva Patil/AppData/Local/Temp/gymlog-session-2-isolated-_7ofw15r/test/upgrade/error_reassurance_test.dart: async-error does not guarantee storage integrity on an error
02:54 +800: C:/Users/Atharva Patil/AppData/Local/Temp/gymlog-session-2-isolated-_7ofw15r/test/upgrade/error_reassurance_test.dart: async-error does not guarantee storage integrity on an error
02:54 +801: C:/Users/Atharva Patil/AppData/Local/Temp/gymlog-session-2-isolated-_7ofw15r/test/upgrade/error_reassurance_test.dart: async-error does not guarantee storage integrity on an error
02:54 +802: C:/Users/Atharva Patil/AppData/Local/Temp/gymlog-session-2-isolated-_7ofw15r/test/upgrade/error_reassurance_render_test.dart: routine-error-higgsfield-1.0x-synthetic
02:54 +803: C:/Users/Atharva Patil/AppData/Local/Temp/gymlog-session-2-isolated-_7ofw15r/test/upgrade/session_1_correctness_test.dart: pace celebration converts current and previous spoken pace
02:54 +804: C:/Users/Atharva Patil/AppData/Local/Temp/gymlog-session-2-isolated-_7ofw15r/test/upgrade/session_1_correctness_test.dart: pace celebration converts current and previous spoken pace
02:55 +805: C:/Users/Atharva Patil/AppData/Local/Temp/gymlog-session-2-isolated-_7ofw15r/test/upgrade/session_1_correctness_test.dart: pace celebration converts current and previous spoken pace
02:55 +806: C:/Users/Atharva Patil/AppData/Local/Temp/gymlog-session-2-isolated-_7ofw15r/test/upgrade/session_1_correctness_test.dart: pace celebration converts current and previous spoken pace
02:55 +807: C:/Users/Atharva Patil/AppData/Local/Temp/gymlog-session-2-isolated-_7ofw15r/test/upgrade/error_reassurance_test.dart: offline sync status does not claim a completed save or guaranteed backup
02:55 +808: C:/Users/Atharva Patil/AppData/Local/Temp/gymlog-session-2-isolated-_7ofw15r/test/upgrade/error_reassurance_test.dart: offline sync status does not claim a completed save or guaranteed backup
02:56 +809: C:/Users/Atharva Patil/AppData/Local/Temp/gymlog-session-2-isolated-_7ofw15r/test/upgrade/error_reassurance_render_test.dart: offline-higgsfield-1.0x-synthetic
02:56 +810: C:/Users/Atharva Patil/AppData/Local/Temp/gymlog-session-2-isolated-_7ofw15r/test/upgrade/session_1_render_test.dart: header-weighted-higgsfield-1.0x-synthetic
02:56 +811: C:/Users/Atharva Patil/AppData/Local/Temp/gymlog-session-2-isolated-_7ofw15r/test/upgrade/session_1_render_test.dart: header-weighted-higgsfield-1.0x-synthetic
02:56 +812: C:/Users/Atharva Patil/AppData/Local/Temp/gymlog-session-2-isolated-_7ofw15r/test/upgrade/error_reassurance_test.dart: storage-free describes successful saves without instant/guaranteed backup claims
02:56 +813: C:/Users/Atharva Patil/AppData/Local/Temp/gymlog-session-2-isolated-_7ofw15r/test/upgrade/error_reassurance_test.dart: storage-free describes successful saves without instant/guaranteed backup claims
02:56 +814: C:/Users/Atharva Patil/AppData/Local/Temp/gymlog-session-2-isolated-_7ofw15r/test/upgrade/error_reassurance_test.dart: storage-free describes successful saves without instant/guaranteed backup claims
02:56 +815: C:/Users/Atharva Patil/AppData/Local/Temp/gymlog-session-2-isolated-_7ofw15r/test/upgrade/error_reassurance_render_test.dart: sync-error-higgsfield-1.0x-synthetic
02:56 +816: C:/Users/Atharva Patil/AppData/Local/Temp/gymlog-session-2-isolated-_7ofw15r/test/upgrade/error_reassurance_render_test.dart: sync-error-higgsfield-1.0x-synthetic
02:56 +817: C:/Users/Atharva Patil/AppData/Local/Temp/gymlog-session-2-isolated-_7ofw15r/test/upgrade/session_1_correctness_test.dart: missing 1RM estimate never borrows the logged weight
02:57 +818: C:/Users/Atharva Patil/AppData/Local/Temp/gymlog-session-2-isolated-_7ofw15r/test/upgrade/session_1_correctness_test.dart: missing 1RM estimate never borrows the logged weight
02:57 +819: C:/Users/Atharva Patil/AppData/Local/Temp/gymlog-session-2-isolated-_7ofw15r/test/upgrade/session_1_correctness_test.dart: missing 1RM estimate never borrows the logged weight
02:57 +820: C:/Users/Atharva Patil/AppData/Local/Temp/gymlog-session-2-isolated-_7ofw15r/test/upgrade/error_reassurance_test.dart: storage-pro describes successful saves without instant/guaranteed backup claims
02:57 +821: C:/Users/Atharva Patil/AppData/Local/Temp/gymlog-session-2-isolated-_7ofw15r/test/upgrade/error_reassurance_test.dart: storage-pro describes successful saves without instant/guaranteed backup claims
02:57 +822: C:/Users/Atharva Patil/AppData/Local/Temp/gymlog-session-2-isolated-_7ofw15r/test/upgrade/error_reassurance_test.dart: storage-pro describes successful saves without instant/guaranteed backup claims
02:57 +823: C:/Users/Atharva Patil/AppData/Local/Temp/gymlog-session-2-isolated-_7ofw15r/test/upgrade/error_reassurance_render_test.dart: storage-free-higgsfield-1.0x-synthetic
02:57 +824: C:/Users/Atharva Patil/AppData/Local/Temp/gymlog-session-2-isolated-_7ofw15r/test/upgrade/session_1_render_test.dart: finish-weighted-higgsfield-1.0x-synthetic
02:58 +825: C:/Users/Atharva Patil/AppData/Local/Temp/gymlog-session-2-isolated-_7ofw15r/test/upgrade/session_1_correctness_test.dart: finish review does not announce completion before save
02:58 +826: C:/Users/Atharva Patil/AppData/Local/Temp/gymlog-session-2-isolated-_7ofw15r/test/upgrade/session_1_correctness_test.dart: finish review does not announce completion before save
02:58 +827: C:/Users/Atharva Patil/AppData/Local/Temp/gymlog-session-2-isolated-_7ofw15r/test/upgrade/error_reassurance_render_test.dart: storage-pro-higgsfield-1.0x-synthetic
02:58 +828: C:/Users/Atharva Patil/AppData/Local/Temp/gymlog-session-2-isolated-_7ofw15r/test/upgrade/error_reassurance_render_test.dart: storage-pro-higgsfield-1.0x-synthetic
02:58 +829: C:/Users/Atharva Patil/AppData/Local/Temp/gymlog-session-2-isolated-_7ofw15r/test/upgrade/error_reassurance_test.dart: Pro storage heading does not assert an existing cloud backup
02:58 +830: C:/Users/Atharva Patil/AppData/Local/Temp/gymlog-session-2-isolated-_7ofw15r/test/upgrade/error_reassurance_test.dart: Pro storage heading does not assert an existing cloud backup
02:58 +831: C:/Users/Atharva Patil/AppData/Local/Temp/gymlog-session-2-isolated-_7ofw15r/test/upgrade/error_reassurance_test.dart: Pro storage heading does not assert an existing cloud backup
02:58 +832: C:/Users/Atharva Patil/AppData/Local/Temp/gymlog-session-2-isolated-_7ofw15r/test/upgrade/error_reassurance_render_test.dart: async-error-higgsfield-1.6x-synthetic
02:58 +833: C:/Users/Atharva Patil/AppData/Local/Temp/gymlog-session-2-isolated-_7ofw15r/test/upgrade/session_1_render_test.dart: finish-distance-higgsfield-1.0x-synthetic
02:59 +834: C:/Users/Atharva Patil/AppData/Local/Temp/gymlog-session-2-isolated-_7ofw15r/test/upgrade/session_1_render_test.dart: finish-distance-higgsfield-1.0x-synthetic
02:59 +835: C:/Users/Atharva Patil/AppData/Local/Temp/gymlog-session-2-isolated-_7ofw15r/test/upgrade/error_reassurance_render_test.dart: detail-error-higgsfield-1.6x-synthetic
02:59 +836: C:/Users/Atharva Patil/AppData/Local/Temp/gymlog-session-2-isolated-_7ofw15r/test/upgrade/session_1_render_test.dart: pr-higgsfield-1.0x-synthetic
02:59 +837: C:/Users/Atharva Patil/AppData/Local/Temp/gymlog-session-2-isolated-_7ofw15r/test/upgrade/error_reassurance_render_test.dart: routine-error-higgsfield-1.6x-synthetic
02:59 +838: C:/Users/Atharva Patil/AppData/Local/Temp/gymlog-session-2-isolated-_7ofw15r/test/upgrade/session_1_render_test.dart: pr-pace-higgsfield-1.0x-synthetic
02:59 +839: C:/Users/Atharva Patil/AppData/Local/Temp/gymlog-session-2-isolated-_7ofw15r/test/upgrade/error_reassurance_render_test.dart: roles-higgsfield-1.6x-synthetic
02:59 +840: C:/Users/Atharva Patil/AppData/Local/Temp/gymlog-session-2-isolated-_7ofw15r/test/upgrade/session_1_render_test.dart: share-monument-higgsfield-1.0x-synthetic
02:59 +841: C:/Users/Atharva Patil/AppData/Local/Temp/gymlog-session-2-isolated-_7ofw15r/test/upgrade/error_reassurance_render_test.dart: offline-higgsfield-1.6x-synthetic
03:00 +842: C:/Users/Atharva Patil/AppData/Local/Temp/gymlog-session-2-isolated-_7ofw15r/test/upgrade/error_reassurance_render_test.dart: offline-higgsfield-1.6x-synthetic
03:00 +843: C:/Users/Atharva Patil/AppData/Local/Temp/gymlog-session-2-isolated-_7ofw15r/test/upgrade/error_reassurance_render_test.dart: offline-higgsfield-1.6x-synthetic
03:00 +844: C:/Users/Atharva Patil/AppData/Local/Temp/gymlog-session-2-isolated-_7ofw15r/test/upgrade/session_1_render_test.dart: share-duration-monument-higgsfield-1.0x-synthetic
03:00 +845: C:/Users/Atharva Patil/AppData/Local/Temp/gymlog-session-2-isolated-_7ofw15r/test/upgrade/error_reassurance_render_test.dart: sync-error-higgsfield-1.6x-synthetic
03:00 +846: C:/Users/Atharva Patil/AppData/Local/Temp/gymlog-session-2-isolated-_7ofw15r/test/upgrade/error_reassurance_render_test.dart: sync-error-higgsfield-1.6x-synthetic
03:00 +847: C:/Users/Atharva Patil/AppData/Local/Temp/gymlog-session-2-isolated-_7ofw15r/test/upgrade/error_reassurance_render_test.dart: sync-error-higgsfield-1.6x-synthetic
03:00 +848: C:/Users/Atharva Patil/AppData/Local/Temp/gymlog-session-2-isolated-_7ofw15r/test/upgrade/error_reassurance_render_test.dart: sync-error-higgsfield-1.6x-synthetic
03:00 +849: C:/Users/Atharva Patil/AppData/Local/Temp/gymlog-session-2-isolated-_7ofw15r/test/upgrade/session_1_render_test.dart: share-distance-technical-higgsfield-1.0x-synthetic
03:01 +850: C:/Users/Atharva Patil/AppData/Local/Temp/gymlog-session-2-isolated-_7ofw15r/test/upgrade/error_reassurance_render_test.dart: storage-free-higgsfield-1.6x-synthetic
03:01 +851: C:/Users/Atharva Patil/AppData/Local/Temp/gymlog-session-2-isolated-_7ofw15r/test/upgrade/error_reassurance_render_test.dart: storage-free-higgsfield-1.6x-synthetic
03:01 +852: C:/Users/Atharva Patil/AppData/Local/Temp/gymlog-session-2-isolated-_7ofw15r/test/upgrade/error_reassurance_render_test.dart: storage-free-higgsfield-1.6x-synthetic
03:01 +853: C:/Users/Atharva Patil/AppData/Local/Temp/gymlog-session-2-isolated-_7ofw15r/test/upgrade/session_2_acceptance_render_test.dart: home-chosen-higgsfield-1.0x-synthetic
03:01 +854: C:/Users/Atharva Patil/AppData/Local/Temp/gymlog-session-2-isolated-_7ofw15r/test/upgrade/session_2_acceptance_render_test.dart: home-chosen-higgsfield-1.0x-synthetic
03:01 +855: C:/Users/Atharva Patil/AppData/Local/Temp/gymlog-session-2-isolated-_7ofw15r/test/upgrade/session_2_acceptance_render_test.dart: home-chosen-higgsfield-1.0x-synthetic
03:02 +856: C:/Users/Atharva Patil/AppData/Local/Temp/gymlog-session-2-isolated-_7ofw15r/test/upgrade/session_2_acceptance_render_test.dart: home-chosen-higgsfield-1.0x-synthetic
03:02 +857: C:/Users/Atharva Patil/AppData/Local/Temp/gymlog-session-2-isolated-_7ofw15r/test/upgrade/session_2_acceptance_render_test.dart: home-chosen-higgsfield-1.0x-synthetic
03:02 +858: C:/Users/Atharva Patil/AppData/Local/Temp/gymlog-session-2-isolated-_7ofw15r/test/upgrade/session_2_acceptance_render_test.dart: home-chosen-higgsfield-1.0x-synthetic
03:02 +859: C:/Users/Atharva Patil/AppData/Local/Temp/gymlog-session-2-isolated-_7ofw15r/test/upgrade/session_2_acceptance_render_test.dart: home-chosen-higgsfield-1.0x-synthetic
03:02 +860: C:/Users/Atharva Patil/AppData/Local/Temp/gymlog-session-2-isolated-_7ofw15r/test/upgrade/session_2_acceptance_render_test.dart: home-chosen-higgsfield-1.0x-synthetic
03:02 +861: C:/Users/Atharva Patil/AppData/Local/Temp/gymlog-session-2-isolated-_7ofw15r/test/upgrade/session_2_acceptance_render_test.dart: home-chosen-higgsfield-1.0x-synthetic
03:02 +862: C:/Users/Atharva Patil/AppData/Local/Temp/gymlog-session-2-isolated-_7ofw15r/test/upgrade/session_2_acceptance_render_test.dart: home-chosen-higgsfield-1.0x-synthetic
03:02 +863: C:/Users/Atharva Patil/AppData/Local/Temp/gymlog-session-2-isolated-_7ofw15r/test/upgrade/session_2_acceptance_render_test.dart: home-chosen-higgsfield-1.0x-synthetic
03:02 +864: C:/Users/Atharva Patil/AppData/Local/Temp/gymlog-session-2-isolated-_7ofw15r/test/upgrade/session_2_acceptance_render_test.dart: home-chosen-higgsfield-1.0x-synthetic
03:03 +865: C:/Users/Atharva Patil/AppData/Local/Temp/gymlog-session-2-isolated-_7ofw15r/test/upgrade/session_2_acceptance_render_test.dart: home-chosen-higgsfield-1.0x-synthetic
03:03 +866: C:/Users/Atharva Patil/AppData/Local/Temp/gymlog-session-2-isolated-_7ofw15r/test/upgrade/session_2_acceptance_render_test.dart: home-chosen-higgsfield-1.0x-synthetic
03:03 +867: C:/Users/Atharva Patil/AppData/Local/Temp/gymlog-session-2-isolated-_7ofw15r/test/upgrade/session_2_acceptance_render_test.dart: home-chosen-higgsfield-1.0x-synthetic
03:03 +868: C:/Users/Atharva Patil/AppData/Local/Temp/gymlog-session-2-isolated-_7ofw15r/test/upgrade/session_2_acceptance_render_test.dart: home-chosen-higgsfield-1.0x-synthetic
03:03 +869: C:/Users/Atharva Patil/AppData/Local/Temp/gymlog-session-2-isolated-_7ofw15r/test/upgrade/session_2_acceptance_render_test.dart: home-chosen-higgsfield-1.0x-synthetic
03:03 +870: C:/Users/Atharva Patil/AppData/Local/Temp/gymlog-session-2-isolated-_7ofw15r/test/upgrade/session_2_acceptance_render_test.dart: home-chosen-higgsfield-1.0x-synthetic
03:03 +871: C:/Users/Atharva Patil/AppData/Local/Temp/gymlog-session-2-isolated-_7ofw15r/test/upgrade/session_2_acceptance_render_test.dart: home-chosen-higgsfield-1.0x-synthetic
03:03 +872: C:/Users/Atharva Patil/AppData/Local/Temp/gymlog-session-2-isolated-_7ofw15r/test/upgrade/session_2_acceptance_render_test.dart: home-chosen-higgsfield-1.0x-synthetic
03:04 +873: C:/Users/Atharva Patil/AppData/Local/Temp/gymlog-session-2-isolated-_7ofw15r/test/upgrade/session_2_acceptance_render_test.dart: home-chosen-higgsfield-1.0x-synthetic
03:04 +874: C:/Users/Atharva Patil/AppData/Local/Temp/gymlog-session-2-isolated-_7ofw15r/test/upgrade/session_2_acceptance_render_test.dart: home-chosen-higgsfield-1.0x-synthetic
03:04 +875: C:/Users/Atharva Patil/AppData/Local/Temp/gymlog-session-2-isolated-_7ofw15r/test/upgrade/session_2_acceptance_render_test.dart: home-chosen-higgsfield-1.0x-synthetic
03:04 +876: C:/Users/Atharva Patil/AppData/Local/Temp/gymlog-session-2-isolated-_7ofw15r/test/upgrade/session_2_acceptance_render_test.dart: home-chosen-higgsfield-1.0x-synthetic
03:04 +877: C:/Users/Atharva Patil/AppData/Local/Temp/gymlog-session-2-isolated-_7ofw15r/test/upgrade/session_2_acceptance_render_test.dart: home-chosen-higgsfield-1.0x-synthetic
03:04 +878: C:/Users/Atharva Patil/AppData/Local/Temp/gymlog-session-2-isolated-_7ofw15r/test/upgrade/session_2_acceptance_render_test.dart: home-chosen-higgsfield-1.0x-synthetic
03:04 +879: C:/Users/Atharva Patil/AppData/Local/Temp/gymlog-session-2-isolated-_7ofw15r/test/upgrade/session_2_acceptance_render_test.dart: home-chosen-higgsfield-1.0x-synthetic
03:04 +880: C:/Users/Atharva Patil/AppData/Local/Temp/gymlog-session-2-isolated-_7ofw15r/test/upgrade/session_2_acceptance_render_test.dart: home-chosen-higgsfield-1.0x-synthetic
03:04 +881: C:/Users/Atharva Patil/AppData/Local/Temp/gymlog-session-2-isolated-_7ofw15r/test/upgrade/session_2_acceptance_render_test.dart: home-chosen-higgsfield-1.0x-synthetic
03:04 +882: C:/Users/Atharva Patil/AppData/Local/Temp/gymlog-session-2-isolated-_7ofw15r/test/upgrade/session_2_acceptance_render_test.dart: home-chosen-higgsfield-1.0x-synthetic
03:04 +883: C:/Users/Atharva Patil/AppData/Local/Temp/gymlog-session-2-isolated-_7ofw15r/test/upgrade/session_2_launchpad_test.dart: home choice read failure is distinct from no choice
03:04 +884: C:/Users/Atharva Patil/AppData/Local/Temp/gymlog-session-2-isolated-_7ofw15r/test/upgrade/session_2_launchpad_test.dart: home choice read failure is distinct from no choice
03:04 +885: C:/Users/Atharva Patil/AppData/Local/Temp/gymlog-session-2-isolated-_7ofw15r/test/upgrade/session_2_launchpad_test.dart: home choice read failure is distinct from no choice
03:05 +886: C:/Users/Atharva Patil/AppData/Local/Temp/gymlog-session-2-isolated-_7ofw15r/test/upgrade/session_2_acceptance_render_test.dart: library-chosen-higgsfield-1.0x-synthetic
03:05 +887: C:/Users/Atharva Patil/AppData/Local/Temp/gymlog-session-2-isolated-_7ofw15r/test/upgrade/session_2_acceptance_render_test.dart: library-chosen-higgsfield-1.0x-synthetic
03:05 +888: C:/Users/Atharva Patil/AppData/Local/Temp/gymlog-session-2-isolated-_7ofw15r/test/upgrade/session_2_acceptance_render_test.dart: library-chosen-higgsfield-1.0x-synthetic
03:05 +889: C:/Users/Atharva Patil/AppData/Local/Temp/gymlog-session-2-isolated-_7ofw15r/test/upgrade/session_2_acceptance_render_test.dart: library-chosen-higgsfield-1.0x-synthetic
03:05 +890: C:/Users/Atharva Patil/AppData/Local/Temp/gymlog-session-2-isolated-_7ofw15r/test/upgrade/session_2_acceptance_render_test.dart: library-chosen-higgsfield-1.0x-synthetic
03:05 +891: C:/Users/Atharva Patil/AppData/Local/Temp/gymlog-session-2-isolated-_7ofw15r/test/upgrade/session_2_acceptance_render_test.dart: library-chosen-higgsfield-1.0x-synthetic
03:05 +892: C:/Users/Atharva Patil/AppData/Local/Temp/gymlog-session-2-isolated-_7ofw15r/test/upgrade/session_2_acceptance_render_test.dart: library-chosen-higgsfield-1.0x-synthetic
03:05 +893: C:/Users/Atharva Patil/AppData/Local/Temp/gymlog-session-2-isolated-_7ofw15r/test/upgrade/session_2_acceptance_render_test.dart: library-chosen-higgsfield-1.0x-synthetic
03:05 +894: C:/Users/Atharva Patil/AppData/Local/Temp/gymlog-session-2-isolated-_7ofw15r/test/upgrade/session_2_launchpad_test.dart: home repairs a damaged saved choice through explicit selection
03:05 +895: C:/Users/Atharva Patil/AppData/Local/Temp/gymlog-session-2-isolated-_7ofw15r/test/upgrade/session_2_launchpad_test.dart: home repairs a damaged saved choice through explicit selection
03:06 +896: C:/Users/Atharva Patil/AppData/Local/Temp/gymlog-session-2-isolated-_7ofw15r/test/upgrade/session_2_launchpad_test.dart: home repairs a damaged saved choice through explicit selection
03:06 +897: C:/Users/Atharva Patil/AppData/Local/Temp/gymlog-session-2-isolated-_7ofw15r/test/upgrade/session_2_launchpad_test.dart: home repairs a damaged saved choice through explicit selection
03:06 +898: C:/Users/Atharva Patil/AppData/Local/Temp/gymlog-session-2-isolated-_7ofw15r/test/upgrade/session_2_launchpad_test.dart: home repairs a damaged saved choice through explicit selection
03:06 +899: C:/Users/Atharva Patil/AppData/Local/Temp/gymlog-session-2-isolated-_7ofw15r/test/upgrade/session_2_launchpad_test.dart: home repairs a damaged saved choice through explicit selection
03:06 +900: C:/Users/Atharva Patil/AppData/Local/Temp/gymlog-session-2-isolated-_7ofw15r/test/upgrade/session_2_launchpad_test.dart: home repairs a damaged saved choice through explicit selection
03:06 +901: C:/Users/Atharva Patil/AppData/Local/Temp/gymlog-session-2-isolated-_7ofw15r/test/upgrade/session_2_launchpad_test.dart: home repairs a damaged saved choice through explicit selection
03:06 +902: C:/Users/Atharva Patil/AppData/Local/Temp/gymlog-session-2-isolated-_7ofw15r/test/upgrade/session_2_launchpad_test.dart: home repairs a damaged saved choice through explicit selection
03:06 +903: C:/Users/Atharva Patil/AppData/Local/Temp/gymlog-session-2-isolated-_7ofw15r/test/upgrade/session_2_launchpad_test.dart: home repairs a damaged saved choice through explicit selection
03:06 +904: C:/Users/Atharva Patil/AppData/Local/Temp/gymlog-session-2-isolated-_7ofw15r/test/upgrade/session_2_launchpad_test.dart: home repairs a damaged saved choice through explicit selection
03:06 +905: C:/Users/Atharva Patil/AppData/Local/Temp/gymlog-session-2-isolated-_7ofw15r/test/upgrade/session_2_launchpad_test.dart: home repairs a damaged saved choice through explicit selection
03:07 +906: C:/Users/Atharva Patil/AppData/Local/Temp/gymlog-session-2-isolated-_7ofw15r/test/upgrade/error_reassurance_render_test.dart: storage-free-neonPurple-1.6x-synthetic
03:07 +907: C:/Users/Atharva Patil/AppData/Local/Temp/gymlog-session-2-isolated-_7ofw15r/test/upgrade/error_reassurance_render_test.dart: storage-free-neonPurple-1.6x-synthetic
03:07 +908: C:/Users/Atharva Patil/AppData/Local/Temp/gymlog-session-2-isolated-_7ofw15r/test/upgrade/error_reassurance_render_test.dart: storage-free-neonPurple-1.6x-synthetic
03:07 +909: C:/Users/Atharva Patil/AppData/Local/Temp/gymlog-session-2-isolated-_7ofw15r/test/upgrade/error_reassurance_render_test.dart: storage-free-neonPurple-1.6x-synthetic
03:07 +910: C:/Users/Atharva Patil/AppData/Local/Temp/gymlog-session-2-isolated-_7ofw15r/test/upgrade/session_2_launchpad_test.dart: home keeps Resume primary when choice is missing or damaged
03:07 +911: C:/Users/Atharva Patil/AppData/Local/Temp/gymlog-session-2-isolated-_7ofw15r/test/upgrade/session_2_launchpad_test.dart: home keeps Resume primary when choice is missing or damaged
03:07 +912: C:/Users/Atharva Patil/AppData/Local/Temp/gymlog-session-2-isolated-_7ofw15r/test/upgrade/session_2_launchpad_test.dart: home keeps Resume primary when choice is missing or damaged
03:07 +913: C:/Users/Atharva Patil/AppData/Local/Temp/gymlog-session-2-isolated-_7ofw15r/test/upgrade/session_2_launchpad_test.dart: home keeps Resume primary when choice is missing or damaged
03:07 +914: C:/Users/Atharva Patil/AppData/Local/Temp/gymlog-session-2-isolated-_7ofw15r/test/upgrade/session_2_launchpad_test.dart: home keeps Resume primary when choice is missing or damaged
03:07 +915: C:/Users/Atharva Patil/AppData/Local/Temp/gymlog-session-2-isolated-_7ofw15r/test/upgrade/session_2_launchpad_test.dart: home keeps Resume primary when choice is missing or damaged
03:07 +916: C:/Users/Atharva Patil/AppData/Local/Temp/gymlog-session-2-isolated-_7ofw15r/test/upgrade/session_2_launchpad_test.dart: home keeps Resume primary when choice is missing or damaged
03:07 +917: C:/Users/Atharva Patil/AppData/Local/Temp/gymlog-session-2-isolated-_7ofw15r/test/upgrade/session_2_launchpad_test.dart: home keeps Resume primary when choice is missing or damaged
03:07 +918: C:/Users/Atharva Patil/AppData/Local/Temp/gymlog-session-2-isolated-_7ofw15r/test/upgrade/session_2_launchpad_test.dart: home keeps Resume primary when choice is missing or damaged
03:08 +919: C:/Users/Atharva Patil/AppData/Local/Temp/gymlog-session-2-isolated-_7ofw15r/test/upgrade/session_2_launchpad_test.dart: home keeps Resume primary when choice is missing or damaged
03:08 +920: C:/Users/Atharva Patil/AppData/Local/Temp/gymlog-session-2-isolated-_7ofw15r/test/upgrade/session_2_launchpad_test.dart: home keeps Resume primary when choice is missing or damaged
03:08 +921: C:/Users/Atharva Patil/AppData/Local/Temp/gymlog-session-2-isolated-_7ofw15r/test/upgrade/error_reassurance_render_test.dart: app-error-white-1.0x-synthetic
03:08 +922: C:/Users/Atharva Patil/AppData/Local/Temp/gymlog-session-2-isolated-_7ofw15r/test/upgrade/session_2_acceptance_render_test.dart: library-empty-choice-higgsfield-1.0x-synthetic
03:08 +923: C:/Users/Atharva Patil/AppData/Local/Temp/gymlog-session-2-isolated-_7ofw15r/test/upgrade/session_2_acceptance_render_test.dart: library-empty-choice-higgsfield-1.0x-synthetic
03:08 +924: C:/Users/Atharva Patil/AppData/Local/Temp/gymlog-session-2-isolated-_7ofw15r/test/upgrade/session_2_acceptance_render_test.dart: library-empty-choice-higgsfield-1.0x-synthetic
03:08 +925: C:/Users/Atharva Patil/AppData/Local/Temp/gymlog-session-2-isolated-_7ofw15r/test/upgrade/session_2_acceptance_render_test.dart: library-empty-choice-higgsfield-1.0x-synthetic
03:08 +926: C:/Users/Atharva Patil/AppData/Local/Temp/gymlog-session-2-isolated-_7ofw15r/test/upgrade/session_2_launchpad_test.dart: home uses explicit choice and one-tap Change
03:08 +927: C:/Users/Atharva Patil/AppData/Local/Temp/gymlog-session-2-isolated-_7ofw15r/test/upgrade/session_2_launchpad_test.dart: home uses explicit choice and one-tap Change
03:08 +928: C:/Users/Atharva Patil/AppData/Local/Temp/gymlog-session-2-isolated-_7ofw15r/test/upgrade/session_2_launchpad_test.dart: home uses explicit choice and one-tap Change
03:08 +929: C:/Users/Atharva Patil/AppData/Local/Temp/gymlog-session-2-isolated-_7ofw15r/test/upgrade/session_2_launchpad_test.dart: home uses explicit choice and one-tap Change
03:08 +930: C:/Users/Atharva Patil/AppData/Local/Temp/gymlog-session-2-isolated-_7ofw15r/test/upgrade/session_2_acceptance_render_test.dart: home-new-user-higgsfield-1.0x-synthetic
03:08 +931: C:/Users/Atharva Patil/AppData/Local/Temp/gymlog-session-2-isolated-_7ofw15r/test/upgrade/session_1_render_test.dart: exercise-higgsfield-1.6x-synthetic
03:08 +932: C:/Users/Atharva Patil/AppData/Local/Temp/gymlog-session-2-isolated-_7ofw15r/test/upgrade/error_reassurance_render_test.dart: offline-white-1.0x-synthetic
03:09 +933: C:/Users/Atharva Patil/AppData/Local/Temp/gymlog-session-2-isolated-_7ofw15r/test/upgrade/error_reassurance_render_test.dart: offline-white-1.0x-synthetic
03:09 +934: C:/Users/Atharva Patil/AppData/Local/Temp/gymlog-session-2-isolated-_7ofw15r/test/upgrade/error_reassurance_render_test.dart: offline-white-1.0x-synthetic
03:09 +935: C:/Users/Atharva Patil/AppData/Local/Temp/gymlog-session-2-isolated-_7ofw15r/test/upgrade/error_reassurance_render_test.dart: offline-white-1.0x-synthetic
03:09 +936: C:/Users/Atharva Patil/AppData/Local/Temp/gymlog-session-2-isolated-_7ofw15r/test/upgrade/session_2_acceptance_render_test.dart: home-no-routine-higgsfield-1.0x-synthetic
03:09 +937: C:/Users/Atharva Patil/AppData/Local/Temp/gymlog-session-2-isolated-_7ofw15r/test/upgrade/session_2_acceptance_render_test.dart: home-no-routine-higgsfield-1.0x-synthetic
03:09 +938: C:/Users/Atharva Patil/AppData/Local/Temp/gymlog-session-2-isolated-_7ofw15r/test/upgrade/session_2_launchpad_test.dart: home shows a deleted choice without replacing it
03:09 +939: C:/Users/Atharva Patil/AppData/Local/Temp/gymlog-session-2-isolated-_7ofw15r/test/upgrade/session_2_launchpad_test.dart: home shows a deleted choice without replacing it
03:09 +940: C:/Users/Atharva Patil/AppData/Local/Temp/gymlog-session-2-isolated-_7ofw15r/test/upgrade/error_reassurance_render_test.dart: sync-error-white-1.0x-synthetic
03:09 +941: C:/Users/Atharva Patil/AppData/Local/Temp/gymlog-session-2-isolated-_7ofw15r/test/upgrade/error_reassurance_render_test.dart: sync-error-white-1.0x-synthetic
03:09 +942: C:/Users/Atharva Patil/AppData/Local/Temp/gymlog-session-2-isolated-_7ofw15r/test/upgrade/error_reassurance_render_test.dart: sync-error-white-1.0x-synthetic
03:09 +943: C:/Users/Atharva Patil/AppData/Local/Temp/gymlog-session-2-isolated-_7ofw15r/test/upgrade/error_reassurance_render_test.dart: sync-error-white-1.0x-synthetic
03:09 +944: C:/Users/Atharva Patil/AppData/Local/Temp/gymlog-session-2-isolated-_7ofw15r/test/upgrade/session_1_render_test.dart: roles-higgsfield-1.6x-synthetic
03:09 +945: C:/Users/Atharva Patil/AppData/Local/Temp/gymlog-session-2-isolated-_7ofw15r/test/upgrade/session_2_launchpad_test.dart: library first-session logging has an explicit start label
03:09 +946: C:/Users/Atharva Patil/AppData/Local/Temp/gymlog-session-2-isolated-_7ofw15r/test/upgrade/session_2_launchpad_test.dart: library first-session logging has an explicit start label
03:09 +947: C:/Users/Atharva Patil/AppData/Local/Temp/gymlog-session-2-isolated-_7ofw15r/test/upgrade/session_2_acceptance_render_test.dart: home-inactive-return-higgsfield-1.0x-synthetic
03:10 +948: C:/Users/Atharva Patil/AppData/Local/Temp/gymlog-session-2-isolated-_7ofw15r/test/upgrade/session_2_acceptance_render_test.dart: home-inactive-return-higgsfield-1.0x-synthetic
03:10 +949: C:/Users/Atharva Patil/AppData/Local/Temp/gymlog-session-2-isolated-_7ofw15r/test/upgrade/error_reassurance_render_test.dart: storage-free-white-1.0x-synthetic
03:10 +950: C:/Users/Atharva Patil/AppData/Local/Temp/gymlog-session-2-isolated-_7ofw15r/test/upgrade/error_reassurance_render_test.dart: storage-free-white-1.0x-synthetic
03:10 +951: C:/Users/Atharva Patil/AppData/Local/Temp/gymlog-session-2-isolated-_7ofw15r/test/upgrade/session_2_launchpad_test.dart: library prioritizes the actual active workout in fallback states
03:10 +952: C:/Users/Atharva Patil/AppData/Local/Temp/gymlog-session-2-isolated-_7ofw15r/test/upgrade/session_2_launchpad_test.dart: library prioritizes the actual active workout in fallback states
03:10 +953: C:/Users/Atharva Patil/AppData/Local/Temp/gymlog-session-2-isolated-_7ofw15r/test/upgrade/session_2_launchpad_test.dart: library prioritizes the actual active workout in fallback states
03:10 +954: C:/Users/Atharva Patil/AppData/Local/Temp/gymlog-session-2-isolated-_7ofw15r/test/upgrade/session_2_launchpad_test.dart: library prioritizes the actual active workout in fallback states
03:10 +955: C:/Users/Atharva Patil/AppData/Local/Temp/gymlog-session-2-isolated-_7ofw15r/test/upgrade/session_2_launchpad_test.dart: library prioritizes the actual active workout in fallback states
03:10 +956: C:/Users/Atharva Patil/AppData/Local/Temp/gymlog-session-2-isolated-_7ofw15r/test/upgrade/session_2_launchpad_test.dart: library prioritizes the actual active workout in fallback states
03:10 +957: C:/Users/Atharva Patil/AppData/Local/Temp/gymlog-session-2-isolated-_7ofw15r/test/upgrade/session_2_acceptance_render_test.dart: home-low-data-higgsfield-1.0x-synthetic
03:11 +958: C:/Users/Atharva Patil/AppData/Local/Temp/gymlog-session-2-isolated-_7ofw15r/test/upgrade/session_1_render_test.dart: finish-reps-neonPurple-1.0x-synthetic
03:11 +959: C:/Users/Atharva Patil/AppData/Local/Temp/gymlog-session-2-isolated-_7ofw15r/test/upgrade/session_1_render_test.dart: finish-reps-neonPurple-1.0x-synthetic
03:11 +960: C:/Users/Atharva Patil/AppData/Local/Temp/gymlog-session-2-isolated-_7ofw15r/test/upgrade/session_2_launchpad_test.dart: library labels a one-set plan in the singular
03:11 +961: C:/Users/Atharva Patil/AppData/Local/Temp/gymlog-session-2-isolated-_7ofw15r/test/upgrade/session_2_launchpad_test.dart: library labels a one-set plan in the singular
03:11 +962: C:/Users/Atharva Patil/AppData/Local/Temp/gymlog-session-2-isolated-_7ofw15r/test/upgrade/session_2_launchpad_test.dart: library labels a one-set plan in the singular
03:11 +963: C:/Users/Atharva Patil/AppData/Local/Temp/gymlog-session-2-isolated-_7ofw15r/test/upgrade/session_2_acceptance_render_test.dart: library-low-data-higgsfield-1.0x-synthetic
03:11 +964: C:/Users/Atharva Patil/AppData/Local/Temp/gymlog-session-2-isolated-_7ofw15r/test/upgrade/session_2_acceptance_render_test.dart: library-low-data-higgsfield-1.0x-synthetic
03:11 +965: C:/Users/Atharva Patil/AppData/Local/Temp/gymlog-session-2-isolated-_7ofw15r/test/upgrade/error_reassurance_render_test.dart: routine-error-white-1.6x-synthetic
03:11 +966: C:/Users/Atharva Patil/AppData/Local/Temp/gymlog-session-2-isolated-_7ofw15r/test/upgrade/session_2_launchpad_test.dart: library guards an emptied chosen plan
03:11 +967: C:/Users/Atharva Patil/AppData/Local/Temp/gymlog-session-2-isolated-_7ofw15r/test/upgrade/session_2_launchpad_test.dart: library guards an emptied chosen plan
03:11 +968: C:/Users/Atharva Patil/AppData/Local/Temp/gymlog-session-2-isolated-_7ofw15r/test/upgrade/session_2_launchpad_test.dart: library guards an emptied chosen plan
03:11 +969: C:/Users/Atharva Patil/AppData/Local/Temp/gymlog-session-2-isolated-_7ofw15r/test/upgrade/session_2_acceptance_render_test.dart: home-error-higgsfield-1.0x-synthetic
03:11 +970: C:/Users/Atharva Patil/AppData/Local/Temp/gymlog-session-2-isolated-_7ofw15r/test/upgrade/session_2_acceptance_render_test.dart: home-error-higgsfield-1.0x-synthetic
03:11 +971: C:/Users/Atharva Patil/AppData/Local/Temp/gymlog-session-2-isolated-_7ofw15r/test/upgrade/error_reassurance_render_test.dart: offline-white-1.6x-synthetic
03:11 +972: C:/Users/Atharva Patil/AppData/Local/Temp/gymlog-session-2-isolated-_7ofw15r/test/upgrade/error_reassurance_render_test.dart: offline-white-1.6x-synthetic
03:12 +973: C:/Users/Atharva Patil/AppData/Local/Temp/gymlog-session-2-isolated-_7ofw15r/test/upgrade/error_reassurance_render_test.dart: offline-white-1.6x-synthetic
03:12 +974: C:/Users/Atharva Patil/AppData/Local/Temp/gymlog-session-2-isolated-_7ofw15r/test/upgrade/error_reassurance_render_test.dart: offline-white-1.6x-synthetic
03:12 +975: C:/Users/Atharva Patil/AppData/Local/Temp/gymlog-session-2-isolated-_7ofw15r/test/upgrade/error_reassurance_render_test.dart: offline-white-1.6x-synthetic
03:12 +976: C:/Users/Atharva Patil/AppData/Local/Temp/gymlog-session-2-isolated-_7ofw15r/test/upgrade/session_1_render_test.dart: share-technical-neonPurple-1.0x-synthetic
03:12 +977: C:/Users/Atharva Patil/AppData/Local/Temp/gymlog-session-2-isolated-_7ofw15r/test/upgrade/session_2_acceptance_render_test.dart: home-previous-error-higgsfield-1.0x-synthetic
03:12 +978: C:/Users/Atharva Patil/AppData/Local/Temp/gymlog-session-2-isolated-_7ofw15r/test/upgrade/session_2_acceptance_render_test.dart: home-previous-error-higgsfield-1.0x-synthetic
03:12 +979: C:/Users/Atharva Patil/AppData/Local/Temp/gymlog-session-2-isolated-_7ofw15r/test/upgrade/session_2_acceptance_render_test.dart: home-previous-error-higgsfield-1.0x-synthetic
03:12 +980: C:/Users/Atharva Patil/AppData/Local/Temp/gymlog-session-2-isolated-_7ofw15r/test/upgrade/session_2_launchpad_test.dart: library repairs a damaged saved choice through explicit selection
03:12 +981: C:/Users/Atharva Patil/AppData/Local/Temp/gymlog-session-2-isolated-_7ofw15r/test/upgrade/session_2_launchpad_test.dart: library repairs a damaged saved choice through explicit selection
03:12 +982: C:/Users/Atharva Patil/AppData/Local/Temp/gymlog-session-2-isolated-_7ofw15r/test/upgrade/session_2_launchpad_test.dart: library repairs a damaged saved choice through explicit selection
03:12 +983: C:/Users/Atharva Patil/AppData/Local/Temp/gymlog-session-2-isolated-_7ofw15r/test/upgrade/session_2_launchpad_test.dart: library repairs a damaged saved choice through explicit selection
03:12 +984: C:/Users/Atharva Patil/AppData/Local/Temp/gymlog-session-2-isolated-_7ofw15r/test/upgrade/session_2_launchpad_test.dart: library repairs a damaged saved choice through explicit selection
03:12 +985: C:/Users/Atharva Patil/AppData/Local/Temp/gymlog-session-2-isolated-_7ofw15r/test/upgrade/session_2_acceptance_render_test.dart: library-previous-error-higgsfield-1.0x-synthetic
03:13 +986: C:/Users/Atharva Patil/AppData/Local/Temp/gymlog-session-2-isolated-_7ofw15r/test/upgrade/error_reassurance_render_test.dart: storage-free-white-1.6x-synthetic
03:13 +987: C:/Users/Atharva Patil/AppData/Local/Temp/gymlog-session-2-isolated-_7ofw15r/test/upgrade/error_reassurance_render_test.dart: storage-free-white-1.6x-synthetic
03:13 +988: C:/Users/Atharva Patil/AppData/Local/Temp/gymlog-session-2-isolated-_7ofw15r/test/upgrade/session_2_launchpad_test.dart: library keeps Resume primary when choice is missing or damaged
03:13 +989: C:/Users/Atharva Patil/AppData/Local/Temp/gymlog-session-2-isolated-_7ofw15r/test/upgrade/session_2_launchpad_test.dart: library keeps Resume primary when choice is missing or damaged
03:13 +990: C:/Users/Atharva Patil/AppData/Local/Temp/gymlog-session-2-isolated-_7ofw15r/test/upgrade/session_2_launchpad_test.dart: library keeps Resume primary when choice is missing or damaged
03:13 +991: C:/Users/Atharva Patil/AppData/Local/Temp/gymlog-session-2-isolated-_7ofw15r/test/upgrade/session_2_launchpad_test.dart: library keeps Resume primary when choice is missing or damaged
03:13 +992: C:/Users/Atharva Patil/AppData/Local/Temp/gymlog-session-2-isolated-_7ofw15r/test/upgrade/session_2_launchpad_test.dart: library keeps Resume primary when choice is missing or damaged
03:13 +993: C:/Users/Atharva Patil/AppData/Local/Temp/gymlog-session-2-isolated-_7ofw15r/test/upgrade/session_2_launchpad_test.dart: library keeps Resume primary when choice is missing or damaged
03:13 +994: C:/Users/Atharva Patil/AppData/Local/Temp/gymlog-session-2-isolated-_7ofw15r/test/upgrade/session_2_launchpad_test.dart: library keeps Resume primary when choice is missing or damaged
03:13 +995: C:/Users/Atharva Patil/AppData/Local/Temp/gymlog-session-2-isolated-_7ofw15r/test/upgrade/session_2_launchpad_test.dart: library keeps Resume primary when choice is missing or damaged
03:13 +996: C:/Users/Atharva Patil/AppData/Local/Temp/gymlog-session-2-isolated-_7ofw15r/test/upgrade/session_2_launchpad_test.dart: library keeps Resume primary when choice is missing or damaged
03:13 +997: C:/Users/Atharva Patil/AppData/Local/Temp/gymlog-session-2-isolated-_7ofw15r/test/upgrade/session_2_launchpad_test.dart: library keeps Resume primary when choice is missing or damaged
03:13 +998: C:/Users/Atharva Patil/AppData/Local/Temp/gymlog-session-2-isolated-_7ofw15r/test/upgrade/session_2_acceptance_render_test.dart: library-choice-error-higgsfield-1.0x-synthetic
03:13 +999: C:/Users/Atharva Patil/AppData/Local/Temp/gymlog-session-2-isolated-_7ofw15r/test/upgrade/error_reassurance_render_test.dart: detail-error-neonCyan-1.0x-synthetic
03:13 +1000: C:/Users/Atharva Patil/AppData/Local/Temp/gymlog-session-2-isolated-_7ofw15r/test/upgrade/session_1_render_test.dart: detail-error-neonPurple-1.0x-synthetic
03:13 +1001: C:/Users/Atharva Patil/AppData/Local/Temp/gymlog-session-2-isolated-_7ofw15r/test/upgrade/session_2_launchpad_test.dart: library uses explicit choice and one-tap Change
03:14 +1002: C:/Users/Atharva Patil/AppData/Local/Temp/gymlog-session-2-isolated-_7ofw15r/test/upgrade/session_2_launchpad_test.dart: library uses explicit choice and one-tap Change
03:14 +1003: C:/Users/Atharva Patil/AppData/Local/Temp/gymlog-session-2-isolated-_7ofw15r/test/upgrade/session_2_launchpad_test.dart: library uses explicit choice and one-tap Change
03:14 +1004: C:/Users/Atharva Patil/AppData/Local/Temp/gymlog-session-2-isolated-_7ofw15r/test/upgrade/session_2_launchpad_test.dart: library uses explicit choice and one-tap Change
03:14 +1005: C:/Users/Atharva Patil/AppData/Local/Temp/gymlog-session-2-isolated-_7ofw15r/test/upgrade/session_2_launchpad_test.dart: library uses explicit choice and one-tap Change
03:14 +1006: C:/Users/Atharva Patil/AppData/Local/Temp/gymlog-session-2-isolated-_7ofw15r/test/upgrade/session_2_launchpad_test.dart: library uses explicit choice and one-tap Change
03:14 +1007: C:/Users/Atharva Patil/AppData/Local/Temp/gymlog-session-2-isolated-_7ofw15r/test/upgrade/session_2_launchpad_test.dart: library uses explicit choice and one-tap Change
03:14 +1008: C:/Users/Atharva Patil/AppData/Local/Temp/gymlog-session-2-isolated-_7ofw15r/test/upgrade/error_reassurance_render_test.dart: offline-neonCyan-1.0x-synthetic
03:14 +1009: C:/Users/Atharva Patil/AppData/Local/Temp/gymlog-session-2-isolated-_7ofw15r/test/upgrade/error_reassurance_render_test.dart: offline-neonCyan-1.0x-synthetic
03:14 +1010: C:/Users/Atharva Patil/AppData/Local/Temp/gymlog-session-2-isolated-_7ofw15r/test/upgrade/error_reassurance_render_test.dart: offline-neonCyan-1.0x-synthetic
03:14 +1011: C:/Users/Atharva Patil/AppData/Local/Temp/gymlog-session-2-isolated-_7ofw15r/test/upgrade/error_reassurance_render_test.dart: offline-neonCyan-1.0x-synthetic
03:14 +1012: C:/Users/Atharva Patil/AppData/Local/Temp/gymlog-session-2-isolated-_7ofw15r/test/upgrade/session_2_acceptance_render_test.dart: home-active-chosen-higgsfield-1.0x-synthetic
03:14 +1013: C:/Users/Atharva Patil/AppData/Local/Temp/gymlog-session-2-isolated-_7ofw15r/test/upgrade/session_1_render_test.dart: progress-low-neonPurple-1.0x-synthetic
03:14 +1014: C:/Users/Atharva Patil/AppData/Local/Temp/gymlog-session-2-isolated-_7ofw15r/test/upgrade/session_2_launchpad_test.dart: library shows a deleted choice without replacing it
03:14 +1015: C:/Users/Atharva Patil/AppData/Local/Temp/gymlog-session-2-isolated-_7ofw15r/test/upgrade/session_2_launchpad_test.dart: library shows a deleted choice without replacing it
03:14 +1016: C:/Users/Atharva Patil/AppData/Local/Temp/gymlog-session-2-isolated-_7ofw15r/test/upgrade/error_reassurance_render_test.dart: sync-error-neonCyan-1.0x-synthetic
03:15 +1017: C:/Users/Atharva Patil/AppData/Local/Temp/gymlog-session-2-isolated-_7ofw15r/test/upgrade/error_reassurance_render_test.dart: sync-error-neonCyan-1.0x-synthetic
03:15 +1018: C:/Users/Atharva Patil/AppData/Local/Temp/gymlog-session-2-isolated-_7ofw15r/test/upgrade/session_2_acceptance_render_test.dart: library-active-chosen-higgsfield-1.0x-synthetic
03:15 +1019: C:/Users/Atharva Patil/AppData/Local/Temp/gymlog-session-2-isolated-_7ofw15r/test/upgrade/session_2_acceptance_render_test.dart: library-active-chosen-higgsfield-1.0x-synthetic
03:15 +1020: C:/Users/Atharva Patil/AppData/Local/Temp/gymlog-session-2-isolated-_7ofw15r/test/upgrade/session_1_render_test.dart: header-weighted-neonPurple-1.6x-synthetic
03:15 +1021: C:/Users/Atharva Patil/AppData/Local/Temp/gymlog-session-2-isolated-_7ofw15r/test/upgrade/error_reassurance_render_test.dart: storage-free-neonCyan-1.0x-synthetic
03:15 +1022: C:/Users/Atharva Patil/AppData/Local/Temp/gymlog-session-2-isolated-_7ofw15r/test/upgrade/error_reassurance_render_test.dart: storage-free-neonCyan-1.0x-synthetic
03:15 +1023: C:/Users/Atharva Patil/AppData/Local/Temp/gymlog-session-2-isolated-_7ofw15r/test/upgrade/error_reassurance_render_test.dart: storage-free-neonCyan-1.0x-synthetic
03:15 +1024: C:/Users/Atharva Patil/AppData/Local/Temp/gymlog-session-2-isolated-_7ofw15r/test/upgrade/error_reassurance_render_test.dart: storage-free-neonCyan-1.0x-synthetic
03:15 +1025: C:/Users/Atharva Patil/AppData/Local/Temp/gymlog-session-2-isolated-_7ofw15r/test/upgrade/error_reassurance_render_test.dart: storage-free-neonCyan-1.0x-synthetic
03:15 +1026: C:/Users/Atharva Patil/AppData/Local/Temp/gymlog-session-2-isolated-_7ofw15r/test/upgrade/error_reassurance_render_test.dart: storage-free-neonCyan-1.0x-synthetic
03:15 +1027: C:/Users/Atharva Patil/AppData/Local/Temp/gymlog-session-2-isolated-_7ofw15r/test/upgrade/session_2_launchpad_test.dart: Deleted Library choice exposes the logging action it describes
03:15 +1028: C:/Users/Atharva Patil/AppData/Local/Temp/gymlog-session-2-isolated-_7ofw15r/test/upgrade/session_2_launchpad_test.dart: Deleted Library choice exposes the logging action it describes
03:15 +1029: C:/Users/Atharva Patil/AppData/Local/Temp/gymlog-session-2-isolated-_7ofw15r/test/upgrade/session_2_acceptance_render_test.dart: library-active-no-choice-higgsfield-1.0x-synthetic
03:16 +1030: C:/Users/Atharva Patil/AppData/Local/Temp/gymlog-session-2-isolated-_7ofw15r/test/upgrade/error_reassurance_render_test.dart: storage-pro-neonCyan-1.0x-synthetic
03:16 +1031: C:/Users/Atharva Patil/AppData/Local/Temp/gymlog-session-2-isolated-_7ofw15r/test/upgrade/error_reassurance_render_test.dart: storage-pro-neonCyan-1.0x-synthetic
03:16 +1032: C:/Users/Atharva Patil/AppData/Local/Temp/gymlog-session-2-isolated-_7ofw15r/test/upgrade/error_reassurance_render_test.dart: storage-pro-neonCyan-1.0x-synthetic
03:16 +1033: C:/Users/Atharva Patil/AppData/Local/Temp/gymlog-session-2-isolated-_7ofw15r/test/upgrade/error_reassurance_render_test.dart: storage-pro-neonCyan-1.0x-synthetic
03:16 +1034: C:/Users/Atharva Patil/AppData/Local/Temp/gymlog-session-2-isolated-_7ofw15r/test/upgrade/error_reassurance_render_test.dart: storage-pro-neonCyan-1.0x-synthetic
03:16 +1035: C:/Users/Atharva Patil/AppData/Local/Temp/gymlog-session-2-isolated-_7ofw15r/test/upgrade/session_2_launchpad_test.dart: Home explains the weekly counted unit visually and in speech
03:16 +1036: C:/Users/Atharva Patil/AppData/Local/Temp/gymlog-session-2-isolated-_7ofw15r/test/upgrade/session_2_launchpad_test.dart: Home explains the weekly counted unit visually and in speech
03:16 +1037: C:/Users/Atharva Patil/AppData/Local/Temp/gymlog-session-2-isolated-_7ofw15r/test/upgrade/session_2_acceptance_render_test.dart: library-active-no-routine-higgsfield-1.0x-synthetic
03:16 +1038: C:/Users/Atharva Patil/AppData/Local/Temp/gymlog-session-2-isolated-_7ofw15r/test/upgrade/session_2_acceptance_render_test.dart: library-active-no-routine-higgsfield-1.0x-synthetic
03:16 +1039: C:/Users/Atharva Patil/AppData/Local/Temp/gymlog-session-2-isolated-_7ofw15r/test/upgrade/session_1_render_test.dart: finish-timed-neonPurple-1.6x-synthetic
03:16 +1040: C:/Users/Atharva Patil/AppData/Local/Temp/gymlog-session-2-isolated-_7ofw15r/test/upgrade/session_2_launchpad_test.dart: Empty Library prioritizes browsing and avoids duplicate errors
03:16 +1041: C:/Users/Atharva Patil/AppData/Local/Temp/gymlog-session-2-isolated-_7ofw15r/test/upgrade/session_2_launchpad_test.dart: Empty Library prioritizes browsing and avoids duplicate errors
03:16 +1042: C:/Users/Atharva Patil/AppData/Local/Temp/gymlog-session-2-isolated-_7ofw15r/test/upgrade/session_2_acceptance_render_test.dart: home-active-error-higgsfield-1.0x-synthetic
03:16 +1043: C:/Users/Atharva Patil/AppData/Local/Temp/gymlog-session-2-isolated-_7ofw15r/test/upgrade/session_2_acceptance_render_test.dart: home-active-error-higgsfield-1.0x-synthetic
03:16 +1044: C:/Users/Atharva Patil/AppData/Local/Temp/gymlog-session-2-isolated-_7ofw15r/test/upgrade/error_reassurance_render_test.dart: routine-error-neonCyan-1.6x-synthetic
03:17 +1045: C:/Users/Atharva Patil/AppData/Local/Temp/gymlog-session-2-isolated-_7ofw15r/test/upgrade/session_2_launchpad_test.dart: Change exposes the selected choice to assistive technology
03:17 +1046: C:/Users/Atharva Patil/AppData/Local/Temp/gymlog-session-2-isolated-_7ofw15r/test/upgrade/session_2_launchpad_test.dart: Change exposes the selected choice to assistive technology
03:17 +1047: C:/Users/Atharva Patil/AppData/Local/Temp/gymlog-session-2-isolated-_7ofw15r/test/upgrade/session_2_launchpad_test.dart: Change exposes the selected choice to assistive technology
03:17 +1048: C:/Users/Atharva Patil/AppData/Local/Temp/gymlog-session-2-isolated-_7ofw15r/test/upgrade/session_2_launchpad_test.dart: Change exposes the selected choice to assistive technology
03:17 +1049: C:/Users/Atharva Patil/AppData/Local/Temp/gymlog-session-2-isolated-_7ofw15r/test/upgrade/session_2_launchpad_test.dart: Change exposes the selected choice to assistive technology
03:17 +1050: C:/Users/Atharva Patil/AppData/Local/Temp/gymlog-session-2-isolated-_7ofw15r/test/upgrade/error_reassurance_render_test.dart: offline-neonCyan-1.6x-synthetic
03:17 +1051: C:/Users/Atharva Patil/AppData/Local/Temp/gymlog-session-2-isolated-_7ofw15r/test/upgrade/error_reassurance_render_test.dart: offline-neonCyan-1.6x-synthetic
03:17 +1052: C:/Users/Atharva Patil/AppData/Local/Temp/gymlog-session-2-isolated-_7ofw15r/test/upgrade/error_reassurance_render_test.dart: offline-neonCyan-1.6x-synthetic
03:17 +1053: C:/Users/Atharva Patil/AppData/Local/Temp/gymlog-session-2-isolated-_7ofw15r/test/upgrade/error_reassurance_render_test.dart: offline-neonCyan-1.6x-synthetic
03:17 +1054: C:/Users/Atharva Patil/AppData/Local/Temp/gymlog-session-2-isolated-_7ofw15r/test/upgrade/session_2_launchpad_test.dart: Home preserves freestyle during library read failure and deleted-only state
03:17 +1055: C:/Users/Atharva Patil/AppData/Local/Temp/gymlog-session-2-isolated-_7ofw15r/test/upgrade/session_2_launchpad_test.dart: Home preserves freestyle during library read failure and deleted-only state
03:17 +1056: C:/Users/Atharva Patil/AppData/Local/Temp/gymlog-session-2-isolated-_7ofw15r/test/upgrade/session_2_acceptance_render_test.dart: library-active-deleted-choice-higgsfield-1.0x-synthetic
03:17 +1057: C:/Users/Atharva Patil/AppData/Local/Temp/gymlog-session-2-isolated-_7ofw15r/test/upgrade/session_2_acceptance_render_test.dart: library-active-deleted-choice-higgsfield-1.0x-synthetic
03:17 +1058: C:/Users/Atharva Patil/AppData/Local/Temp/gymlog-session-2-isolated-_7ofw15r/test/upgrade/error_reassurance_render_test.dart: sync-error-neonCyan-1.6x-synthetic
03:17 +1059: C:/Users/Atharva Patil/AppData/Local/Temp/gymlog-session-2-isolated-_7ofw15r/test/upgrade/error_reassurance_render_test.dart: sync-error-neonCyan-1.6x-synthetic
03:17 +1060: C:/Users/Atharva Patil/AppData/Local/Temp/gymlog-session-2-isolated-_7ofw15r/test/upgrade/session_2_launchpad_test.dart: Change uses bounded searchable choices and preserves choice on read failure
03:18 +1061: C:/Users/Atharva Patil/AppData/Local/Temp/gymlog-session-2-isolated-_7ofw15r/test/upgrade/session_2_launchpad_test.dart: Change uses bounded searchable choices and preserves choice on read failure
03:18 +1062: C:/Users/Atharva Patil/AppData/Local/Temp/gymlog-session-2-isolated-_7ofw15r/test/upgrade/session_2_launchpad_test.dart: Change uses bounded searchable choices and preserves choice on read failure
03:18 +1063: C:/Users/Atharva Patil/AppData/Local/Temp/gymlog-session-2-isolated-_7ofw15r/test/upgrade/session_2_launchpad_test.dart: Change uses bounded searchable choices and preserves choice on read failure
03:18 +1064: C:/Users/Atharva Patil/AppData/Local/Temp/gymlog-session-2-isolated-_7ofw15r/test/upgrade/session_2_launchpad_test.dart: Change uses bounded searchable choices and preserves choice on read failure
03:18 +1065: C:/Users/Atharva Patil/AppData/Local/Temp/gymlog-session-2-isolated-_7ofw15r/test/upgrade/session_2_launchpad_test.dart: Change uses bounded searchable choices and preserves choice on read failure
03:18 +1066: C:/Users/Atharva Patil/AppData/Local/Temp/gymlog-session-2-isolated-_7ofw15r/test/upgrade/session_2_launchpad_test.dart: Change uses bounded searchable choices and preserves choice on read failure
03:18 +1067: C:/Users/Atharva Patil/AppData/Local/Temp/gymlog-session-2-isolated-_7ofw15r/test/upgrade/session_2_launchpad_test.dart: Change uses bounded searchable choices and preserves choice on read failure
03:18 +1068: C:/Users/Atharva Patil/AppData/Local/Temp/gymlog-session-2-isolated-_7ofw15r/test/upgrade/session_2_launchpad_test.dart: Change uses bounded searchable choices and preserves choice on read failure
03:18 +1069: C:/Users/Atharva Patil/AppData/Local/Temp/gymlog-session-2-isolated-_7ofw15r/test/upgrade/session_2_launchpad_test.dart: Change uses bounded searchable choices and preserves choice on read failure
03:18 +1070: C:/Users/Atharva Patil/AppData/Local/Temp/gymlog-session-2-isolated-_7ofw15r/test/upgrade/error_reassurance_render_test.dart: storage-pro-neonCyan-1.6x-synthetic
03:18 +1071: C:/Users/Atharva Patil/AppData/Local/Temp/gymlog-session-2-isolated-_7ofw15r/test/upgrade/error_reassurance_render_test.dart: storage-pro-neonCyan-1.6x-synthetic
03:19 +1072: C:/Users/Atharva Patil/AppData/Local/Temp/gymlog-session-2-isolated-_7ofw15r/test/upgrade/session_2_acceptance_render_test.dart: home-active-choice-error-higgsfield-1.0x-synthetic
03:19 +1073: C:/Users/Atharva Patil/AppData/Local/Temp/gymlog-session-2-isolated-_7ofw15r/test/upgrade/session_2_launchpad_test.dart: Previous-set read failure does not invent no history or block Start
03:19 +1074: C:/Users/Atharva Patil/AppData/Local/Temp/gymlog-session-2-isolated-_7ofw15r/test/upgrade/session_1_render_test.dart: detail-neonPurple-1.6x-synthetic
03:19 +1075: C:/Users/Atharva Patil/AppData/Local/Temp/gymlog-session-2-isolated-_7ofw15r/test/upgrade/session_1_render_test.dart: detail-neonPurple-1.6x-synthetic
03:19 +1076: C:/Users/Atharva Patil/AppData/Local/Temp/gymlog-session-2-isolated-_7ofw15r/test/upgrade/session_2_acceptance_render_test.dart: library-active-choice-error-higgsfield-1.0x-synthetic
03:19 +1077: C:/Users/Atharva Patil/AppData/Local/Temp/gymlog-session-2-isolated-_7ofw15r/test/upgrade/session_2_acceptance_render_test.dart: library-active-choice-error-higgsfield-1.0x-synthetic
03:19 +1078: C:/Users/Atharva Patil/AppData/Local/Temp/gymlog-session-2-isolated-_7ofw15r/test/upgrade/session_2_acceptance_render_test.dart: library-active-choice-error-higgsfield-1.0x-synthetic
03:19 +1079: C:/Users/Atharva Patil/AppData/Local/Temp/gymlog-session-2-isolated-_7ofw15r/test/upgrade/session_2_acceptance_render_test.dart: library-active-choice-error-higgsfield-1.0x-synthetic
03:19 +1080: C:/Users/Atharva Patil/AppData/Local/Temp/gymlog-session-2-isolated-_7ofw15r/test/upgrade/session_2_acceptance_render_test.dart: library-active-choice-error-higgsfield-1.0x-synthetic
03:19 +1081: C:/Users/Atharva Patil/AppData/Local/Temp/gymlog-session-2-isolated-_7ofw15r/test/upgrade/session_1_render_test.dart: detail-empty-neonPurple-1.6x-synthetic
03:19 +1082: C:/Users/Atharva Patil/AppData/Local/Temp/gymlog-session-2-isolated-_7ofw15r/test/upgrade/session_2_launchpad_test.dart: Home has no guilt language on an inactive return
03:19 +1083: C:/Users/Atharva Patil/AppData/Local/Temp/gymlog-session-2-isolated-_7ofw15r/test/upgrade/session_2_launchpad_test.dart: Home has no guilt language on an inactive return
03:19 +1084: C:/Users/Atharva Patil/AppData/Local/Temp/gymlog-session-2-isolated-_7ofw15r/test/upgrade/session_2_acceptance_render_test.dart: home-chosen-higgsfield-1.6x-synthetic
03:19 +1085: C:/Users/Atharva Patil/AppData/Local/Temp/gymlog-session-2-isolated-_7ofw15r/test/upgrade/session_2_acceptance_render_test.dart: home-chosen-higgsfield-1.6x-synthetic
03:19 +1086: C:/Users/Atharva Patil/AppData/Local/Temp/gymlog-session-2-isolated-_7ofw15r/test/upgrade/session_2_acceptance_render_test.dart: home-chosen-higgsfield-1.6x-synthetic
03:20 +1087: C:/Users/Atharva Patil/AppData/Local/Temp/gymlog-session-2-isolated-_7ofw15r/test/upgrade/session_2_acceptance_render_test.dart: home-chosen-higgsfield-1.6x-synthetic
03:20 +1088: C:/Users/Atharva Patil/AppData/Local/Temp/gymlog-session-2-isolated-_7ofw15r/test/upgrade/session_2_acceptance_render_test.dart: home-chosen-higgsfield-1.6x-synthetic
03:20 +1089: C:/Users/Atharva Patil/AppData/Local/Temp/gymlog-session-2-isolated-_7ofw15r/test/upgrade/session_2_acceptance_render_test.dart: home-chosen-higgsfield-1.6x-synthetic
03:20 +1090: C:/Users/Atharva Patil/AppData/Local/Temp/gymlog-session-2-isolated-_7ofw15r/test/upgrade/session_2_acceptance_render_test.dart: home-chosen-higgsfield-1.6x-synthetic
03:20 +1091: C:/Users/Atharva Patil/AppData/Local/Temp/gymlog-session-2-isolated-_7ofw15r/test/upgrade/session_2_acceptance_render_test.dart: home-chosen-higgsfield-1.6x-synthetic
03:20 +1092: C:/Users/Atharva Patil/AppData/Local/Temp/gymlog-session-2-isolated-_7ofw15r/test/upgrade/session_2_acceptance_render_test.dart: home-chosen-higgsfield-1.6x-synthetic
03:20 +1093: C:/Users/Atharva Patil/AppData/Local/Temp/gymlog-session-2-isolated-_7ofw15r/test/upgrade/session_2_acceptance_render_test.dart: home-chosen-higgsfield-1.6x-synthetic
03:20 +1094: C:/Users/Atharva Patil/AppData/Local/Temp/gymlog-session-2-isolated-_7ofw15r/test/upgrade/session_2_acceptance_render_test.dart: home-chosen-higgsfield-1.6x-synthetic
03:20 +1095: C:/Users/Atharva Patil/AppData/Local/Temp/gymlog-session-2-isolated-_7ofw15r/test/upgrade/session_2_acceptance_render_test.dart: home-chosen-higgsfield-1.6x-synthetic
03:20 +1096: C:/Users/Atharva Patil/AppData/Local/Temp/gymlog-session-2-isolated-_7ofw15r/test/upgrade/session_2_acceptance_render_test.dart: home-chosen-higgsfield-1.6x-synthetic
03:20 +1097: C:/Users/Atharva Patil/AppData/Local/Temp/gymlog-session-2-isolated-_7ofw15r/test/upgrade/session_2_acceptance_render_test.dart: home-chosen-higgsfield-1.6x-synthetic
03:21 +1098: C:/Users/Atharva Patil/AppData/Local/Temp/gymlog-session-2-isolated-_7ofw15r/test/upgrade/session_2_acceptance_render_test.dart: home-chosen-higgsfield-1.6x-synthetic
03:21 +1099: C:/Users/Atharva Patil/AppData/Local/Temp/gymlog-session-2-isolated-_7ofw15r/test/upgrade/error_reassurance_render_test.dart: storage-free-neonMagenta-1.0x-synthetic
03:21 +1100: C:/Users/Atharva Patil/AppData/Local/Temp/gymlog-session-2-isolated-_7ofw15r/test/upgrade/session_1_render_test.dart: header-distance-white-1.0x-synthetic
03:21 +1101: C:/Users/Atharva Patil/AppData/Local/Temp/gymlog-session-2-isolated-_7ofw15r/test/upgrade/session_2_acceptance_render_test.dart: library-chosen-higgsfield-1.6x-synthetic
03:21 +1102: C:/Users/Atharva Patil/AppData/Local/Temp/gymlog-session-2-isolated-_7ofw15r/test/upgrade/session_2_acceptance_render_test.dart: library-chosen-higgsfield-1.6x-synthetic
03:21 +1103: C:/Users/Atharva Patil/AppData/Local/Temp/gymlog-session-2-isolated-_7ofw15r/test/upgrade/session_2_acceptance_render_test.dart: library-chosen-higgsfield-1.6x-synthetic
03:21 +1104: C:/Users/Atharva Patil/AppData/Local/Temp/gymlog-session-2-isolated-_7ofw15r/test/upgrade/session_2_acceptance_render_test.dart: library-chosen-higgsfield-1.6x-synthetic
03:21 +1105: C:/Users/Atharva Patil/AppData/Local/Temp/gymlog-session-2-isolated-_7ofw15r/test/upgrade/session_2_acceptance_render_test.dart: library-chosen-higgsfield-1.6x-synthetic
03:21 +1106: C:/Users/Atharva Patil/AppData/Local/Temp/gymlog-session-2-isolated-_7ofw15r/test/upgrade/session_1_render_test.dart: finish-reps-white-1.0x-synthetic
03:21 +1107: C:/Users/Atharva Patil/AppData/Local/Temp/gymlog-session-2-isolated-_7ofw15r/test/upgrade/error_reassurance_render_test.dart: app-error-neonMagenta-1.6x-synthetic
03:21 +1108: C:/Users/Atharva Patil/AppData/Local/Temp/gymlog-session-2-isolated-_7ofw15r/test/upgrade/session_2_acceptance_render_test.dart: home-no-choice-higgsfield-1.6x-synthetic
03:21 +1109: C:/Users/Atharva Patil/AppData/Local/Temp/gymlog-session-2-isolated-_7ofw15r/test/upgrade/session_2_acceptance_render_test.dart: home-no-choice-higgsfield-1.6x-synthetic
03:21 +1110: C:/Users/Atharva Patil/AppData/Local/Temp/gymlog-session-2-isolated-_7ofw15r/test/upgrade/session_2_acceptance_render_test.dart: home-no-choice-higgsfield-1.6x-synthetic
03:21 +1111: C:/Users/Atharva Patil/AppData/Local/Temp/gymlog-session-2-isolated-_7ofw15r/test/upgrade/session_1_render_test.dart: finish-distance-white-1.0x-synthetic
03:22 +1112: C:/Users/Atharva Patil/AppData/Local/Temp/gymlog-session-2-isolated-_7ofw15r/test/upgrade/error_reassurance_render_test.dart: routine-error-neonMagenta-1.6x-synthetic
03:22 +1113: C:/Users/Atharva Patil/AppData/Local/Temp/gymlog-session-2-isolated-_7ofw15r/test/upgrade/session_2_acceptance_render_test.dart: library-no-choice-higgsfield-1.6x-synthetic
03:22 +1114: C:/Users/Atharva Patil/AppData/Local/Temp/gymlog-session-2-isolated-_7ofw15r/test/upgrade/session_2_acceptance_render_test.dart: library-no-choice-higgsfield-1.6x-synthetic
03:22 +1115: C:/Users/Atharva Patil/AppData/Local/Temp/gymlog-session-2-isolated-_7ofw15r/test/upgrade/error_reassurance_render_test.dart: roles-neonMagenta-1.6x-synthetic
03:22 +1116: C:/Users/Atharva Patil/AppData/Local/Temp/gymlog-session-2-isolated-_7ofw15r/test/upgrade/session_1_render_test.dart: pr-pace-white-1.0x-synthetic
03:22 +1117: C:/Users/Atharva Patil/AppData/Local/Temp/gymlog-session-2-isolated-_7ofw15r/test/upgrade/session_2_acceptance_render_test.dart: home-deleted-choice-higgsfield-1.6x-synthetic
03:22 +1118: C:/Users/Atharva Patil/AppData/Local/Temp/gymlog-session-2-isolated-_7ofw15r/test/upgrade/session_2_acceptance_render_test.dart: home-deleted-choice-higgsfield-1.6x-synthetic
03:22 +1119: C:/Users/Atharva Patil/AppData/Local/Temp/gymlog-session-2-isolated-_7ofw15r/test/upgrade/error_reassurance_render_test.dart: offline-neonMagenta-1.6x-synthetic
03:22 +1120: C:/Users/Atharva Patil/AppData/Local/Temp/gymlog-session-2-isolated-_7ofw15r/test/upgrade/session_1_render_test.dart: share-technical-white-1.0x-synthetic
03:22 +1121: C:/Users/Atharva Patil/AppData/Local/Temp/gymlog-session-2-isolated-_7ofw15r/test/upgrade/session_2_acceptance_render_test.dart: library-deleted-choice-higgsfield-1.6x-synthetic
03:22 +1122: C:/Users/Atharva Patil/AppData/Local/Temp/gymlog-session-2-isolated-_7ofw15r/test/upgrade/session_2_acceptance_render_test.dart: library-deleted-choice-higgsfield-1.6x-synthetic
03:22 +1123: C:/Users/Atharva Patil/AppData/Local/Temp/gymlog-session-2-isolated-_7ofw15r/test/upgrade/error_reassurance_render_test.dart: sync-error-neonMagenta-1.6x-synthetic
03:22 +1124: C:/Users/Atharva Patil/AppData/Local/Temp/gymlog-session-2-isolated-_7ofw15r/test/upgrade/error_reassurance_render_test.dart: sync-error-neonMagenta-1.6x-synthetic
03:22 +1125: C:/Users/Atharva Patil/AppData/Local/Temp/gymlog-session-2-isolated-_7ofw15r/test/upgrade/session_2_acceptance_render_test.dart: home-empty-choice-higgsfield-1.6x-synthetic
03:22 +1126: C:/Users/Atharva Patil/AppData/Local/Temp/gymlog-session-2-isolated-_7ofw15r/test/upgrade/session_2_acceptance_render_test.dart: home-empty-choice-higgsfield-1.6x-synthetic
03:22 +1127: C:/Users/Atharva Patil/AppData/Local/Temp/gymlog-session-2-isolated-_7ofw15r/test/upgrade/session_2_acceptance_render_test.dart: home-empty-choice-higgsfield-1.6x-synthetic
03:23 +1128: C:/Users/Atharva Patil/AppData/Local/Temp/gymlog-session-2-isolated-_7ofw15r/test/upgrade/session_2_acceptance_render_test.dart: home-empty-choice-higgsfield-1.6x-synthetic
03:23 +1129: C:/Users/Atharva Patil/AppData/Local/Temp/gymlog-session-2-isolated-_7ofw15r/test/upgrade/error_reassurance_render_test.dart: storage-free-neonMagenta-1.6x-synthetic
03:23 +1130: C:/Users/Atharva Patil/AppData/Local/Temp/gymlog-session-2-isolated-_7ofw15r/test/upgrade/error_reassurance_render_test.dart: storage-free-neonMagenta-1.6x-synthetic
03:23 +1131: C:/Users/Atharva Patil/AppData/Local/Temp/gymlog-session-2-isolated-_7ofw15r/test/upgrade/error_reassurance_render_test.dart: storage-free-neonMagenta-1.6x-synthetic
03:23 +1132: C:/Users/Atharva Patil/AppData/Local/Temp/gymlog-session-2-isolated-_7ofw15r/test/upgrade/error_reassurance_render_test.dart: storage-free-neonMagenta-1.6x-synthetic
03:23 +1133: C:/Users/Atharva Patil/AppData/Local/Temp/gymlog-session-2-isolated-_7ofw15r/test/upgrade/error_reassurance_render_test.dart: storage-free-neonMagenta-1.6x-synthetic
03:23 +1134: C:/Users/Atharva Patil/AppData/Local/Temp/gymlog-session-2-isolated-_7ofw15r/test/upgrade/error_reassurance_render_test.dart: storage-free-neonMagenta-1.6x-synthetic
03:23 +1135: C:/Users/Atharva Patil/AppData/Local/Temp/gymlog-session-2-isolated-_7ofw15r/test/upgrade/error_reassurance_render_test.dart: storage-free-neonMagenta-1.6x-synthetic
03:23 +1136: C:/Users/Atharva Patil/AppData/Local/Temp/gymlog-session-2-isolated-_7ofw15r/test/upgrade/session_2_acceptance_render_test.dart: library-empty-choice-higgsfield-1.6x-synthetic
03:23 +1137: C:/Users/Atharva Patil/AppData/Local/Temp/gymlog-session-2-isolated-_7ofw15r/test/upgrade/session_1_render_test.dart: share-distance-technical-white-1.0x-synthetic
03:23 +1138: C:/Users/Atharva Patil/AppData/Local/Temp/gymlog-session-2-isolated-_7ofw15r/test/upgrade/error_reassurance_render_test.dart: storage-pro-neonMagenta-1.6x-synthetic
03:23 +1139: C:/Users/Atharva Patil/AppData/Local/Temp/gymlog-session-2-isolated-_7ofw15r/test/upgrade/error_reassurance_render_test.dart: storage-pro-neonMagenta-1.6x-synthetic
03:23 +1140: C:/Users/Atharva Patil/AppData/Local/Temp/gymlog-session-2-isolated-_7ofw15r/test/upgrade/error_reassurance_render_test.dart: storage-pro-neonMagenta-1.6x-synthetic
03:23 +1141: C:/Users/Atharva Patil/AppData/Local/Temp/gymlog-session-2-isolated-_7ofw15r/test/upgrade/error_reassurance_render_test.dart: storage-pro-neonMagenta-1.6x-synthetic
03:23 +1142: C:/Users/Atharva Patil/AppData/Local/Temp/gymlog-session-2-isolated-_7ofw15r/test/upgrade/session_2_acceptance_render_test.dart: library-new-user-higgsfield-1.6x-synthetic
03:23 +1143: C:/Users/Atharva Patil/AppData/Local/Temp/gymlog-session-2-isolated-_7ofw15r/test/upgrade/session_2_acceptance_render_test.dart: library-new-user-higgsfield-1.6x-synthetic
03:23 +1144: C:/Users/Atharva Patil/AppData/Local/Temp/gymlog-session-2-isolated-_7ofw15r/test/upgrade/session_2_acceptance_render_test.dart: library-new-user-higgsfield-1.6x-synthetic
03:23 +1145: C:/Users/Atharva Patil/AppData/Local/Temp/gymlog-session-2-isolated-_7ofw15r/test/upgrade/error_reassurance_render_test.dart: app-error-blazeOrange-1.0x-synthetic
03:23 +1146: C:/Users/Atharva Patil/AppData/Local/Temp/gymlog-session-2-isolated-_7ofw15r/test/upgrade/session_1_render_test.dart: share-pace-sticker-white-1.0x-synthetic
03:23 +1147: C:/Users/Atharva Patil/AppData/Local/Temp/gymlog-session-2-isolated-_7ofw15r/test/upgrade/session_2_acceptance_render_test.dart: home-no-routine-higgsfield-1.6x-synthetic
03:24 +1148: C:/Users/Atharva Patil/AppData/Local/Temp/gymlog-session-2-isolated-_7ofw15r/test/upgrade/session_2_acceptance_render_test.dart: home-no-routine-higgsfield-1.6x-synthetic
03:24 +1149: C:/Users/Atharva Patil/AppData/Local/Temp/gymlog-session-2-isolated-_7ofw15r/test/upgrade/session_2_acceptance_render_test.dart: home-no-routine-higgsfield-1.6x-synthetic
03:24 +1150: C:/Users/Atharva Patil/AppData/Local/Temp/gymlog-session-2-isolated-_7ofw15r/test/upgrade/error_reassurance_render_test.dart: routine-error-blazeOrange-1.0x-synthetic
03:24 +1151: C:/Users/Atharva Patil/AppData/Local/Temp/gymlog-session-2-isolated-_7ofw15r/test/upgrade/session_1_render_test.dart: detail-error-white-1.0x-synthetic
03:24 +1152: C:/Users/Atharva Patil/AppData/Local/Temp/gymlog-session-2-isolated-_7ofw15r/test/upgrade/session_2_acceptance_render_test.dart: library-no-routine-higgsfield-1.6x-synthetic
03:24 +1153: C:/Users/Atharva Patil/AppData/Local/Temp/gymlog-session-2-isolated-_7ofw15r/test/upgrade/error_reassurance_render_test.dart: roles-blazeOrange-1.0x-synthetic
03:24 +1154: C:/Users/Atharva Patil/AppData/Local/Temp/gymlog-session-2-isolated-_7ofw15r/test/upgrade/session_1_render_test.dart: detail-empty-white-1.0x-synthetic
03:24 +1155: C:/Users/Atharva Patil/AppData/Local/Temp/gymlog-session-2-isolated-_7ofw15r/test/upgrade/session_2_acceptance_render_test.dart: home-inactive-return-higgsfield-1.6x-synthetic
03:24 +1156: C:/Users/Atharva Patil/AppData/Local/Temp/gymlog-session-2-isolated-_7ofw15r/test/upgrade/session_2_acceptance_render_test.dart: home-inactive-return-higgsfield-1.6x-synthetic
03:24 +1157: C:/Users/Atharva Patil/AppData/Local/Temp/gymlog-session-2-isolated-_7ofw15r/test/upgrade/error_reassurance_render_test.dart: offline-blazeOrange-1.0x-synthetic
03:24 +1158: C:/Users/Atharva Patil/AppData/Local/Temp/gymlog-session-2-isolated-_7ofw15r/test/upgrade/error_reassurance_render_test.dart: offline-blazeOrange-1.0x-synthetic
03:24 +1159: C:/Users/Atharva Patil/AppData/Local/Temp/gymlog-session-2-isolated-_7ofw15r/test/upgrade/session_2_acceptance_render_test.dart: library-inactive-return-higgsfield-1.6x-synthetic
03:24 +1160: C:/Users/Atharva Patil/AppData/Local/Temp/gymlog-session-2-isolated-_7ofw15r/test/upgrade/session_2_acceptance_render_test.dart: library-inactive-return-higgsfield-1.6x-synthetic
03:24 +1161: C:/Users/Atharva Patil/AppData/Local/Temp/gymlog-session-2-isolated-_7ofw15r/test/upgrade/error_reassurance_render_test.dart: sync-error-blazeOrange-1.0x-synthetic
03:25 +1162: C:/Users/Atharva Patil/AppData/Local/Temp/gymlog-session-2-isolated-_7ofw15r/test/upgrade/error_reassurance_render_test.dart: sync-error-blazeOrange-1.0x-synthetic
03:25 +1163: C:/Users/Atharva Patil/AppData/Local/Temp/gymlog-session-2-isolated-_7ofw15r/test/upgrade/error_reassurance_render_test.dart: sync-error-blazeOrange-1.0x-synthetic
03:25 +1164: C:/Users/Atharva Patil/AppData/Local/Temp/gymlog-session-2-isolated-_7ofw15r/test/upgrade/session_2_acceptance_render_test.dart: home-low-data-higgsfield-1.6x-synthetic
03:25 +1165: C:/Users/Atharva Patil/AppData/Local/Temp/gymlog-session-2-isolated-_7ofw15r/test/upgrade/error_reassurance_render_test.dart: storage-free-blazeOrange-1.0x-synthetic
03:25 +1166: C:/Users/Atharva Patil/AppData/Local/Temp/gymlog-session-2-isolated-_7ofw15r/test/upgrade/error_reassurance_render_test.dart: storage-free-blazeOrange-1.0x-synthetic
03:25 +1167: C:/Users/Atharva Patil/AppData/Local/Temp/gymlog-session-2-isolated-_7ofw15r/test/upgrade/error_reassurance_render_test.dart: storage-free-blazeOrange-1.0x-synthetic
03:25 +1168: C:/Users/Atharva Patil/AppData/Local/Temp/gymlog-session-2-isolated-_7ofw15r/test/upgrade/error_reassurance_render_test.dart: storage-free-blazeOrange-1.0x-synthetic
03:25 +1169: C:/Users/Atharva Patil/AppData/Local/Temp/gymlog-session-2-isolated-_7ofw15r/test/upgrade/error_reassurance_render_test.dart: storage-free-blazeOrange-1.0x-synthetic
03:25 +1170: C:/Users/Atharva Patil/AppData/Local/Temp/gymlog-session-2-isolated-_7ofw15r/test/upgrade/session_2_acceptance_render_test.dart: home-error-higgsfield-1.6x-synthetic
03:25 +1171: C:/Users/Atharva Patil/AppData/Local/Temp/gymlog-session-2-isolated-_7ofw15r/test/upgrade/session_2_acceptance_render_test.dart: home-error-higgsfield-1.6x-synthetic
03:25 +1172: C:/Users/Atharva Patil/AppData/Local/Temp/gymlog-session-2-isolated-_7ofw15r/test/upgrade/session_2_render_test.dart: before/home-returning-higgsfield-1.0x-synthetic
03:25 +1173: C:/Users/Atharva Patil/AppData/Local/Temp/gymlog-session-2-isolated-_7ofw15r/test/upgrade/session_2_render_test.dart: before/home-returning-higgsfield-1.0x-synthetic
03:25 +1174: C:/Users/Atharva Patil/AppData/Local/Temp/gymlog-session-2-isolated-_7ofw15r/test/upgrade/session_2_render_test.dart: before/home-returning-higgsfield-1.0x-synthetic
03:25 +1175: C:/Users/Atharva Patil/AppData/Local/Temp/gymlog-session-2-isolated-_7ofw15r/test/upgrade/session_2_render_test.dart: before/home-returning-higgsfield-1.0x-synthetic
03:25 +1176: C:/Users/Atharva Patil/AppData/Local/Temp/gymlog-session-2-isolated-_7ofw15r/test/upgrade/session_2_render_test.dart: before/home-returning-higgsfield-1.0x-synthetic
03:26 +1177: C:/Users/Atharva Patil/AppData/Local/Temp/gymlog-session-2-isolated-_7ofw15r/test/upgrade/session_2_render_test.dart: before/home-returning-higgsfield-1.0x-synthetic
03:26 +1178: C:/Users/Atharva Patil/AppData/Local/Temp/gymlog-session-2-isolated-_7ofw15r/test/upgrade/session_2_render_test.dart: before/home-returning-higgsfield-1.0x-synthetic
03:26 +1179: C:/Users/Atharva Patil/AppData/Local/Temp/gymlog-session-2-isolated-_7ofw15r/test/upgrade/session_2_render_test.dart: before/home-returning-higgsfield-1.0x-synthetic
03:26 +1180: C:/Users/Atharva Patil/AppData/Local/Temp/gymlog-session-2-isolated-_7ofw15r/test/upgrade/session_2_render_test.dart: before/home-returning-higgsfield-1.0x-synthetic
03:26 +1181: C:/Users/Atharva Patil/AppData/Local/Temp/gymlog-session-2-isolated-_7ofw15r/test/upgrade/session_2_render_test.dart: before/home-returning-higgsfield-1.0x-synthetic
03:26 +1182: C:/Users/Atharva Patil/AppData/Local/Temp/gymlog-session-2-isolated-_7ofw15r/test/upgrade/session_2_render_test.dart: before/home-returning-higgsfield-1.0x-synthetic
03:26 +1183: C:/Users/Atharva Patil/AppData/Local/Temp/gymlog-session-2-isolated-_7ofw15r/test/upgrade/session_2_render_test.dart: before/home-returning-higgsfield-1.0x-synthetic
03:26 +1184: C:/Users/Atharva Patil/AppData/Local/Temp/gymlog-session-2-isolated-_7ofw15r/test/upgrade/session_2_render_test.dart: before/home-returning-higgsfield-1.0x-synthetic
03:26 +1185: C:/Users/Atharva Patil/AppData/Local/Temp/gymlog-session-2-isolated-_7ofw15r/test/upgrade/session_2_render_test.dart: before/home-returning-higgsfield-1.0x-synthetic
03:26 +1186: C:/Users/Atharva Patil/AppData/Local/Temp/gymlog-session-2-isolated-_7ofw15r/test/upgrade/session_2_render_test.dart: before/home-returning-higgsfield-1.0x-synthetic
03:26 +1187: C:/Users/Atharva Patil/AppData/Local/Temp/gymlog-session-2-isolated-_7ofw15r/test/upgrade/session_2_render_test.dart: before/home-returning-higgsfield-1.0x-synthetic
03:26 +1188: C:/Users/Atharva Patil/AppData/Local/Temp/gymlog-session-2-isolated-_7ofw15r/test/upgrade/session_2_render_test.dart: before/home-returning-higgsfield-1.0x-synthetic
03:26 +1189: C:/Users/Atharva Patil/AppData/Local/Temp/gymlog-session-2-isolated-_7ofw15r/test/upgrade/session_2_render_test.dart: before/home-returning-higgsfield-1.0x-synthetic
03:26 +1190: C:/Users/Atharva Patil/AppData/Local/Temp/gymlog-session-2-isolated-_7ofw15r/test/upgrade/session_2_render_test.dart: before/home-returning-higgsfield-1.0x-synthetic
03:26 +1191: C:/Users/Atharva Patil/AppData/Local/Temp/gymlog-session-2-isolated-_7ofw15r/test/upgrade/session_2_render_test.dart: before/home-returning-higgsfield-1.0x-synthetic
03:26 +1192: C:/Users/Atharva Patil/AppData/Local/Temp/gymlog-session-2-isolated-_7ofw15r/test/upgrade/session_2_render_test.dart: before/home-returning-higgsfield-1.0x-synthetic
03:26 +1193: C:/Users/Atharva Patil/AppData/Local/Temp/gymlog-session-2-isolated-_7ofw15r/test/upgrade/session_2_render_test.dart: before/home-returning-higgsfield-1.0x-synthetic
03:27 +1194: C:/Users/Atharva Patil/AppData/Local/Temp/gymlog-session-2-isolated-_7ofw15r/test/upgrade/session_2_render_test.dart: before/home-returning-higgsfield-1.0x-synthetic
03:27 +1195: C:/Users/Atharva Patil/AppData/Local/Temp/gymlog-session-2-isolated-_7ofw15r/test/upgrade/session_2_render_test.dart: before/home-returning-higgsfield-1.0x-synthetic
03:27 +1196: C:/Users/Atharva Patil/AppData/Local/Temp/gymlog-session-2-isolated-_7ofw15r/test/upgrade/session_2_render_test.dart: before/home-returning-higgsfield-1.0x-synthetic
03:27 +1197: C:/Users/Atharva Patil/AppData/Local/Temp/gymlog-session-2-isolated-_7ofw15r/test/upgrade/session_2_render_test.dart: before/home-returning-higgsfield-1.0x-synthetic
03:27 +1198: C:/Users/Atharva Patil/AppData/Local/Temp/gymlog-session-2-isolated-_7ofw15r/test/upgrade/session_2_render_test.dart: before/home-returning-higgsfield-1.0x-synthetic
03:27 +1199: C:/Users/Atharva Patil/AppData/Local/Temp/gymlog-session-2-isolated-_7ofw15r/test/upgrade/session_2_render_test.dart: before/home-returning-higgsfield-1.0x-synthetic
03:27 +1200: C:/Users/Atharva Patil/AppData/Local/Temp/gymlog-session-2-isolated-_7ofw15r/test/upgrade/error_reassurance_render_test.dart: storage-free-blazeOrange-1.6x-synthetic
03:27 +1201: C:/Users/Atharva Patil/AppData/Local/Temp/gymlog-session-2-isolated-_7ofw15r/test/upgrade/error_reassurance_render_test.dart: storage-free-blazeOrange-1.6x-synthetic
03:27 +1202: C:/Users/Atharva Patil/AppData/Local/Temp/gymlog-session-2-isolated-_7ofw15r/test/upgrade/error_reassurance_render_test.dart: storage-free-blazeOrange-1.6x-synthetic
03:27 +1203: C:/Users/Atharva Patil/AppData/Local/Temp/gymlog-session-2-isolated-_7ofw15r/test/upgrade/session_2_acceptance_render_test.dart: home-active-chosen-higgsfield-1.6x-synthetic
03:27 +1204: C:/Users/Atharva Patil/AppData/Local/Temp/gymlog-session-2-isolated-_7ofw15r/test/upgrade/session_2_acceptance_render_test.dart: home-active-chosen-higgsfield-1.6x-synthetic
03:27 +1205: C:/Users/Atharva Patil/AppData/Local/Temp/gymlog-session-2-isolated-_7ofw15r/test/upgrade/session_2_render_test.dart: before/library-returning-higgsfield-1.0x-synthetic
03:27 +1206: C:/Users/Atharva Patil/AppData/Local/Temp/gymlog-session-2-isolated-_7ofw15r/test/upgrade/session_2_render_test.dart: before/library-returning-higgsfield-1.0x-synthetic
03:27 +1207: C:/Users/Atharva Patil/AppData/Local/Temp/gymlog-session-2-isolated-_7ofw15r/test/upgrade/session_2_render_test.dart: before/library-returning-higgsfield-1.0x-synthetic
03:28 +1208: C:/Users/Atharva Patil/AppData/Local/Temp/gymlog-session-2-isolated-_7ofw15r/test/upgrade/session_2_render_test.dart: before/library-returning-higgsfield-1.0x-synthetic
03:28 +1209: C:/Users/Atharva Patil/AppData/Local/Temp/gymlog-session-2-isolated-_7ofw15r/test/upgrade/session_2_render_test.dart: before/library-returning-higgsfield-1.0x-synthetic
03:28 +1210: C:/Users/Atharva Patil/AppData/Local/Temp/gymlog-session-2-isolated-_7ofw15r/test/upgrade/session_2_render_test.dart: before/library-returning-higgsfield-1.0x-synthetic
03:28 +1211: C:/Users/Atharva Patil/AppData/Local/Temp/gymlog-session-2-isolated-_7ofw15r/test/upgrade/session_2_render_test.dart: before/library-returning-higgsfield-1.0x-synthetic
03:28 +1212: C:/Users/Atharva Patil/AppData/Local/Temp/gymlog-session-2-isolated-_7ofw15r/test/upgrade/session_2_acceptance_render_test.dart: home-active-no-choice-higgsfield-1.6x-synthetic
03:28 +1213: C:/Users/Atharva Patil/AppData/Local/Temp/gymlog-session-2-isolated-_7ofw15r/test/upgrade/session_1_render_test.dart: share-pace-sticker-white-1.6x-synthetic
03:28 +1214: C:/Users/Atharva Patil/AppData/Local/Temp/gymlog-session-2-isolated-_7ofw15r/test/upgrade/session_2_render_test.dart: before/home-inactive-higgsfield-1.0x-synthetic
03:28 +1215: C:/Users/Atharva Patil/AppData/Local/Temp/gymlog-session-2-isolated-_7ofw15r/test/upgrade/session_2_render_test.dart: before/home-inactive-higgsfield-1.0x-synthetic
03:28 +1216: C:/Users/Atharva Patil/AppData/Local/Temp/gymlog-session-2-isolated-_7ofw15r/test/upgrade/session_2_render_test.dart: before/home-inactive-higgsfield-1.0x-synthetic
03:28 +1217: C:/Users/Atharva Patil/AppData/Local/Temp/gymlog-session-2-isolated-_7ofw15r/test/upgrade/session_1_render_test.dart: detail-error-white-1.6x-synthetic
03:28 +1218: C:/Users/Atharva Patil/AppData/Local/Temp/gymlog-session-2-isolated-_7ofw15r/test/upgrade/session_2_acceptance_render_test.dart: home-active-no-routine-higgsfield-1.6x-synthetic
03:28 +1219: C:/Users/Atharva Patil/AppData/Local/Temp/gymlog-session-2-isolated-_7ofw15r/test/upgrade/session_2_render_test.dart: before/library-inactive-higgsfield-1.0x-synthetic
03:29 +1220: C:/Users/Atharva Patil/AppData/Local/Temp/gymlog-session-2-isolated-_7ofw15r/test/upgrade/session_2_render_test.dart: before/library-inactive-higgsfield-1.0x-synthetic
03:29 +1221: C:/Users/Atharva Patil/AppData/Local/Temp/gymlog-session-2-isolated-_7ofw15r/test/upgrade/session_2_render_test.dart: before/library-inactive-higgsfield-1.0x-synthetic
03:29 +1222: C:/Users/Atharva Patil/AppData/Local/Temp/gymlog-session-2-isolated-_7ofw15r/test/upgrade/session_1_render_test.dart: exercise-white-1.6x-synthetic
03:29 +1223: C:/Users/Atharva Patil/AppData/Local/Temp/gymlog-session-2-isolated-_7ofw15r/test/upgrade/session_2_acceptance_render_test.dart: home-active-error-higgsfield-1.6x-synthetic
03:29 +1224: C:/Users/Atharva Patil/AppData/Local/Temp/gymlog-session-2-isolated-_7ofw15r/test/upgrade/session_2_render_test.dart: before/home-empty-higgsfield-1.0x-synthetic
03:29 +1225: C:/Users/Atharva Patil/AppData/Local/Temp/gymlog-session-2-isolated-_7ofw15r/test/upgrade/session_2_render_test.dart: before/home-empty-higgsfield-1.0x-synthetic
03:29 +1226: C:/Users/Atharva Patil/AppData/Local/Temp/gymlog-session-2-isolated-_7ofw15r/test/upgrade/session_2_acceptance_render_test.dart: library-active-error-higgsfield-1.6x-synthetic
03:29 +1227: C:/Users/Atharva Patil/AppData/Local/Temp/gymlog-session-2-isolated-_7ofw15r/test/upgrade/session_1_render_test.dart: progress-white-1.6x-synthetic
03:29 +1228: C:/Users/Atharva Patil/AppData/Local/Temp/gymlog-session-2-isolated-_7ofw15r/test/upgrade/session_2_render_test.dart: before/library-empty-higgsfield-1.0x-synthetic
03:29 +1229: C:/Users/Atharva Patil/AppData/Local/Temp/gymlog-session-2-isolated-_7ofw15r/test/upgrade/session_2_render_test.dart: before/library-empty-higgsfield-1.0x-synthetic
03:29 +1230: C:/Users/Atharva Patil/AppData/Local/Temp/gymlog-session-2-isolated-_7ofw15r/test/upgrade/session_2_acceptance_render_test.dart: home-active-deleted-choice-higgsfield-1.6x-synthetic
03:29 +1231: C:/Users/Atharva Patil/AppData/Local/Temp/gymlog-session-2-isolated-_7ofw15r/test/upgrade/session_2_acceptance_render_test.dart: home-active-deleted-choice-higgsfield-1.6x-synthetic
03:29 +1232: C:/Users/Atharva Patil/AppData/Local/Temp/gymlog-session-2-isolated-_7ofw15r/test/upgrade/session_2_render_test.dart: before/home-noRoutine-higgsfield-1.0x-synthetic
03:29 +1233: C:/Users/Atharva Patil/AppData/Local/Temp/gymlog-session-2-isolated-_7ofw15r/test/upgrade/session_2_render_test.dart: before/home-noRoutine-higgsfield-1.0x-synthetic
03:30 +1234: C:/Users/Atharva Patil/AppData/Local/Temp/gymlog-session-2-isolated-_7ofw15r/test/upgrade/session_2_render_test.dart: before/home-noRoutine-higgsfield-1.0x-synthetic
03:30 +1235: C:/Users/Atharva Patil/AppData/Local/Temp/gymlog-session-2-isolated-_7ofw15r/test/upgrade/session_2_acceptance_render_test.dart: library-active-deleted-choice-higgsfield-1.6x-synthetic
03:30 +1236: C:/Users/Atharva Patil/AppData/Local/Temp/gymlog-session-2-isolated-_7ofw15r/test/upgrade/session_1_render_test.dart: header-reps-neonCyan-1.0x-synthetic
03:30 +1237: C:/Users/Atharva Patil/AppData/Local/Temp/gymlog-session-2-isolated-_7ofw15r/test/upgrade/session_2_acceptance_render_test.dart: home-active-empty-choice-higgsfield-1.6x-synthetic
03:30 +1238: C:/Users/Atharva Patil/AppData/Local/Temp/gymlog-session-2-isolated-_7ofw15r/test/upgrade/session_2_acceptance_render_test.dart: home-active-empty-choice-higgsfield-1.6x-synthetic
03:30 +1239: C:/Users/Atharva Patil/AppData/Local/Temp/gymlog-session-2-isolated-_7ofw15r/test/upgrade/session_2_acceptance_render_test.dart: home-active-empty-choice-higgsfield-1.6x-synthetic
03:30 +1240: C:/Users/Atharva Patil/AppData/Local/Temp/gymlog-session-2-isolated-_7ofw15r/test/upgrade/session_1_render_test.dart: header-distance-neonCyan-1.0x-synthetic
03:30 +1241: C:/Users/Atharva Patil/AppData/Local/Temp/gymlog-session-2-isolated-_7ofw15r/test/upgrade/session_2_render_test.dart: before/home-lowData-higgsfield-1.0x-synthetic
03:30 +1242: C:/Users/Atharva Patil/AppData/Local/Temp/gymlog-session-2-isolated-_7ofw15r/test/upgrade/session_2_render_test.dart: before/home-lowData-higgsfield-1.0x-synthetic
03:30 +1243: C:/Users/Atharva Patil/AppData/Local/Temp/gymlog-session-2-isolated-_7ofw15r/test/upgrade/session_2_render_test.dart: before/home-lowData-higgsfield-1.0x-synthetic
03:30 +1244: C:/Users/Atharva Patil/AppData/Local/Temp/gymlog-session-2-isolated-_7ofw15r/test/upgrade/session_2_acceptance_render_test.dart: library-active-empty-choice-higgsfield-1.6x-synthetic
03:30 +1245: C:/Users/Atharva Patil/AppData/Local/Temp/gymlog-session-2-isolated-_7ofw15r/test/upgrade/session_2_acceptance_render_test.dart: library-active-empty-choice-higgsfield-1.6x-synthetic
03:30 +1246: C:/Users/Atharva Patil/AppData/Local/Temp/gymlog-session-2-isolated-_7ofw15r/test/upgrade/session_2_acceptance_render_test.dart: library-active-empty-choice-higgsfield-1.6x-synthetic
03:30 +1247: C:/Users/Atharva Patil/AppData/Local/Temp/gymlog-session-2-isolated-_7ofw15r/test/upgrade/session_2_acceptance_render_test.dart: library-active-empty-choice-higgsfield-1.6x-synthetic
03:30 +1248: C:/Users/Atharva Patil/AppData/Local/Temp/gymlog-session-2-isolated-_7ofw15r/test/upgrade/session_2_acceptance_render_test.dart: library-active-empty-choice-higgsfield-1.6x-synthetic
03:30 +1249: C:/Users/Atharva Patil/AppData/Local/Temp/gymlog-session-2-isolated-_7ofw15r/test/upgrade/session_2_acceptance_render_test.dart: library-active-empty-choice-higgsfield-1.6x-synthetic
03:30 +1250: C:/Users/Atharva Patil/AppData/Local/Temp/gymlog-session-2-isolated-_7ofw15r/test/upgrade/session_2_acceptance_render_test.dart: library-active-empty-choice-higgsfield-1.6x-synthetic
03:30 +1251: C:/Users/Atharva Patil/AppData/Local/Temp/gymlog-session-2-isolated-_7ofw15r/test/upgrade/session_2_acceptance_render_test.dart: library-active-empty-choice-higgsfield-1.6x-synthetic
03:30 +1252: C:/Users/Atharva Patil/AppData/Local/Temp/gymlog-session-2-isolated-_7ofw15r/test/upgrade/session_1_render_test.dart: finish-weighted-neonCyan-1.0x-synthetic
03:30 +1253: C:/Users/Atharva Patil/AppData/Local/Temp/gymlog-session-2-isolated-_7ofw15r/test/upgrade/session_2_render_test.dart: before/library-lowData-higgsfield-1.0x-synthetic
03:31 +1254: C:/Users/Atharva Patil/AppData/Local/Temp/gymlog-session-2-isolated-_7ofw15r/test/upgrade/session_2_acceptance_render_test.dart: home-active-choice-error-higgsfield-1.6x-synthetic
03:31 +1255: C:/Users/Atharva Patil/AppData/Local/Temp/gymlog-session-2-isolated-_7ofw15r/test/upgrade/session_2_acceptance_render_test.dart: home-active-choice-error-higgsfield-1.6x-synthetic
03:31 +1256: C:/Users/Atharva Patil/AppData/Local/Temp/gymlog-session-2-isolated-_7ofw15r/test/upgrade/session_2_render_test.dart: before/home-error-higgsfield-1.0x-synthetic
03:31 +1257: C:/Users/Atharva Patil/AppData/Local/Temp/gymlog-session-2-isolated-_7ofw15r/test/upgrade/session_2_render_test.dart: before/home-error-higgsfield-1.0x-synthetic
03:31 +1258: C:/Users/Atharva Patil/AppData/Local/Temp/gymlog-session-2-isolated-_7ofw15r/test/upgrade/session_2_acceptance_render_test.dart: library-active-choice-error-higgsfield-1.6x-synthetic
03:32 +1259: C:/Users/Atharva Patil/AppData/Local/Temp/gymlog-session-2-isolated-_7ofw15r/test/upgrade/session_1_render_test.dart: finish-distance-neonCyan-1.0x-synthetic
03:32 +1260: C:/Users/Atharva Patil/AppData/Local/Temp/gymlog-session-2-isolated-_7ofw15r/test/upgrade/session_2_render_test.dart: before/library-error-higgsfield-1.0x-synthetic
03:32 +1261: C:/Users/Atharva Patil/AppData/Local/Temp/gymlog-session-2-isolated-_7ofw15r/test/upgrade/session_2_acceptance_render_test.dart: home-chosen-neonPurple-1.0x-synthetic
03:32 +1262: C:/Users/Atharva Patil/AppData/Local/Temp/gymlog-session-2-isolated-_7ofw15r/test/upgrade/session_2_acceptance_render_test.dart: home-chosen-neonPurple-1.0x-synthetic
03:32 +1263: C:/Users/Atharva Patil/AppData/Local/Temp/gymlog-session-2-isolated-_7ofw15r/test/upgrade/session_2_acceptance_render_test.dart: home-chosen-neonPurple-1.0x-synthetic
03:32 +1264: C:/Users/Atharva Patil/AppData/Local/Temp/gymlog-session-2-isolated-_7ofw15r/test/upgrade/session_2_acceptance_render_test.dart: home-chosen-neonPurple-1.0x-synthetic
03:32 +1265: C:/Users/Atharva Patil/AppData/Local/Temp/gymlog-session-2-isolated-_7ofw15r/test/upgrade/session_2_acceptance_render_test.dart: home-chosen-neonPurple-1.0x-synthetic
03:32 +1266: C:/Users/Atharva Patil/AppData/Local/Temp/gymlog-session-2-isolated-_7ofw15r/test/upgrade/session_2_acceptance_render_test.dart: home-chosen-neonPurple-1.0x-synthetic
03:32 +1267: C:/Users/Atharva Patil/AppData/Local/Temp/gymlog-session-2-isolated-_7ofw15r/test/upgrade/session_2_acceptance_render_test.dart: home-chosen-neonPurple-1.0x-synthetic
03:33 +1268: C:/Users/Atharva Patil/AppData/Local/Temp/gymlog-session-2-isolated-_7ofw15r/test/upgrade/session_2_acceptance_render_test.dart: home-chosen-neonPurple-1.0x-synthetic
03:33 +1269: C:/Users/Atharva Patil/AppData/Local/Temp/gymlog-session-2-isolated-_7ofw15r/test/upgrade/session_2_acceptance_render_test.dart: home-chosen-neonPurple-1.0x-synthetic
03:33 +1270: C:/Users/Atharva Patil/AppData/Local/Temp/gymlog-session-2-isolated-_7ofw15r/test/upgrade/session_2_acceptance_render_test.dart: home-chosen-neonPurple-1.0x-synthetic
03:33 +1271: C:/Users/Atharva Patil/AppData/Local/Temp/gymlog-session-2-isolated-_7ofw15r/test/upgrade/session_2_acceptance_render_test.dart: home-chosen-neonPurple-1.0x-synthetic
03:33 +1272: C:/Users/Atharva Patil/AppData/Local/Temp/gymlog-session-2-isolated-_7ofw15r/test/upgrade/session_2_acceptance_render_test.dart: home-chosen-neonPurple-1.0x-synthetic
03:33 +1273: C:/Users/Atharva Patil/AppData/Local/Temp/gymlog-session-2-isolated-_7ofw15r/test/upgrade/session_2_acceptance_render_test.dart: home-chosen-neonPurple-1.0x-synthetic
03:33 +1274: C:/Users/Atharva Patil/AppData/Local/Temp/gymlog-session-2-isolated-_7ofw15r/test/upgrade/session_2_acceptance_render_test.dart: home-chosen-neonPurple-1.0x-synthetic
03:33 +1275: C:/Users/Atharva Patil/AppData/Local/Temp/gymlog-session-2-isolated-_7ofw15r/test/upgrade/session_2_acceptance_render_test.dart: home-chosen-neonPurple-1.0x-synthetic
03:33 +1276: C:/Users/Atharva Patil/AppData/Local/Temp/gymlog-session-2-isolated-_7ofw15r/test/upgrade/session_2_acceptance_render_test.dart: home-chosen-neonPurple-1.0x-synthetic
03:33 +1277: C:/Users/Atharva Patil/AppData/Local/Temp/gymlog-session-2-isolated-_7ofw15r/test/upgrade/session_2_render_test.dart: before/home-inactive-higgsfield-1.6x-synthetic
03:33 +1278: C:/Users/Atharva Patil/AppData/Local/Temp/gymlog-session-2-isolated-_7ofw15r/test/upgrade/session_1_render_test.dart: share-pace-monument-neonCyan-1.0x-synthetic
03:33 +1279: C:/Users/Atharva Patil/AppData/Local/Temp/gymlog-session-2-isolated-_7ofw15r/test/upgrade/session_2_acceptance_render_test.dart: library-chosen-neonPurple-1.0x-synthetic
03:33 +1280: C:/Users/Atharva Patil/AppData/Local/Temp/gymlog-session-2-isolated-_7ofw15r/test/upgrade/session_2_acceptance_render_test.dart: library-chosen-neonPurple-1.0x-synthetic
03:33 +1281: C:/Users/Atharva Patil/AppData/Local/Temp/gymlog-session-2-isolated-_7ofw15r/test/upgrade/session_2_acceptance_render_test.dart: library-chosen-neonPurple-1.0x-synthetic
03:33 +1282: C:/Users/Atharva Patil/AppData/Local/Temp/gymlog-session-2-isolated-_7ofw15r/test/upgrade/session_2_acceptance_render_test.dart: library-chosen-neonPurple-1.0x-synthetic
03:34 +1283: C:/Users/Atharva Patil/AppData/Local/Temp/gymlog-session-2-isolated-_7ofw15r/test/upgrade/session_2_acceptance_render_test.dart: library-chosen-neonPurple-1.0x-synthetic
03:34 +1284: C:/Users/Atharva Patil/AppData/Local/Temp/gymlog-session-2-isolated-_7ofw15r/test/upgrade/session_2_render_test.dart: before/home-empty-higgsfield-1.6x-synthetic
03:34 +1285: C:/Users/Atharva Patil/AppData/Local/Temp/gymlog-session-2-isolated-_7ofw15r/test/upgrade/session_1_render_test.dart: detail-error-neonCyan-1.0x-synthetic
03:34 +1286: C:/Users/Atharva Patil/AppData/Local/Temp/gymlog-session-2-isolated-_7ofw15r/test/upgrade/session_2_acceptance_render_test.dart: home-no-choice-neonPurple-1.0x-synthetic
03:34 +1287: C:/Users/Atharva Patil/AppData/Local/Temp/gymlog-session-2-isolated-_7ofw15r/test/upgrade/session_2_acceptance_render_test.dart: home-no-choice-neonPurple-1.0x-synthetic
03:34 +1288: C:/Users/Atharva Patil/AppData/Local/Temp/gymlog-session-2-isolated-_7ofw15r/test/upgrade/session_2_acceptance_render_test.dart: home-no-choice-neonPurple-1.0x-synthetic
03:34 +1289: C:/Users/Atharva Patil/AppData/Local/Temp/gymlog-session-2-isolated-_7ofw15r/test/upgrade/session_2_render_test.dart: before/home-noRoutine-higgsfield-1.6x-synthetic
03:34 +1290: C:/Users/Atharva Patil/AppData/Local/Temp/gymlog-session-2-isolated-_7ofw15r/test/upgrade/session_2_render_test.dart: before/home-noRoutine-higgsfield-1.6x-synthetic
03:34 +1291: C:/Users/Atharva Patil/AppData/Local/Temp/gymlog-session-2-isolated-_7ofw15r/test/upgrade/session_2_acceptance_render_test.dart: library-no-choice-neonPurple-1.0x-synthetic
03:34 +1292: C:/Users/Atharva Patil/AppData/Local/Temp/gymlog-session-2-isolated-_7ofw15r/test/upgrade/session_2_acceptance_render_test.dart: library-no-choice-neonPurple-1.0x-synthetic
03:34 +1293: C:/Users/Atharva Patil/AppData/Local/Temp/gymlog-session-2-isolated-_7ofw15r/test/upgrade/session_2_render_test.dart: before/library-noRoutine-higgsfield-1.6x-synthetic
03:34 +1294: C:/Users/Atharva Patil/AppData/Local/Temp/gymlog-session-2-isolated-_7ofw15r/test/upgrade/session_1_render_test.dart: progress-neonCyan-1.0x-synthetic
03:34 +1295: C:/Users/Atharva Patil/AppData/Local/Temp/gymlog-session-2-isolated-_7ofw15r/test/upgrade/session_2_acceptance_render_test.dart: home-deleted-choice-neonPurple-1.0x-synthetic
03:35 +1296: C:/Users/Atharva Patil/AppData/Local/Temp/gymlog-session-2-isolated-_7ofw15r/test/upgrade/session_2_acceptance_render_test.dart: home-deleted-choice-neonPurple-1.0x-synthetic
03:35 +1297: C:/Users/Atharva Patil/AppData/Local/Temp/gymlog-session-2-isolated-_7ofw15r/test/upgrade/session_1_render_test.dart: progress-low-neonCyan-1.0x-synthetic
03:35 +1298: C:/Users/Atharva Patil/AppData/Local/Temp/gymlog-session-2-isolated-_7ofw15r/test/upgrade/session_2_render_test.dart: before/library-lowData-higgsfield-1.6x-synthetic
03:35 +1299: C:/Users/Atharva Patil/AppData/Local/Temp/gymlog-session-2-isolated-_7ofw15r/test/upgrade/session_2_render_test.dart: before/library-lowData-higgsfield-1.6x-synthetic
03:35 +1300: C:/Users/Atharva Patil/AppData/Local/Temp/gymlog-session-2-isolated-_7ofw15r/test/upgrade/session_2_acceptance_render_test.dart: library-deleted-choice-neonPurple-1.0x-synthetic
03:35 +1301: C:/Users/Atharva Patil/AppData/Local/Temp/gymlog-session-2-isolated-_7ofw15r/test/upgrade/session_2_acceptance_render_test.dart: library-deleted-choice-neonPurple-1.0x-synthetic
03:35 +1302: C:/Users/Atharva Patil/AppData/Local/Temp/gymlog-session-2-isolated-_7ofw15r/test/upgrade/session_2_render_test.dart: before/home-error-higgsfield-1.6x-synthetic
03:35 +1303: C:/Users/Atharva Patil/AppData/Local/Temp/gymlog-session-2-isolated-_7ofw15r/test/upgrade/session_1_render_test.dart: header-weighted-neonCyan-1.6x-synthetic
03:35 +1304: C:/Users/Atharva Patil/AppData/Local/Temp/gymlog-session-2-isolated-_7ofw15r/test/upgrade/session_2_acceptance_render_test.dart: home-empty-choice-neonPurple-1.0x-synthetic
03:35 +1305: C:/Users/Atharva Patil/AppData/Local/Temp/gymlog-session-2-isolated-_7ofw15r/test/upgrade/session_2_acceptance_render_test.dart: home-empty-choice-neonPurple-1.0x-synthetic
03:35 +1306: C:/Users/Atharva Patil/AppData/Local/Temp/gymlog-session-2-isolated-_7ofw15r/test/upgrade/session_2_acceptance_render_test.dart: home-empty-choice-neonPurple-1.0x-synthetic
03:35 +1307: C:/Users/Atharva Patil/AppData/Local/Temp/gymlog-session-2-isolated-_7ofw15r/test/upgrade/session_1_render_test.dart: header-timed-neonCyan-1.6x-synthetic
03:35 +1308: C:/Users/Atharva Patil/AppData/Local/Temp/gymlog-session-2-isolated-_7ofw15r/test/upgrade/session_2_render_test.dart: before/home-returning-neonPurple-1.0x-synthetic
03:35 +1309: C:/Users/Atharva Patil/AppData/Local/Temp/gymlog-session-2-isolated-_7ofw15r/test/upgrade/session_2_render_test.dart: before/home-returning-neonPurple-1.0x-synthetic
03:36 +1310: C:/Users/Atharva Patil/AppData/Local/Temp/gymlog-session-2-isolated-_7ofw15r/test/upgrade/session_2_render_test.dart: before/home-returning-neonPurple-1.0x-synthetic
03:36 +1311: C:/Users/Atharva Patil/AppData/Local/Temp/gymlog-session-2-isolated-_7ofw15r/test/upgrade/session_2_render_test.dart: before/home-returning-neonPurple-1.0x-synthetic
03:36 +1312: C:/Users/Atharva Patil/AppData/Local/Temp/gymlog-session-2-isolated-_7ofw15r/test/upgrade/session_1_render_test.dart: finish-weighted-neonCyan-1.6x-synthetic
03:36 +1313: C:/Users/Atharva Patil/AppData/Local/Temp/gymlog-session-2-isolated-_7ofw15r/test/upgrade/session_2_acceptance_render_test.dart: home-new-user-neonPurple-1.0x-synthetic
03:36 +1314: C:/Users/Atharva Patil/AppData/Local/Temp/gymlog-session-2-isolated-_7ofw15r/test/upgrade/session_2_render_test.dart: before/library-returning-neonPurple-1.0x-synthetic
03:36 +1315: C:/Users/Atharva Patil/AppData/Local/Temp/gymlog-session-2-isolated-_7ofw15r/test/upgrade/session_2_render_test.dart: before/library-returning-neonPurple-1.0x-synthetic
03:36 +1316: C:/Users/Atharva Patil/AppData/Local/Temp/gymlog-session-2-isolated-_7ofw15r/test/upgrade/session_2_render_test.dart: before/library-returning-neonPurple-1.0x-synthetic
03:36 +1317: C:/Users/Atharva Patil/AppData/Local/Temp/gymlog-session-2-isolated-_7ofw15r/test/weekly_goal_sheet_test.dart: showWeeklyGoalSheet selecting a day updates weeklyGoalProvider and closes sheet
03:36 +1318: C:/Users/Atharva Patil/AppData/Local/Temp/gymlog-session-2-isolated-_7ofw15r/test/weekly_goal_sheet_test.dart: showWeeklyGoalSheet selecting a day updates weeklyGoalProvider and closes sheet
03:36 +1319: C:/Users/Atharva Patil/AppData/Local/Temp/gymlog-session-2-isolated-_7ofw15r/test/weekly_goal_sheet_test.dart: showWeeklyGoalSheet selecting a day updates weeklyGoalProvider and closes sheet
03:36 +1320: C:/Users/Atharva Patil/AppData/Local/Temp/gymlog-session-2-isolated-_7ofw15r/test/weekly_goal_sheet_test.dart: showWeeklyGoalSheet selecting a day updates weeklyGoalProvider and closes sheet
03:36 +1321: C:/Users/Atharva Patil/AppData/Local/Temp/gymlog-session-2-isolated-_7ofw15r/test/weekly_goal_sheet_test.dart: showWeeklyGoalSheet selecting a day updates weeklyGoalProvider and closes sheet
03:36 +1322: C:/Users/Atharva Patil/AppData/Local/Temp/gymlog-session-2-isolated-_7ofw15r/test/weekly_goal_sheet_test.dart: showWeeklyGoalSheet selecting a day updates weeklyGoalProvider and closes sheet
03:36 +1323: C:/Users/Atharva Patil/AppData/Local/Temp/gymlog-session-2-isolated-_7ofw15r/test/weekly_goal_sheet_test.dart: showWeeklyGoalSheet selecting a day updates weeklyGoalProvider and closes sheet
03:36 +1324: C:/Users/Atharva Patil/AppData/Local/Temp/gymlog-session-2-isolated-_7ofw15r/test/weekly_goal_sheet_test.dart: showWeeklyGoalSheet selecting a day updates weeklyGoalProvider and closes sheet
03:36 +1325: C:/Users/Atharva Patil/AppData/Local/Temp/gymlog-session-2-isolated-_7ofw15r/test/weekly_goal_sheet_test.dart: showWeeklyGoalSheet selecting a day updates weeklyGoalProvider and closes sheet
03:37 +1326: C:/Users/Atharva Patil/AppData/Local/Temp/gymlog-session-2-isolated-_7ofw15r/test/weekly_goal_sheet_test.dart: showWeeklyGoalSheet selecting a day updates weeklyGoalProvider and closes sheet
03:37 +1327: C:/Users/Atharva Patil/AppData/Local/Temp/gymlog-session-2-isolated-_7ofw15r/test/weekly_goal_sheet_test.dart: showWeeklyGoalSheet selecting a day updates weeklyGoalProvider and closes sheet
03:37 +1328: C:/Users/Atharva Patil/AppData/Local/Temp/gymlog-session-2-isolated-_7ofw15r/test/weekly_goal_sheet_test.dart: showWeeklyGoalSheet selecting a day updates weeklyGoalProvider and closes sheet
03:37 +1329: C:/Users/Atharva Patil/AppData/Local/Temp/gymlog-session-2-isolated-_7ofw15r/test/weekly_goal_sheet_test.dart: showWeeklyGoalSheet selecting a day updates weeklyGoalProvider and closes sheet
03:37 +1330: C:/Users/Atharva Patil/AppData/Local/Temp/gymlog-session-2-isolated-_7ofw15r/test/weekly_goal_sheet_test.dart: showWeeklyGoalSheet selecting a day updates weeklyGoalProvider and closes sheet
03:37 +1331: C:/Users/Atharva Patil/AppData/Local/Temp/gymlog-session-2-isolated-_7ofw15r/test/weekly_goal_sheet_test.dart: showWeeklyGoalSheet selecting a day updates weeklyGoalProvider and closes sheet
03:37 +1332: C:/Users/Atharva Patil/AppData/Local/Temp/gymlog-session-2-isolated-_7ofw15r/test/weekly_goal_sheet_test.dart: showWeeklyGoalSheet selecting a day updates weeklyGoalProvider and closes sheet
03:37 +1333: C:/Users/Atharva Patil/AppData/Local/Temp/gymlog-session-2-isolated-_7ofw15r/test/weekly_goal_sheet_test.dart: showWeeklyGoalSheet selecting a day updates weeklyGoalProvider and closes sheet
03:37 +1334: C:/Users/Atharva Patil/AppData/Local/Temp/gymlog-session-2-isolated-_7ofw15r/test/weekly_goal_sheet_test.dart: showWeeklyGoalSheet selecting a day updates weeklyGoalProvider and closes sheet
03:37 +1335: C:/Users/Atharva Patil/AppData/Local/Temp/gymlog-session-2-isolated-_7ofw15r/test/weekly_goal_sheet_test.dart: showWeeklyGoalSheet selecting a day updates weeklyGoalProvider and closes sheet
03:37 +1336: C:/Users/Atharva Patil/AppData/Local/Temp/gymlog-session-2-isolated-_7ofw15r/test/weekly_goal_sheet_test.dart: showWeeklyGoalSheet selecting a day updates weeklyGoalProvider and closes sheet
03:37 +1337: C:/Users/Atharva Patil/AppData/Local/Temp/gymlog-session-2-isolated-_7ofw15r/test/weekly_goal_sheet_test.dart: showWeeklyGoalSheet selecting a day updates weeklyGoalProvider and closes sheet
03:37 +1338: C:/Users/Atharva Patil/AppData/Local/Temp/gymlog-session-2-isolated-_7ofw15r/test/weekly_goal_sheet_test.dart: showWeeklyGoalSheet selecting a day updates weeklyGoalProvider and closes sheet
03:37 +1339: C:/Users/Atharva Patil/AppData/Local/Temp/gymlog-session-2-isolated-_7ofw15r/test/weekly_goal_sheet_test.dart: showWeeklyGoalSheet selecting a day updates weeklyGoalProvider and closes sheet
03:37 +1340: C:/Users/Atharva Patil/AppData/Local/Temp/gymlog-session-2-isolated-_7ofw15r/test/weekly_goal_sheet_test.dart: showWeeklyGoalSheet selecting a day updates weeklyGoalProvider and closes sheet
03:37 +1341: C:/Users/Atharva Patil/AppData/Local/Temp/gymlog-session-2-isolated-_7ofw15r/test/weekly_goal_sheet_test.dart: showWeeklyGoalSheet selecting a day updates weeklyGoalProvider and closes sheet
03:37 +1342: C:/Users/Atharva Patil/AppData/Local/Temp/gymlog-session-2-isolated-_7ofw15r/test/upgrade/session_2_render_test.dart: before/library-lowData-neonPurple-1.0x-synthetic
03:38 +1343: C:/Users/Atharva Patil/AppData/Local/Temp/gymlog-session-2-isolated-_7ofw15r/test/upgrade/session_1_render_test.dart: share-distance-technical-neonCyan-1.6x-synthetic
03:38 +1344: C:/Users/Atharva Patil/AppData/Local/Temp/gymlog-session-2-isolated-_7ofw15r/test/upgrade/session_2_acceptance_render_test.dart: home-error-neonPurple-1.0x-synthetic
03:38 +1345: C:/Users/Atharva Patil/AppData/Local/Temp/gymlog-session-2-isolated-_7ofw15r/test/upgrade/session_2_render_test.dart: before/home-error-neonPurple-1.0x-synthetic
03:38 +1346: C:/Users/Atharva Patil/AppData/Local/Temp/gymlog-session-2-isolated-_7ofw15r/test/upgrade/session_2_render_test.dart: before/home-error-neonPurple-1.0x-synthetic
03:38 +1347: C:/Users/Atharva Patil/AppData/Local/Temp/gymlog-session-2-isolated-_7ofw15r/test/upgrade/session_2_acceptance_render_test.dart: library-error-neonPurple-1.0x-synthetic
03:38 +1348: C:/Users/Atharva Patil/AppData/Local/Temp/gymlog-session-2-isolated-_7ofw15r/test/upgrade/session_1_render_test.dart: share-pace-monument-neonCyan-1.6x-synthetic
03:38 +1349: C:/Users/Atharva Patil/AppData/Local/Temp/gymlog-session-2-isolated-_7ofw15r/test/upgrade/session_2_render_test.dart: before/library-error-neonPurple-1.0x-synthetic
03:38 +1350: C:/Users/Atharva Patil/AppData/Local/Temp/gymlog-session-2-isolated-_7ofw15r/test/upgrade/session_2_acceptance_render_test.dart: home-previous-error-neonPurple-1.0x-synthetic
03:38 +1351: C:/Users/Atharva Patil/AppData/Local/Temp/gymlog-session-2-isolated-_7ofw15r/test/upgrade/session_2_acceptance_render_test.dart: home-previous-error-neonPurple-1.0x-synthetic
03:38 +1352: C:/Users/Atharva Patil/AppData/Local/Temp/gymlog-session-2-isolated-_7ofw15r/test/upgrade/session_2_acceptance_render_test.dart: home-previous-error-neonPurple-1.0x-synthetic
03:38 +1353: C:/Users/Atharva Patil/AppData/Local/Temp/gymlog-session-2-isolated-_7ofw15r/test/upgrade/session_2_render_test.dart: before/home-returning-neonPurple-1.6x-synthetic
03:38 +1354: C:/Users/Atharva Patil/AppData/Local/Temp/gymlog-session-2-isolated-_7ofw15r/test/upgrade/session_2_render_test.dart: before/home-returning-neonPurple-1.6x-synthetic
03:38 +1355: C:/Users/Atharva Patil/AppData/Local/Temp/gymlog-session-2-isolated-_7ofw15r/test/upgrade/session_2_acceptance_render_test.dart: library-previous-error-neonPurple-1.0x-synthetic
03:38 +1356: C:/Users/Atharva Patil/AppData/Local/Temp/gymlog-session-2-isolated-_7ofw15r/test/upgrade/session_2_acceptance_render_test.dart: library-previous-error-neonPurple-1.0x-synthetic
03:38 +1357: C:/Users/Atharva Patil/AppData/Local/Temp/gymlog-session-2-isolated-_7ofw15r/test/upgrade/session_2_render_test.dart: before/library-returning-neonPurple-1.6x-synthetic
03:39 +1358: C:/Users/Atharva Patil/AppData/Local/Temp/gymlog-session-2-isolated-_7ofw15r/test/upgrade/session_2_render_test.dart: before/library-returning-neonPurple-1.6x-synthetic
03:39 +1359: C:/Users/Atharva Patil/AppData/Local/Temp/gymlog-session-2-isolated-_7ofw15r/test/upgrade/session_2_render_test.dart: before/library-returning-neonPurple-1.6x-synthetic
03:39 +1360: C:/Users/Atharva Patil/AppData/Local/Temp/gymlog-session-2-isolated-_7ofw15r/test/upgrade/session_1_render_test.dart: exercise-neonCyan-1.6x-synthetic
03:39 +1361: C:/Users/Atharva Patil/AppData/Local/Temp/gymlog-session-2-isolated-_7ofw15r/test/upgrade/session_2_acceptance_render_test.dart: library-choice-error-neonPurple-1.0x-synthetic
03:39 +1362: C:/Users/Atharva Patil/AppData/Local/Temp/gymlog-session-2-isolated-_7ofw15r/test/upgrade/session_2_acceptance_render_test.dart: library-choice-error-neonPurple-1.0x-synthetic
03:39 +1363: C:/Users/Atharva Patil/AppData/Local/Temp/gymlog-session-2-isolated-_7ofw15r/test/upgrade/session_2_acceptance_render_test.dart: library-choice-error-neonPurple-1.0x-synthetic
03:39 +1364: C:/Users/Atharva Patil/AppData/Local/Temp/gymlog-session-2-isolated-_7ofw15r/test/upgrade/session_2_render_test.dart: before/library-inactive-neonPurple-1.6x-synthetic
03:39 +1365: C:/Users/Atharva Patil/AppData/Local/Temp/gymlog-session-2-isolated-_7ofw15r/test/upgrade/session_2_render_test.dart: before/library-inactive-neonPurple-1.6x-synthetic
03:39 +1366: C:/Users/Atharva Patil/AppData/Local/Temp/gymlog-session-2-isolated-_7ofw15r/test/upgrade/session_2_acceptance_render_test.dart: home-loading-neonPurple-1.0x-synthetic
03:39 +1367: C:/Users/Atharva Patil/AppData/Local/Temp/gymlog-session-2-isolated-_7ofw15r/test/upgrade/session_2_acceptance_render_test.dart: home-loading-neonPurple-1.0x-synthetic
03:39 +1368: C:/Users/Atharva Patil/AppData/Local/Temp/gymlog-session-2-isolated-_7ofw15r/test/upgrade/session_2_render_test.dart: before/home-empty-neonPurple-1.6x-synthetic
03:39 +1369: C:/Users/Atharva Patil/AppData/Local/Temp/gymlog-session-2-isolated-_7ofw15r/test/upgrade/session_1_render_test.dart: progress-empty-neonCyan-1.6x-synthetic
03:39 +1370: C:/Users/Atharva Patil/AppData/Local/Temp/gymlog-session-2-isolated-_7ofw15r/test/upgrade/session_2_acceptance_render_test.dart: library-loading-neonPurple-1.0x-synthetic
03:39 +1371: C:/Users/Atharva Patil/AppData/Local/Temp/gymlog-session-2-isolated-_7ofw15r/test/upgrade/session_2_render_test.dart: before/library-empty-neonPurple-1.6x-synthetic
03:39 +1372: C:/Users/Atharva Patil/AppData/Local/Temp/gymlog-session-2-isolated-_7ofw15r/test/upgrade/session_1_render_test.dart: roles-neonCyan-1.6x-synthetic
03:39 +1373: C:/Users/Atharva Patil/AppData/Local/Temp/gymlog-session-2-isolated-_7ofw15r/test/upgrade/session_2_acceptance_render_test.dart: home-active-chosen-neonPurple-1.0x-synthetic
03:40 +1374: C:/Users/Atharva Patil/AppData/Local/Temp/gymlog-session-2-isolated-_7ofw15r/test/upgrade/session_2_acceptance_render_test.dart: home-active-chosen-neonPurple-1.0x-synthetic
03:40 +1375: C:/Users/Atharva Patil/AppData/Local/Temp/gymlog-session-2-isolated-_7ofw15r/test/upgrade/session_2_render_test.dart: before/home-noRoutine-neonPurple-1.6x-synthetic
03:40 +1376: C:/Users/Atharva Patil/AppData/Local/Temp/gymlog-session-2-isolated-_7ofw15r/test/upgrade/session_1_render_test.dart: header-reps-neonMagenta-1.0x-synthetic
03:40 +1377: C:/Users/Atharva Patil/AppData/Local/Temp/gymlog-session-2-isolated-_7ofw15r/test/upgrade/session_2_acceptance_render_test.dart: library-active-chosen-neonPurple-1.0x-synthetic
03:40 +1378: C:/Users/Atharva Patil/AppData/Local/Temp/gymlog-session-2-isolated-_7ofw15r/test/upgrade/session_2_acceptance_render_test.dart: library-active-chosen-neonPurple-1.0x-synthetic
03:40 +1379: C:/Users/Atharva Patil/AppData/Local/Temp/gymlog-session-2-isolated-_7ofw15r/test/upgrade/session_2_acceptance_render_test.dart: library-active-chosen-neonPurple-1.0x-synthetic
03:40 +1380: C:/Users/Atharva Patil/AppData/Local/Temp/gymlog-session-2-isolated-_7ofw15r/test/upgrade/session_2_acceptance_render_test.dart: library-active-chosen-neonPurple-1.0x-synthetic
03:40 +1381: C:/Users/Atharva Patil/AppData/Local/Temp/gymlog-session-2-isolated-_7ofw15r/test/upgrade/session_2_acceptance_render_test.dart: library-active-chosen-neonPurple-1.0x-synthetic
03:40 +1382: C:/Users/Atharva Patil/AppData/Local/Temp/gymlog-session-2-isolated-_7ofw15r/test/upgrade/session_2_acceptance_render_test.dart: library-active-chosen-neonPurple-1.0x-synthetic
03:40 +1383: C:/Users/Atharva Patil/AppData/Local/Temp/gymlog-session-2-isolated-_7ofw15r/test/upgrade/session_2_acceptance_render_test.dart: library-active-chosen-neonPurple-1.0x-synthetic
03:40 +1384: C:/Users/Atharva Patil/AppData/Local/Temp/gymlog-session-2-isolated-_7ofw15r/test/upgrade/session_2_acceptance_render_test.dart: library-active-chosen-neonPurple-1.0x-synthetic
03:40 +1385: C:/Users/Atharva Patil/AppData/Local/Temp/gymlog-session-2-isolated-_7ofw15r/test/upgrade/session_2_acceptance_render_test.dart: library-active-chosen-neonPurple-1.0x-synthetic
03:40 +1386: C:/Users/Atharva Patil/AppData/Local/Temp/gymlog-session-2-isolated-_7ofw15r/test/upgrade/session_2_acceptance_render_test.dart: library-active-chosen-neonPurple-1.0x-synthetic
03:40 +1387: C:/Users/Atharva Patil/AppData/Local/Temp/gymlog-session-2-isolated-_7ofw15r/test/upgrade/session_2_acceptance_render_test.dart: library-active-chosen-neonPurple-1.0x-synthetic
03:40 +1388: C:/Users/Atharva Patil/AppData/Local/Temp/gymlog-session-2-isolated-_7ofw15r/test/upgrade/session_2_acceptance_render_test.dart: library-active-chosen-neonPurple-1.0x-synthetic
03:40 +1389: C:/Users/Atharva Patil/AppData/Local/Temp/gymlog-session-2-isolated-_7ofw15r/test/widget_test.dart: UI kit PrimaryButton renders label and fires onPressed
03:40 +1390: C:/Users/Atharva Patil/AppData/Local/Temp/gymlog-session-2-isolated-_7ofw15r/test/widget_test.dart: UI kit PrimaryButton renders label and fires onPressed
03:40 +1391: C:/Users/Atharva Patil/AppData/Local/Temp/gymlog-session-2-isolated-_7ofw15r/test/widget_test.dart: UI kit PrimaryButton renders label and fires onPressed
03:40 +1392: C:/Users/Atharva Patil/AppData/Local/Temp/gymlog-session-2-isolated-_7ofw15r/test/widget_test.dart: UI kit PrimaryButton renders label and fires onPressed
03:40 +1393: C:/Users/Atharva Patil/AppData/Local/Temp/gymlog-session-2-isolated-_7ofw15r/test/widget_test.dart: UI kit PrimaryButton renders label and fires onPressed
03:40 +1394: C:/Users/Atharva Patil/AppData/Local/Temp/gymlog-session-2-isolated-_7ofw15r/test/widget_test.dart: UI kit PrimaryButton renders label and fires onPressed
03:40 +1395: C:/Users/Atharva Patil/AppData/Local/Temp/gymlog-session-2-isolated-_7ofw15r/test/widget_test.dart: UI kit PrimaryButton renders label and fires onPressed
03:41 +1396: C:/Users/Atharva Patil/AppData/Local/Temp/gymlog-session-2-isolated-_7ofw15r/test/widget_test.dart: UI kit PrimaryButton renders label and fires onPressed
03:41 +1397: C:/Users/Atharva Patil/AppData/Local/Temp/gymlog-session-2-isolated-_7ofw15r/test/widget_test.dart: UI kit PrimaryButton renders label and fires onPressed
03:41 +1398: C:/Users/Atharva Patil/AppData/Local/Temp/gymlog-session-2-isolated-_7ofw15r/test/widget_test.dart: UI kit PrimaryButton renders label and fires onPressed
03:41 +1399: C:/Users/Atharva Patil/AppData/Local/Temp/gymlog-session-2-isolated-_7ofw15r/test/widget_test.dart: UI kit PrimaryButton renders label and fires onPressed
03:41 +1400: C:/Users/Atharva Patil/AppData/Local/Temp/gymlog-session-2-isolated-_7ofw15r/test/widget_test.dart: UI kit PrimaryButton renders label and fires onPressed
03:41 +1401: C:/Users/Atharva Patil/AppData/Local/Temp/gymlog-session-2-isolated-_7ofw15r/test/widget_test.dart: UI kit PrimaryButton renders label and fires onPressed
03:41 +1402: C:/Users/Atharva Patil/AppData/Local/Temp/gymlog-session-2-isolated-_7ofw15r/test/widget_test.dart: UI kit PrimaryButton renders label and fires onPressed
03:41 +1403: C:/Users/Atharva Patil/AppData/Local/Temp/gymlog-session-2-isolated-_7ofw15r/test/upgrade/session_2_acceptance_render_test.dart: library-active-no-routine-neonPurple-1.0x-synthetic
03:41 +1404: C:/Users/Atharva Patil/AppData/Local/Temp/gymlog-session-2-isolated-_7ofw15r/test/upgrade/session_2_render_test.dart: chosen/library-returning-higgsfield-1.0x-synthetic
03:42 +1405: C:/Users/Atharva Patil/AppData/Local/Temp/gymlog-session-2-isolated-_7ofw15r/test/upgrade/session_2_render_test.dart: chosen/library-returning-higgsfield-1.0x-synthetic
03:42 +1406: C:/Users/Atharva Patil/AppData/Local/Temp/gymlog-session-2-isolated-_7ofw15r/test/upgrade/session_2_render_test.dart: chosen/library-returning-higgsfield-1.0x-synthetic
03:42 +1407: C:/Users/Atharva Patil/AppData/Local/Temp/gymlog-session-2-isolated-_7ofw15r/test/upgrade/session_2_render_test.dart: chosen/library-returning-higgsfield-1.0x-synthetic
03:42 +1408: C:/Users/Atharva Patil/AppData/Local/Temp/gymlog-session-2-isolated-_7ofw15r/test/upgrade/session_2_render_test.dart: chosen/library-returning-higgsfield-1.0x-synthetic
03:42 +1409: C:/Users/Atharva Patil/AppData/Local/Temp/gymlog-session-2-isolated-_7ofw15r/test/upgrade/session_1_render_test.dart: share-monument-neonMagenta-1.0x-synthetic
03:42 +1410: C:/Users/Atharva Patil/AppData/Local/Temp/gymlog-session-2-isolated-_7ofw15r/test/upgrade/session_2_acceptance_render_test.dart: library-active-error-neonPurple-1.0x-synthetic
03:42 +1411: C:/Users/Atharva Patil/AppData/Local/Temp/gymlog-session-2-isolated-_7ofw15r/test/upgrade/session_2_acceptance_render_test.dart: library-active-error-neonPurple-1.0x-synthetic
03:42 +1412: C:/Users/Atharva Patil/AppData/Local/Temp/gymlog-session-2-isolated-_7ofw15r/test/upgrade/session_2_acceptance_render_test.dart: library-active-error-neonPurple-1.0x-synthetic
03:42 +1413: C:/Users/Atharva Patil/AppData/Local/Temp/gymlog-session-2-isolated-_7ofw15r/test/upgrade/session_1_render_test.dart: share-sticker-neonMagenta-1.0x-synthetic
03:43 +1414: C:/Users/Atharva Patil/AppData/Local/Temp/gymlog-session-2-isolated-_7ofw15r/test/upgrade/session_2_render_test.dart: chosen/library-inactive-higgsfield-1.0x-synthetic
03:43 +1415: C:/Users/Atharva Patil/AppData/Local/Temp/gymlog-session-2-isolated-_7ofw15r/test/upgrade/session_2_render_test.dart: chosen/library-inactive-higgsfield-1.0x-synthetic
03:43 +1416: C:/Users/Atharva Patil/AppData/Local/Temp/gymlog-session-2-isolated-_7ofw15r/test/upgrade/session_2_acceptance_render_test.dart: home-active-deleted-choice-neonPurple-1.0x-synthetic
03:43 +1417: C:/Users/Atharva Patil/AppData/Local/Temp/gymlog-session-2-isolated-_7ofw15r/test/upgrade/session_1_render_test.dart: share-duration-technical-neonMagenta-1.0x-synthetic
03:43 +1418: C:/Users/Atharva Patil/AppData/Local/Temp/gymlog-session-2-isolated-_7ofw15r/test/upgrade/session_2_render_test.dart: chosen/home-empty-higgsfield-1.0x-synthetic
03:43 +1419: C:/Users/Atharva Patil/AppData/Local/Temp/gymlog-session-2-isolated-_7ofw15r/test/upgrade/session_2_acceptance_render_test.dart: library-active-deleted-choice-neonPurple-1.0x-synthetic
03:43 +1420: C:/Users/Atharva Patil/AppData/Local/Temp/gymlog-session-2-isolated-_7ofw15r/test/upgrade/session_2_acceptance_render_test.dart: library-active-deleted-choice-neonPurple-1.0x-synthetic
03:44 +1421: C:/Users/Atharva Patil/AppData/Local/Temp/gymlog-session-2-isolated-_7ofw15r/test/upgrade/session_2_acceptance_render_test.dart: library-active-deleted-choice-neonPurple-1.0x-synthetic
03:44 +1422: C:/Users/Atharva Patil/AppData/Local/Temp/gymlog-session-2-isolated-_7ofw15r/test/upgrade/session_2_acceptance_render_test.dart: library-active-deleted-choice-neonPurple-1.0x-synthetic
03:44 +1423: C:/Users/Atharva Patil/AppData/Local/Temp/gymlog-session-2-isolated-_7ofw15r/test/upgrade/session_2_render_test.dart: chosen/home-noRoutine-higgsfield-1.0x-synthetic
03:44 +1424: C:/Users/Atharva Patil/AppData/Local/Temp/gymlog-session-2-isolated-_7ofw15r/test/upgrade/session_2_acceptance_render_test.dart: home-active-empty-choice-neonPurple-1.0x-synthetic
03:44 +1425: C:/Users/Atharva Patil/AppData/Local/Temp/gymlog-session-2-isolated-_7ofw15r/test/upgrade/session_2_acceptance_render_test.dart: home-active-empty-choice-neonPurple-1.0x-synthetic
03:44 +1426: C:/Users/Atharva Patil/AppData/Local/Temp/gymlog-session-2-isolated-_7ofw15r/test/upgrade/session_2_render_test.dart: chosen/library-noRoutine-higgsfield-1.0x-synthetic
03:44 +1427: C:/Users/Atharva Patil/AppData/Local/Temp/gymlog-session-2-isolated-_7ofw15r/test/upgrade/session_2_render_test.dart: chosen/library-noRoutine-higgsfield-1.0x-synthetic
03:44 +1428: C:/Users/Atharva Patil/AppData/Local/Temp/gymlog-session-2-isolated-_7ofw15r/test/upgrade/session_2_acceptance_render_test.dart: library-active-empty-choice-neonPurple-1.0x-synthetic
03:44 +1429: C:/Users/Atharva Patil/AppData/Local/Temp/gymlog-session-2-isolated-_7ofw15r/test/upgrade/session_2_acceptance_render_test.dart: library-active-empty-choice-neonPurple-1.0x-synthetic
03:45 +1430: C:/Users/Atharva Patil/AppData/Local/Temp/gymlog-session-2-isolated-_7ofw15r/test/upgrade/session_2_acceptance_render_test.dart: library-active-empty-choice-neonPurple-1.0x-synthetic
03:45 +1431: C:/Users/Atharva Patil/AppData/Local/Temp/gymlog-session-2-isolated-_7ofw15r/test/upgrade/session_2_acceptance_render_test.dart: library-active-empty-choice-neonPurple-1.0x-synthetic
03:45 +1432: C:/Users/Atharva Patil/AppData/Local/Temp/gymlog-session-2-isolated-_7ofw15r/test/upgrade/session_2_acceptance_render_test.dart: library-active-empty-choice-neonPurple-1.0x-synthetic
03:45 +1433: C:/Users/Atharva Patil/AppData/Local/Temp/gymlog-session-2-isolated-_7ofw15r/test/upgrade/session_2_acceptance_render_test.dart: library-active-empty-choice-neonPurple-1.0x-synthetic
03:45 +1434: C:/Users/Atharva Patil/AppData/Local/Temp/gymlog-session-2-isolated-_7ofw15r/test/upgrade/session_2_acceptance_render_test.dart: library-active-empty-choice-neonPurple-1.0x-synthetic
03:45 +1435: C:/Users/Atharva Patil/AppData/Local/Temp/gymlog-session-2-isolated-_7ofw15r/test/upgrade/session_2_acceptance_render_test.dart: library-active-empty-choice-neonPurple-1.0x-synthetic
03:45 +1436: C:/Users/Atharva Patil/AppData/Local/Temp/gymlog-session-2-isolated-_7ofw15r/test/upgrade/session_2_acceptance_render_test.dart: library-active-empty-choice-neonPurple-1.0x-synthetic
03:45 +1437: C:/Users/Atharva Patil/AppData/Local/Temp/gymlog-session-2-isolated-_7ofw15r/test/upgrade/session_2_acceptance_render_test.dart: library-active-empty-choice-neonPurple-1.0x-synthetic
03:45 +1438: C:/Users/Atharva Patil/AppData/Local/Temp/gymlog-session-2-isolated-_7ofw15r/test/upgrade/session_1_render_test.dart: share-pace-sticker-neonMagenta-1.0x-synthetic
03:45 +1439: C:/Users/Atharva Patil/AppData/Local/Temp/gymlog-session-2-isolated-_7ofw15r/test/upgrade/session_1_render_test.dart: share-pace-sticker-neonMagenta-1.0x-synthetic
03:45 +1439: C:/Users/Atharva Patil/AppData/Local/Temp/gymlog-session-2-isolated-_7ofw15r/test/workout_draft_store_test.dart: WorkoutDraftStore P0-03 Resilience & Persistence Suite corrupt JSON payload fails safely, clears storage, and returns null
[WorkoutDraftStore] Corrupted or invalid draft payload: FormatException: Unexpected character (at character 2)
{invalid_json_payload: [incomplete
 ^
. Clearing draft.
03:45 +1440: C:/Users/Atharva Patil/AppData/Local/Temp/gymlog-session-2-isolated-_7ofw15r/test/upgrade/session_1_render_test.dart: share-pace-sticker-neonMagenta-1.0x-synthetic
03:45 +1441: C:/Users/Atharva Patil/AppData/Local/Temp/gymlog-session-2-isolated-_7ofw15r/test/upgrade/session_1_render_test.dart: share-pace-sticker-neonMagenta-1.0x-synthetic
03:45 +1442: C:/Users/Atharva Patil/AppData/Local/Temp/gymlog-session-2-isolated-_7ofw15r/test/upgrade/session_2_render_test.dart: chosen/home-error-higgsfield-1.0x-synthetic
03:45 +1442: C:/Users/Atharva Patil/AppData/Local/Temp/gymlog-session-2-isolated-_7ofw15r/test/workout_draft_store_test.dart: WorkoutDraftStore P0-03 Resilience & Persistence Suite draft belonging to user_A cannot be loaded by user_B
[WorkoutDraftStore] Ignoring draft from different user (user-A vs user-B)
03:45 +1443: C:/Users/Atharva Patil/AppData/Local/Temp/gymlog-session-2-isolated-_7ofw15r/test/upgrade/session_2_render_test.dart: chosen/home-error-higgsfield-1.0x-synthetic
03:45 +1443: C:/Users/Atharva Patil/AppData/Local/Temp/gymlog-session-2-isolated-_7ofw15r/test/workout_draft_store_test.dart: WorkoutDraftStore P0-03 Resilience & Persistence Suite draft older than 24 hours is treated as stale and auto-cleared
[WorkoutDraftStore] Draft expired (>24h), clearing.
03:45 +1444: C:/Users/Atharva Patil/AppData/Local/Temp/gymlog-session-2-isolated-_7ofw15r/test/upgrade/session_2_render_test.dart: chosen/home-error-higgsfield-1.0x-synthetic
03:45 +1445: C:/Users/Atharva Patil/AppData/Local/Temp/gymlog-session-2-isolated-_7ofw15r/test/upgrade/session_2_acceptance_render_test.dart: home-active-choice-error-neonPurple-1.0x-synthetic
03:45 +1446: C:/Users/Atharva Patil/AppData/Local/Temp/gymlog-session-2-isolated-_7ofw15r/test/upgrade/session_2_acceptance_render_test.dart: home-active-choice-error-neonPurple-1.0x-synthetic
03:45 +1447: C:/Users/Atharva Patil/AppData/Local/Temp/gymlog-session-2-isolated-_7ofw15r/test/upgrade/session_2_acceptance_render_test.dart: home-active-choice-error-neonPurple-1.0x-synthetic
03:45 +1448: C:/Users/Atharva Patil/AppData/Local/Temp/gymlog-session-2-isolated-_7ofw15r/test/upgrade/session_1_render_test.dart: detail-error-neonMagenta-1.0x-synthetic
03:45 +1449: C:/Users/Atharva Patil/AppData/Local/Temp/gymlog-session-2-isolated-_7ofw15r/test/upgrade/session_2_render_test.dart: chosen/home-returning-higgsfield-1.6x-synthetic
03:45 +1450: C:/Users/Atharva Patil/AppData/Local/Temp/gymlog-session-2-isolated-_7ofw15r/test/upgrade/session_2_acceptance_render_test.dart: library-active-choice-error-neonPurple-1.0x-synthetic
03:45 +1451: C:/Users/Atharva Patil/AppData/Local/Temp/gymlog-session-2-isolated-_7ofw15r/test/upgrade/session_2_acceptance_render_test.dart: library-active-choice-error-neonPurple-1.0x-synthetic
03:45 +1452: C:/Users/Atharva Patil/AppData/Local/Temp/gymlog-session-2-isolated-_7ofw15r/test/upgrade/session_2_render_test.dart: chosen/library-returning-higgsfield-1.6x-synthetic
03:46 +1453: C:/Users/Atharva Patil/AppData/Local/Temp/gymlog-session-2-isolated-_7ofw15r/test/upgrade/session_2_render_test.dart: chosen/library-returning-higgsfield-1.6x-synthetic
03:46 +1454: C:/Users/Atharva Patil/AppData/Local/Temp/gymlog-session-2-isolated-_7ofw15r/test/upgrade/session_2_acceptance_render_test.dart: home-chosen-neonPurple-1.6x-synthetic
03:46 +1455: C:/Users/Atharva Patil/AppData/Local/Temp/gymlog-session-2-isolated-_7ofw15r/test/upgrade/session_2_acceptance_render_test.dart: home-chosen-neonPurple-1.6x-synthetic
03:46 +1456: C:/Users/Atharva Patil/AppData/Local/Temp/gymlog-session-2-isolated-_7ofw15r/test/upgrade/session_2_acceptance_render_test.dart: home-chosen-neonPurple-1.6x-synthetic
03:46 +1457: C:/Users/Atharva Patil/AppData/Local/Temp/gymlog-session-2-isolated-_7ofw15r/test/upgrade/session_2_acceptance_render_test.dart: home-chosen-neonPurple-1.6x-synthetic
03:46 +1458: C:/Users/Atharva Patil/AppData/Local/Temp/gymlog-session-2-isolated-_7ofw15r/test/upgrade/session_2_acceptance_render_test.dart: home-chosen-neonPurple-1.6x-synthetic
03:46 +1459: C:/Users/Atharva Patil/AppData/Local/Temp/gymlog-session-2-isolated-_7ofw15r/test/upgrade/session_2_acceptance_render_test.dart: home-chosen-neonPurple-1.6x-synthetic
03:46 +1460: C:/Users/Atharva Patil/AppData/Local/Temp/gymlog-session-2-isolated-_7ofw15r/test/upgrade/session_2_acceptance_render_test.dart: home-chosen-neonPurple-1.6x-synthetic
03:46 +1461: C:/Users/Atharva Patil/AppData/Local/Temp/gymlog-session-2-isolated-_7ofw15r/test/upgrade/session_2_acceptance_render_test.dart: home-chosen-neonPurple-1.6x-synthetic
03:46 +1462: C:/Users/Atharva Patil/AppData/Local/Temp/gymlog-session-2-isolated-_7ofw15r/test/upgrade/session_2_acceptance_render_test.dart: home-chosen-neonPurple-1.6x-synthetic
03:46 +1463: C:/Users/Atharva Patil/AppData/Local/Temp/gymlog-session-2-isolated-_7ofw15r/test/upgrade/session_2_acceptance_render_test.dart: home-chosen-neonPurple-1.6x-synthetic
03:46 +1464: C:/Users/Atharva Patil/AppData/Local/Temp/gymlog-session-2-isolated-_7ofw15r/test/upgrade/session_2_acceptance_render_test.dart: home-chosen-neonPurple-1.6x-synthetic
03:46 +1465: C:/Users/Atharva Patil/AppData/Local/Temp/gymlog-session-2-isolated-_7ofw15r/test/upgrade/session_2_acceptance_render_test.dart: home-chosen-neonPurple-1.6x-synthetic
03:47 +1466: C:/Users/Atharva Patil/AppData/Local/Temp/gymlog-session-2-isolated-_7ofw15r/test/upgrade/session_2_acceptance_render_test.dart: home-chosen-neonPurple-1.6x-synthetic
03:47 +1467: C:/Users/Atharva Patil/AppData/Local/Temp/gymlog-session-2-isolated-_7ofw15r/test/upgrade/session_2_acceptance_render_test.dart: home-chosen-neonPurple-1.6x-synthetic
03:47 +1468: C:/Users/Atharva Patil/AppData/Local/Temp/gymlog-session-2-isolated-_7ofw15r/test/upgrade/session_2_acceptance_render_test.dart: home-chosen-neonPurple-1.6x-synthetic
03:47 +1469: C:/Users/Atharva Patil/AppData/Local/Temp/gymlog-session-2-isolated-_7ofw15r/test/upgrade/session_2_acceptance_render_test.dart: home-chosen-neonPurple-1.6x-synthetic
03:47 +1470: C:/Users/Atharva Patil/AppData/Local/Temp/gymlog-session-2-isolated-_7ofw15r/test/upgrade/session_1_render_test.dart: header-distance-neonMagenta-1.6x-synthetic
03:47 +1471: C:/Users/Atharva Patil/AppData/Local/Temp/gymlog-session-2-isolated-_7ofw15r/test/upgrade/session_2_render_test.dart: chosen/library-lowData-higgsfield-1.6x-synthetic
03:47 +1472: C:/Users/Atharva Patil/AppData/Local/Temp/gymlog-session-2-isolated-_7ofw15r/test/upgrade/session_2_acceptance_render_test.dart: library-chosen-neonPurple-1.6x-synthetic
03:47 +1473: C:/Users/Atharva Patil/AppData/Local/Temp/gymlog-session-2-isolated-_7ofw15r/test/upgrade/session_2_acceptance_render_test.dart: library-chosen-neonPurple-1.6x-synthetic
03:47 +1474: C:/Users/Atharva Patil/AppData/Local/Temp/gymlog-session-2-isolated-_7ofw15r/test/upgrade/session_2_acceptance_render_test.dart: library-chosen-neonPurple-1.6x-synthetic
03:47 +1475: C:/Users/Atharva Patil/AppData/Local/Temp/gymlog-session-2-isolated-_7ofw15r/test/upgrade/session_2_acceptance_render_test.dart: library-chosen-neonPurple-1.6x-synthetic
03:47 +1476: C:/Users/Atharva Patil/AppData/Local/Temp/gymlog-session-2-isolated-_7ofw15r/test/upgrade/session_2_acceptance_render_test.dart: library-chosen-neonPurple-1.6x-synthetic
03:48 +1477: C:/Users/Atharva Patil/AppData/Local/Temp/gymlog-session-2-isolated-_7ofw15r/test/upgrade/session_2_acceptance_render_test.dart: library-chosen-neonPurple-1.6x-synthetic
03:48 +1478: C:/Users/Atharva Patil/AppData/Local/Temp/gymlog-session-2-isolated-_7ofw15r/test/workout_export_test.dart: exports v2 schema with 20 columns for completed sessions only
03:48 +1479: C:/Users/Atharva Patil/AppData/Local/Temp/gymlog-session-2-isolated-_7ofw15r/test/workout_export_test.dart: exports v2 schema with 20 columns for completed sessions only
03:48 +1480: C:/Users/Atharva Patil/AppData/Local/Temp/gymlog-session-2-isolated-_7ofw15r/test/upgrade/session_2_render_test.dart: chosen/library-returning-neonPurple-1.0x-synthetic
03:48 +1481: C:/Users/Atharva Patil/AppData/Local/Temp/gymlog-session-2-isolated-_7ofw15r/test/upgrade/session_2_render_test.dart: chosen/library-returning-neonPurple-1.0x-synthetic
03:48 +1482: C:/Users/Atharva Patil/AppData/Local/Temp/gymlog-session-2-isolated-_7ofw15r/test/upgrade/session_2_render_test.dart: chosen/library-returning-neonPurple-1.0x-synthetic
03:48 +1483: C:/Users/Atharva Patil/AppData/Local/Temp/gymlog-session-2-isolated-_7ofw15r/test/upgrade/session_2_render_test.dart: chosen/library-returning-neonPurple-1.0x-synthetic
03:48 +1484: C:/Users/Atharva Patil/AppData/Local/Temp/gymlog-session-2-isolated-_7ofw15r/test/upgrade/session_2_acceptance_render_test.dart: home-no-choice-neonPurple-1.6x-synthetic
03:48 +1485: C:/Users/Atharva Patil/AppData/Local/Temp/gymlog-session-2-isolated-_7ofw15r/test/upgrade/session_2_acceptance_render_test.dart: home-no-choice-neonPurple-1.6x-synthetic
03:48 +1486: C:/Users/Atharva Patil/AppData/Local/Temp/gymlog-session-2-isolated-_7ofw15r/test/upgrade/session_2_render_test.dart: chosen/home-returning-neonPurple-1.6x-synthetic
03:48 +1487: C:/Users/Atharva Patil/AppData/Local/Temp/gymlog-session-2-isolated-_7ofw15r/test/upgrade/session_1_render_test.dart: finish-distance-neonMagenta-1.6x-synthetic
03:48 +1488: C:/Users/Atharva Patil/AppData/Local/Temp/gymlog-session-2-isolated-_7ofw15r/test/upgrade/session_2_acceptance_render_test.dart: library-no-choice-neonPurple-1.6x-synthetic
03:48 +1489: C:/Users/Atharva Patil/AppData/Local/Temp/gymlog-session-2-isolated-_7ofw15r/test/upgrade/session_2_acceptance_render_test.dart: library-no-choice-neonPurple-1.6x-synthetic
03:48 +1490: C:/Users/Atharva Patil/AppData/Local/Temp/gymlog-session-2-isolated-_7ofw15r/test/upgrade/session_2_render_test.dart: chosen/library-returning-neonPurple-1.6x-synthetic
03:49 +1491: C:/Users/Atharva Patil/AppData/Local/Temp/gymlog-session-2-isolated-_7ofw15r/test/upgrade/session_1_render_test.dart: pr-pace-neonMagenta-1.6x-synthetic
03:49 +1492: C:/Users/Atharva Patil/AppData/Local/Temp/gymlog-session-2-isolated-_7ofw15r/test/upgrade/session_2_acceptance_render_test.dart: home-deleted-choice-neonPurple-1.6x-synthetic
03:49 +1493: C:/Users/Atharva Patil/AppData/Local/Temp/gymlog-session-2-isolated-_7ofw15r/test/upgrade/session_2_acceptance_render_test.dart: home-deleted-choice-neonPurple-1.6x-synthetic
03:49 +1494: C:/Users/Atharva Patil/AppData/Local/Temp/gymlog-session-2-isolated-_7ofw15r/test/upgrade/session_2_acceptance_render_test.dart: home-deleted-choice-neonPurple-1.6x-synthetic
03:49 +1495: C:/Users/Atharva Patil/AppData/Local/Temp/gymlog-session-2-isolated-_7ofw15r/test/upgrade/session_2_render_test.dart: sequence/home-returning-higgsfield-1.0x-synthetic
03:49 +1496: C:/Users/Atharva Patil/AppData/Local/Temp/gymlog-session-2-isolated-_7ofw15r/test/upgrade/session_1_render_test.dart: share-sticker-neonMagenta-1.6x-synthetic
03:49 +1497: C:/Users/Atharva Patil/AppData/Local/Temp/gymlog-session-2-isolated-_7ofw15r/test/upgrade/session_2_acceptance_render_test.dart: library-deleted-choice-neonPurple-1.6x-synthetic
03:49 +1498: C:/Users/Atharva Patil/AppData/Local/Temp/gymlog-session-2-isolated-_7ofw15r/test/upgrade/session_2_acceptance_render_test.dart: library-deleted-choice-neonPurple-1.6x-synthetic
03:49 +1499: C:/Users/Atharva Patil/AppData/Local/Temp/gymlog-session-2-isolated-_7ofw15r/test/upgrade/session_2_render_test.dart: sequence/library-returning-higgsfield-1.0x-synthetic
03:49 +1500: C:/Users/Atharva Patil/AppData/Local/Temp/gymlog-session-2-isolated-_7ofw15r/test/upgrade/session_1_render_test.dart: share-duration-technical-neonMagenta-1.6x-synthetic
03:49 +1501: C:/Users/Atharva Patil/AppData/Local/Temp/gymlog-session-2-isolated-_7ofw15r/test/upgrade/session_2_acceptance_render_test.dart: home-empty-choice-neonPurple-1.6x-synthetic
03:49 +1502: C:/Users/Atharva Patil/AppData/Local/Temp/gymlog-session-2-isolated-_7ofw15r/test/upgrade/session_2_acceptance_render_test.dart: home-empty-choice-neonPurple-1.6x-synthetic
03:49 +1503: C:/Users/Atharva Patil/AppData/Local/Temp/gymlog-session-2-isolated-_7ofw15r/test/upgrade/session_2_acceptance_render_test.dart: home-empty-choice-neonPurple-1.6x-synthetic
03:50 +1504: C:/Users/Atharva Patil/AppData/Local/Temp/gymlog-session-2-isolated-_7ofw15r/test/upgrade/session_2_acceptance_render_test.dart: home-empty-choice-neonPurple-1.6x-synthetic
03:50 +1505: C:/Users/Atharva Patil/AppData/Local/Temp/gymlog-session-2-isolated-_7ofw15r/test/upgrade/session_2_render_test.dart: sequence/library-inactive-higgsfield-1.0x-synthetic
03:50 +1506: C:/Users/Atharva Patil/AppData/Local/Temp/gymlog-session-2-isolated-_7ofw15r/test/upgrade/session_2_render_test.dart: sequence/library-inactive-higgsfield-1.0x-synthetic
03:50 +1507: C:/Users/Atharva Patil/AppData/Local/Temp/gymlog-session-2-isolated-_7ofw15r/test/upgrade/session_2_acceptance_render_test.dart: library-empty-choice-neonPurple-1.6x-synthetic
03:50 +1508: C:/Users/Atharva Patil/AppData/Local/Temp/gymlog-session-2-isolated-_7ofw15r/test/upgrade/session_2_acceptance_render_test.dart: library-empty-choice-neonPurple-1.6x-synthetic
03:50 +1509: C:/Users/Atharva Patil/AppData/Local/Temp/gymlog-session-2-isolated-_7ofw15r/test/upgrade/session_2_acceptance_render_test.dart: library-empty-choice-neonPurple-1.6x-synthetic
03:50 +1510: C:/Users/Atharva Patil/AppData/Local/Temp/gymlog-session-2-isolated-_7ofw15r/test/upgrade/session_2_render_test.dart: sequence/library-empty-higgsfield-1.0x-synthetic
03:50 +1511: C:/Users/Atharva Patil/AppData/Local/Temp/gymlog-session-2-isolated-_7ofw15r/test/upgrade/session_1_render_test.dart: share-pace-monument-neonMagenta-1.6x-synthetic
03:50 +1512: C:/Users/Atharva Patil/AppData/Local/Temp/gymlog-session-2-isolated-_7ofw15r/test/upgrade/session_2_acceptance_render_test.dart: home-new-user-neonPurple-1.6x-synthetic
03:50 +1513: C:/Users/Atharva Patil/AppData/Local/Temp/gymlog-session-2-isolated-_7ofw15r/test/upgrade/session_2_render_test.dart: sequence/home-noRoutine-higgsfield-1.0x-synthetic
03:50 +1514: C:/Users/Atharva Patil/AppData/Local/Temp/gymlog-session-2-isolated-_7ofw15r/test/upgrade/session_1_render_test.dart: share-pace-technical-neonMagenta-1.6x-synthetic
03:50 +1515: C:/Users/Atharva Patil/AppData/Local/Temp/gymlog-session-2-isolated-_7ofw15r/test/upgrade/session_2_acceptance_render_test.dart: library-new-user-neonPurple-1.6x-synthetic
03:50 +1516: C:/Users/Atharva Patil/AppData/Local/Temp/gymlog-session-2-isolated-_7ofw15r/test/upgrade/session_2_acceptance_render_test.dart: library-new-user-neonPurple-1.6x-synthetic
03:50 +1517: C:/Users/Atharva Patil/AppData/Local/Temp/gymlog-session-2-isolated-_7ofw15r/test/upgrade/session_2_acceptance_render_test.dart: library-new-user-neonPurple-1.6x-synthetic
03:50 +1518: C:/Users/Atharva Patil/AppData/Local/Temp/gymlog-session-2-isolated-_7ofw15r/test/upgrade/session_2_render_test.dart: sequence/home-lowData-higgsfield-1.0x-synthetic
03:50 +1519: C:/Users/Atharva Patil/AppData/Local/Temp/gymlog-session-2-isolated-_7ofw15r/test/upgrade/session_1_render_test.dart: detail-neonMagenta-1.6x-synthetic
03:50 +1520: C:/Users/Atharva Patil/AppData/Local/Temp/gymlog-session-2-isolated-_7ofw15r/test/upgrade/session_2_acceptance_render_test.dart: home-no-routine-neonPurple-1.6x-synthetic
03:51 +1521: C:/Users/Atharva Patil/AppData/Local/Temp/gymlog-session-2-isolated-_7ofw15r/test/upgrade/session_2_acceptance_render_test.dart: home-no-routine-neonPurple-1.6x-synthetic
03:51 +1522: C:/Users/Atharva Patil/AppData/Local/Temp/gymlog-session-2-isolated-_7ofw15r/test/upgrade/session_2_acceptance_render_test.dart: home-no-routine-neonPurple-1.6x-synthetic
03:51 +1523: C:/Users/Atharva Patil/AppData/Local/Temp/gymlog-session-2-isolated-_7ofw15r/test/upgrade/session_2_acceptance_render_test.dart: home-no-routine-neonPurple-1.6x-synthetic
03:51 +1524: C:/Users/Atharva Patil/AppData/Local/Temp/gymlog-session-2-isolated-_7ofw15r/test/workout_hero_transition_test.dart: WorkoutHistoryCard renders Hero when enableHero is true and animations enabled
03:51 +1525: C:/Users/Atharva Patil/AppData/Local/Temp/gymlog-session-2-isolated-_7ofw15r/test/workout_hero_transition_test.dart: WorkoutHistoryCard renders Hero when enableHero is true and animations enabled
03:51 +1526: C:/Users/Atharva Patil/AppData/Local/Temp/gymlog-session-2-isolated-_7ofw15r/test/workout_hero_transition_test.dart: WorkoutHistoryCard renders Hero when enableHero is true and animations enabled
03:51 +1527: C:/Users/Atharva Patil/AppData/Local/Temp/gymlog-session-2-isolated-_7ofw15r/test/workout_hero_transition_test.dart: WorkoutHistoryCard renders Hero when enableHero is true and animations enabled
03:51 +1528: C:/Users/Atharva Patil/AppData/Local/Temp/gymlog-session-2-isolated-_7ofw15r/test/workout_hero_transition_test.dart: WorkoutHistoryCard renders Hero when enableHero is true and animations enabled
03:51 +1529: C:/Users/Atharva Patil/AppData/Local/Temp/gymlog-session-2-isolated-_7ofw15r/test/workout_hero_transition_test.dart: WorkoutHistoryCard renders Hero when enableHero is true and animations enabled
03:51 +1530: C:/Users/Atharva Patil/AppData/Local/Temp/gymlog-session-2-isolated-_7ofw15r/test/workout_hero_transition_test.dart: WorkoutHistoryCard renders Hero when enableHero is true and animations enabled
03:51 +1531: C:/Users/Atharva Patil/AppData/Local/Temp/gymlog-session-2-isolated-_7ofw15r/test/workout_hero_transition_test.dart: WorkoutHistoryCard renders Hero when enableHero is true and animations enabled
03:51 +1532: C:/Users/Atharva Patil/AppData/Local/Temp/gymlog-session-2-isolated-_7ofw15r/test/workout_hero_transition_test.dart: WorkoutHistoryCard renders Hero when enableHero is true and animations enabled
03:51 +1533: C:/Users/Atharva Patil/AppData/Local/Temp/gymlog-session-2-isolated-_7ofw15r/test/workout_hero_transition_test.dart: WorkoutHistoryCard renders Hero when enableHero is true and animations enabled
03:52 +1534: C:/Users/Atharva Patil/AppData/Local/Temp/gymlog-session-2-isolated-_7ofw15r/test/workout_hero_transition_test.dart: WorkoutHistoryCard renders Hero when enableHero is true and animations enabled
03:52 +1535: C:/Users/Atharva Patil/AppData/Local/Temp/gymlog-session-2-isolated-_7ofw15r/test/workout_hero_transition_test.dart: WorkoutHistoryCard renders Hero when enableHero is true and animations enabled
03:52 +1536: C:/Users/Atharva Patil/AppData/Local/Temp/gymlog-session-2-isolated-_7ofw15r/test/workout_hero_transition_test.dart: WorkoutHistoryCard renders Hero when enableHero is true and animations enabled
03:52 +1537: C:/Users/Atharva Patil/AppData/Local/Temp/gymlog-session-2-isolated-_7ofw15r/test/workout_hero_transition_test.dart: WorkoutHistoryCard renders Hero when enableHero is true and animations enabled
03:52 +1538: C:/Users/Atharva Patil/AppData/Local/Temp/gymlog-session-2-isolated-_7ofw15r/test/workout_hero_transition_test.dart: WorkoutHistoryCard renders Hero when enableHero is true and animations enabled
03:52 +1539: C:/Users/Atharva Patil/AppData/Local/Temp/gymlog-session-2-isolated-_7ofw15r/test/workout_hero_transition_test.dart: WorkoutHistoryCard renders Hero when enableHero is true and animations enabled
03:52 +1540: C:/Users/Atharva Patil/AppData/Local/Temp/gymlog-session-2-isolated-_7ofw15r/test/workout_hero_transition_test.dart: WorkoutHistoryCard renders Hero when enableHero is true and animations enabled
03:52 +1541: C:/Users/Atharva Patil/AppData/Local/Temp/gymlog-session-2-isolated-_7ofw15r/test/workout_hero_transition_test.dart: WorkoutHistoryCard renders Hero when enableHero is true and animations enabled
03:52 +1542: C:/Users/Atharva Patil/AppData/Local/Temp/gymlog-session-2-isolated-_7ofw15r/test/upgrade/session_2_acceptance_render_test.dart: library-low-data-neonPurple-1.6x-synthetic
03:52 +1543: C:/Users/Atharva Patil/AppData/Local/Temp/gymlog-session-2-isolated-_7ofw15r/test/upgrade/session_2_acceptance_render_test.dart: library-low-data-neonPurple-1.6x-synthetic
03:52 +1544: C:/Users/Atharva Patil/AppData/Local/Temp/gymlog-session-2-isolated-_7ofw15r/test/upgrade/session_2_acceptance_render_test.dart: library-low-data-neonPurple-1.6x-synthetic
03:52 +1545: C:/Users/Atharva Patil/AppData/Local/Temp/gymlog-session-2-isolated-_7ofw15r/test/upgrade/session_2_acceptance_render_test.dart: library-low-data-neonPurple-1.6x-synthetic
03:52 +1546: C:/Users/Atharva Patil/AppData/Local/Temp/gymlog-session-2-isolated-_7ofw15r/test/upgrade/session_2_acceptance_render_test.dart: library-low-data-neonPurple-1.6x-synthetic
03:52 +1547: C:/Users/Atharva Patil/AppData/Local/Temp/gymlog-session-2-isolated-_7ofw15r/test/workout_hero_transition_test.dart: WorkoutHeroSliver renders Hero when workoutId is present and animations enabled
03:52 +1548: C:/Users/Atharva Patil/AppData/Local/Temp/gymlog-session-2-isolated-_7ofw15r/test/workout_hero_transition_test.dart: WorkoutHeroSliver renders Hero when workoutId is present and animations enabled
03:52 +1549: C:/Users/Atharva Patil/AppData/Local/Temp/gymlog-session-2-isolated-_7ofw15r/test/workout_hero_transition_test.dart: WorkoutHeroSliver renders Hero when workoutId is present and animations enabled
03:52 +1550: C:/Users/Atharva Patil/AppData/Local/Temp/gymlog-session-2-isolated-_7ofw15r/test/workout_hero_transition_test.dart: WorkoutHeroSliver renders Hero when workoutId is present and animations enabled
03:52 +1551: C:/Users/Atharva Patil/AppData/Local/Temp/gymlog-session-2-isolated-_7ofw15r/test/workout_hero_transition_test.dart: WorkoutHeroSliver renders Hero when workoutId is present and animations enabled
03:52 +1552: C:/Users/Atharva Patil/AppData/Local/Temp/gymlog-session-2-isolated-_7ofw15r/test/workout_hero_transition_test.dart: WorkoutHeroSliver renders Hero when workoutId is present and animations enabled
03:52 +1553: C:/Users/Atharva Patil/AppData/Local/Temp/gymlog-session-2-isolated-_7ofw15r/test/workout_hero_transition_test.dart: WorkoutHeroSliver renders Hero when workoutId is present and animations enabled
03:52 +1554: C:/Users/Atharva Patil/AppData/Local/Temp/gymlog-session-2-isolated-_7ofw15r/test/workout_hero_transition_test.dart: WorkoutHeroSliver renders Hero when workoutId is present and animations enabled
03:53 +1555: C:/Users/Atharva Patil/AppData/Local/Temp/gymlog-session-2-isolated-_7ofw15r/test/workout_hero_transition_test.dart: WorkoutHeroSliver renders Hero when workoutId is present and animations enabled
03:53 +1556: C:/Users/Atharva Patil/AppData/Local/Temp/gymlog-session-2-isolated-_7ofw15r/test/workout_hero_transition_test.dart: WorkoutHeroSliver renders Hero when workoutId is present and animations enabled
03:53 +1557: C:/Users/Atharva Patil/AppData/Local/Temp/gymlog-session-2-isolated-_7ofw15r/test/workout_hero_transition_test.dart: WorkoutHeroSliver renders Hero when workoutId is present and animations enabled
03:53 +1558: C:/Users/Atharva Patil/AppData/Local/Temp/gymlog-session-2-isolated-_7ofw15r/test/workout_hero_transition_test.dart: WorkoutHeroSliver renders Hero when workoutId is present and animations enabled
03:53 +1559: C:/Users/Atharva Patil/AppData/Local/Temp/gymlog-session-2-isolated-_7ofw15r/test/upgrade/session_1_render_test.dart: finish-weighted-blazeOrange-1.0x-synthetic
03:53 +1560: C:/Users/Atharva Patil/AppData/Local/Temp/gymlog-session-2-isolated-_7ofw15r/test/upgrade/session_2_acceptance_render_test.dart: home-previous-error-neonPurple-1.6x-synthetic
03:53 +1561: C:/Users/Atharva Patil/AppData/Local/Temp/gymlog-session-2-isolated-_7ofw15r/test/upgrade/session_2_acceptance_render_test.dart: home-previous-error-neonPurple-1.6x-synthetic
03:53 +1562: C:/Users/Atharva Patil/AppData/Local/Temp/gymlog-session-2-isolated-_7ofw15r/test/upgrade/session_2_acceptance_render_test.dart: home-previous-error-neonPurple-1.6x-synthetic
03:53 +1563: C:/Users/Atharva Patil/AppData/Local/Temp/gymlog-session-2-isolated-_7ofw15r/test/upgrade/session_1_render_test.dart: finish-reps-blazeOrange-1.0x-synthetic
03:53 +1564: C:/Users/Atharva Patil/AppData/Local/Temp/gymlog-session-2-isolated-_7ofw15r/test/upgrade/session_2_render_test.dart: sequence/library-returning-neonPurple-1.0x-synthetic
03:53 +1565: C:/Users/Atharva Patil/AppData/Local/Temp/gymlog-session-2-isolated-_7ofw15r/test/upgrade/session_2_acceptance_render_test.dart: library-previous-error-neonPurple-1.6x-synthetic
03:53 +1566: C:/Users/Atharva Patil/AppData/Local/Temp/gymlog-session-2-isolated-_7ofw15r/test/upgrade/session_2_acceptance_render_test.dart: library-previous-error-neonPurple-1.6x-synthetic
03:53 +1567: C:/Users/Atharva Patil/AppData/Local/Temp/gymlog-session-2-isolated-_7ofw15r/test/upgrade/session_2_render_test.dart: sequence/home-returning-neonPurple-1.6x-synthetic
03:53 +1568: C:/Users/Atharva Patil/AppData/Local/Temp/gymlog-session-2-isolated-_7ofw15r/test/upgrade/session_1_render_test.dart: finish-distance-blazeOrange-1.0x-synthetic
03:53 +1569: C:/Users/Atharva Patil/AppData/Local/Temp/gymlog-session-2-isolated-_7ofw15r/test/upgrade/session_2_acceptance_render_test.dart: home-choice-error-neonPurple-1.6x-synthetic
03:53 +1570: C:/Users/Atharva Patil/AppData/Local/Temp/gymlog-session-2-isolated-_7ofw15r/test/upgrade/session_2_render_test.dart: sequence/library-returning-neonPurple-1.6x-synthetic
03:53 +1571: C:/Users/Atharva Patil/AppData/Local/Temp/gymlog-session-2-isolated-_7ofw15r/test/upgrade/session_1_render_test.dart: pr-blazeOrange-1.0x-synthetic
03:54 +1572: C:/Users/Atharva Patil/AppData/Local/Temp/gymlog-session-2-isolated-_7ofw15r/test/upgrade/session_2_acceptance_render_test.dart: library-choice-error-neonPurple-1.6x-synthetic
03:54 +1573: C:/Users/Atharva Patil/AppData/Local/Temp/gymlog-session-2-isolated-_7ofw15r/test/upgrade/session_2_acceptance_render_test.dart: library-choice-error-neonPurple-1.6x-synthetic
03:54 +1574: C:/Users/Atharva Patil/AppData/Local/Temp/gymlog-session-2-isolated-_7ofw15r/test/upgrade/session_2_acceptance_render_test.dart: library-choice-error-neonPurple-1.6x-synthetic
03:54 +1575: C:/Users/Atharva Patil/AppData/Local/Temp/gymlog-session-2-isolated-_7ofw15r/test/upgrade/session_2_render_test.dart: chooser/library-returning-higgsfield-1.0x-synthetic
03:54 +1576: C:/Users/Atharva Patil/AppData/Local/Temp/gymlog-session-2-isolated-_7ofw15r/test/upgrade/session_2_render_test.dart: chooser/library-returning-higgsfield-1.0x-synthetic
03:54 +1577: C:/Users/Atharva Patil/AppData/Local/Temp/gymlog-session-2-isolated-_7ofw15r/test/upgrade/session_2_acceptance_render_test.dart: home-loading-neonPurple-1.6x-synthetic
03:54 +1578: C:/Users/Atharva Patil/AppData/Local/Temp/gymlog-session-2-isolated-_7ofw15r/test/upgrade/session_2_acceptance_render_test.dart: home-loading-neonPurple-1.6x-synthetic
03:54 +1579: C:/Users/Atharva Patil/AppData/Local/Temp/gymlog-session-2-isolated-_7ofw15r/test/upgrade/session_2_acceptance_render_test.dart: home-loading-neonPurple-1.6x-synthetic
03:54 +1580: C:/Users/Atharva Patil/AppData/Local/Temp/gymlog-session-2-isolated-_7ofw15r/test/upgrade/session_1_render_test.dart: share-sticker-blazeOrange-1.0x-synthetic
03:54 +1581: C:/Users/Atharva Patil/AppData/Local/Temp/gymlog-session-2-isolated-_7ofw15r/test/upgrade/session_2_render_test.dart: chooser/library-inactive-higgsfield-1.0x-synthetic
03:54 +1582: C:/Users/Atharva Patil/AppData/Local/Temp/gymlog-session-2-isolated-_7ofw15r/test/upgrade/session_2_acceptance_render_test.dart: library-loading-neonPurple-1.6x-synthetic
03:55 +1583: C:/Users/Atharva Patil/AppData/Local/Temp/gymlog-session-2-isolated-_7ofw15r/test/upgrade/session_2_acceptance_render_test.dart: library-loading-neonPurple-1.6x-synthetic
03:55 +1584: C:/Users/Atharva Patil/AppData/Local/Temp/gymlog-session-2-isolated-_7ofw15r/test/upgrade/session_2_acceptance_render_test.dart: library-loading-neonPurple-1.6x-synthetic
03:55 +1585: C:/Users/Atharva Patil/AppData/Local/Temp/gymlog-session-2-isolated-_7ofw15r/test/upgrade/session_1_render_test.dart: share-duration-technical-blazeOrange-1.0x-synthetic
03:55 +1586: C:/Users/Atharva Patil/AppData/Local/Temp/gymlog-session-2-isolated-_7ofw15r/test/upgrade/session_2_render_test.dart: chooser/library-empty-higgsfield-1.0x-synthetic
03:55 +1587: C:/Users/Atharva Patil/AppData/Local/Temp/gymlog-session-2-isolated-_7ofw15r/test/upgrade/session_2_acceptance_render_test.dart: home-active-chosen-neonPurple-1.6x-synthetic
03:55 +1588: C:/Users/Atharva Patil/AppData/Local/Temp/gymlog-session-2-isolated-_7ofw15r/test/upgrade/session_2_acceptance_render_test.dart: home-active-chosen-neonPurple-1.6x-synthetic
03:55 +1589: C:/Users/Atharva Patil/AppData/Local/Temp/gymlog-session-2-isolated-_7ofw15r/test/upgrade/session_2_acceptance_render_test.dart: home-active-chosen-neonPurple-1.6x-synthetic
03:55 +1590: C:/Users/Atharva Patil/AppData/Local/Temp/gymlog-session-2-isolated-_7ofw15r/test/upgrade/session_1_render_test.dart: share-distance-monument-blazeOrange-1.0x-synthetic
03:55 +1591: C:/Users/Atharva Patil/AppData/Local/Temp/gymlog-session-2-isolated-_7ofw15r/test/upgrade/session_2_render_test.dart: chooser/library-noRoutine-higgsfield-1.0x-synthetic
03:55 +1592: C:/Users/Atharva Patil/AppData/Local/Temp/gymlog-session-2-isolated-_7ofw15r/test/upgrade/session_2_acceptance_render_test.dart: library-active-chosen-neonPurple-1.6x-synthetic
03:55 +1593: C:/Users/Atharva Patil/AppData/Local/Temp/gymlog-session-2-isolated-_7ofw15r/test/upgrade/session_2_acceptance_render_test.dart: library-active-chosen-neonPurple-1.6x-synthetic
03:55 +1594: C:/Users/Atharva Patil/AppData/Local/Temp/gymlog-session-2-isolated-_7ofw15r/test/upgrade/session_2_acceptance_render_test.dart: library-active-chosen-neonPurple-1.6x-synthetic
03:55 +1595: C:/Users/Atharva Patil/AppData/Local/Temp/gymlog-session-2-isolated-_7ofw15r/test/upgrade/session_2_render_test.dart: chooser/library-lowData-higgsfield-1.0x-synthetic
03:55 +1596: C:/Users/Atharva Patil/AppData/Local/Temp/gymlog-session-2-isolated-_7ofw15r/test/upgrade/session_1_render_test.dart: share-distance-sticker-blazeOrange-1.0x-synthetic
03:56 +1597: C:/Users/Atharva Patil/AppData/Local/Temp/gymlog-session-2-isolated-_7ofw15r/test/upgrade/session_2_acceptance_render_test.dart: home-active-no-choice-neonPurple-1.6x-synthetic
03:56 +1598: C:/Users/Atharva Patil/AppData/Local/Temp/gymlog-session-2-isolated-_7ofw15r/test/upgrade/session_2_acceptance_render_test.dart: home-active-no-choice-neonPurple-1.6x-synthetic
03:56 +1599: C:/Users/Atharva Patil/AppData/Local/Temp/gymlog-session-2-isolated-_7ofw15r/test/upgrade/session_2_acceptance_render_test.dart: home-active-no-choice-neonPurple-1.6x-synthetic
03:56 +1600: C:/Users/Atharva Patil/AppData/Local/Temp/gymlog-session-2-isolated-_7ofw15r/test/upgrade/session_2_acceptance_render_test.dart: home-active-no-choice-neonPurple-1.6x-synthetic
03:56 +1601: C:/Users/Atharva Patil/AppData/Local/Temp/gymlog-session-2-isolated-_7ofw15r/test/upgrade/session_2_acceptance_render_test.dart: home-active-no-choice-neonPurple-1.6x-synthetic
03:56 +1602: C:/Users/Atharva Patil/AppData/Local/Temp/gymlog-session-2-isolated-_7ofw15r/test/upgrade/session_2_acceptance_render_test.dart: home-active-no-choice-neonPurple-1.6x-synthetic
03:56 +1603: C:/Users/Atharva Patil/AppData/Local/Temp/gymlog-session-2-isolated-_7ofw15r/test/upgrade/session_2_acceptance_render_test.dart: home-active-no-choice-neonPurple-1.6x-synthetic
03:56 +1604: C:/Users/Atharva Patil/AppData/Local/Temp/gymlog-session-2-isolated-_7ofw15r/test/upgrade/session_2_acceptance_render_test.dart: home-active-no-choice-neonPurple-1.6x-synthetic
03:56 +1605: C:/Users/Atharva Patil/AppData/Local/Temp/gymlog-session-2-isolated-_7ofw15r/test/upgrade/session_1_render_test.dart: share-pace-technical-blazeOrange-1.0x-synthetic
03:56 +1606: C:/Users/Atharva Patil/AppData/Local/Temp/gymlog-session-2-isolated-_7ofw15r/test/upgrade/session_2_render_test.dart: chooser/home-returning-higgsfield-1.6x-synthetic
03:56 +1607: C:/Users/Atharva Patil/AppData/Local/Temp/gymlog-session-2-isolated-_7ofw15r/test/upgrade/session_2_acceptance_render_test.dart: library-active-no-choice-neonPurple-1.6x-synthetic
03:56 +1608: C:/Users/Atharva Patil/AppData/Local/Temp/gymlog-session-2-isolated-_7ofw15r/test/upgrade/session_2_acceptance_render_test.dart: library-active-no-choice-neonPurple-1.6x-synthetic
03:56 +1609: C:/Users/Atharva Patil/AppData/Local/Temp/gymlog-session-2-isolated-_7ofw15r/test/upgrade/session_2_render_test.dart: chooser/library-returning-higgsfield-1.6x-synthetic
03:56 +1610: C:/Users/Atharva Patil/AppData/Local/Temp/gymlog-session-2-isolated-_7ofw15r/test/upgrade/session_1_render_test.dart: detail-blazeOrange-1.0x-synthetic
03:56 +1611: C:/Users/Atharva Patil/AppData/Local/Temp/gymlog-session-2-isolated-_7ofw15r/test/upgrade/session_2_acceptance_render_test.dart: home-active-no-routine-neonPurple-1.6x-synthetic
03:56 +1612: C:/Users/Atharva Patil/AppData/Local/Temp/gymlog-session-2-isolated-_7ofw15r/test/upgrade/session_2_acceptance_render_test.dart: home-active-no-routine-neonPurple-1.6x-synthetic
03:56 +1613: C:/Users/Atharva Patil/AppData/Local/Temp/gymlog-session-2-isolated-_7ofw15r/test/upgrade/session_1_render_test.dart: detail-error-blazeOrange-1.0x-synthetic
03:56 +1614: C:/Users/Atharva Patil/AppData/Local/Temp/gymlog-session-2-isolated-_7ofw15r/test/upgrade/session_2_render_test.dart: chooser/library-inactive-higgsfield-1.6x-synthetic
03:56 +1615: C:/Users/Atharva Patil/AppData/Local/Temp/gymlog-session-2-isolated-_7ofw15r/test/upgrade/session_2_acceptance_render_test.dart: library-active-no-routine-neonPurple-1.6x-synthetic
03:56 +1616: C:/Users/Atharva Patil/AppData/Local/Temp/gymlog-session-2-isolated-_7ofw15r/test/upgrade/session_2_acceptance_render_test.dart: library-active-no-routine-neonPurple-1.6x-synthetic
03:57 +1617: C:/Users/Atharva Patil/AppData/Local/Temp/gymlog-session-2-isolated-_7ofw15r/test/upgrade/session_2_acceptance_render_test.dart: library-active-no-routine-neonPurple-1.6x-synthetic
03:57 +1618: C:/Users/Atharva Patil/AppData/Local/Temp/gymlog-session-2-isolated-_7ofw15r/test/upgrade/session_1_render_test.dart: exercise-blazeOrange-1.0x-synthetic
03:57 +1619: C:/Users/Atharva Patil/AppData/Local/Temp/gymlog-session-2-isolated-_7ofw15r/test/upgrade/session_1_render_test.dart: exercise-blazeOrange-1.0x-synthetic
03:57 +1620: C:/Users/Atharva Patil/AppData/Local/Temp/gymlog-session-2-isolated-_7ofw15r/test/upgrade/session_2_acceptance_render_test.dart: home-active-error-neonPurple-1.6x-synthetic
03:57 +1621: C:/Users/Atharva Patil/AppData/Local/Temp/gymlog-session-2-isolated-_7ofw15r/test/upgrade/session_2_acceptance_render_test.dart: home-active-error-neonPurple-1.6x-synthetic
03:57 +1622: C:/Users/Atharva Patil/AppData/Local/Temp/gymlog-session-2-isolated-_7ofw15r/test/upgrade/session_1_render_test.dart: exercise-no-estimate-blazeOrange-1.0x-synthetic
03:57 +1623: C:/Users/Atharva Patil/AppData/Local/Temp/gymlog-session-2-isolated-_7ofw15r/test/upgrade/session_1_render_test.dart: exercise-no-estimate-blazeOrange-1.0x-synthetic
03:57 +1624: C:/Users/Atharva Patil/AppData/Local/Temp/gymlog-session-2-isolated-_7ofw15r/test/upgrade/session_2_acceptance_render_test.dart: library-active-error-neonPurple-1.6x-synthetic
03:57 +1625: C:/Users/Atharva Patil/AppData/Local/Temp/gymlog-session-2-isolated-_7ofw15r/test/upgrade/session_2_acceptance_render_test.dart: library-active-error-neonPurple-1.6x-synthetic
03:57 +1626: C:/Users/Atharva Patil/AppData/Local/Temp/gymlog-session-2-isolated-_7ofw15r/test/upgrade/session_2_acceptance_render_test.dart: library-active-error-neonPurple-1.6x-synthetic
03:57 +1627: C:/Users/Atharva Patil/AppData/Local/Temp/gymlog-session-2-isolated-_7ofw15r/test/upgrade/session_2_render_test.dart: chooser/library-lowData-higgsfield-1.6x-synthetic
03:57 +1628: C:/Users/Atharva Patil/AppData/Local/Temp/gymlog-session-2-isolated-_7ofw15r/test/upgrade/session_1_render_test.dart: progress-low-blazeOrange-1.0x-synthetic
03:57 +1629: C:/Users/Atharva Patil/AppData/Local/Temp/gymlog-session-2-isolated-_7ofw15r/test/upgrade/session_2_acceptance_render_test.dart: home-active-deleted-choice-neonPurple-1.6x-synthetic
03:57 +1630: C:/Users/Atharva Patil/AppData/Local/Temp/gymlog-session-2-isolated-_7ofw15r/test/upgrade/session_2_acceptance_render_test.dart: home-active-deleted-choice-neonPurple-1.6x-synthetic
03:57 +1631: C:/Users/Atharva Patil/AppData/Local/Temp/gymlog-session-2-isolated-_7ofw15r/test/upgrade/session_2_acceptance_render_test.dart: home-active-deleted-choice-neonPurple-1.6x-synthetic
03:57 +1632: C:/Users/Atharva Patil/AppData/Local/Temp/gymlog-session-2-isolated-_7ofw15r/test/upgrade/session_2_acceptance_render_test.dart: home-active-deleted-choice-neonPurple-1.6x-synthetic
03:57 +1633: C:/Users/Atharva Patil/AppData/Local/Temp/gymlog-session-2-isolated-_7ofw15r/test/upgrade/session_1_render_test.dart: roles-blazeOrange-1.0x-synthetic
03:57 +1634: C:/Users/Atharva Patil/AppData/Local/Temp/gymlog-session-2-isolated-_7ofw15r/test/upgrade/session_2_render_test.dart: chooser/home-returning-neonPurple-1.0x-synthetic
03:57 +1635: C:/Users/Atharva Patil/AppData/Local/Temp/gymlog-session-2-isolated-_7ofw15r/test/upgrade/session_2_acceptance_render_test.dart: library-active-deleted-choice-neonPurple-1.6x-synthetic
03:57 +1636: C:/Users/Atharva Patil/AppData/Local/Temp/gymlog-session-2-isolated-_7ofw15r/test/upgrade/session_2_acceptance_render_test.dart: library-active-deleted-choice-neonPurple-1.6x-synthetic
03:57 +1637: C:/Users/Atharva Patil/AppData/Local/Temp/gymlog-session-2-isolated-_7ofw15r/test/upgrade/session_2_render_test.dart: chooser/library-returning-neonPurple-1.0x-synthetic
03:57 +1638: C:/Users/Atharva Patil/AppData/Local/Temp/gymlog-session-2-isolated-_7ofw15r/test/upgrade/session_2_render_test.dart: chooser/library-returning-neonPurple-1.0x-synthetic
03:57 +1639: C:/Users/Atharva Patil/AppData/Local/Temp/gymlog-session-2-isolated-_7ofw15r/test/upgrade/session_2_acceptance_render_test.dart: home-active-empty-choice-neonPurple-1.6x-synthetic
03:58 +1640: C:/Users/Atharva Patil/AppData/Local/Temp/gymlog-session-2-isolated-_7ofw15r/test/upgrade/session_2_acceptance_render_test.dart: home-active-empty-choice-neonPurple-1.6x-synthetic
03:58 +1641: C:/Users/Atharva Patil/AppData/Local/Temp/gymlog-session-2-isolated-_7ofw15r/test/upgrade/session_2_acceptance_render_test.dart: home-active-empty-choice-neonPurple-1.6x-synthetic
03:58 +1642: C:/Users/Atharva Patil/AppData/Local/Temp/gymlog-session-2-isolated-_7ofw15r/test/upgrade/session_1_render_test.dart: header-distance-blazeOrange-1.6x-synthetic
03:58 +1643: C:/Users/Atharva Patil/AppData/Local/Temp/gymlog-session-2-isolated-_7ofw15r/test/upgrade/session_2_render_test.dart: chooser/library-returning-neonPurple-1.6x-synthetic
03:58 +1644: C:/Users/Atharva Patil/AppData/Local/Temp/gymlog-session-2-isolated-_7ofw15r/test/upgrade/session_2_render_test.dart: chooser/library-returning-neonPurple-1.6x-synthetic
03:58 +1645: C:/Users/Atharva Patil/AppData/Local/Temp/gymlog-session-2-isolated-_7ofw15r/test/upgrade/session_2_acceptance_render_test.dart: library-active-empty-choice-neonPurple-1.6x-synthetic
03:58 +1646: C:/Users/Atharva Patil/AppData/Local/Temp/gymlog-session-2-isolated-_7ofw15r/test/upgrade/session_1_render_test.dart: finish-weighted-blazeOrange-1.6x-synthetic
03:58 +1647: C:/Users/Atharva Patil/AppData/Local/Temp/gymlog-session-2-isolated-_7ofw15r/test/upgrade/session_2_acceptance_render_test.dart: home-active-choice-error-neonPurple-1.6x-synthetic
03:58 +1648: C:/Users/Atharva Patil/AppData/Local/Temp/gymlog-session-2-isolated-_7ofw15r/test/upgrade/session_2_acceptance_render_test.dart: home-active-choice-error-neonPurple-1.6x-synthetic
03:58 +1649: C:/Users/Atharva Patil/AppData/Local/Temp/gymlog-session-2-isolated-_7ofw15r/test/upgrade/session_1_render_test.dart: finish-timed-blazeOrange-1.6x-synthetic
03:58 +1650: C:/Users/Atharva Patil/AppData/Local/Temp/gymlog-session-2-isolated-_7ofw15r/test/upgrade/session_2_acceptance_render_test.dart: library-active-choice-error-neonPurple-1.6x-synthetic
03:58 +1651: C:/Users/Atharva Patil/AppData/Local/Temp/gymlog-session-2-isolated-_7ofw15r/test/upgrade/session_1_render_test.dart: finish-distance-blazeOrange-1.6x-synthetic
03:59 +1652: C:/Users/Atharva Patil/AppData/Local/Temp/gymlog-session-2-isolated-_7ofw15r/test/upgrade/session_2_acceptance_render_test.dart: home-chosen-white-1.0x-synthetic
03:59 +1653: C:/Users/Atharva Patil/AppData/Local/Temp/gymlog-session-2-isolated-_7ofw15r/test/upgrade/session_2_acceptance_render_test.dart: home-chosen-white-1.0x-synthetic
03:59 +1654: C:/Users/Atharva Patil/AppData/Local/Temp/gymlog-session-2-isolated-_7ofw15r/test/upgrade/session_2_acceptance_render_test.dart: home-chosen-white-1.0x-synthetic
03:59 +1655: C:/Users/Atharva Patil/AppData/Local/Temp/gymlog-session-2-isolated-_7ofw15r/test/upgrade/session_2_acceptance_render_test.dart: home-chosen-white-1.0x-synthetic
03:59 +1656: C:/Users/Atharva Patil/AppData/Local/Temp/gymlog-session-2-isolated-_7ofw15r/test/upgrade/session_2_acceptance_render_test.dart: home-chosen-white-1.0x-synthetic
03:59 +1657: C:/Users/Atharva Patil/AppData/Local/Temp/gymlog-session-2-isolated-_7ofw15r/test/upgrade/session_2_acceptance_render_test.dart: home-chosen-white-1.0x-synthetic
03:59 +1658: C:/Users/Atharva Patil/AppData/Local/Temp/gymlog-session-2-isolated-_7ofw15r/test/upgrade/session_2_acceptance_render_test.dart: home-chosen-white-1.0x-synthetic
03:59 +1659: C:/Users/Atharva Patil/AppData/Local/Temp/gymlog-session-2-isolated-_7ofw15r/test/upgrade/session_2_acceptance_render_test.dart: home-chosen-white-1.0x-synthetic
03:59 +1660: C:/Users/Atharva Patil/AppData/Local/Temp/gymlog-session-2-isolated-_7ofw15r/test/upgrade/session_2_acceptance_render_test.dart: home-chosen-white-1.0x-synthetic
04:00 +1661: C:/Users/Atharva Patil/AppData/Local/Temp/gymlog-session-2-isolated-_7ofw15r/test/upgrade/session_1_render_test.dart: share-distance-monument-blazeOrange-1.6x-synthetic
04:00 +1662: C:/Users/Atharva Patil/AppData/Local/Temp/gymlog-session-2-isolated-_7ofw15r/test/upgrade/session_2_acceptance_render_test.dart: library-chosen-white-1.0x-synthetic
04:00 +1663: C:/Users/Atharva Patil/AppData/Local/Temp/gymlog-session-2-isolated-_7ofw15r/test/upgrade/session_2_acceptance_render_test.dart: library-chosen-white-1.0x-synthetic
04:00 +1664: C:/Users/Atharva Patil/AppData/Local/Temp/gymlog-session-2-isolated-_7ofw15r/test/upgrade/session_2_acceptance_render_test.dart: library-chosen-white-1.0x-synthetic
04:00 +1665: C:/Users/Atharva Patil/AppData/Local/Temp/gymlog-session-2-isolated-_7ofw15r/test/upgrade/session_2_acceptance_render_test.dart: library-chosen-white-1.0x-synthetic
04:00 +1666: C:/Users/Atharva Patil/AppData/Local/Temp/gymlog-session-2-isolated-_7ofw15r/test/upgrade/session_1_render_test.dart: share-pace-technical-blazeOrange-1.6x-synthetic
04:00 +1667: C:/Users/Atharva Patil/AppData/Local/Temp/gymlog-session-2-isolated-_7ofw15r/test/upgrade/session_2_acceptance_render_test.dart: home-no-choice-white-1.0x-synthetic
04:00 +1668: C:/Users/Atharva Patil/AppData/Local/Temp/gymlog-session-2-isolated-_7ofw15r/test/upgrade/session_2_acceptance_render_test.dart: home-no-choice-white-1.0x-synthetic
04:00 +1669: C:/Users/Atharva Patil/AppData/Local/Temp/gymlog-session-2-isolated-_7ofw15r/test/upgrade/session_1_render_test.dart: detail-blazeOrange-1.6x-synthetic
04:00 +1670: C:/Users/Atharva Patil/AppData/Local/Temp/gymlog-session-2-isolated-_7ofw15r/test/upgrade/session_2_acceptance_render_test.dart: library-no-choice-white-1.0x-synthetic
04:00 +1671: C:/Users/Atharva Patil/AppData/Local/Temp/gymlog-session-2-isolated-_7ofw15r/test/upgrade/session_2_acceptance_render_test.dart: library-no-choice-white-1.0x-synthetic
04:00 +1672: C:/Users/Atharva Patil/AppData/Local/Temp/gymlog-session-2-isolated-_7ofw15r/test/upgrade/session_1_render_test.dart: detail-empty-blazeOrange-1.6x-synthetic
04:01 +1673: C:/Users/Atharva Patil/AppData/Local/Temp/gymlog-session-2-isolated-_7ofw15r/test/upgrade/session_2_acceptance_render_test.dart: home-deleted-choice-white-1.0x-synthetic
04:01 +1674: C:/Users/Atharva Patil/AppData/Local/Temp/gymlog-session-2-isolated-_7ofw15r/test/upgrade/session_2_acceptance_render_test.dart: home-deleted-choice-white-1.0x-synthetic
04:01 +1675: C:/Users/Atharva Patil/AppData/Local/Temp/gymlog-session-2-isolated-_7ofw15r/test/upgrade/session_1_render_test.dart: exercise-no-estimate-blazeOrange-1.6x-synthetic
04:01 +1676: C:/Users/Atharva Patil/AppData/Local/Temp/gymlog-session-2-isolated-_7ofw15r/test/upgrade/session_2_acceptance_render_test.dart: library-deleted-choice-white-1.0x-synthetic
04:01 +1677: C:/Users/Atharva Patil/AppData/Local/Temp/gymlog-session-2-isolated-_7ofw15r/test/upgrade/session_2_acceptance_render_test.dart: library-deleted-choice-white-1.0x-synthetic
04:01 +1678: C:/Users/Atharva Patil/AppData/Local/Temp/gymlog-session-2-isolated-_7ofw15r/test/upgrade/session_1_render_test.dart: progress-low-blazeOrange-1.6x-synthetic
04:01 +1679: C:/Users/Atharva Patil/AppData/Local/Temp/gymlog-session-2-isolated-_7ofw15r/test/upgrade/session_2_acceptance_render_test.dart: home-empty-choice-white-1.0x-synthetic
04:01 +1680: C:/Users/Atharva Patil/AppData/Local/Temp/gymlog-session-2-isolated-_7ofw15r/test/upgrade/session_2_acceptance_render_test.dart: home-empty-choice-white-1.0x-synthetic
04:01 +1681: C:/Users/Atharva Patil/AppData/Local/Temp/gymlog-session-2-isolated-_7ofw15r/test/upgrade/session_1_render_test.dart: roles-blazeOrange-1.6x-synthetic
04:01 +1682: C:/Users/Atharva Patil/AppData/Local/Temp/gymlog-session-2-isolated-_7ofw15r/test/upgrade/session_2_acceptance_render_test.dart: library-empty-choice-white-1.0x-synthetic
04:01 +1683: C:/Users/Atharva Patil/AppData/Local/Temp/gymlog-session-2-isolated-_7ofw15r/test/upgrade/session_2_acceptance_render_test.dart: home-new-user-white-1.0x-synthetic
04:02 +1684: C:/Users/Atharva Patil/AppData/Local/Temp/gymlog-session-2-isolated-_7ofw15r/test/upgrade/session_2_acceptance_render_test.dart: library-new-user-white-1.0x-synthetic
04:02 +1685: C:/Users/Atharva Patil/AppData/Local/Temp/gymlog-session-2-isolated-_7ofw15r/test/upgrade/session_2_acceptance_render_test.dart: home-no-routine-white-1.0x-synthetic
04:02 +1686: C:/Users/Atharva Patil/AppData/Local/Temp/gymlog-session-2-isolated-_7ofw15r/test/upgrade/session_2_acceptance_render_test.dart: library-no-routine-white-1.0x-synthetic
04:02 +1687: C:/Users/Atharva Patil/AppData/Local/Temp/gymlog-session-2-isolated-_7ofw15r/test/upgrade/session_2_acceptance_render_test.dart: home-inactive-return-white-1.0x-synthetic
04:02 +1688: C:/Users/Atharva Patil/AppData/Local/Temp/gymlog-session-2-isolated-_7ofw15r/test/upgrade/session_2_acceptance_render_test.dart: library-inactive-return-white-1.0x-synthetic
04:03 +1689: C:/Users/Atharva Patil/AppData/Local/Temp/gymlog-session-2-isolated-_7ofw15r/test/upgrade/session_2_acceptance_render_test.dart: home-low-data-white-1.0x-synthetic
04:03 +1690: C:/Users/Atharva Patil/AppData/Local/Temp/gymlog-session-2-isolated-_7ofw15r/test/upgrade/session_2_acceptance_render_test.dart: library-low-data-white-1.0x-synthetic
04:03 +1691: C:/Users/Atharva Patil/AppData/Local/Temp/gymlog-session-2-isolated-_7ofw15r/test/upgrade/session_2_acceptance_render_test.dart: home-error-white-1.0x-synthetic
04:03 +1692: C:/Users/Atharva Patil/AppData/Local/Temp/gymlog-session-2-isolated-_7ofw15r/test/upgrade/session_2_acceptance_render_test.dart: library-error-white-1.0x-synthetic
04:03 +1693: C:/Users/Atharva Patil/AppData/Local/Temp/gymlog-session-2-isolated-_7ofw15r/test/upgrade/session_2_acceptance_render_test.dart: home-previous-error-white-1.0x-synthetic
04:04 +1694: C:/Users/Atharva Patil/AppData/Local/Temp/gymlog-session-2-isolated-_7ofw15r/test/upgrade/session_2_acceptance_render_test.dart: library-previous-error-white-1.0x-synthetic
04:04 +1695: C:/Users/Atharva Patil/AppData/Local/Temp/gymlog-session-2-isolated-_7ofw15r/test/upgrade/session_2_acceptance_render_test.dart: home-choice-error-white-1.0x-synthetic
04:04 +1696: C:/Users/Atharva Patil/AppData/Local/Temp/gymlog-session-2-isolated-_7ofw15r/test/upgrade/session_2_acceptance_render_test.dart: library-choice-error-white-1.0x-synthetic
04:04 +1697: C:/Users/Atharva Patil/AppData/Local/Temp/gymlog-session-2-isolated-_7ofw15r/test/upgrade/session_2_acceptance_render_test.dart: home-loading-white-1.0x-synthetic
04:04 +1698: C:/Users/Atharva Patil/AppData/Local/Temp/gymlog-session-2-isolated-_7ofw15r/test/upgrade/session_2_acceptance_render_test.dart: library-loading-white-1.0x-synthetic
04:05 +1699: C:/Users/Atharva Patil/AppData/Local/Temp/gymlog-session-2-isolated-_7ofw15r/test/upgrade/session_2_acceptance_render_test.dart: home-active-chosen-white-1.0x-synthetic
04:05 +1700: C:/Users/Atharva Patil/AppData/Local/Temp/gymlog-session-2-isolated-_7ofw15r/test/upgrade/session_2_acceptance_render_test.dart: library-active-chosen-white-1.0x-synthetic
04:05 +1701: C:/Users/Atharva Patil/AppData/Local/Temp/gymlog-session-2-isolated-_7ofw15r/test/upgrade/session_2_acceptance_render_test.dart: home-active-no-choice-white-1.0x-synthetic
04:05 +1702: C:/Users/Atharva Patil/AppData/Local/Temp/gymlog-session-2-isolated-_7ofw15r/test/upgrade/session_2_acceptance_render_test.dart: library-active-no-choice-white-1.0x-synthetic
04:06 +1703: C:/Users/Atharva Patil/AppData/Local/Temp/gymlog-session-2-isolated-_7ofw15r/test/upgrade/session_2_acceptance_render_test.dart: home-active-no-routine-white-1.0x-synthetic
04:06 +1704: C:/Users/Atharva Patil/AppData/Local/Temp/gymlog-session-2-isolated-_7ofw15r/test/upgrade/session_2_acceptance_render_test.dart: library-active-no-routine-white-1.0x-synthetic
04:06 +1705: C:/Users/Atharva Patil/AppData/Local/Temp/gymlog-session-2-isolated-_7ofw15r/test/upgrade/session_2_acceptance_render_test.dart: home-active-error-white-1.0x-synthetic
04:06 +1706: C:/Users/Atharva Patil/AppData/Local/Temp/gymlog-session-2-isolated-_7ofw15r/test/upgrade/session_2_acceptance_render_test.dart: library-active-error-white-1.0x-synthetic
04:06 +1707: C:/Users/Atharva Patil/AppData/Local/Temp/gymlog-session-2-isolated-_7ofw15r/test/upgrade/session_2_acceptance_render_test.dart: home-active-deleted-choice-white-1.0x-synthetic
04:07 +1708: C:/Users/Atharva Patil/AppData/Local/Temp/gymlog-session-2-isolated-_7ofw15r/test/upgrade/session_2_acceptance_render_test.dart: library-active-deleted-choice-white-1.0x-synthetic
04:07 +1709: C:/Users/Atharva Patil/AppData/Local/Temp/gymlog-session-2-isolated-_7ofw15r/test/upgrade/session_2_acceptance_render_test.dart: home-active-empty-choice-white-1.0x-synthetic
04:07 +1710: C:/Users/Atharva Patil/AppData/Local/Temp/gymlog-session-2-isolated-_7ofw15r/test/upgrade/session_2_acceptance_render_test.dart: library-active-empty-choice-white-1.0x-synthetic
04:07 +1711: C:/Users/Atharva Patil/AppData/Local/Temp/gymlog-session-2-isolated-_7ofw15r/test/upgrade/session_2_acceptance_render_test.dart: home-active-choice-error-white-1.0x-synthetic
04:08 +1712: C:/Users/Atharva Patil/AppData/Local/Temp/gymlog-session-2-isolated-_7ofw15r/test/upgrade/session_2_acceptance_render_test.dart: library-active-choice-error-white-1.0x-synthetic
04:08 +1713: C:/Users/Atharva Patil/AppData/Local/Temp/gymlog-session-2-isolated-_7ofw15r/test/upgrade/session_2_acceptance_render_test.dart: home-chosen-white-1.6x-synthetic
04:09 +1714: C:/Users/Atharva Patil/AppData/Local/Temp/gymlog-session-2-isolated-_7ofw15r/test/upgrade/session_2_acceptance_render_test.dart: library-chosen-white-1.6x-synthetic
04:09 +1715: C:/Users/Atharva Patil/AppData/Local/Temp/gymlog-session-2-isolated-_7ofw15r/test/upgrade/session_2_acceptance_render_test.dart: home-no-choice-white-1.6x-synthetic
04:09 +1716: C:/Users/Atharva Patil/AppData/Local/Temp/gymlog-session-2-isolated-_7ofw15r/test/upgrade/session_2_acceptance_render_test.dart: library-no-choice-white-1.6x-synthetic
04:10 +1717: C:/Users/Atharva Patil/AppData/Local/Temp/gymlog-session-2-isolated-_7ofw15r/test/upgrade/session_2_acceptance_render_test.dart: home-deleted-choice-white-1.6x-synthetic
04:10 +1718: C:/Users/Atharva Patil/AppData/Local/Temp/gymlog-session-2-isolated-_7ofw15r/test/upgrade/session_2_acceptance_render_test.dart: library-deleted-choice-white-1.6x-synthetic
04:10 +1719: C:/Users/Atharva Patil/AppData/Local/Temp/gymlog-session-2-isolated-_7ofw15r/test/upgrade/session_2_acceptance_render_test.dart: home-empty-choice-white-1.6x-synthetic
04:10 +1720: C:/Users/Atharva Patil/AppData/Local/Temp/gymlog-session-2-isolated-_7ofw15r/test/upgrade/session_2_acceptance_render_test.dart: library-empty-choice-white-1.6x-synthetic
04:11 +1721: C:/Users/Atharva Patil/AppData/Local/Temp/gymlog-session-2-isolated-_7ofw15r/test/upgrade/session_2_acceptance_render_test.dart: home-new-user-white-1.6x-synthetic
04:11 +1722: C:/Users/Atharva Patil/AppData/Local/Temp/gymlog-session-2-isolated-_7ofw15r/test/upgrade/session_2_acceptance_render_test.dart: library-new-user-white-1.6x-synthetic
04:11 +1723: C:/Users/Atharva Patil/AppData/Local/Temp/gymlog-session-2-isolated-_7ofw15r/test/upgrade/session_2_acceptance_render_test.dart: home-no-routine-white-1.6x-synthetic
04:11 +1724: C:/Users/Atharva Patil/AppData/Local/Temp/gymlog-session-2-isolated-_7ofw15r/test/upgrade/session_2_acceptance_render_test.dart: library-no-routine-white-1.6x-synthetic
04:11 +1725: C:/Users/Atharva Patil/AppData/Local/Temp/gymlog-session-2-isolated-_7ofw15r/test/upgrade/session_2_acceptance_render_test.dart: home-inactive-return-white-1.6x-synthetic
04:11 +1726: C:/Users/Atharva Patil/AppData/Local/Temp/gymlog-session-2-isolated-_7ofw15r/test/upgrade/session_2_acceptance_render_test.dart: library-inactive-return-white-1.6x-synthetic
04:12 +1727: C:/Users/Atharva Patil/AppData/Local/Temp/gymlog-session-2-isolated-_7ofw15r/test/upgrade/session_2_acceptance_render_test.dart: home-low-data-white-1.6x-synthetic
04:12 +1728: C:/Users/Atharva Patil/AppData/Local/Temp/gymlog-session-2-isolated-_7ofw15r/test/upgrade/session_2_acceptance_render_test.dart: library-low-data-white-1.6x-synthetic
04:12 +1729: C:/Users/Atharva Patil/AppData/Local/Temp/gymlog-session-2-isolated-_7ofw15r/test/upgrade/session_2_acceptance_render_test.dart: home-error-white-1.6x-synthetic
04:12 +1730: C:/Users/Atharva Patil/AppData/Local/Temp/gymlog-session-2-isolated-_7ofw15r/test/upgrade/session_2_acceptance_render_test.dart: library-error-white-1.6x-synthetic
04:12 +1731: C:/Users/Atharva Patil/AppData/Local/Temp/gymlog-session-2-isolated-_7ofw15r/test/upgrade/session_2_acceptance_render_test.dart: home-previous-error-white-1.6x-synthetic
04:13 +1732: C:/Users/Atharva Patil/AppData/Local/Temp/gymlog-session-2-isolated-_7ofw15r/test/upgrade/session_2_acceptance_render_test.dart: library-previous-error-white-1.6x-synthetic
04:13 +1733: C:/Users/Atharva Patil/AppData/Local/Temp/gymlog-session-2-isolated-_7ofw15r/test/upgrade/session_2_acceptance_render_test.dart: home-choice-error-white-1.6x-synthetic
04:13 +1734: C:/Users/Atharva Patil/AppData/Local/Temp/gymlog-session-2-isolated-_7ofw15r/test/upgrade/session_2_acceptance_render_test.dart: library-choice-error-white-1.6x-synthetic
04:13 +1735: C:/Users/Atharva Patil/AppData/Local/Temp/gymlog-session-2-isolated-_7ofw15r/test/upgrade/session_2_acceptance_render_test.dart: home-loading-white-1.6x-synthetic
04:13 +1736: C:/Users/Atharva Patil/AppData/Local/Temp/gymlog-session-2-isolated-_7ofw15r/test/upgrade/session_2_acceptance_render_test.dart: library-loading-white-1.6x-synthetic
04:14 +1737: C:/Users/Atharva Patil/AppData/Local/Temp/gymlog-session-2-isolated-_7ofw15r/test/upgrade/session_2_acceptance_render_test.dart: home-active-chosen-white-1.6x-synthetic
04:14 +1738: C:/Users/Atharva Patil/AppData/Local/Temp/gymlog-session-2-isolated-_7ofw15r/test/upgrade/session_2_acceptance_render_test.dart: library-active-chosen-white-1.6x-synthetic
04:14 +1739: C:/Users/Atharva Patil/AppData/Local/Temp/gymlog-session-2-isolated-_7ofw15r/test/upgrade/session_2_acceptance_render_test.dart: home-active-no-choice-white-1.6x-synthetic
04:14 +1740: C:/Users/Atharva Patil/AppData/Local/Temp/gymlog-session-2-isolated-_7ofw15r/test/upgrade/session_2_acceptance_render_test.dart: library-active-no-choice-white-1.6x-synthetic
04:14 +1741: C:/Users/Atharva Patil/AppData/Local/Temp/gymlog-session-2-isolated-_7ofw15r/test/upgrade/session_2_acceptance_render_test.dart: home-active-no-routine-white-1.6x-synthetic
04:15 +1742: C:/Users/Atharva Patil/AppData/Local/Temp/gymlog-session-2-isolated-_7ofw15r/test/upgrade/session_2_acceptance_render_test.dart: library-active-no-routine-white-1.6x-synthetic
04:15 +1743: C:/Users/Atharva Patil/AppData/Local/Temp/gymlog-session-2-isolated-_7ofw15r/test/upgrade/session_2_acceptance_render_test.dart: home-active-error-white-1.6x-synthetic
04:15 +1744: C:/Users/Atharva Patil/AppData/Local/Temp/gymlog-session-2-isolated-_7ofw15r/test/upgrade/session_2_acceptance_render_test.dart: library-active-error-white-1.6x-synthetic
04:15 +1745: C:/Users/Atharva Patil/AppData/Local/Temp/gymlog-session-2-isolated-_7ofw15r/test/upgrade/session_2_acceptance_render_test.dart: home-active-deleted-choice-white-1.6x-synthetic
04:15 +1746: C:/Users/Atharva Patil/AppData/Local/Temp/gymlog-session-2-isolated-_7ofw15r/test/upgrade/session_2_acceptance_render_test.dart: library-active-deleted-choice-white-1.6x-synthetic
04:15 +1747: C:/Users/Atharva Patil/AppData/Local/Temp/gymlog-session-2-isolated-_7ofw15r/test/upgrade/session_2_acceptance_render_test.dart: home-active-empty-choice-white-1.6x-synthetic
04:16 +1748: C:/Users/Atharva Patil/AppData/Local/Temp/gymlog-session-2-isolated-_7ofw15r/test/upgrade/session_2_acceptance_render_test.dart: library-active-empty-choice-white-1.6x-synthetic
04:16 +1749: C:/Users/Atharva Patil/AppData/Local/Temp/gymlog-session-2-isolated-_7ofw15r/test/upgrade/session_2_acceptance_render_test.dart: home-active-choice-error-white-1.6x-synthetic
04:16 +1750: C:/Users/Atharva Patil/AppData/Local/Temp/gymlog-session-2-isolated-_7ofw15r/test/upgrade/session_2_acceptance_render_test.dart: library-active-choice-error-white-1.6x-synthetic
04:16 +1751: C:/Users/Atharva Patil/AppData/Local/Temp/gymlog-session-2-isolated-_7ofw15r/test/upgrade/session_2_acceptance_render_test.dart: home-chosen-neonCyan-1.0x-synthetic
04:17 +1752: C:/Users/Atharva Patil/AppData/Local/Temp/gymlog-session-2-isolated-_7ofw15r/test/upgrade/session_2_acceptance_render_test.dart: library-chosen-neonCyan-1.0x-synthetic
04:18 +1753: C:/Users/Atharva Patil/AppData/Local/Temp/gymlog-session-2-isolated-_7ofw15r/test/upgrade/session_2_acceptance_render_test.dart: home-no-choice-neonCyan-1.0x-synthetic
04:18 +1754: C:/Users/Atharva Patil/AppData/Local/Temp/gymlog-session-2-isolated-_7ofw15r/test/upgrade/session_2_acceptance_render_test.dart: library-no-choice-neonCyan-1.0x-synthetic
04:19 +1755: C:/Users/Atharva Patil/AppData/Local/Temp/gymlog-session-2-isolated-_7ofw15r/test/upgrade/session_2_acceptance_render_test.dart: home-deleted-choice-neonCyan-1.0x-synthetic
04:19 +1756: C:/Users/Atharva Patil/AppData/Local/Temp/gymlog-session-2-isolated-_7ofw15r/test/upgrade/session_2_acceptance_render_test.dart: library-deleted-choice-neonCyan-1.0x-synthetic
04:19 +1757: C:/Users/Atharva Patil/AppData/Local/Temp/gymlog-session-2-isolated-_7ofw15r/test/upgrade/session_2_acceptance_render_test.dart: home-empty-choice-neonCyan-1.0x-synthetic
04:19 +1758: C:/Users/Atharva Patil/AppData/Local/Temp/gymlog-session-2-isolated-_7ofw15r/test/upgrade/session_2_acceptance_render_test.dart: library-empty-choice-neonCyan-1.0x-synthetic
04:20 +1759: C:/Users/Atharva Patil/AppData/Local/Temp/gymlog-session-2-isolated-_7ofw15r/test/upgrade/session_2_acceptance_render_test.dart: home-new-user-neonCyan-1.0x-synthetic
04:20 +1760: C:/Users/Atharva Patil/AppData/Local/Temp/gymlog-session-2-isolated-_7ofw15r/test/upgrade/session_2_acceptance_render_test.dart: library-new-user-neonCyan-1.0x-synthetic
04:20 +1761: C:/Users/Atharva Patil/AppData/Local/Temp/gymlog-session-2-isolated-_7ofw15r/test/upgrade/session_2_acceptance_render_test.dart: home-no-routine-neonCyan-1.0x-synthetic
04:20 +1762: C:/Users/Atharva Patil/AppData/Local/Temp/gymlog-session-2-isolated-_7ofw15r/test/upgrade/session_2_acceptance_render_test.dart: library-no-routine-neonCyan-1.0x-synthetic
04:21 +1763: C:/Users/Atharva Patil/AppData/Local/Temp/gymlog-session-2-isolated-_7ofw15r/test/upgrade/session_2_acceptance_render_test.dart: home-inactive-return-neonCyan-1.0x-synthetic
04:21 +1764: C:/Users/Atharva Patil/AppData/Local/Temp/gymlog-session-2-isolated-_7ofw15r/test/upgrade/session_2_acceptance_render_test.dart: library-inactive-return-neonCyan-1.0x-synthetic
04:21 +1765: C:/Users/Atharva Patil/AppData/Local/Temp/gymlog-session-2-isolated-_7ofw15r/test/upgrade/session_2_acceptance_render_test.dart: home-low-data-neonCyan-1.0x-synthetic
04:21 +1766: C:/Users/Atharva Patil/AppData/Local/Temp/gymlog-session-2-isolated-_7ofw15r/test/upgrade/session_2_acceptance_render_test.dart: library-low-data-neonCyan-1.0x-synthetic
04:22 +1767: C:/Users/Atharva Patil/AppData/Local/Temp/gymlog-session-2-isolated-_7ofw15r/test/upgrade/session_2_acceptance_render_test.dart: home-error-neonCyan-1.0x-synthetic
04:22 +1768: C:/Users/Atharva Patil/AppData/Local/Temp/gymlog-session-2-isolated-_7ofw15r/test/upgrade/session_2_acceptance_render_test.dart: library-error-neonCyan-1.0x-synthetic
04:22 +1769: C:/Users/Atharva Patil/AppData/Local/Temp/gymlog-session-2-isolated-_7ofw15r/test/upgrade/session_2_acceptance_render_test.dart: home-previous-error-neonCyan-1.0x-synthetic
04:22 +1770: C:/Users/Atharva Patil/AppData/Local/Temp/gymlog-session-2-isolated-_7ofw15r/test/upgrade/session_2_acceptance_render_test.dart: library-previous-error-neonCyan-1.0x-synthetic
04:23 +1771: C:/Users/Atharva Patil/AppData/Local/Temp/gymlog-session-2-isolated-_7ofw15r/test/upgrade/session_2_acceptance_render_test.dart: home-choice-error-neonCyan-1.0x-synthetic
04:23 +1772: C:/Users/Atharva Patil/AppData/Local/Temp/gymlog-session-2-isolated-_7ofw15r/test/upgrade/session_2_acceptance_render_test.dart: library-choice-error-neonCyan-1.0x-synthetic
04:23 +1773: C:/Users/Atharva Patil/AppData/Local/Temp/gymlog-session-2-isolated-_7ofw15r/test/upgrade/session_2_acceptance_render_test.dart: home-loading-neonCyan-1.0x-synthetic
04:23 +1774: C:/Users/Atharva Patil/AppData/Local/Temp/gymlog-session-2-isolated-_7ofw15r/test/upgrade/session_2_acceptance_render_test.dart: library-loading-neonCyan-1.0x-synthetic
04:24 +1775: C:/Users/Atharva Patil/AppData/Local/Temp/gymlog-session-2-isolated-_7ofw15r/test/upgrade/session_2_acceptance_render_test.dart: home-active-chosen-neonCyan-1.0x-synthetic
04:24 +1776: C:/Users/Atharva Patil/AppData/Local/Temp/gymlog-session-2-isolated-_7ofw15r/test/upgrade/session_2_acceptance_render_test.dart: library-active-chosen-neonCyan-1.0x-synthetic
04:24 +1777: C:/Users/Atharva Patil/AppData/Local/Temp/gymlog-session-2-isolated-_7ofw15r/test/upgrade/session_2_acceptance_render_test.dart: home-active-no-choice-neonCyan-1.0x-synthetic
04:24 +1778: C:/Users/Atharva Patil/AppData/Local/Temp/gymlog-session-2-isolated-_7ofw15r/test/upgrade/session_2_acceptance_render_test.dart: library-active-no-choice-neonCyan-1.0x-synthetic
04:24 +1779: C:/Users/Atharva Patil/AppData/Local/Temp/gymlog-session-2-isolated-_7ofw15r/test/upgrade/session_2_acceptance_render_test.dart: home-active-no-routine-neonCyan-1.0x-synthetic
04:25 +1780: C:/Users/Atharva Patil/AppData/Local/Temp/gymlog-session-2-isolated-_7ofw15r/test/upgrade/session_2_acceptance_render_test.dart: library-active-no-routine-neonCyan-1.0x-synthetic
04:25 +1781: C:/Users/Atharva Patil/AppData/Local/Temp/gymlog-session-2-isolated-_7ofw15r/test/upgrade/session_2_acceptance_render_test.dart: home-active-error-neonCyan-1.0x-synthetic
04:25 +1782: C:/Users/Atharva Patil/AppData/Local/Temp/gymlog-session-2-isolated-_7ofw15r/test/upgrade/session_2_acceptance_render_test.dart: library-active-error-neonCyan-1.0x-synthetic
04:25 +1783: C:/Users/Atharva Patil/AppData/Local/Temp/gymlog-session-2-isolated-_7ofw15r/test/upgrade/session_2_acceptance_render_test.dart: home-active-deleted-choice-neonCyan-1.0x-synthetic
04:25 +1784: C:/Users/Atharva Patil/AppData/Local/Temp/gymlog-session-2-isolated-_7ofw15r/test/upgrade/session_2_acceptance_render_test.dart: library-active-deleted-choice-neonCyan-1.0x-synthetic
04:25 +1785: C:/Users/Atharva Patil/AppData/Local/Temp/gymlog-session-2-isolated-_7ofw15r/test/upgrade/session_2_acceptance_render_test.dart: home-active-empty-choice-neonCyan-1.0x-synthetic
04:26 +1786: C:/Users/Atharva Patil/AppData/Local/Temp/gymlog-session-2-isolated-_7ofw15r/test/upgrade/session_2_acceptance_render_test.dart: library-active-empty-choice-neonCyan-1.0x-synthetic
04:26 +1787: C:/Users/Atharva Patil/AppData/Local/Temp/gymlog-session-2-isolated-_7ofw15r/test/upgrade/session_2_acceptance_render_test.dart: home-active-choice-error-neonCyan-1.0x-synthetic
04:26 +1788: C:/Users/Atharva Patil/AppData/Local/Temp/gymlog-session-2-isolated-_7ofw15r/test/upgrade/session_2_acceptance_render_test.dart: library-active-choice-error-neonCyan-1.0x-synthetic
04:26 +1789: C:/Users/Atharva Patil/AppData/Local/Temp/gymlog-session-2-isolated-_7ofw15r/test/upgrade/session_2_acceptance_render_test.dart: home-chosen-neonCyan-1.6x-synthetic
04:27 +1790: C:/Users/Atharva Patil/AppData/Local/Temp/gymlog-session-2-isolated-_7ofw15r/test/upgrade/session_2_acceptance_render_test.dart: library-chosen-neonCyan-1.6x-synthetic
04:28 +1791: C:/Users/Atharva Patil/AppData/Local/Temp/gymlog-session-2-isolated-_7ofw15r/test/upgrade/session_2_acceptance_render_test.dart: home-no-choice-neonCyan-1.6x-synthetic
04:28 +1792: C:/Users/Atharva Patil/AppData/Local/Temp/gymlog-session-2-isolated-_7ofw15r/test/upgrade/session_2_acceptance_render_test.dart: library-no-choice-neonCyan-1.6x-synthetic
04:28 +1793: C:/Users/Atharva Patil/AppData/Local/Temp/gymlog-session-2-isolated-_7ofw15r/test/upgrade/session_2_acceptance_render_test.dart: home-deleted-choice-neonCyan-1.6x-synthetic
04:29 +1794: C:/Users/Atharva Patil/AppData/Local/Temp/gymlog-session-2-isolated-_7ofw15r/test/upgrade/session_2_acceptance_render_test.dart: library-deleted-choice-neonCyan-1.6x-synthetic
04:29 +1795: C:/Users/Atharva Patil/AppData/Local/Temp/gymlog-session-2-isolated-_7ofw15r/test/upgrade/session_2_acceptance_render_test.dart: home-empty-choice-neonCyan-1.6x-synthetic
04:29 +1796: C:/Users/Atharva Patil/AppData/Local/Temp/gymlog-session-2-isolated-_7ofw15r/test/upgrade/session_2_acceptance_render_test.dart: library-empty-choice-neonCyan-1.6x-synthetic
04:29 +1797: C:/Users/Atharva Patil/AppData/Local/Temp/gymlog-session-2-isolated-_7ofw15r/test/upgrade/session_2_acceptance_render_test.dart: home-new-user-neonCyan-1.6x-synthetic
04:29 +1798: C:/Users/Atharva Patil/AppData/Local/Temp/gymlog-session-2-isolated-_7ofw15r/test/upgrade/session_2_acceptance_render_test.dart: library-new-user-neonCyan-1.6x-synthetic
04:30 +1799: C:/Users/Atharva Patil/AppData/Local/Temp/gymlog-session-2-isolated-_7ofw15r/test/upgrade/session_2_acceptance_render_test.dart: home-no-routine-neonCyan-1.6x-synthetic
04:30 +1800: C:/Users/Atharva Patil/AppData/Local/Temp/gymlog-session-2-isolated-_7ofw15r/test/upgrade/session_2_acceptance_render_test.dart: library-no-routine-neonCyan-1.6x-synthetic
04:30 +1801: C:/Users/Atharva Patil/AppData/Local/Temp/gymlog-session-2-isolated-_7ofw15r/test/upgrade/session_2_acceptance_render_test.dart: home-inactive-return-neonCyan-1.6x-synthetic
04:30 +1802: C:/Users/Atharva Patil/AppData/Local/Temp/gymlog-session-2-isolated-_7ofw15r/test/upgrade/session_2_acceptance_render_test.dart: library-inactive-return-neonCyan-1.6x-synthetic
04:31 +1803: C:/Users/Atharva Patil/AppData/Local/Temp/gymlog-session-2-isolated-_7ofw15r/test/upgrade/session_2_acceptance_render_test.dart: home-low-data-neonCyan-1.6x-synthetic
04:31 +1804: C:/Users/Atharva Patil/AppData/Local/Temp/gymlog-session-2-isolated-_7ofw15r/test/upgrade/session_2_acceptance_render_test.dart: library-low-data-neonCyan-1.6x-synthetic
04:31 +1805: C:/Users/Atharva Patil/AppData/Local/Temp/gymlog-session-2-isolated-_7ofw15r/test/upgrade/session_2_acceptance_render_test.dart: home-error-neonCyan-1.6x-synthetic
04:31 +1806: C:/Users/Atharva Patil/AppData/Local/Temp/gymlog-session-2-isolated-_7ofw15r/test/upgrade/session_2_acceptance_render_test.dart: library-error-neonCyan-1.6x-synthetic
04:31 +1807: C:/Users/Atharva Patil/AppData/Local/Temp/gymlog-session-2-isolated-_7ofw15r/test/upgrade/session_2_acceptance_render_test.dart: home-previous-error-neonCyan-1.6x-synthetic
04:32 +1808: C:/Users/Atharva Patil/AppData/Local/Temp/gymlog-session-2-isolated-_7ofw15r/test/upgrade/session_2_acceptance_render_test.dart: library-previous-error-neonCyan-1.6x-synthetic
04:32 +1809: C:/Users/Atharva Patil/AppData/Local/Temp/gymlog-session-2-isolated-_7ofw15r/test/upgrade/session_2_acceptance_render_test.dart: home-choice-error-neonCyan-1.6x-synthetic
04:32 +1810: C:/Users/Atharva Patil/AppData/Local/Temp/gymlog-session-2-isolated-_7ofw15r/test/upgrade/session_2_acceptance_render_test.dart: library-choice-error-neonCyan-1.6x-synthetic
04:32 +1811: C:/Users/Atharva Patil/AppData/Local/Temp/gymlog-session-2-isolated-_7ofw15r/test/upgrade/session_2_acceptance_render_test.dart: home-loading-neonCyan-1.6x-synthetic
04:32 +1812: C:/Users/Atharva Patil/AppData/Local/Temp/gymlog-session-2-isolated-_7ofw15r/test/upgrade/session_2_acceptance_render_test.dart: library-loading-neonCyan-1.6x-synthetic
04:33 +1813: C:/Users/Atharva Patil/AppData/Local/Temp/gymlog-session-2-isolated-_7ofw15r/test/upgrade/session_2_acceptance_render_test.dart: home-active-chosen-neonCyan-1.6x-synthetic
04:33 +1814: C:/Users/Atharva Patil/AppData/Local/Temp/gymlog-session-2-isolated-_7ofw15r/test/upgrade/session_2_acceptance_render_test.dart: library-active-chosen-neonCyan-1.6x-synthetic
04:33 +1815: C:/Users/Atharva Patil/AppData/Local/Temp/gymlog-session-2-isolated-_7ofw15r/test/upgrade/session_2_acceptance_render_test.dart: home-active-no-choice-neonCyan-1.6x-synthetic
04:33 +1816: C:/Users/Atharva Patil/AppData/Local/Temp/gymlog-session-2-isolated-_7ofw15r/test/upgrade/session_2_acceptance_render_test.dart: library-active-no-choice-neonCyan-1.6x-synthetic
04:34 +1817: C:/Users/Atharva Patil/AppData/Local/Temp/gymlog-session-2-isolated-_7ofw15r/test/upgrade/session_2_acceptance_render_test.dart: home-active-no-routine-neonCyan-1.6x-synthetic
04:34 +1818: C:/Users/Atharva Patil/AppData/Local/Temp/gymlog-session-2-isolated-_7ofw15r/test/upgrade/session_2_acceptance_render_test.dart: library-active-no-routine-neonCyan-1.6x-synthetic
04:34 +1819: C:/Users/Atharva Patil/AppData/Local/Temp/gymlog-session-2-isolated-_7ofw15r/test/upgrade/session_2_acceptance_render_test.dart: home-active-error-neonCyan-1.6x-synthetic
04:34 +1820: C:/Users/Atharva Patil/AppData/Local/Temp/gymlog-session-2-isolated-_7ofw15r/test/upgrade/session_2_acceptance_render_test.dart: library-active-error-neonCyan-1.6x-synthetic
04:35 +1821: C:/Users/Atharva Patil/AppData/Local/Temp/gymlog-session-2-isolated-_7ofw15r/test/upgrade/session_2_acceptance_render_test.dart: home-active-deleted-choice-neonCyan-1.6x-synthetic
04:35 +1822: C:/Users/Atharva Patil/AppData/Local/Temp/gymlog-session-2-isolated-_7ofw15r/test/upgrade/session_2_acceptance_render_test.dart: library-active-deleted-choice-neonCyan-1.6x-synthetic
04:35 +1823: C:/Users/Atharva Patil/AppData/Local/Temp/gymlog-session-2-isolated-_7ofw15r/test/upgrade/session_2_acceptance_render_test.dart: home-active-empty-choice-neonCyan-1.6x-synthetic
04:35 +1824: C:/Users/Atharva Patil/AppData/Local/Temp/gymlog-session-2-isolated-_7ofw15r/test/upgrade/session_2_acceptance_render_test.dart: library-active-empty-choice-neonCyan-1.6x-synthetic
04:35 +1825: C:/Users/Atharva Patil/AppData/Local/Temp/gymlog-session-2-isolated-_7ofw15r/test/upgrade/session_2_acceptance_render_test.dart: home-active-choice-error-neonCyan-1.6x-synthetic
04:36 +1826: C:/Users/Atharva Patil/AppData/Local/Temp/gymlog-session-2-isolated-_7ofw15r/test/upgrade/session_2_acceptance_render_test.dart: library-active-choice-error-neonCyan-1.6x-synthetic
04:36 +1827: C:/Users/Atharva Patil/AppData/Local/Temp/gymlog-session-2-isolated-_7ofw15r/test/upgrade/session_2_acceptance_render_test.dart: home-chosen-neonMagenta-1.0x-synthetic
04:37 +1828: C:/Users/Atharva Patil/AppData/Local/Temp/gymlog-session-2-isolated-_7ofw15r/test/upgrade/session_2_acceptance_render_test.dart: library-chosen-neonMagenta-1.0x-synthetic
04:37 +1829: C:/Users/Atharva Patil/AppData/Local/Temp/gymlog-session-2-isolated-_7ofw15r/test/upgrade/session_2_acceptance_render_test.dart: home-no-choice-neonMagenta-1.0x-synthetic
04:38 +1830: C:/Users/Atharva Patil/AppData/Local/Temp/gymlog-session-2-isolated-_7ofw15r/test/upgrade/session_2_acceptance_render_test.dart: library-no-choice-neonMagenta-1.0x-synthetic
04:38 +1831: C:/Users/Atharva Patil/AppData/Local/Temp/gymlog-session-2-isolated-_7ofw15r/test/upgrade/session_2_acceptance_render_test.dart: home-deleted-choice-neonMagenta-1.0x-synthetic
04:38 +1832: C:/Users/Atharva Patil/AppData/Local/Temp/gymlog-session-2-isolated-_7ofw15r/test/upgrade/session_2_acceptance_render_test.dart: library-deleted-choice-neonMagenta-1.0x-synthetic
04:38 +1833: C:/Users/Atharva Patil/AppData/Local/Temp/gymlog-session-2-isolated-_7ofw15r/test/upgrade/session_2_acceptance_render_test.dart: home-empty-choice-neonMagenta-1.0x-synthetic
04:39 +1834: C:/Users/Atharva Patil/AppData/Local/Temp/gymlog-session-2-isolated-_7ofw15r/test/upgrade/session_2_acceptance_render_test.dart: library-empty-choice-neonMagenta-1.0x-synthetic
04:39 +1835: C:/Users/Atharva Patil/AppData/Local/Temp/gymlog-session-2-isolated-_7ofw15r/test/upgrade/session_2_acceptance_render_test.dart: home-new-user-neonMagenta-1.0x-synthetic
04:39 +1836: C:/Users/Atharva Patil/AppData/Local/Temp/gymlog-session-2-isolated-_7ofw15r/test/upgrade/session_2_acceptance_render_test.dart: library-new-user-neonMagenta-1.0x-synthetic
04:39 +1837: C:/Users/Atharva Patil/AppData/Local/Temp/gymlog-session-2-isolated-_7ofw15r/test/upgrade/session_2_acceptance_render_test.dart: home-no-routine-neonMagenta-1.0x-synthetic
04:39 +1838: C:/Users/Atharva Patil/AppData/Local/Temp/gymlog-session-2-isolated-_7ofw15r/test/upgrade/session_2_acceptance_render_test.dart: library-no-routine-neonMagenta-1.0x-synthetic
04:40 +1839: C:/Users/Atharva Patil/AppData/Local/Temp/gymlog-session-2-isolated-_7ofw15r/test/upgrade/session_2_acceptance_render_test.dart: home-inactive-return-neonMagenta-1.0x-synthetic
04:40 +1840: C:/Users/Atharva Patil/AppData/Local/Temp/gymlog-session-2-isolated-_7ofw15r/test/upgrade/session_2_acceptance_render_test.dart: library-inactive-return-neonMagenta-1.0x-synthetic
04:40 +1841: C:/Users/Atharva Patil/AppData/Local/Temp/gymlog-session-2-isolated-_7ofw15r/test/upgrade/session_2_acceptance_render_test.dart: home-low-data-neonMagenta-1.0x-synthetic
04:40 +1842: C:/Users/Atharva Patil/AppData/Local/Temp/gymlog-session-2-isolated-_7ofw15r/test/upgrade/session_2_acceptance_render_test.dart: library-low-data-neonMagenta-1.0x-synthetic
04:41 +1843: C:/Users/Atharva Patil/AppData/Local/Temp/gymlog-session-2-isolated-_7ofw15r/test/upgrade/session_2_acceptance_render_test.dart: home-error-neonMagenta-1.0x-synthetic
04:41 +1844: C:/Users/Atharva Patil/AppData/Local/Temp/gymlog-session-2-isolated-_7ofw15r/test/upgrade/session_2_acceptance_render_test.dart: library-error-neonMagenta-1.0x-synthetic
04:41 +1845: C:/Users/Atharva Patil/AppData/Local/Temp/gymlog-session-2-isolated-_7ofw15r/test/upgrade/session_2_acceptance_render_test.dart: home-previous-error-neonMagenta-1.0x-synthetic
04:41 +1846: C:/Users/Atharva Patil/AppData/Local/Temp/gymlog-session-2-isolated-_7ofw15r/test/upgrade/session_2_acceptance_render_test.dart: library-previous-error-neonMagenta-1.0x-synthetic
04:41 +1847: C:/Users/Atharva Patil/AppData/Local/Temp/gymlog-session-2-isolated-_7ofw15r/test/upgrade/session_2_acceptance_render_test.dart: home-choice-error-neonMagenta-1.0x-synthetic
04:42 +1848: C:/Users/Atharva Patil/AppData/Local/Temp/gymlog-session-2-isolated-_7ofw15r/test/upgrade/session_2_acceptance_render_test.dart: library-choice-error-neonMagenta-1.0x-synthetic
04:42 +1849: C:/Users/Atharva Patil/AppData/Local/Temp/gymlog-session-2-isolated-_7ofw15r/test/upgrade/session_2_acceptance_render_test.dart: home-loading-neonMagenta-1.0x-synthetic
04:42 +1850: C:/Users/Atharva Patil/AppData/Local/Temp/gymlog-session-2-isolated-_7ofw15r/test/upgrade/session_2_acceptance_render_test.dart: library-loading-neonMagenta-1.0x-synthetic
04:42 +1851: C:/Users/Atharva Patil/AppData/Local/Temp/gymlog-session-2-isolated-_7ofw15r/test/upgrade/session_2_acceptance_render_test.dart: home-active-chosen-neonMagenta-1.0x-synthetic
04:43 +1852: C:/Users/Atharva Patil/AppData/Local/Temp/gymlog-session-2-isolated-_7ofw15r/test/upgrade/session_2_acceptance_render_test.dart: library-active-chosen-neonMagenta-1.0x-synthetic
04:43 +1853: C:/Users/Atharva Patil/AppData/Local/Temp/gymlog-session-2-isolated-_7ofw15r/test/upgrade/session_2_acceptance_render_test.dart: home-active-no-choice-neonMagenta-1.0x-synthetic
04:43 +1854: C:/Users/Atharva Patil/AppData/Local/Temp/gymlog-session-2-isolated-_7ofw15r/test/upgrade/session_2_acceptance_render_test.dart: library-active-no-choice-neonMagenta-1.0x-synthetic
04:43 +1855: C:/Users/Atharva Patil/AppData/Local/Temp/gymlog-session-2-isolated-_7ofw15r/test/upgrade/session_2_acceptance_render_test.dart: home-active-no-routine-neonMagenta-1.0x-synthetic
04:43 +1856: C:/Users/Atharva Patil/AppData/Local/Temp/gymlog-session-2-isolated-_7ofw15r/test/upgrade/session_2_acceptance_render_test.dart: library-active-no-routine-neonMagenta-1.0x-synthetic
04:44 +1857: C:/Users/Atharva Patil/AppData/Local/Temp/gymlog-session-2-isolated-_7ofw15r/test/upgrade/session_2_acceptance_render_test.dart: home-active-error-neonMagenta-1.0x-synthetic
04:44 +1858: C:/Users/Atharva Patil/AppData/Local/Temp/gymlog-session-2-isolated-_7ofw15r/test/upgrade/session_2_acceptance_render_test.dart: library-active-error-neonMagenta-1.0x-synthetic
04:44 +1859: C:/Users/Atharva Patil/AppData/Local/Temp/gymlog-session-2-isolated-_7ofw15r/test/upgrade/session_2_acceptance_render_test.dart: home-active-deleted-choice-neonMagenta-1.0x-synthetic
04:44 +1860: C:/Users/Atharva Patil/AppData/Local/Temp/gymlog-session-2-isolated-_7ofw15r/test/upgrade/session_2_acceptance_render_test.dart: library-active-deleted-choice-neonMagenta-1.0x-synthetic
04:44 +1861: C:/Users/Atharva Patil/AppData/Local/Temp/gymlog-session-2-isolated-_7ofw15r/test/upgrade/session_2_acceptance_render_test.dart: home-active-empty-choice-neonMagenta-1.0x-synthetic
04:45 +1862: C:/Users/Atharva Patil/AppData/Local/Temp/gymlog-session-2-isolated-_7ofw15r/test/upgrade/session_2_acceptance_render_test.dart: library-active-empty-choice-neonMagenta-1.0x-synthetic
04:45 +1863: C:/Users/Atharva Patil/AppData/Local/Temp/gymlog-session-2-isolated-_7ofw15r/test/upgrade/session_2_acceptance_render_test.dart: home-active-choice-error-neonMagenta-1.0x-synthetic
04:45 +1864: C:/Users/Atharva Patil/AppData/Local/Temp/gymlog-session-2-isolated-_7ofw15r/test/upgrade/session_2_acceptance_render_test.dart: library-active-choice-error-neonMagenta-1.0x-synthetic
04:45 +1865: C:/Users/Atharva Patil/AppData/Local/Temp/gymlog-session-2-isolated-_7ofw15r/test/upgrade/session_2_acceptance_render_test.dart: home-chosen-neonMagenta-1.6x-synthetic
04:47 +1866: C:/Users/Atharva Patil/AppData/Local/Temp/gymlog-session-2-isolated-_7ofw15r/test/upgrade/session_2_acceptance_render_test.dart: library-chosen-neonMagenta-1.6x-synthetic
04:47 +1867: C:/Users/Atharva Patil/AppData/Local/Temp/gymlog-session-2-isolated-_7ofw15r/test/upgrade/session_2_acceptance_render_test.dart: home-no-choice-neonMagenta-1.6x-synthetic
04:47 +1868: C:/Users/Atharva Patil/AppData/Local/Temp/gymlog-session-2-isolated-_7ofw15r/test/upgrade/session_2_acceptance_render_test.dart: library-no-choice-neonMagenta-1.6x-synthetic
04:48 +1869: C:/Users/Atharva Patil/AppData/Local/Temp/gymlog-session-2-isolated-_7ofw15r/test/upgrade/session_2_acceptance_render_test.dart: home-deleted-choice-neonMagenta-1.6x-synthetic
04:48 +1870: C:/Users/Atharva Patil/AppData/Local/Temp/gymlog-session-2-isolated-_7ofw15r/test/upgrade/session_2_acceptance_render_test.dart: library-deleted-choice-neonMagenta-1.6x-synthetic
04:48 +1871: C:/Users/Atharva Patil/AppData/Local/Temp/gymlog-session-2-isolated-_7ofw15r/test/upgrade/session_2_acceptance_render_test.dart: home-empty-choice-neonMagenta-1.6x-synthetic
04:48 +1872: C:/Users/Atharva Patil/AppData/Local/Temp/gymlog-session-2-isolated-_7ofw15r/test/upgrade/session_2_acceptance_render_test.dart: library-empty-choice-neonMagenta-1.6x-synthetic
04:49 +1873: C:/Users/Atharva Patil/AppData/Local/Temp/gymlog-session-2-isolated-_7ofw15r/test/upgrade/session_2_acceptance_render_test.dart: home-new-user-neonMagenta-1.6x-synthetic
04:49 +1874: C:/Users/Atharva Patil/AppData/Local/Temp/gymlog-session-2-isolated-_7ofw15r/test/upgrade/session_2_acceptance_render_test.dart: library-new-user-neonMagenta-1.6x-synthetic
04:49 +1875: C:/Users/Atharva Patil/AppData/Local/Temp/gymlog-session-2-isolated-_7ofw15r/test/upgrade/session_2_acceptance_render_test.dart: home-no-routine-neonMagenta-1.6x-synthetic
04:49 +1876: C:/Users/Atharva Patil/AppData/Local/Temp/gymlog-session-2-isolated-_7ofw15r/test/upgrade/session_2_acceptance_render_test.dart: library-no-routine-neonMagenta-1.6x-synthetic
04:50 +1877: C:/Users/Atharva Patil/AppData/Local/Temp/gymlog-session-2-isolated-_7ofw15r/test/upgrade/session_2_acceptance_render_test.dart: home-inactive-return-neonMagenta-1.6x-synthetic
04:50 +1878: C:/Users/Atharva Patil/AppData/Local/Temp/gymlog-session-2-isolated-_7ofw15r/test/upgrade/session_2_acceptance_render_test.dart: library-inactive-return-neonMagenta-1.6x-synthetic
04:50 +1879: C:/Users/Atharva Patil/AppData/Local/Temp/gymlog-session-2-isolated-_7ofw15r/test/upgrade/session_2_acceptance_render_test.dart: home-low-data-neonMagenta-1.6x-synthetic
04:50 +1880: C:/Users/Atharva Patil/AppData/Local/Temp/gymlog-session-2-isolated-_7ofw15r/test/upgrade/session_2_acceptance_render_test.dart: library-low-data-neonMagenta-1.6x-synthetic
04:51 +1881: C:/Users/Atharva Patil/AppData/Local/Temp/gymlog-session-2-isolated-_7ofw15r/test/upgrade/session_2_acceptance_render_test.dart: home-error-neonMagenta-1.6x-synthetic
04:51 +1882: C:/Users/Atharva Patil/AppData/Local/Temp/gymlog-session-2-isolated-_7ofw15r/test/upgrade/session_2_acceptance_render_test.dart: library-error-neonMagenta-1.6x-synthetic
04:51 +1883: C:/Users/Atharva Patil/AppData/Local/Temp/gymlog-session-2-isolated-_7ofw15r/test/upgrade/session_2_acceptance_render_test.dart: home-previous-error-neonMagenta-1.6x-synthetic
04:51 +1884: C:/Users/Atharva Patil/AppData/Local/Temp/gymlog-session-2-isolated-_7ofw15r/test/upgrade/session_2_acceptance_render_test.dart: library-previous-error-neonMagenta-1.6x-synthetic
04:52 +1885: C:/Users/Atharva Patil/AppData/Local/Temp/gymlog-session-2-isolated-_7ofw15r/test/upgrade/session_2_acceptance_render_test.dart: home-choice-error-neonMagenta-1.6x-synthetic
04:52 +1886: C:/Users/Atharva Patil/AppData/Local/Temp/gymlog-session-2-isolated-_7ofw15r/test/upgrade/session_2_acceptance_render_test.dart: library-choice-error-neonMagenta-1.6x-synthetic
04:52 +1887: C:/Users/Atharva Patil/AppData/Local/Temp/gymlog-session-2-isolated-_7ofw15r/test/upgrade/session_2_acceptance_render_test.dart: home-loading-neonMagenta-1.6x-synthetic
04:52 +1888: C:/Users/Atharva Patil/AppData/Local/Temp/gymlog-session-2-isolated-_7ofw15r/test/upgrade/session_2_acceptance_render_test.dart: library-loading-neonMagenta-1.6x-synthetic
04:52 +1889: C:/Users/Atharva Patil/AppData/Local/Temp/gymlog-session-2-isolated-_7ofw15r/test/upgrade/session_2_acceptance_render_test.dart: home-active-chosen-neonMagenta-1.6x-synthetic
04:53 +1890: C:/Users/Atharva Patil/AppData/Local/Temp/gymlog-session-2-isolated-_7ofw15r/test/upgrade/session_2_acceptance_render_test.dart: library-active-chosen-neonMagenta-1.6x-synthetic
04:53 +1891: C:/Users/Atharva Patil/AppData/Local/Temp/gymlog-session-2-isolated-_7ofw15r/test/upgrade/session_2_acceptance_render_test.dart: home-active-no-choice-neonMagenta-1.6x-synthetic
04:53 +1892: C:/Users/Atharva Patil/AppData/Local/Temp/gymlog-session-2-isolated-_7ofw15r/test/upgrade/session_2_acceptance_render_test.dart: library-active-no-choice-neonMagenta-1.6x-synthetic
04:53 +1893: C:/Users/Atharva Patil/AppData/Local/Temp/gymlog-session-2-isolated-_7ofw15r/test/upgrade/session_2_acceptance_render_test.dart: home-active-no-routine-neonMagenta-1.6x-synthetic
04:54 +1894: C:/Users/Atharva Patil/AppData/Local/Temp/gymlog-session-2-isolated-_7ofw15r/test/upgrade/session_2_acceptance_render_test.dart: library-active-no-routine-neonMagenta-1.6x-synthetic
04:54 +1895: C:/Users/Atharva Patil/AppData/Local/Temp/gymlog-session-2-isolated-_7ofw15r/test/upgrade/session_2_acceptance_render_test.dart: home-active-error-neonMagenta-1.6x-synthetic
04:54 +1896: C:/Users/Atharva Patil/AppData/Local/Temp/gymlog-session-2-isolated-_7ofw15r/test/upgrade/session_2_acceptance_render_test.dart: library-active-error-neonMagenta-1.6x-synthetic
04:54 +1897: C:/Users/Atharva Patil/AppData/Local/Temp/gymlog-session-2-isolated-_7ofw15r/test/upgrade/session_2_acceptance_render_test.dart: home-active-deleted-choice-neonMagenta-1.6x-synthetic
04:54 +1898: C:/Users/Atharva Patil/AppData/Local/Temp/gymlog-session-2-isolated-_7ofw15r/test/upgrade/session_2_acceptance_render_test.dart: library-active-deleted-choice-neonMagenta-1.6x-synthetic
04:55 +1899: C:/Users/Atharva Patil/AppData/Local/Temp/gymlog-session-2-isolated-_7ofw15r/test/upgrade/session_2_acceptance_render_test.dart: home-active-empty-choice-neonMagenta-1.6x-synthetic
04:55 +1900: C:/Users/Atharva Patil/AppData/Local/Temp/gymlog-session-2-isolated-_7ofw15r/test/upgrade/session_2_acceptance_render_test.dart: library-active-empty-choice-neonMagenta-1.6x-synthetic
04:55 +1901: C:/Users/Atharva Patil/AppData/Local/Temp/gymlog-session-2-isolated-_7ofw15r/test/upgrade/session_2_acceptance_render_test.dart: home-active-choice-error-neonMagenta-1.6x-synthetic
04:55 +1902: C:/Users/Atharva Patil/AppData/Local/Temp/gymlog-session-2-isolated-_7ofw15r/test/upgrade/session_2_acceptance_render_test.dart: library-active-choice-error-neonMagenta-1.6x-synthetic
04:55 +1903: C:/Users/Atharva Patil/AppData/Local/Temp/gymlog-session-2-isolated-_7ofw15r/test/upgrade/session_2_acceptance_render_test.dart: home-chosen-blazeOrange-1.0x-synthetic
04:57 +1904: C:/Users/Atharva Patil/AppData/Local/Temp/gymlog-session-2-isolated-_7ofw15r/test/upgrade/session_2_acceptance_render_test.dart: library-chosen-blazeOrange-1.0x-synthetic
04:57 +1905: C:/Users/Atharva Patil/AppData/Local/Temp/gymlog-session-2-isolated-_7ofw15r/test/upgrade/session_2_acceptance_render_test.dart: home-no-choice-blazeOrange-1.0x-synthetic
04:57 +1906: C:/Users/Atharva Patil/AppData/Local/Temp/gymlog-session-2-isolated-_7ofw15r/test/upgrade/session_2_acceptance_render_test.dart: library-no-choice-blazeOrange-1.0x-synthetic
04:58 +1907: C:/Users/Atharva Patil/AppData/Local/Temp/gymlog-session-2-isolated-_7ofw15r/test/upgrade/session_2_acceptance_render_test.dart: home-deleted-choice-blazeOrange-1.0x-synthetic
04:58 +1908: C:/Users/Atharva Patil/AppData/Local/Temp/gymlog-session-2-isolated-_7ofw15r/test/upgrade/session_2_acceptance_render_test.dart: library-deleted-choice-blazeOrange-1.0x-synthetic
04:58 +1909: C:/Users/Atharva Patil/AppData/Local/Temp/gymlog-session-2-isolated-_7ofw15r/test/upgrade/session_2_acceptance_render_test.dart: home-empty-choice-blazeOrange-1.0x-synthetic
04:58 +1910: C:/Users/Atharva Patil/AppData/Local/Temp/gymlog-session-2-isolated-_7ofw15r/test/upgrade/session_2_acceptance_render_test.dart: library-empty-choice-blazeOrange-1.0x-synthetic
04:59 +1911: C:/Users/Atharva Patil/AppData/Local/Temp/gymlog-session-2-isolated-_7ofw15r/test/upgrade/session_2_acceptance_render_test.dart: home-new-user-blazeOrange-1.0x-synthetic
04:59 +1912: C:/Users/Atharva Patil/AppData/Local/Temp/gymlog-session-2-isolated-_7ofw15r/test/upgrade/session_2_acceptance_render_test.dart: library-new-user-blazeOrange-1.0x-synthetic
04:59 +1913: C:/Users/Atharva Patil/AppData/Local/Temp/gymlog-session-2-isolated-_7ofw15r/test/upgrade/session_2_acceptance_render_test.dart: home-no-routine-blazeOrange-1.0x-synthetic
04:59 +1914: C:/Users/Atharva Patil/AppData/Local/Temp/gymlog-session-2-isolated-_7ofw15r/test/upgrade/session_2_acceptance_render_test.dart: library-no-routine-blazeOrange-1.0x-synthetic
04:59 +1915: C:/Users/Atharva Patil/AppData/Local/Temp/gymlog-session-2-isolated-_7ofw15r/test/upgrade/session_2_acceptance_render_test.dart: home-inactive-return-blazeOrange-1.0x-synthetic
05:00 +1916: C:/Users/Atharva Patil/AppData/Local/Temp/gymlog-session-2-isolated-_7ofw15r/test/upgrade/session_2_acceptance_render_test.dart: library-inactive-return-blazeOrange-1.0x-synthetic
05:00 +1917: C:/Users/Atharva Patil/AppData/Local/Temp/gymlog-session-2-isolated-_7ofw15r/test/upgrade/session_2_acceptance_render_test.dart: home-low-data-blazeOrange-1.0x-synthetic
05:00 +1918: C:/Users/Atharva Patil/AppData/Local/Temp/gymlog-session-2-isolated-_7ofw15r/test/upgrade/session_2_acceptance_render_test.dart: library-low-data-blazeOrange-1.0x-synthetic
05:00 +1919: C:/Users/Atharva Patil/AppData/Local/Temp/gymlog-session-2-isolated-_7ofw15r/test/upgrade/session_2_acceptance_render_test.dart: home-error-blazeOrange-1.0x-synthetic
05:00 +1920: C:/Users/Atharva Patil/AppData/Local/Temp/gymlog-session-2-isolated-_7ofw15r/test/upgrade/session_2_acceptance_render_test.dart: library-error-blazeOrange-1.0x-synthetic
05:01 +1921: C:/Users/Atharva Patil/AppData/Local/Temp/gymlog-session-2-isolated-_7ofw15r/test/upgrade/session_2_acceptance_render_test.dart: home-previous-error-blazeOrange-1.0x-synthetic
05:01 +1922: C:/Users/Atharva Patil/AppData/Local/Temp/gymlog-session-2-isolated-_7ofw15r/test/upgrade/session_2_acceptance_render_test.dart: library-previous-error-blazeOrange-1.0x-synthetic
05:01 +1923: C:/Users/Atharva Patil/AppData/Local/Temp/gymlog-session-2-isolated-_7ofw15r/test/upgrade/session_2_acceptance_render_test.dart: home-choice-error-blazeOrange-1.0x-synthetic
05:01 +1924: C:/Users/Atharva Patil/AppData/Local/Temp/gymlog-session-2-isolated-_7ofw15r/test/upgrade/session_2_acceptance_render_test.dart: library-choice-error-blazeOrange-1.0x-synthetic
05:02 +1925: C:/Users/Atharva Patil/AppData/Local/Temp/gymlog-session-2-isolated-_7ofw15r/test/upgrade/session_2_acceptance_render_test.dart: home-loading-blazeOrange-1.0x-synthetic
05:02 +1926: C:/Users/Atharva Patil/AppData/Local/Temp/gymlog-session-2-isolated-_7ofw15r/test/upgrade/session_2_acceptance_render_test.dart: library-loading-blazeOrange-1.0x-synthetic
05:02 +1927: C:/Users/Atharva Patil/AppData/Local/Temp/gymlog-session-2-isolated-_7ofw15r/test/upgrade/session_2_acceptance_render_test.dart: home-active-chosen-blazeOrange-1.0x-synthetic
05:02 +1928: C:/Users/Atharva Patil/AppData/Local/Temp/gymlog-session-2-isolated-_7ofw15r/test/upgrade/session_2_acceptance_render_test.dart: library-active-chosen-blazeOrange-1.0x-synthetic
05:03 +1929: C:/Users/Atharva Patil/AppData/Local/Temp/gymlog-session-2-isolated-_7ofw15r/test/upgrade/session_2_acceptance_render_test.dart: home-active-no-choice-blazeOrange-1.0x-synthetic
05:03 +1930: C:/Users/Atharva Patil/AppData/Local/Temp/gymlog-session-2-isolated-_7ofw15r/test/upgrade/session_2_acceptance_render_test.dart: library-active-no-choice-blazeOrange-1.0x-synthetic
05:03 +1931: C:/Users/Atharva Patil/AppData/Local/Temp/gymlog-session-2-isolated-_7ofw15r/test/upgrade/session_2_acceptance_render_test.dart: home-active-no-routine-blazeOrange-1.0x-synthetic
05:03 +1932: C:/Users/Atharva Patil/AppData/Local/Temp/gymlog-session-2-isolated-_7ofw15r/test/upgrade/session_2_acceptance_render_test.dart: library-active-no-routine-blazeOrange-1.0x-synthetic
05:03 +1933: C:/Users/Atharva Patil/AppData/Local/Temp/gymlog-session-2-isolated-_7ofw15r/test/upgrade/session_2_acceptance_render_test.dart: home-active-error-blazeOrange-1.0x-synthetic
05:04 +1934: C:/Users/Atharva Patil/AppData/Local/Temp/gymlog-session-2-isolated-_7ofw15r/test/upgrade/session_2_acceptance_render_test.dart: library-active-error-blazeOrange-1.0x-synthetic
05:04 +1935: C:/Users/Atharva Patil/AppData/Local/Temp/gymlog-session-2-isolated-_7ofw15r/test/upgrade/session_2_acceptance_render_test.dart: home-active-deleted-choice-blazeOrange-1.0x-synthetic
05:04 +1936: C:/Users/Atharva Patil/AppData/Local/Temp/gymlog-session-2-isolated-_7ofw15r/test/upgrade/session_2_acceptance_render_test.dart: library-active-deleted-choice-blazeOrange-1.0x-synthetic
05:04 +1937: C:/Users/Atharva Patil/AppData/Local/Temp/gymlog-session-2-isolated-_7ofw15r/test/upgrade/session_2_acceptance_render_test.dart: home-active-empty-choice-blazeOrange-1.0x-synthetic
05:04 +1938: C:/Users/Atharva Patil/AppData/Local/Temp/gymlog-session-2-isolated-_7ofw15r/test/upgrade/session_2_acceptance_render_test.dart: library-active-empty-choice-blazeOrange-1.0x-synthetic
05:05 +1939: C:/Users/Atharva Patil/AppData/Local/Temp/gymlog-session-2-isolated-_7ofw15r/test/upgrade/session_2_acceptance_render_test.dart: home-active-choice-error-blazeOrange-1.0x-synthetic
05:05 +1940: C:/Users/Atharva Patil/AppData/Local/Temp/gymlog-session-2-isolated-_7ofw15r/test/upgrade/session_2_acceptance_render_test.dart: library-active-choice-error-blazeOrange-1.0x-synthetic
05:05 +1941: C:/Users/Atharva Patil/AppData/Local/Temp/gymlog-session-2-isolated-_7ofw15r/test/upgrade/session_2_acceptance_render_test.dart: home-chosen-blazeOrange-1.6x-synthetic
05:06 +1942: C:/Users/Atharva Patil/AppData/Local/Temp/gymlog-session-2-isolated-_7ofw15r/test/upgrade/session_2_acceptance_render_test.dart: library-chosen-blazeOrange-1.6x-synthetic
05:07 +1943: C:/Users/Atharva Patil/AppData/Local/Temp/gymlog-session-2-isolated-_7ofw15r/test/upgrade/session_2_acceptance_render_test.dart: home-no-choice-blazeOrange-1.6x-synthetic
05:07 +1944: C:/Users/Atharva Patil/AppData/Local/Temp/gymlog-session-2-isolated-_7ofw15r/test/upgrade/session_2_acceptance_render_test.dart: library-no-choice-blazeOrange-1.6x-synthetic
05:07 +1945: C:/Users/Atharva Patil/AppData/Local/Temp/gymlog-session-2-isolated-_7ofw15r/test/upgrade/session_2_acceptance_render_test.dart: home-deleted-choice-blazeOrange-1.6x-synthetic
05:07 +1946: C:/Users/Atharva Patil/AppData/Local/Temp/gymlog-session-2-isolated-_7ofw15r/test/upgrade/session_2_acceptance_render_test.dart: library-deleted-choice-blazeOrange-1.6x-synthetic
05:08 +1947: C:/Users/Atharva Patil/AppData/Local/Temp/gymlog-session-2-isolated-_7ofw15r/test/upgrade/session_2_acceptance_render_test.dart: home-empty-choice-blazeOrange-1.6x-synthetic
05:08 +1948: C:/Users/Atharva Patil/AppData/Local/Temp/gymlog-session-2-isolated-_7ofw15r/test/upgrade/session_2_acceptance_render_test.dart: library-empty-choice-blazeOrange-1.6x-synthetic
05:08 +1949: C:/Users/Atharva Patil/AppData/Local/Temp/gymlog-session-2-isolated-_7ofw15r/test/upgrade/session_2_acceptance_render_test.dart: home-new-user-blazeOrange-1.6x-synthetic
05:09 +1950: C:/Users/Atharva Patil/AppData/Local/Temp/gymlog-session-2-isolated-_7ofw15r/test/upgrade/session_2_acceptance_render_test.dart: library-new-user-blazeOrange-1.6x-synthetic
05:09 +1951: C:/Users/Atharva Patil/AppData/Local/Temp/gymlog-session-2-isolated-_7ofw15r/test/upgrade/session_2_acceptance_render_test.dart: home-no-routine-blazeOrange-1.6x-synthetic
05:09 +1952: C:/Users/Atharva Patil/AppData/Local/Temp/gymlog-session-2-isolated-_7ofw15r/test/upgrade/session_2_acceptance_render_test.dart: library-no-routine-blazeOrange-1.6x-synthetic
05:09 +1953: C:/Users/Atharva Patil/AppData/Local/Temp/gymlog-session-2-isolated-_7ofw15r/test/upgrade/session_2_acceptance_render_test.dart: home-inactive-return-blazeOrange-1.6x-synthetic
05:09 +1954: C:/Users/Atharva Patil/AppData/Local/Temp/gymlog-session-2-isolated-_7ofw15r/test/upgrade/session_2_acceptance_render_test.dart: library-inactive-return-blazeOrange-1.6x-synthetic
05:10 +1955: C:/Users/Atharva Patil/AppData/Local/Temp/gymlog-session-2-isolated-_7ofw15r/test/upgrade/session_2_acceptance_render_test.dart: home-low-data-blazeOrange-1.6x-synthetic
05:10 +1956: C:/Users/Atharva Patil/AppData/Local/Temp/gymlog-session-2-isolated-_7ofw15r/test/upgrade/session_2_acceptance_render_test.dart: library-low-data-blazeOrange-1.6x-synthetic
05:10 +1957: C:/Users/Atharva Patil/AppData/Local/Temp/gymlog-session-2-isolated-_7ofw15r/test/upgrade/session_2_acceptance_render_test.dart: home-error-blazeOrange-1.6x-synthetic
05:10 +1958: C:/Users/Atharva Patil/AppData/Local/Temp/gymlog-session-2-isolated-_7ofw15r/test/upgrade/session_2_acceptance_render_test.dart: library-error-blazeOrange-1.6x-synthetic
05:10 +1959: C:/Users/Atharva Patil/AppData/Local/Temp/gymlog-session-2-isolated-_7ofw15r/test/upgrade/session_2_acceptance_render_test.dart: home-previous-error-blazeOrange-1.6x-synthetic
05:11 +1960: C:/Users/Atharva Patil/AppData/Local/Temp/gymlog-session-2-isolated-_7ofw15r/test/upgrade/session_2_acceptance_render_test.dart: library-previous-error-blazeOrange-1.6x-synthetic
05:11 +1961: C:/Users/Atharva Patil/AppData/Local/Temp/gymlog-session-2-isolated-_7ofw15r/test/upgrade/session_2_acceptance_render_test.dart: home-choice-error-blazeOrange-1.6x-synthetic
05:11 +1962: C:/Users/Atharva Patil/AppData/Local/Temp/gymlog-session-2-isolated-_7ofw15r/test/upgrade/session_2_acceptance_render_test.dart: library-choice-error-blazeOrange-1.6x-synthetic
05:11 +1963: C:/Users/Atharva Patil/AppData/Local/Temp/gymlog-session-2-isolated-_7ofw15r/test/upgrade/session_2_acceptance_render_test.dart: home-loading-blazeOrange-1.6x-synthetic
05:12 +1964: C:/Users/Atharva Patil/AppData/Local/Temp/gymlog-session-2-isolated-_7ofw15r/test/upgrade/session_2_acceptance_render_test.dart: library-loading-blazeOrange-1.6x-synthetic
05:12 +1965: C:/Users/Atharva Patil/AppData/Local/Temp/gymlog-session-2-isolated-_7ofw15r/test/upgrade/session_2_acceptance_render_test.dart: home-active-chosen-blazeOrange-1.6x-synthetic
05:12 +1966: C:/Users/Atharva Patil/AppData/Local/Temp/gymlog-session-2-isolated-_7ofw15r/test/upgrade/session_2_acceptance_render_test.dart: library-active-chosen-blazeOrange-1.6x-synthetic
05:12 +1967: C:/Users/Atharva Patil/AppData/Local/Temp/gymlog-session-2-isolated-_7ofw15r/test/upgrade/session_2_acceptance_render_test.dart: home-active-no-choice-blazeOrange-1.6x-synthetic
05:12 +1968: C:/Users/Atharva Patil/AppData/Local/Temp/gymlog-session-2-isolated-_7ofw15r/test/upgrade/session_2_acceptance_render_test.dart: library-active-no-choice-blazeOrange-1.6x-synthetic
05:13 +1969: C:/Users/Atharva Patil/AppData/Local/Temp/gymlog-session-2-isolated-_7ofw15r/test/upgrade/session_2_acceptance_render_test.dart: home-active-no-routine-blazeOrange-1.6x-synthetic
05:13 +1970: C:/Users/Atharva Patil/AppData/Local/Temp/gymlog-session-2-isolated-_7ofw15r/test/upgrade/session_2_acceptance_render_test.dart: library-active-no-routine-blazeOrange-1.6x-synthetic
05:13 +1971: C:/Users/Atharva Patil/AppData/Local/Temp/gymlog-session-2-isolated-_7ofw15r/test/upgrade/session_2_acceptance_render_test.dart: home-active-error-blazeOrange-1.6x-synthetic
05:13 +1972: C:/Users/Atharva Patil/AppData/Local/Temp/gymlog-session-2-isolated-_7ofw15r/test/upgrade/session_2_acceptance_render_test.dart: library-active-error-blazeOrange-1.6x-synthetic
05:13 +1973: C:/Users/Atharva Patil/AppData/Local/Temp/gymlog-session-2-isolated-_7ofw15r/test/upgrade/session_2_acceptance_render_test.dart: home-active-deleted-choice-blazeOrange-1.6x-synthetic
05:14 +1974: C:/Users/Atharva Patil/AppData/Local/Temp/gymlog-session-2-isolated-_7ofw15r/test/upgrade/session_2_acceptance_render_test.dart: library-active-deleted-choice-blazeOrange-1.6x-synthetic
05:14 +1975: C:/Users/Atharva Patil/AppData/Local/Temp/gymlog-session-2-isolated-_7ofw15r/test/upgrade/session_2_acceptance_render_test.dart: home-active-empty-choice-blazeOrange-1.6x-synthetic
05:14 +1976: C:/Users/Atharva Patil/AppData/Local/Temp/gymlog-session-2-isolated-_7ofw15r/test/upgrade/session_2_acceptance_render_test.dart: library-active-empty-choice-blazeOrange-1.6x-synthetic
05:14 +1977: C:/Users/Atharva Patil/AppData/Local/Temp/gymlog-session-2-isolated-_7ofw15r/test/upgrade/session_2_acceptance_render_test.dart: home-active-choice-error-blazeOrange-1.6x-synthetic
05:15 +1978: C:/Users/Atharva Patil/AppData/Local/Temp/gymlog-session-2-isolated-_7ofw15r/test/upgrade/session_2_acceptance_render_test.dart: library-active-choice-error-blazeOrange-1.6x-synthetic
05:15 +1979: C:/Users/Atharva Patil/AppData/Local/Temp/gymlog-session-2-isolated-_7ofw15r/test/upgrade/session_2_acceptance_render_test.dart: (tearDownAll)
05:15 +1979: All tests passed!

âœ… verify passed - desired state is mechanically confirmed.
