
â–¸ check inline GoogleFonts

â–¸ check non-semantic AppColors in migrated screens
â–¸ format
Formatted 383 files (0 changed) in 2.67 seconds.

â–¸ analyze
Analyzing gymlog...                                             
No issues found! (ran in 21.7s)

â–¸ custom_lint
Analyzing...

No issues found!

â–¸ test
00:00 +0: loading C:/Users/Atharva Patil/Documents/projects/gymlog/test/a11y_wrapper_single_node_test.dart
00:00 +0: C:/Users/Atharva Patil/Documents/projects/gymlog/test/a11y_wrapper_single_node_test.dart: ProLockPill publishes a single semantic node with its label
00:01 +1: C:/Users/Atharva Patil/Documents/projects/gymlog/test/accessibility_atomic_12_test.dart: ATOMIC-12 Accessibility & Screen-Reader Qualification SetRow renders single coherent semantic label with custom actions
00:01 +2: C:/Users/Atharva Patil/Documents/projects/gymlog/test/accessibility_atomic_12_test.dart: ATOMIC-12 Accessibility & Screen-Reader Qualification SetRow renders single coherent semantic label with custom actions
00:01 +3: C:/Users/Atharva Patil/Documents/projects/gymlog/test/accessibility_atomic_12_test.dart: ATOMIC-12 Accessibility & Screen-Reader Qualification SetRow renders single coherent semantic label with custom actions
00:01 +4: C:/Users/Atharva Patil/Documents/projects/gymlog/test/accessibility_atomic_12_test.dart: ATOMIC-12 Accessibility & Screen-Reader Qualification SetRow renders single coherent semantic label with custom actions
00:02 +5: C:/Users/Atharva Patil/Documents/projects/gymlog/test/accessibility_core_journey_test.dart: SetRow interactive elements meet 48dp touch target requirements
00:02 +6: C:/Users/Atharva Patil/Documents/projects/gymlog/test/accessibility_core_journey_test.dart: SetRow interactive elements meet 48dp touch target requirements
00:02 +7: C:/Users/Atharva Patil/Documents/projects/gymlog/test/accessibility_core_journey_test.dart: SetRow interactive elements meet 48dp touch target requirements
00:03 +8: C:/Users/Atharva Patil/Documents/projects/gymlog/test/accessibility_core_journey_test.dart: SetRow interactive elements meet 48dp touch target requirements
00:03 +9: C:/Users/Atharva Patil/Documents/projects/gymlog/test/accessibility_core_journey_test.dart: SetRow interactive elements meet 48dp touch target requirements
00:03 +10: C:/Users/Atharva Patil/Documents/projects/gymlog/test/accessibility_core_journey_test.dart: SetRow interactive elements meet 48dp touch target requirements
00:03 +11: C:/Users/Atharva Patil/Documents/projects/gymlog/test/accessibility_target_size_test.dart: _FilterChipButton in ExerciseSelectionScreen is at least 48dp tall
00:03 +11: C:/Users/Atharva Patil/Documents/projects/gymlog/test/accessibility_core_journey_test.dart: RestOverrideChip meets 48dp touch target requirements
WARNING (drift): It looks like you've created the database class AppDatabase multiple times. When these two databases use the same QueryExecutor, race conditions will occur and might corrupt the database. 
Try to follow the advice at https://drift.simonbinder.eu/faq/#using-the-database or, if you know what you're doing, set driftRuntimeOptions.dontWarnAboutMultipleDatabases = true
Here is the stacktrace from when the database was opened a second time:
#0      GeneratedDatabase._handleInstantiated (package:drift/src/runtime/api/db_base.dart:96:30)
#1      GeneratedDatabase._whenConstructed (package:drift/src/runtime/api/db_base.dart:73:12)
#2      new GeneratedDatabase (package:drift/src/runtime/api/db_base.dart:64:5)
#3      new _$AppDatabase (package:gymlog/core/database/database.g.dart:4170:36)
#4      new AppDatabase.forTesting (package:gymlog/core/database/database.dart)
#5      main.<anonymous closure> (file:///C:/Users/Atharva%20Patil/Documents/projects/gymlog/test/accessibility_core_journey_test.dart:41:22)
#6      Declarer._runSetUps.<anonymous closure> (package:test_api/src/backend/declarer.dart:439:61)
#7      Future.forEach.<anonymous closure> (dart:async/future.dart:674:26)
#8      Future.doWhile.<anonymous closure> (dart:async/future.dart:732:26)
#9      StackZoneSpecification._registerUnaryCallback.<anonymous closure>.<anonymous closure> (package:stack_trace/src/stack_zone_specification.dart:127:36)
#10     StackZoneSpecification._run (package:stack_trace/src/stack_zone_specification.dart:207:15)
#11     StackZoneSpecification._registerUnaryCallback.<anonymous closure> (package:stack_trace/src/stack_zone_specification.dart:127:24)
#12     _rootRunUnary (dart:async/zone_root.dart:48:47)
#13     _CustomZone.runUnary (dart:async/zone.dart:733:19)
#14     _CustomZone.runUnaryGuarded (dart:async/zone.dart:633:7)
#15     _CustomZone.bindUnaryCallbackGuarded.<anonymous closure> (dart:async/zone.dart:671:26)
#16     Future.doWhile (dart:async/future.dart:749:18)
#17     Future.forEach (dart:async/future.dart:672:12)
#18     Declarer._runSetUps (package:test_api/src/backend/declarer.dart:439:18)
#19     Declarer.test.<anonymous closure>.<anonymous closure> (package:test_api/src/backend/declarer.dart:252:21)
#20     _rootRun (dart:async/zone_root.dart:35:13)
#21     _CustomZone.run (dart:async/zone.dart:726:19)
#22     _runZoned (dart:async/zone_api.dart:166:6)
#23     runZoned (dart:async/zone_api.dart:92:10)
#24     Declarer.test.<anonymous closure> (package:test_api/src/backend/declarer.dart:250:17)
#25     Invoker._waitForOutstandingCallbacks.<anonymous closure> (package:test_api/src/backend/invoker.dart:318:17)
#26     _rootRun (dart:async/zone_root.dart:35:13)
#27     _CustomZone.run (dart:async/zone.dart:726:19)
#28     _runZoned (dart:async/zone_api.dart:166:6)
#29     runZoned (dart:async/zone_api.dart:92:10)
#30     Invoker._waitForOutstandingCallbacks (package:test_api/src/backend/invoker.dart:314:5)
#31     Invoker._onRun.<anonymous closure>.<anonymous closure>.<anonymous closure> (package:test_api/src/backend/invoker.dart:457:21)
<asynchronous suspension>
This warning will only appear on debug builds.
00:03 +12: C:/Users/Atharva Patil/Documents/projects/gymlog/test/accessibility_target_size_test.dart: _FilterChipButton in ExerciseSelectionScreen is at least 48dp tall
00:04 +12: C:/Users/Atharva Patil/Documents/projects/gymlog/test/accessibility_core_journey_test.dart: RestOverride sheet elements meet 48dp touch target requirements
WARNING (drift): It looks like you've created the database class AppDatabase multiple times. When these two databases use the same QueryExecutor, race conditions will occur and might corrupt the database. 
Try to follow the advice at https://drift.simonbinder.eu/faq/#using-the-database or, if you know what you're doing, set driftRuntimeOptions.dontWarnAboutMultipleDatabases = true
Here is the stacktrace from when the database was opened a second time:
#0      GeneratedDatabase._handleInstantiated (package:drift/src/runtime/api/db_base.dart:96:30)
#1      GeneratedDatabase._whenConstructed (package:drift/src/runtime/api/db_base.dart:73:12)
#2      new GeneratedDatabase (package:drift/src/runtime/api/db_base.dart:64:5)
#3      new _$AppDatabase (package:gymlog/core/database/database.g.dart:4170:36)
#4      new AppDatabase.forTesting (package:gymlog/core/database/database.dart)
#5      main.<anonymous closure> (file:///C:/Users/Atharva%20Patil/Documents/projects/gymlog/test/accessibility_core_journey_test.dart:41:22)
#6      Declarer._runSetUps.<anonymous closure> (package:test_api/src/backend/declarer.dart:439:61)
#7      Future.forEach.<anonymous closure> (dart:async/future.dart:674:26)
#8      Future.doWhile.<anonymous closure> (dart:async/future.dart:732:26)
#9      StackZoneSpecification._registerUnaryCallback.<anonymous closure>.<anonymous closure> (package:stack_trace/src/stack_zone_specification.dart:127:36)
#10     StackZoneSpecification._run (package:stack_trace/src/stack_zone_specification.dart:207:15)
#11     StackZoneSpecification._registerUnaryCallback.<anonymous closure> (package:stack_trace/src/stack_zone_specification.dart:127:24)
#12     _rootRunUnary (dart:async/zone_root.dart:48:47)
#13     _CustomZone.runUnary (dart:async/zone.dart:733:19)
#14     _CustomZone.runUnaryGuarded (dart:async/zone.dart:633:7)
#15     _CustomZone.bindUnaryCallbackGuarded.<anonymous closure> (dart:async/zone.dart:671:26)
#16     Future.doWhile (dart:async/future.dart:749:18)
#17     Future.forEach (dart:async/future.dart:672:12)
#18     Declarer._runSetUps (package:test_api/src/backend/declarer.dart:439:18)
#19     Declarer.test.<anonymous closure>.<anonymous closure> (package:test_api/src/backend/declarer.dart:252:21)
#20     _rootRun (dart:async/zone_root.dart:35:13)
#21     _CustomZone.run (dart:async/zone.dart:726:19)
#22     _runZoned (dart:async/zone_api.dart:166:6)
#23     runZoned (dart:async/zone_api.dart:92:10)
#24     Declarer.test.<anonymous closure> (package:test_api/src/backend/declarer.dart:250:17)
#25     Invoker._waitForOutstandingCallbacks.<anonymous closure> (package:test_api/src/backend/invoker.dart:318:17)
#26     _rootRun (dart:async/zone_root.dart:35:13)
#27     _CustomZone.run (dart:async/zone.dart:726:19)
#28     _runZoned (dart:async/zone_api.dart:166:6)
#29     runZoned (dart:async/zone_api.dart:92:10)
#30     Invoker._waitForOutstandingCallbacks (package:test_api/src/backend/invoker.dart:314:5)
#31     Invoker._onRun.<anonymous closure>.<anonymous closure>.<anonymous closure> (package:test_api/src/backend/invoker.dart:457:21)
<asynchronous suspension>
This warning will only appear on debug builds.
00:04 +13: C:/Users/Atharva Patil/Documents/projects/gymlog/test/accessibility_target_size_test.dart: _FilterChipButton in ExerciseSelectionScreen is at least 48dp tall
00:04 +13: C:/Users/Atharva Patil/Documents/projects/gymlog/test/accessibility_core_journey_test.dart: RestTimerBar action buttons meet 48dp height requirement
WARNING (drift): It looks like you've created the database class AppDatabase multiple times. When these two databases use the same QueryExecutor, race conditions will occur and might corrupt the database. 
Try to follow the advice at https://drift.simonbinder.eu/faq/#using-the-database or, if you know what you're doing, set driftRuntimeOptions.dontWarnAboutMultipleDatabases = true
Here is the stacktrace from when the database was opened a second time:
#0      GeneratedDatabase._handleInstantiated (package:drift/src/runtime/api/db_base.dart:96:30)
#1      GeneratedDatabase._whenConstructed (package:drift/src/runtime/api/db_base.dart:73:12)
#2      new GeneratedDatabase (package:drift/src/runtime/api/db_base.dart:64:5)
#3      new _$AppDatabase (package:gymlog/core/database/database.g.dart:4170:36)
#4      new AppDatabase.forTesting (package:gymlog/core/database/database.dart)
#5      main.<anonymous closure> (file:///C:/Users/Atharva%20Patil/Documents/projects/gymlog/test/accessibility_core_journey_test.dart:41:22)
#6      Declarer._runSetUps.<anonymous closure> (package:test_api/src/backend/declarer.dart:439:61)
#7      Future.forEach.<anonymous closure> (dart:async/future.dart:674:26)
#8      Future.doWhile.<anonymous closure> (dart:async/future.dart:732:26)
#9      StackZoneSpecification._registerUnaryCallback.<anonymous closure>.<anonymous closure> (package:stack_trace/src/stack_zone_specification.dart:127:36)
#10     StackZoneSpecification._run (package:stack_trace/src/stack_zone_specification.dart:207:15)
#11     StackZoneSpecification._registerUnaryCallback.<anonymous closure> (package:stack_trace/src/stack_zone_specification.dart:127:24)
#12     _rootRunUnary (dart:async/zone_root.dart:48:47)
#13     _CustomZone.runUnary (dart:async/zone.dart:733:19)
#14     _CustomZone.runUnaryGuarded (dart:async/zone.dart:633:7)
#15     _CustomZone.bindUnaryCallbackGuarded.<anonymous closure> (dart:async/zone.dart:671:26)
#16     Future.doWhile (dart:async/future.dart:749:18)
#17     Future.forEach (dart:async/future.dart:672:12)
#18     Declarer._runSetUps (package:test_api/src/backend/declarer.dart:439:18)
#19     Declarer.test.<anonymous closure>.<anonymous closure> (package:test_api/src/backend/declarer.dart:252:21)
#20     _rootRun (dart:async/zone_root.dart:35:13)
#21     _CustomZone.run (dart:async/zone.dart:726:19)
#22     _runZoned (dart:async/zone_api.dart:166:6)
#23     runZoned (dart:async/zone_api.dart:92:10)
#24     Declarer.test.<anonymous closure> (package:test_api/src/backend/declarer.dart:250:17)
#25     Invoker._waitForOutstandingCallbacks.<anonymous closure> (package:test_api/src/backend/invoker.dart:318:17)
#26     _rootRun (dart:async/zone_root.dart:35:13)
#27     _CustomZone.run (dart:async/zone.dart:726:19)
#28     _runZoned (dart:async/zone_api.dart:166:6)
#29     runZoned (dart:async/zone_api.dart:92:10)
#30     Invoker._waitForOutstandingCallbacks (package:test_api/src/backend/invoker.dart:314:5)
#31     Invoker._onRun.<anonymous closure>.<anonymous closure>.<anonymous closure> (package:test_api/src/backend/invoker.dart:457:21)
<asynchronous suspension>
This warning will only appear on debug builds.
00:04 +14: C:/Users/Atharva Patil/Documents/projects/gymlog/test/accessibility_target_size_test.dart: _FilterChipButton in ExerciseSelectionScreen is at least 48dp tall
00:04 +15: C:/Users/Atharva Patil/Documents/projects/gymlog/test/active_workout_atomic_03_test.dart: ATOMIC-03 Active Workout & Card Geometry Suite 1. CompactRestChip visual height 34 & intrinsic width
00:04 +15: C:/Users/Atharva Patil/Documents/projects/gymlog/test/accessibility_core_journey_test.dart: ActiveWorkoutScreen renders correctly at 200% text scale without overflow
WARNING (drift): It looks like you've created the database class AppDatabase multiple times. When these two databases use the same QueryExecutor, race conditions will occur and might corrupt the database. 
Try to follow the advice at https://drift.simonbinder.eu/faq/#using-the-database or, if you know what you're doing, set driftRuntimeOptions.dontWarnAboutMultipleDatabases = true
Here is the stacktrace from when the database was opened a second time:
#0      GeneratedDatabase._handleInstantiated (package:drift/src/runtime/api/db_base.dart:96:30)
#1      GeneratedDatabase._whenConstructed (package:drift/src/runtime/api/db_base.dart:73:12)
#2      new GeneratedDatabase (package:drift/src/runtime/api/db_base.dart:64:5)
#3      new _$AppDatabase (package:gymlog/core/database/database.g.dart:4170:36)
#4      new AppDatabase.forTesting (package:gymlog/core/database/database.dart)
#5      main.<anonymous closure> (file:///C:/Users/Atharva%20Patil/Documents/projects/gymlog/test/accessibility_core_journey_test.dart:41:22)
#6      Declarer._runSetUps.<anonymous closure> (package:test_api/src/backend/declarer.dart:439:61)
#7      Future.forEach.<anonymous closure> (dart:async/future.dart:674:26)
#8      Future.doWhile.<anonymous closure> (dart:async/future.dart:732:26)
#9      StackZoneSpecification._registerUnaryCallback.<anonymous closure>.<anonymous closure> (package:stack_trace/src/stack_zone_specification.dart:127:36)
#10     StackZoneSpecification._run (package:stack_trace/src/stack_zone_specification.dart:207:15)
#11     StackZoneSpecification._registerUnaryCallback.<anonymous closure> (package:stack_trace/src/stack_zone_specification.dart:127:24)
#12     _rootRunUnary (dart:async/zone_root.dart:48:47)
#13     _CustomZone.runUnary (dart:async/zone.dart:733:19)
#14     _CustomZone.runUnaryGuarded (dart:async/zone.dart:633:7)
#15     _CustomZone.bindUnaryCallbackGuarded.<anonymous closure> (dart:async/zone.dart:671:26)
#16     Future.doWhile (dart:async/future.dart:749:18)
#17     Future.forEach (dart:async/future.dart:672:12)
#18     Declarer._runSetUps (package:test_api/src/backend/declarer.dart:439:18)
#19     Declarer.test.<anonymous closure>.<anonymous closure> (package:test_api/src/backend/declarer.dart:252:21)
#20     _rootRun (dart:async/zone_root.dart:35:13)
#21     _CustomZone.run (dart:async/zone.dart:726:19)
#22     _runZoned (dart:async/zone_api.dart:166:6)
#23     runZoned (dart:async/zone_api.dart:92:10)
#24     Declarer.test.<anonymous closure> (package:test_api/src/backend/declarer.dart:250:17)
#25     Invoker._waitForOutstandingCallbacks.<anonymous closure> (package:test_api/src/backend/invoker.dart:318:17)
#26     _rootRun (dart:async/zone_root.dart:35:13)
#27     _CustomZone.run (dart:async/zone.dart:726:19)
#28     _runZoned (dart:async/zone_api.dart:166:6)
#29     runZoned (dart:async/zone_api.dart:92:10)
#30     Invoker._waitForOutstandingCallbacks (package:test_api/src/backend/invoker.dart:314:5)
#31     Invoker._onRun.<anonymous closure>.<anonymous closure>.<anonymous closure> (package:test_api/src/backend/invoker.dart:457:21)
<asynchronous suspension>
This warning will only appear on debug builds.
00:04 +16: C:/Users/Atharva Patil/Documents/projects/gymlog/test/active_workout_atomic_03_test.dart: ATOMIC-03 Active Workout & Card Geometry Suite 1. CompactRestChip visual height 34 & intrinsic width
00:04 +17: C:/Users/Atharva Patil/Documents/projects/gymlog/test/accessibility_target_size_test.dart: Legal links in AuthScreen flow inline and expose link semantics
00:04 +18: C:/Users/Atharva Patil/Documents/projects/gymlog/test/accessibility_target_size_test.dart: Legal links in AuthScreen flow inline and expose link semantics
00:04 +19: C:/Users/Atharva Patil/Documents/projects/gymlog/test/active_workout_atomic_03_test.dart: ATOMIC-03 Active Workout & Card Geometry Suite 3. SetRow cells have minHeight 48 and SetRow minHeight 56
00:04 +20: C:/Users/Atharva Patil/Documents/projects/gymlog/test/active_workout_atomic_04_test.dart: ATOMIC-04 Reversible Deletion & Replacement Policy Suite 1. deletion returns complete snapshot
00:05 +21: C:/Users/Atharva Patil/Documents/projects/gymlog/test/active_workout_atomic_04_test.dart: ATOMIC-04 Reversible Deletion & Replacement Policy Suite 1. deletion returns complete snapshot
00:05 +22: C:/Users/Atharva Patil/Documents/projects/gymlog/test/active_workout_atomic_03_test.dart: ATOMIC-03 Active Workout & Card Geometry Suite 5. showAppSnackBar renders floating snackbar with radius 14
00:05 +23: C:/Users/Atharva Patil/Documents/projects/gymlog/test/active_workout_atomic_03_test.dart: ATOMIC-03 Active Workout & Card Geometry Suite 5. showAppSnackBar renders floating snackbar with radius 14
00:05 +24: C:/Users/Atharva Patil/Documents/projects/gymlog/test/active_workout_atomic_03_test.dart: ATOMIC-03 Active Workout & Card Geometry Suite 5. showAppSnackBar renders floating snackbar with radius 14
00:05 +25: C:/Users/Atharva Patil/Documents/projects/gymlog/test/active_workout_atomic_03_test.dart: ATOMIC-03 Active Workout & Card Geometry Suite 5. showAppSnackBar renders floating snackbar with radius 14
00:05 +26: C:/Users/Atharva Patil/Documents/projects/gymlog/test/active_workout_atomic_03_test.dart: ATOMIC-03 Active Workout & Card Geometry Suite 5. showAppSnackBar renders floating snackbar with radius 14
00:05 +27: C:/Users/Atharva Patil/Documents/projects/gymlog/test/active_workout_atomic_03_test.dart: ATOMIC-03 Active Workout & Card Geometry Suite 5. showAppSnackBar renders floating snackbar with radius 14
00:05 +28: C:/Users/Atharva Patil/Documents/projects/gymlog/test/active_workout_atomic_03_test.dart: ATOMIC-03 Active Workout & Card Geometry Suite 5. showAppSnackBar renders floating snackbar with radius 14
00:05 +29: C:/Users/Atharva Patil/Documents/projects/gymlog/test/active_workout_atomic_04_test.dart: ATOMIC-04 Reversible Deletion & Replacement Policy Suite 7. clear resets values
00:05 +30: C:/Users/Atharva Patil/Documents/projects/gymlog/test/active_workout_atomic_03_test.dart: ATOMIC-03 Active Workout & Card Geometry Suite 6. showAppSnackBar clears rest timer bar offset when active
00:05 +31: C:/Users/Atharva Patil/Documents/projects/gymlog/test/active_workout_atomic_03_test.dart: ATOMIC-03 Active Workout & Card Geometry Suite 6. showAppSnackBar clears rest timer bar offset when active
00:05 +32: C:/Users/Atharva Patil/Documents/projects/gymlog/test/active_workout_atomic_03_test.dart: ATOMIC-03 Active Workout & Card Geometry Suite 6. showAppSnackBar clears rest timer bar offset when active
00:06 +33: C:/Users/Atharva Patil/Documents/projects/gymlog/test/active_workout_draft_upgrade_test.dart: ATOMIC-RC3-05 Workout Draft and Routine Upgrades 1. WorkoutDraftStore upgrades legacy exercises via name inference on parse
00:06 +34: C:/Users/Atharva Patil/Documents/projects/gymlog/test/active_workout_draft_upgrade_test.dart: ATOMIC-RC3-05 Workout Draft and Routine Upgrades 2. ActiveWorkoutNotifier resumeDraft upgrades draft against database metadata
00:06 +35: C:/Users/Atharva Patil/Documents/projects/gymlog/test/active_workout_header_test.dart: ActiveWorkoutHeader normal layout renders elapsed time once at 1.0x
00:07 +36: C:/Users/Atharva Patil/Documents/projects/gymlog/test/active_workout_large_text_test.dart: ActiveWorkout large-text header pumps at 390x844 1.0x
00:07 +37: C:/Users/Atharva Patil/Documents/projects/gymlog/test/active_workout_large_text_test.dart: ActiveWorkout large-text header pumps at 390x844 1.0x
00:07 +38: C:/Users/Atharva Patil/Documents/projects/gymlog/test/active_workout_large_text_test.dart: ActiveWorkout large-text header pumps at 390x844 1.0x
00:07 +39: C:/Users/Atharva Patil/Documents/projects/gymlog/test/active_workout_large_text_test.dart: ActiveWorkout large-text header pumps at 390x844 1.0x
00:07 +40: C:/Users/Atharva Patil/Documents/projects/gymlog/test/active_workout_large_text_test.dart: ActiveWorkout large-text header pumps at 390x844 1.0x
00:07 +41: C:/Users/Atharva Patil/Documents/projects/gymlog/test/active_workout_large_text_test.dart: ActiveWorkout large-text header pumps at 390x844 1.0x
00:07 +42: C:/Users/Atharva Patil/Documents/projects/gymlog/test/active_workout_large_text_test.dart: ActiveWorkout large-text header pumps at 390x844 1.0x
00:07 +43: C:/Users/Atharva Patil/Documents/projects/gymlog/test/active_workout_large_text_test.dart: ActiveWorkout large-text header pumps at 390x844 1.0x
00:07 +44: C:/Users/Atharva Patil/Documents/projects/gymlog/test/active_workout_large_text_test.dart: ActiveWorkout large-text header pumps at 390x844 1.0x
00:07 +45: C:/Users/Atharva Patil/Documents/projects/gymlog/test/active_workout_large_text_test.dart: ActiveWorkout large-text header pumps at 390x844 1.0x
00:07 +46: C:/Users/Atharva Patil/Documents/projects/gymlog/test/active_workout_large_text_test.dart: ActiveWorkout large-text header pumps at 390x844 1.0x
00:07 +47: C:/Users/Atharva Patil/Documents/projects/gymlog/test/active_workout_large_text_test.dart: ActiveWorkout large-text header pumps at 390x844 1.0x
00:07 +48: C:/Users/Atharva Patil/Documents/projects/gymlog/test/active_workout_large_text_test.dart: ActiveWorkout large-text header pumps at 390x844 1.0x
00:07 +49: C:/Users/Atharva Patil/Documents/projects/gymlog/test/active_workout_large_text_test.dart: ActiveWorkout large-text header pumps at 390x844 1.0x
00:07 +50: C:/Users/Atharva Patil/Documents/projects/gymlog/test/active_workout_large_text_test.dart: ActiveWorkout large-text header pumps at 390x844 1.0x
00:07 +51: C:/Users/Atharva Patil/Documents/projects/gymlog/test/active_workout_large_text_test.dart: ActiveWorkout large-text header pumps at 390x844 1.0x
00:07 +52: C:/Users/Atharva Patil/Documents/projects/gymlog/test/active_workout_large_text_test.dart: ActiveWorkout large-text header pumps at 390x844 1.0x
00:07 +53: C:/Users/Atharva Patil/Documents/projects/gymlog/test/active_workout_large_text_test.dart: ActiveWorkout large-text header pumps at 390x844 1.0x
00:07 +54: C:/Users/Atharva Patil/Documents/projects/gymlog/test/active_workout_large_text_test.dart: ActiveWorkout large-text header pumps at 390x844 1.0x
00:08 +55: C:/Users/Atharva Patil/Documents/projects/gymlog/test/active_workout_large_text_test.dart: ActiveWorkout large-text header pumps at 390x844 1.0x
00:08 +56: C:/Users/Atharva Patil/Documents/projects/gymlog/test/active_workout_minimize_test.dart: ActiveWorkoutScreen minimize handle has tap gesture, semantics and pops router
00:08 +57: C:/Users/Atharva Patil/Documents/projects/gymlog/test/active_workout_minimize_test.dart: ActiveWorkoutScreen minimize handle has tap gesture, semantics and pops router
00:08 +58: C:/Users/Atharva Patil/Documents/projects/gymlog/test/active_workout_minimize_test.dart: ActiveWorkoutScreen minimize handle has tap gesture, semantics and pops router
00:09 +59: C:/Users/Atharva Patil/Documents/projects/gymlog/test/active_workout_minimize_test.dart: ActiveWorkoutScreen minimize handle has tap gesture, semantics and pops router
00:09 +59: C:/Users/Atharva Patil/Documents/projects/gymlog/test/active_workout_persistence_fail_closed_test.dart: ATOMIC-RC3-01 Persistence Fail Closed Suite 1. Transaction failure retains state and draft
[finishWorkout] transaction failed: Exception: Simulated database write error
00:09 +60: C:/Users/Atharva Patil/Documents/projects/gymlog/test/active_workout_minimize_test.dart: ActiveWorkoutScreen minimize handle has tap gesture, semantics and pops router
00:09 +61: C:/Users/Atharva Patil/Documents/projects/gymlog/test/active_workout_minimize_test.dart: ActiveWorkoutScreen minimize handle has tap gesture, semantics and pops router
00:09 +61: C:/Users/Atharva Patil/Documents/projects/gymlog/test/active_workout_persistence_fail_closed_test.dart: ATOMIC-RC3-01 Persistence Fail Closed Suite 3. Edited-workout failure retains state
[saveEditedWorkout] transaction failed: Exception: Simulated database edit error
00:09 +62: C:/Users/Atharva Patil/Documents/projects/gymlog/test/active_workout_minimize_test.dart: ActiveWorkoutScreen minimize handle has tap gesture, semantics and pops router
00:09 +63: C:/Users/Atharva Patil/Documents/projects/gymlog/test/active_workout_minimize_test.dart: ActiveWorkoutScreen minimize handle has tap gesture, semantics and pops router
00:09 +64: C:/Users/Atharva Patil/Documents/projects/gymlog/test/active_workout_minimize_test.dart: ActiveWorkoutScreen minimize handle has tap gesture, semantics and pops router
00:09 +65: C:/Users/Atharva Patil/Documents/projects/gymlog/test/active_workout_minimize_test.dart: ActiveWorkoutScreen minimize handle has tap gesture, semantics and pops router
00:09 +66: C:/Users/Atharva Patil/Documents/projects/gymlog/test/active_workout_minimize_test.dart: ActiveWorkoutScreen minimize handle has tap gesture, semantics and pops router
00:10 +67: C:/Users/Atharva Patil/Documents/projects/gymlog/test/active_workout_set_row_test.dart: PREVIOUS column shows "15kg x 12" when prior data exists
00:11 +67: C:/Users/Atharva Patil/Documents/projects/gymlog/test/active_workout_start_test.dart: startWorkout backfills unique ids for exercises passed without one
[WorkoutDraftStore] save failed: Binding has not yet been initialized.
The "instance" getter on the ServicesBinding binding mixin is only available once that binding has been initialized.
Typically, this is done by calling "WidgetsFlutterBinding.ensureInitialized()" or "runApp()" (the latter calls the former). Typically this call is done in the "void main()" method. The "ensureInitialized" method is idempotent; calling it multiple times is not harmful. After calling that method, the "instance" getter will return the binding.
In a test, one can call "TestWidgetsFlutterBinding.ensureInitialized()" as the first line in the test's "main()" method to initialize the binding.
If ServicesBinding is a custom binding mixin, there must also be a custom binding class, like WidgetsFlutterBinding, but that mixes in the selected binding, and that is the class that must be constructed before using the "instance" getter.
00:11 +68: C:/Users/Atharva Patil/Documents/projects/gymlog/test/active_workout_set_row_test.dart: PREVIOUS column shows "15kg x 12" when prior data exists
00:11 +68: C:/Users/Atharva Patil/Documents/projects/gymlog/test/active_workout_start_test.dart: startWorkout preserves ids that callers already set
[WorkoutDraftStore] save failed: Binding has not yet been initialized.
The "instance" getter on the ServicesBinding binding mixin is only available once that binding has been initialized.
Typically, this is done by calling "WidgetsFlutterBinding.ensureInitialized()" or "runApp()" (the latter calls the former). Typically this call is done in the "void main()" method. The "ensureInitialized" method is idempotent; calling it multiple times is not harmful. After calling that method, the "instance" getter will return the binding.
In a test, one can call "TestWidgetsFlutterBinding.ensureInitialized()" as the first line in the test's "main()" method to initialize the binding.
If ServicesBinding is a custom binding mixin, there must also be a custom binding class, like WidgetsFlutterBinding, but that mixes in the selected binding, and that is the class that must be constructed before using the "instance" getter.
00:11 +69: C:/Users/Atharva Patil/Documents/projects/gymlog/test/active_workout_set_row_test.dart: PREVIOUS column shows "15kg x 12" when prior data exists
00:11 +70: C:/Users/Atharva Patil/Documents/projects/gymlog/test/active_workout_set_row_test.dart: PREVIOUS column shows "15kg x 12" when prior data exists
00:11 +71: C:/Users/Atharva Patil/Documents/projects/gymlog/test/active_workout_set_row_test.dart: PREVIOUS column shows "15kg x 12" when prior data exists
00:11 +72: C:/Users/Atharva Patil/Documents/projects/gymlog/test/active_workout_set_row_test.dart: PREVIOUS column shows "15kg x 12" when prior data exists
00:11 +73: C:/Users/Atharva Patil/Documents/projects/gymlog/test/active_workout_set_row_test.dart: PREVIOUS column shows "15kg x 12" when prior data exists
00:11 +74: C:/Users/Atharva Patil/Documents/projects/gymlog/test/active_workout_set_row_test.dart: PREVIOUS column shows "15kg x 12" when prior data exists
00:11 +75: C:/Users/Atharva Patil/Documents/projects/gymlog/test/active_workout_set_row_test.dart: PREVIOUS column shows "15kg x 12" when prior data exists
00:11 +76: C:/Users/Atharva Patil/Documents/projects/gymlog/test/active_workout_set_row_test.dart: PREVIOUS column shows "15kg x 12" when prior data exists
00:11 +77: C:/Users/Atharva Patil/Documents/projects/gymlog/test/active_workout_set_row_test.dart: PREVIOUS column shows "15kg x 12" when prior data exists
00:11 +78: C:/Users/Atharva Patil/Documents/projects/gymlog/test/active_workout_set_row_test.dart: PREVIOUS column shows "15kg x 12" when prior data exists
00:11 +79: C:/Users/Atharva Patil/Documents/projects/gymlog/test/active_workout_set_row_test.dart: PREVIOUS shows blank when there is no prior data
00:11 +80: C:/Users/Atharva Patil/Documents/projects/gymlog/test/active_workout_set_row_test.dart: SET column renders the type letter, never a number, for warmup
00:11 +81: C:/Users/Atharva Patil/Documents/projects/gymlog/test/active_workout_set_row_test.dart: normal set shows its 1-based number in the SET column
00:11 +82: C:/Users/Atharva Patil/Documents/projects/gymlog/test/active_workout_set_row_test.dart: no inline "kg" label and no "×" divider on the row
00:11 +83: C:/Users/Atharva Patil/Documents/projects/gymlog/test/auth/account_isolation_test.dart: (setUpAll)
00:12 +83: C:/Users/Atharva Patil/Documents/projects/gymlog/test/auth/account_isolation_test.dart: account A workouts hidden from account B
00:12 +84: C:/Users/Atharva Patil/Documents/projects/gymlog/test/auth/account_isolation_test.dart: account A drafts hidden from B
[WorkoutDraftStore] Ignoring draft from different user (user-a vs user-b)
00:12 +85: C:/Users/Atharva Patil/Documents/projects/gymlog/test/auth/account_isolation_test.dart: account A sync queue not uploaded as B
00:12 +86: C:/Users/Atharva Patil/Documents/projects/gymlog/test/auth/account_isolation_test.dart: custom exercises isolation policy
00:12 +87: C:/Users/Atharva Patil/Documents/projects/gymlog/test/auth/account_isolation_test.dart: pending sync warning and offline sign-out / restart flow
00:12 +88: C:/Users/Atharva Patil/Documents/projects/gymlog/test/auth/account_isolation_test.dart: (tearDownAll)
00:12 +88: C:/Users/Atharva Patil/Documents/projects/gymlog/test/auth/auth_screen_behavior_test.dart: AuthScreen Behavior Tests (AUTH-01 to AUTH-20) AUTH-01: Initial screen contains one primary CTA
00:13 +89: C:/Users/Atharva Patil/Documents/projects/gymlog/test/auth/auth_screen_behavior_test.dart: AuthScreen Behavior Tests (AUTH-01 to AUTH-20) AUTH-01: Initial screen contains one primary CTA
00:13 +90: C:/Users/Atharva Patil/Documents/projects/gymlog/test/auth/auth_screen_behavior_test.dart: AuthScreen Behavior Tests (AUTH-01 to AUTH-20) AUTH-01: Initial screen contains one primary CTA
00:13 +91: C:/Users/Atharva Patil/Documents/projects/gymlog/test/auth/auth_screen_behavior_test.dart: AuthScreen Behavior Tests (AUTH-01 to AUTH-20) AUTH-01: Initial screen contains one primary CTA
00:13 +92: C:/Users/Atharva Patil/Documents/projects/gymlog/test/auth/auth_screen_behavior_test.dart: AuthScreen Behavior Tests (AUTH-01 to AUTH-20) AUTH-01: Initial screen contains one primary CTA
00:13 +93: C:/Users/Atharva Patil/Documents/projects/gymlog/test/auth/auth_screen_behavior_test.dart: AuthScreen Behavior Tests (AUTH-01 to AUTH-20) AUTH-01: Initial screen contains one primary CTA
00:13 +94: C:/Users/Atharva Patil/Documents/projects/gymlog/test/auth/auth_screen_behavior_test.dart: AuthScreen Behavior Tests (AUTH-01 to AUTH-20) AUTH-01: Initial screen contains one primary CTA
00:13 +95: C:/Users/Atharva Patil/Documents/projects/gymlog/test/auth/auth_screen_behavior_test.dart: AuthScreen Behavior Tests (AUTH-01 to AUTH-20) AUTH-01: Initial screen contains one primary CTA
00:13 +96: C:/Users/Atharva Patil/Documents/projects/gymlog/test/auth/auth_screen_behavior_test.dart: AuthScreen Behavior Tests (AUTH-01 to AUTH-20) AUTH-01: Initial screen contains one primary CTA
00:13 +97: C:/Users/Atharva Patil/Documents/projects/gymlog/test/auth/auth_screen_behavior_test.dart: AuthScreen Behavior Tests (AUTH-01 to AUTH-20) AUTH-01: Initial screen contains one primary CTA
00:13 +98: C:/Users/Atharva Patil/Documents/projects/gymlog/test/auth/auth_screen_behavior_test.dart: AuthScreen Behavior Tests (AUTH-01 to AUTH-20) AUTH-01: Initial screen contains one primary CTA
00:13 +99: C:/Users/Atharva Patil/Documents/projects/gymlog/test/auth/auth_screen_behavior_test.dart: AuthScreen Behavior Tests (AUTH-01 to AUTH-20) AUTH-01: Initial screen contains one primary CTA
00:13 +100: C:/Users/Atharva Patil/Documents/projects/gymlog/test/auth/auth_screen_behavior_test.dart: AuthScreen Behavior Tests (AUTH-01 to AUTH-20) AUTH-01: Initial screen contains one primary CTA
00:13 +101: C:/Users/Atharva Patil/Documents/projects/gymlog/test/auth/auth_screen_behavior_test.dart: AuthScreen Behavior Tests (AUTH-01 to AUTH-20) AUTH-01: Initial screen contains one primary CTA
00:13 +102: C:/Users/Atharva Patil/Documents/projects/gymlog/test/auth/auth_screen_behavior_test.dart: AuthScreen Behavior Tests (AUTH-01 to AUTH-20) AUTH-01: Initial screen contains one primary CTA
00:13 +103: C:/Users/Atharva Patil/Documents/projects/gymlog/test/auth/auth_screen_behavior_test.dart: AuthScreen Behavior Tests (AUTH-01 to AUTH-20) AUTH-01: Initial screen contains one primary CTA
00:13 +104: C:/Users/Atharva Patil/Documents/projects/gymlog/test/auth/auth_screen_behavior_test.dart: AuthScreen Behavior Tests (AUTH-01 to AUTH-20) AUTH-01: Initial screen contains one primary CTA
00:13 +105: C:/Users/Atharva Patil/Documents/projects/gymlog/test/auth/auth_screen_behavior_test.dart: AuthScreen Behavior Tests (AUTH-01 to AUTH-20) AUTH-01: Initial screen contains one primary CTA
00:13 +106: C:/Users/Atharva Patil/Documents/projects/gymlog/test/auth/auth_screen_behavior_test.dart: AuthScreen Behavior Tests (AUTH-01 to AUTH-20) AUTH-01: Initial screen contains one primary CTA
00:13 +107: C:/Users/Atharva Patil/Documents/projects/gymlog/test/auth/auth_screen_behavior_test.dart: AuthScreen Behavior Tests (AUTH-01 to AUTH-20) AUTH-01: Initial screen contains one primary CTA
00:13 +108: C:/Users/Atharva Patil/Documents/projects/gymlog/test/auth/auth_screen_behavior_test.dart: AuthScreen Behavior Tests (AUTH-01 to AUTH-20) AUTH-01: Initial screen contains one primary CTA
00:13 +109: C:/Users/Atharva Patil/Documents/projects/gymlog/test/auth/auth_screen_behavior_test.dart: AuthScreen Behavior Tests (AUTH-01 to AUTH-20) AUTH-01: Initial screen contains one primary CTA
00:13 +110: C:/Users/Atharva Patil/Documents/projects/gymlog/test/auth/auth_screen_behavior_test.dart: AuthScreen Behavior Tests (AUTH-01 to AUTH-20) AUTH-01: Initial screen contains one primary CTA
00:13 +111: C:/Users/Atharva Patil/Documents/projects/gymlog/test/auth/auth_screen_behavior_test.dart: AuthScreen Behavior Tests (AUTH-01 to AUTH-20) AUTH-01: Initial screen contains one primary CTA
00:13 +112: C:/Users/Atharva Patil/Documents/projects/gymlog/test/auth/auth_screen_behavior_test.dart: AuthScreen Behavior Tests (AUTH-01 to AUTH-20) AUTH-01: Initial screen contains one primary CTA
00:13 +113: C:/Users/Atharva Patil/Documents/projects/gymlog/test/auth/auth_screen_behavior_test.dart: AuthScreen Behavior Tests (AUTH-01 to AUTH-20) AUTH-01: Initial screen contains one primary CTA
00:13 +114: C:/Users/Atharva Patil/Documents/projects/gymlog/test/auth/auth_screen_behavior_test.dart: AuthScreen Behavior Tests (AUTH-01 to AUTH-20) AUTH-01: Initial screen contains one primary CTA
00:13 +115: C:/Users/Atharva Patil/Documents/projects/gymlog/test/auth/auth_screen_behavior_test.dart: AuthScreen Behavior Tests (AUTH-01 to AUTH-20) AUTH-01: Initial screen contains one primary CTA
00:13 +116: C:/Users/Atharva Patil/Documents/projects/gymlog/test/auth/auth_screen_behavior_test.dart: AuthScreen Behavior Tests (AUTH-01 to AUTH-20) AUTH-01: Initial screen contains one primary CTA
00:13 +117: C:/Users/Atharva Patil/Documents/projects/gymlog/test/auth/auth_screen_behavior_test.dart: AuthScreen Behavior Tests (AUTH-01 to AUTH-20) AUTH-01: Initial screen contains one primary CTA
00:14 +118: C:/Users/Atharva Patil/Documents/projects/gymlog/test/chart_axis_format_test.dart: BrandedLineChart.yAxisUnit renders unit suffix on both Y axes
00:14 +119: C:/Users/Atharva Patil/Documents/projects/gymlog/test/chart_axis_format_test.dart: BrandedLineChart.yAxisUnit renders unit suffix on both Y axes
00:14 +120: C:/Users/Atharva Patil/Documents/projects/gymlog/test/chart_axis_format_test.dart: BrandedLineChart.yAxisUnit renders unit suffix on both Y axes
00:14 +121: C:/Users/Atharva Patil/Documents/projects/gymlog/test/chart_axis_format_test.dart: BrandedLineChart.yAxisUnit renders unit suffix on both Y axes
00:14 +122: C:/Users/Atharva Patil/Documents/projects/gymlog/test/chart_axis_format_test.dart: BrandedLineChart.yAxisUnit renders unit suffix on both Y axes
00:15 +123: C:/Users/Atharva Patil/Documents/projects/gymlog/test/chart_axis_format_test.dart: BrandedLineChart.yAxisUnit renders unit suffix on both Y axes
00:15 +124: C:/Users/Atharva Patil/Documents/projects/gymlog/test/chart_density_test.dart: BrandedLineChart 300-point performance and grid density vertical grid interval scales with labelStep rather than 1 per point
00:15 +124: C:/Users/Atharva Patil/Documents/projects/gymlog/test/auth/auth_screen_behavior_test.dart: AuthScreen Behavior Tests (AUTH-01 to AUTH-20) AUTH-07: Network failure shows recovery copy
[Auth] failure=network
00:15 +125: C:/Users/Atharva Patil/Documents/projects/gymlog/test/chart_density_test.dart: BrandedLineChart 300-point performance and grid density vertical grid interval scales with labelStep rather than 1 per point
00:15 +125: C:/Users/Atharva Patil/Documents/projects/gymlog/test/auth/auth_screen_behavior_test.dart: AuthScreen Behavior Tests (AUTH-01 to AUTH-20) AUTH-08: Configuration failure does not expose SHA-1 or ApiException 10
[Auth] failure=configuration code=google_android_configuration
00:15 +126: C:/Users/Atharva Patil/Documents/projects/gymlog/test/chart_density_test.dart: BrandedLineChart 300-point performance and grid density vertical grid interval scales with labelStep rather than 1 per point
00:15 +126: C:/Users/Atharva Patil/Documents/projects/gymlog/test/auth/auth_screen_behavior_test.dart: AuthScreen Behavior Tests (AUTH-01 to AUTH-20) AUTH-09: Unknown error shows generic safe copy
[Auth] failure=unknown
00:15 +127: C:/Users/Atharva Patil/Documents/projects/gymlog/test/chart_density_test.dart: BrandedLineChart 300-point performance and grid density vertical grid interval scales with labelStep rather than 1 per point
00:15 +128: C:/Users/Atharva Patil/Documents/projects/gymlog/test/chart_density_test.dart: BrandedLineChart 300-point performance and grid density vertical grid interval scales with labelStep rather than 1 per point
00:15 +129: C:/Users/Atharva Patil/Documents/projects/gymlog/test/chart_density_test.dart: BrandedLineChart 300-point performance and grid density vertical grid interval scales with labelStep rather than 1 per point
00:15 +130: C:/Users/Atharva Patil/Documents/projects/gymlog/test/chart_density_test.dart: BrandedLineChart 300-point performance and grid density vertical grid interval scales with labelStep rather than 1 per point
00:15 +131: C:/Users/Atharva Patil/Documents/projects/gymlog/test/chart_density_test.dart: BrandedLineChart 300-point performance and grid density vertical grid interval scales with labelStep rather than 1 per point
00:15 +132: C:/Users/Atharva Patil/Documents/projects/gymlog/test/commerce_and_deletion_test.dart: Account Deletion Service & UI Guidance Idempotency — wipes local storage and finishes safely even when user is null (signed out)
00:15 +133: C:/Users/Atharva Patil/Documents/projects/gymlog/test/commerce_and_deletion_test.dart: Account Deletion Service & UI Guidance Idempotency — wipes local storage and finishes safely even when user is null (signed out)
00:15 +134: C:/Users/Atharva Patil/Documents/projects/gymlog/test/commerce_and_deletion_test.dart: Account Deletion Service & UI Guidance Idempotency — wipes local storage and finishes safely even when user is null (signed out)
00:16 +135: C:/Users/Atharva Patil/Documents/projects/gymlog/test/commerce_and_deletion_test.dart: Account Deletion Service & UI Guidance Idempotency — wipes local storage and finishes safely even when user is null (signed out)
[ExercisesDao] Hydration v9 complete: 822 exercises.
00:16 +136: C:/Users/Atharva Patil/Documents/projects/gymlog/test/auth/auth_screen_behavior_test.dart: AuthScreen Behavior Tests (AUTH-01 to AUTH-20) AUTH-04 (AU-B): Re-press during in-flight sign-in gives feedback, not a dead tap
00:16 +137: C:/Users/Atharva Patil/Documents/projects/gymlog/test/commerce_and_deletion_test.dart: Account Deletion Service & UI Guidance Wipes local databases, secure preferences and settings on deletion
00:16 +138: C:/Users/Atharva Patil/Documents/projects/gymlog/test/commerce_and_deletion_test.dart: Account Deletion Service & UI Guidance Wipes local databases, secure preferences and settings on deletion
00:16 +138: C:/Users/Atharva Patil/Documents/projects/gymlog/test/auth/auth_screen_behavior_test.dart: AuthScreen Behavior Tests (AUTH-01 to AUTH-20) AUTH-22 (AU-C): Timeout failure surfaces honest recovery copy
[Auth] failure=timeout
00:16 +139: C:/Users/Atharva Patil/Documents/projects/gymlog/test/commerce_and_deletion_test.dart: Account Deletion Service & UI Guidance Wipes local databases, secure preferences and settings on deletion
[ExercisesDao] Hydration v9 complete: 822 exercises.
00:16 +140: C:/Users/Atharva Patil/Documents/projects/gymlog/test/commerce_and_deletion_test.dart: Premium Service Entitlements & Caching isPremiumProvider returns false when no user is signed in
00:16 +141: C:/Users/Atharva Patil/Documents/projects/gymlog/test/commerce_and_deletion_test.dart: Premium Service Entitlements & Caching isPremiumProvider falls back to local user profile when CustomerInfo stream has no value (offline launch)
00:16 +142: C:/Users/Atharva Patil/Documents/projects/gymlog/test/commerce_and_deletion_test.dart: Premium Service Entitlements & Caching isPremiumProvider respects active entitlements from CustomerInfo over local SQLite profile
00:16 +143: C:/Users/Atharva Patil/Documents/projects/gymlog/test/commerce_and_deletion_test.dart: (tearDownAll)
00:16 +143: C:/Users/Atharva Patil/Documents/projects/gymlog/test/compile_surface_test.dart: full app graph compiles
00:17 +144: C:/Users/Atharva Patil/Documents/projects/gymlog/test/core/app_startup_test.dart: GymLogApp builds without throwing when cloud is not ready
00:17 +145: C:/Users/Atharva Patil/Documents/projects/gymlog/test/core/app_startup_test.dart: GymLogApp builds without throwing when cloud is not ready
00:17 +146: C:/Users/Atharva Patil/Documents/projects/gymlog/test/core/app_startup_test.dart: GymLogApp builds without throwing when cloud is not ready
00:17 +147: C:/Users/Atharva Patil/Documents/projects/gymlog/test/core/app_startup_test.dart: GymLogApp builds without throwing when cloud is not ready
00:17 +148: C:/Users/Atharva Patil/Documents/projects/gymlog/test/core/app_startup_test.dart: GymLogApp builds without throwing when cloud is not ready
00:17 +149: C:/Users/Atharva Patil/Documents/projects/gymlog/test/core/app_startup_test.dart: GymLogApp builds without throwing when cloud is not ready
00:18 +150: C:/Users/Atharva Patil/Documents/projects/gymlog/test/core/app_startup_test.dart: GymLogApp builds without throwing when cloud is not ready
00:18 +151: C:/Users/Atharva Patil/Documents/projects/gymlog/test/core/app_startup_test.dart: GymLogApp builds without throwing when cloud is not ready
00:18 +152: C:/Users/Atharva Patil/Documents/projects/gymlog/test/core/app_startup_test.dart: GymLogApp builds without throwing when cloud is not ready
00:18 +153: C:/Users/Atharva Patil/Documents/projects/gymlog/test/core/app_startup_test.dart: GymLogApp builds without throwing when cloud is not ready
00:18 +154: C:/Users/Atharva Patil/Documents/projects/gymlog/test/core/app_startup_test.dart: GymLogApp builds without throwing when cloud is not ready
00:18 +155: C:/Users/Atharva Patil/Documents/projects/gymlog/test/core/app_startup_test.dart: GymLogApp builds without throwing when cloud is not ready
00:18 +156: C:/Users/Atharva Patil/Documents/projects/gymlog/test/core/app_startup_test.dart: GymLogApp builds without throwing when cloud is not ready
00:18 +157: C:/Users/Atharva Patil/Documents/projects/gymlog/test/core/app_startup_test.dart: GymLogApp builds without throwing when cloud is not ready
00:18 +158: C:/Users/Atharva Patil/Documents/projects/gymlog/test/core/app_startup_test.dart: GymLogApp builds without throwing when cloud is not ready
00:18 +159: C:/Users/Atharva Patil/Documents/projects/gymlog/test/core/app_startup_test.dart: GymLogApp builds without throwing when cloud is not ready
00:18 +160: C:/Users/Atharva Patil/Documents/projects/gymlog/test/core/app_startup_test.dart: GymLogApp builds without throwing when cloud is not ready
00:18 +161: C:/Users/Atharva Patil/Documents/projects/gymlog/test/core/app_startup_test.dart: GymLogApp builds without throwing when cloud is not ready
00:18 +162: C:/Users/Atharva Patil/Documents/projects/gymlog/test/core/app_startup_test.dart: GymLogApp builds without throwing when cloud is not ready
00:18 +163: C:/Users/Atharva Patil/Documents/projects/gymlog/test/core/app_startup_test.dart: GymLogApp builds without throwing when cloud is not ready
00:18 +164: C:/Users/Atharva Patil/Documents/projects/gymlog/test/core/app_startup_test.dart: GymLogApp builds without throwing when cloud is not ready
00:18 +165: C:/Users/Atharva Patil/Documents/projects/gymlog/test/core/app_startup_test.dart: router is constructable without Supabase being initialized
00:19 +166: C:/Users/Atharva Patil/Documents/projects/gymlog/test/core/premium/library_quota_test.dart: the free-tier dead end a new free user CAN import the featured 6-day program
00:19 +167: C:/Users/Atharva Patil/Documents/projects/gymlog/test/core/premium/library_quota_test.dart: the free-tier dead end program size does not consume routine slots
00:19 +168: C:/Users/Atharva Patil/Documents/projects/gymlog/test/core/premium/library_quota_test.dart: program slot the second program is where the paywall lands
00:19 +169: C:/Users/Atharva Patil/Documents/projects/gymlog/test/core/premium/library_quota_test.dart: program slot Pro is never gated
00:19 +170: C:/Users/Atharva Patil/Documents/projects/gymlog/test/core/premium/library_quota_test.dart: program slot hasUsedFreeProgramSlot tracks the cap
00:19 +171: C:/Users/Atharva Patil/Documents/projects/gymlog/test/core/premium/library_quota_test.dart: completing an owned program is always free even when both caps are already exhausted
00:19 +172: C:/Users/Atharva Patil/Documents/projects/gymlog/test/core/premium/library_quota_test.dart: standalone routines fills exactly to the cap
00:19 +173: C:/Users/Atharva Patil/Documents/projects/gymlog/test/core/premium/library_quota_test.dart: standalone routines blocks the one that would overflow
00:19 +174: C:/Users/Atharva Patil/Documents/projects/gymlog/test/core/premium/library_quota_test.dart: standalone routines checks the whole batch, not one at a time
00:19 +175: C:/Users/Atharva Patil/Documents/projects/gymlog/test/core/premium/library_quota_test.dart: standalone routines remaining slots never go negative for grandfathered users
00:19 +176: C:/Users/Atharva Patil/Documents/projects/gymlog/test/core/premium/library_quota_test.dart: copy allowed has no blocking copy
00:19 +177: C:/Users/Atharva Patil/Documents/projects/gymlog/test/core/premium/library_quota_test.dart: copy every blocked verdict has copy
00:19 +178: C:/Users/Atharva Patil/Documents/projects/gymlog/test/core/router_deeplink_test.dart: deep link without extra loads the exercise by id instead of crashing
00:20 +179: C:/Users/Atharva Patil/Documents/projects/gymlog/test/core/router_deeplink_test.dart: deep link without extra loads the exercise by id instead of crashing
00:20 +180: C:/Users/Atharva Patil/Documents/projects/gymlog/test/core/router_deeplink_test.dart: deep link without extra loads the exercise by id instead of crashing
00:20 +181: C:/Users/Atharva Patil/Documents/projects/gymlog/test/core/router_deeplink_test.dart: deep link without extra loads the exercise by id instead of crashing
00:20 +182: C:/Users/Atharva Patil/Documents/projects/gymlog/test/core/router_deeplink_test.dart: deep link without extra loads the exercise by id instead of crashing
00:20 +183: C:/Users/Atharva Patil/Documents/projects/gymlog/test/core/router_deeplink_test.dart: deep link without extra loads the exercise by id instead of crashing
00:20 +184: C:/Users/Atharva Patil/Documents/projects/gymlog/test/core/router_deeplink_test.dart: deep link without extra loads the exercise by id instead of crashing
00:20 +185: C:/Users/Atharva Patil/Documents/projects/gymlog/test/core/router_deeplink_test.dart: deep link without extra loads the exercise by id instead of crashing
00:20 +186: C:/Users/Atharva Patil/Documents/projects/gymlog/test/core/router_deeplink_test.dart: deep link without extra loads the exercise by id instead of crashing
00:20 +187: C:/Users/Atharva Patil/Documents/projects/gymlog/test/core/router_deeplink_test.dart: deep link without extra loads the exercise by id instead of crashing
00:20 +188: C:/Users/Atharva Patil/Documents/projects/gymlog/test/core/router_deeplink_test.dart: deep link without extra loads the exercise by id instead of crashing
00:20 +189: C:/Users/Atharva Patil/Documents/projects/gymlog/test/core/router_deeplink_test.dart: deep link without extra loads the exercise by id instead of crashing
00:20 +190: C:/Users/Atharva Patil/Documents/projects/gymlog/test/core/router_deeplink_test.dart: deep link without extra loads the exercise by id instead of crashing
00:20 +191: C:/Users/Atharva Patil/Documents/projects/gymlog/test/core/router_deeplink_test.dart: deep link without extra loads the exercise by id instead of crashing
00:20 +192: C:/Users/Atharva Patil/Documents/projects/gymlog/test/core/router_deeplink_test.dart: deep link without extra loads the exercise by id instead of crashing
00:20 +193: C:/Users/Atharva Patil/Documents/projects/gymlog/test/core/router_deeplink_test.dart: deep link without extra loads the exercise by id instead of crashing
00:20 +194: C:/Users/Atharva Patil/Documents/projects/gymlog/test/core/router_deeplink_test.dart: deep link without extra loads the exercise by id instead of crashing
00:20 +195: C:/Users/Atharva Patil/Documents/projects/gymlog/test/core/router_deeplink_test.dart: deep link without extra loads the exercise by id instead of crashing
00:20 +196: C:/Users/Atharva Patil/Documents/projects/gymlog/test/core/router_deeplink_test.dart: deep link without extra loads the exercise by id instead of crashing
00:21 +197: C:/Users/Atharva Patil/Documents/projects/gymlog/test/core/router_deeplink_test.dart: deep link without extra loads the exercise by id instead of crashing
00:21 +198: C:/Users/Atharva Patil/Documents/projects/gymlog/test/core/router_deeplink_test.dart: deep link without extra loads the exercise by id instead of crashing
00:21 +199: C:/Users/Atharva Patil/Documents/projects/gymlog/test/core/router_deeplink_test.dart: deep link without extra loads the exercise by id instead of crashing
00:21 +200: C:/Users/Atharva Patil/Documents/projects/gymlog/test/core/router_deeplink_test.dart: deep link without extra loads the exercise by id instead of crashing
00:21 +201: C:/Users/Atharva Patil/Documents/projects/gymlog/test/core/router_deeplink_test.dart: deep link without extra loads the exercise by id instead of crashing
00:21 +202: C:/Users/Atharva Patil/Documents/projects/gymlog/test/core/router_deeplink_test.dart: deep link without extra loads the exercise by id instead of crashing
00:21 +203: C:/Users/Atharva Patil/Documents/projects/gymlog/test/core/router_deeplink_test.dart: deep link without extra loads the exercise by id instead of crashing
00:21 +204: C:/Users/Atharva Patil/Documents/projects/gymlog/test/core/router_deeplink_test.dart: deep link without extra loads the exercise by id instead of crashing
00:21 +205: C:/Users/Atharva Patil/Documents/projects/gymlog/test/core/router_deeplink_test.dart: deep link without extra loads the exercise by id instead of crashing
00:21 +206: C:/Users/Atharva Patil/Documents/projects/gymlog/test/core/router_deeplink_test.dart: deep link without extra loads the exercise by id instead of crashing
00:21 +207: C:/Users/Atharva Patil/Documents/projects/gymlog/test/core/router_deeplink_test.dart: deep link without extra loads the exercise by id instead of crashing
00:21 +208: C:/Users/Atharva Patil/Documents/projects/gymlog/test/core/router_deeplink_test.dart: deep link without extra loads the exercise by id instead of crashing
00:21 +209: C:/Users/Atharva Patil/Documents/projects/gymlog/test/core/router_deeplink_test.dart: deep link without extra loads the exercise by id instead of crashing
00:22 +210: C:/Users/Atharva Patil/Documents/projects/gymlog/test/core/router_deeplink_test.dart: deep link without extra loads the exercise by id instead of crashing
00:22 +211: C:/Users/Atharva Patil/Documents/projects/gymlog/test/core/router_deeplink_test.dart: deep link without extra loads the exercise by id instead of crashing
00:22 +212: C:/Users/Atharva Patil/Documents/projects/gymlog/test/core/router_deeplink_test.dart: deep link without extra loads the exercise by id instead of crashing
00:22 +213: C:/Users/Atharva Patil/Documents/projects/gymlog/test/das1_delete_completion_test.dart: DAS-1 Delete Account Completion Honesty full success shows permanent-deletion copy and routes to auth
00:22 +214: C:/Users/Atharva Patil/Documents/projects/gymlog/test/das1_delete_completion_test.dart: DAS-1 Delete Account Completion Honesty full success shows permanent-deletion copy and routes to auth
00:22 +215: C:/Users/Atharva Patil/Documents/projects/gymlog/test/das1_delete_completion_test.dart: DAS-1 Delete Account Completion Honesty full success shows permanent-deletion copy and routes to auth
00:22 +216: C:/Users/Atharva Patil/Documents/projects/gymlog/test/das1_delete_completion_test.dart: DAS-1 Delete Account Completion Honesty full success shows permanent-deletion copy and routes to auth
00:22 +217: C:/Users/Atharva Patil/Documents/projects/gymlog/test/das1_delete_completion_test.dart: DAS-1 Delete Account Completion Honesty full success shows permanent-deletion copy and routes to auth
00:23 +218: C:/Users/Atharva Patil/Documents/projects/gymlog/test/das1_delete_completion_test.dart: DAS-1 Delete Account Completion Honesty full success shows permanent-deletion copy and routes to auth
00:24 +219: C:/Users/Atharva Patil/Documents/projects/gymlog/test/das1_delete_completion_test.dart: DAS-1 Delete Account Completion Honesty full success shows permanent-deletion copy and routes to auth
00:24 +220: C:/Users/Atharva Patil/Documents/projects/gymlog/test/das1_delete_completion_test.dart: DAS-1 Delete Account Completion Honesty full success shows permanent-deletion copy and routes to auth
00:24 +221: C:/Users/Atharva Patil/Documents/projects/gymlog/test/das1_delete_completion_test.dart: DAS-1 Delete Account Completion Honesty full success shows permanent-deletion copy and routes to auth
00:24 +222: C:/Users/Atharva Patil/Documents/projects/gymlog/test/delivery_diagnostics_test.dart: Tapping Version AppActionRow 5 times throws controlled StateError
00:24 +223: C:/Users/Atharva Patil/Documents/projects/gymlog/test/delivery_diagnostics_test.dart: Tapping Version AppActionRow 5 times throws controlled StateError
00:24 +224: C:/Users/Atharva Patil/Documents/projects/gymlog/test/delivery_diagnostics_test.dart: Tapping Version AppActionRow 5 times throws controlled StateError
00:25 +225: C:/Users/Atharva Patil/Documents/projects/gymlog/test/delivery_diagnostics_test.dart: Tapping Version AppActionRow 5 times throws controlled StateError
00:25 +226: C:/Users/Atharva Patil/Documents/projects/gymlog/test/delivery_diagnostics_test.dart: Tapping Version AppActionRow 5 times throws controlled StateError
00:26 +227: C:/Users/Atharva Patil/Documents/projects/gymlog/test/delivery_diagnostics_test.dart: Tapping Version AppActionRow 5 times throws controlled StateError
00:26 +228: C:/Users/Atharva Patil/Documents/projects/gymlog/test/delivery_diagnostics_test.dart: Tapping Version AppActionRow 5 times throws controlled StateError
00:27 +229: C:/Users/Atharva Patil/Documents/projects/gymlog/test/delivery_diagnostics_test.dart: Tapping Version AppActionRow 5 times throws controlled StateError
00:27 +230: C:/Users/Atharva Patil/Documents/projects/gymlog/test/delivery_diagnostics_test.dart: Tapping Version AppActionRow 5 times throws controlled StateError
00:28 +231: C:/Users/Atharva Patil/Documents/projects/gymlog/test/delivery_diagnostics_test.dart: Tapping Version AppActionRow 5 times throws controlled StateError
00:28 +232: C:/Users/Atharva Patil/Documents/projects/gymlog/test/delivery_diagnostics_test.dart: Tapping Version AppActionRow 5 times throws controlled StateError
00:28 +232: C:/Users/Atharva Patil/Documents/projects/gymlog/test/exercises_hydration_test.dart: ATOMIC-RC3-04 Exercises Hydration Engine v9 1. Runs hydration and converts raw types when v9 key is missing
[ExercisesDao] Hydration v9 complete: 822 exercises.
00:28 +233: C:/Users/Atharva Patil/Documents/projects/gymlog/test/delivery_diagnostics_test.dart: Tapping Version AppActionRow 5 times throws controlled StateError
00:28 +234: C:/Users/Atharva Patil/Documents/projects/gymlog/test/delivery_diagnostics_test.dart: Tapping Version AppActionRow 5 times throws controlled StateError
00:28 +235: C:/Users/Atharva Patil/Documents/projects/gymlog/test/delivery_diagnostics_test.dart: Tapping Version AppActionRow 5 times throws controlled StateError
00:29 +236: C:/Users/Atharva Patil/Documents/projects/gymlog/test/exercise_detail_polish_test.dart: worked-muscle chips distinguish primary and secondary targets
00:31 +237: C:/Users/Atharva Patil/Documents/projects/gymlog/test/exercise_hero_transition_test.dart: Library(browse:true) row renders a Hero with tag exercise-hero-<id>
00:31 +238: C:/Users/Atharva Patil/Documents/projects/gymlog/test/exercise_hero_transition_test.dart: Library(browse:true) row renders a Hero with tag exercise-hero-<id>
00:31 +239: C:/Users/Atharva Patil/Documents/projects/gymlog/test/exercise_selection_polish_test.dart: ExerciseSelectionScreen filters catalog and handles caching correctly
00:31 +240: C:/Users/Atharva Patil/Documents/projects/gymlog/test/exercise_selection_polish_test.dart: ExerciseSelectionScreen filters catalog and handles caching correctly
00:31 +241: C:/Users/Atharva Patil/Documents/projects/gymlog/test/exercise_selection_polish_test.dart: ExerciseSelectionScreen filters catalog and handles caching correctly
00:31 +242: C:/Users/Atharva Patil/Documents/projects/gymlog/test/exercise_selection_polish_test.dart: ExerciseSelectionScreen filters catalog and handles caching correctly
00:32 +243: C:/Users/Atharva Patil/Documents/projects/gymlog/test/exercise_selection_polish_test.dart: ExerciseSelectionScreen filters catalog and handles caching correctly
00:32 +244: C:/Users/Atharva Patil/Documents/projects/gymlog/test/exercise_selection_polish_test.dart: ExerciseSelectionScreen filters catalog and handles caching correctly
00:33 +245: C:/Users/Atharva Patil/Documents/projects/gymlog/test/expiry_symptom_test.dart: timer expiry does not trigger Set removed snackbar
00:33 +246: C:/Users/Atharva Patil/Documents/projects/gymlog/test/expiry_symptom_test.dart: timer expiry does not trigger Set removed snackbar
00:33 +247: C:/Users/Atharva Patil/Documents/projects/gymlog/test/expiry_symptom_test.dart: timer expiry does not trigger Set removed snackbar
00:33 +248: C:/Users/Atharva Patil/Documents/projects/gymlog/test/expiry_symptom_test.dart: timer expiry does not trigger Set removed snackbar
00:33 +249: C:/Users/Atharva Patil/Documents/projects/gymlog/test/expiry_symptom_test.dart: timer expiry does not trigger Set removed snackbar
00:33 +250: C:/Users/Atharva Patil/Documents/projects/gymlog/test/expiry_symptom_test.dart: timer expiry does not trigger Set removed snackbar
00:33 +251: C:/Users/Atharva Patil/Documents/projects/gymlog/test/expiry_symptom_test.dart: timer expiry does not trigger Set removed snackbar
00:34 +252: C:/Users/Atharva Patil/Documents/projects/gymlog/test/export_share_previews_test.dart: (setUpAll)
00:34 +252: C:/Users/Atharva Patil/Documents/projects/gymlog/test/export_share_previews_test.dart: Export 1080x1920 preview PNGs for visual inspection
00:35 +253: C:/Users/Atharva Patil/Documents/projects/gymlog/test/export_share_previews_test.dart: Export 1080x1920 preview PNGs for visual inspection
00:35 +254: C:/Users/Atharva Patil/Documents/projects/gymlog/test/export_share_previews_test.dart: Export 1080x1920 preview PNGs for visual inspection
00:35 +255: C:/Users/Atharva Patil/Documents/projects/gymlog/test/export_share_previews_test.dart: Export 1080x1920 preview PNGs for visual inspection
00:36 +256: C:/Users/Atharva Patil/Documents/projects/gymlog/test/export_share_previews_test.dart: Export 1080x1920 preview PNGs for visual inspection
00:36 +257: C:/Users/Atharva Patil/Documents/projects/gymlog/test/export_share_previews_test.dart: Export 1080x1920 preview PNGs for visual inspection
00:36 +258: C:/Users/Atharva Patil/Documents/projects/gymlog/test/export_share_previews_test.dart: Export 1080x1920 preview PNGs for visual inspection
00:36 +259: C:/Users/Atharva Patil/Documents/projects/gymlog/test/export_share_previews_test.dart: Export 1080x1920 preview PNGs for visual inspection
00:36 +260: C:/Users/Atharva Patil/Documents/projects/gymlog/test/features/auth/onboarding_weekly_goal_step_test.dart: StepWeeklyGoal preview consistency goal 1 previews 1 of 1 workout completed at 100%
00:37 +261: C:/Users/Atharva Patil/Documents/projects/gymlog/test/features/auth/onboarding_weekly_goal_step_test.dart: StepWeeklyGoal preview consistency goal 1 previews 1 of 1 workout completed at 100%
00:37 +262: C:/Users/Atharva Patil/Documents/projects/gymlog/test/features/auth/onboarding_weekly_goal_step_test.dart: StepWeeklyGoal preview consistency goal 1 previews 1 of 1 workout completed at 100%
00:37 +263: C:/Users/Atharva Patil/Documents/projects/gymlog/test/features/auth/onboarding_weekly_goal_step_test.dart: StepWeeklyGoal preview consistency goal 2 previews 2 of 2 workouts completed
00:37 +264: C:/Users/Atharva Patil/Documents/projects/gymlog/test/features/auth/onboarding_weekly_goal_step_test.dart: StepWeeklyGoal preview consistency goal 3 previews 2 of 3 workouts completed
00:37 +265: C:/Users/Atharva Patil/Documents/projects/gymlog/test/features/auth/onboarding_weekly_goal_step_test.dart: StepWeeklyGoal preview consistency goal 7 previews 2 of 7 workouts completed
00:37 +266: C:/Users/Atharva Patil/Documents/projects/gymlog/test/features/auth/onboarding_weekly_goal_step_test.dart: StepWeeklyGoal preview consistency tapping goal 1 updates caption and ring together
00:38 +267: C:/Users/Atharva Patil/Documents/projects/gymlog/test/features/routines/domain/ai_exercise_reconciler_test.dart: AiExerciseReconciler - Exercise Matching resolves exact match to verified status
00:38 +268: C:/Users/Atharva Patil/Documents/projects/gymlog/test/features/routines/domain/ai_exercise_reconciler_test.dart: AiExerciseReconciler - Exercise Matching resolves common gym acronyms and aliases via Tier 1 dictionary
00:38 +269: C:/Users/Atharva Patil/Documents/projects/gymlog/test/features/routines/domain/ai_exercise_reconciler_test.dart: AiExerciseReconciler - Exercise Matching strictly preserves equipment isolation (DB vs Barbell)
00:38 +270: C:/Users/Atharva Patil/Documents/projects/gymlog/test/features/routines/domain/ai_exercise_reconciler_test.dart: AiExerciseReconciler - Exercise Matching marks novel or non-existent exercises as unmatched without dropping them
00:38 +271: C:/Users/Atharva Patil/Documents/projects/gymlog/test/features/routines/domain/ai_exercise_reconciler_test.dart: AiExerciseReconciler - Exercise Matching strips coach styles and fuses compound words to match catalog (N1-Style Cross-Body Triceps Extension)
00:38 +272: C:/Users/Atharva Patil/Documents/projects/gymlog/test/features/routines/domain/ai_exercise_reconciler_test.dart: AiExerciseReconciler - Exercise Matching strips muscle annotations and maps cable y-raise to catalog lateral raise
00:38 +273: C:/Users/Atharva Patil/Documents/projects/gymlog/test/features/routines/domain/ai_exercise_reconciler_test.dart: AiExerciseReconciler - Exercise Matching strips superset tags and duration from raw exercise names
00:38 +274: C:/Users/Atharva Patil/Documents/projects/gymlog/test/features/routines/domain/ai_exercise_reconciler_test.dart: AiExerciseReconciler - Exercise Matching provides intelligent catalog suggestions for near-miss lifts like Larsen Press
00:38 +275: C:/Users/Atharva Patil/Documents/projects/gymlog/test/features/routines/domain/ai_exercise_reconciler_test.dart: AiExerciseReconciler - Numeric Sets & Reps & Weight Conversion parses rep ranges by picking representative midpoint
00:38 +276: C:/Users/Atharva Patil/Documents/projects/gymlog/test/features/routines/domain/ai_exercise_reconciler_test.dart: AiExerciseReconciler - Numeric Sets & Reps & Weight Conversion converts weight from lbs to kg when preferred unit is kg
00:38 +277: C:/Users/Atharva Patil/Documents/projects/gymlog/test/features/routines/domain/ai_exercise_reconciler_test.dart: AiExerciseReconciler - Numeric Sets & Reps & Weight Conversion preserves kg weight when target unit is kg
00:38 +278: C:/Users/Atharva Patil/Documents/projects/gymlog/test/features/routines/domain/ai_exercise_reconciler_test.dart: AiExerciseReconciler - Numeric Sets & Reps & Weight Conversion flags isDefaultedSets as true when sets is omitted in raw input
00:38 +279: C:/Users/Atharva Patil/Documents/projects/gymlog/test/features/routines/domain/ai_exercise_reconciler_test.dart: AiExerciseReconciler - Multi-Day Routine Structure reconciles multi-day routine preserving day groupings
00:38 +280: C:/Users/Atharva Patil/Documents/projects/gymlog/test/features/routines/domain/exercise_resolver_test.dart: normalisation lowercases and strips punctuation
00:38 +281: C:/Users/Atharva Patil/Documents/projects/gymlog/test/features/routines/domain/exercise_resolver_test.dart: normalisation base form drops the equipment parenthetical
00:38 +282: C:/Users/Atharva Patil/Documents/projects/gymlog/test/features/routines/domain/exercise_resolver_test.dart: resolve matches an exact name
00:38 +283: C:/Users/Atharva Patil/Documents/projects/gymlog/test/features/routines/domain/exercise_resolver_test.dart: resolve matches regardless of case and punctuation
00:38 +284: C:/Users/Atharva Patil/Documents/projects/gymlog/test/features/routines/domain/exercise_resolver_test.dart: resolve matches across an equipment parenthetical
00:38 +285: C:/Users/Atharva Patil/Documents/projects/gymlog/test/features/routines/domain/exercise_resolver_test.dart: resolve prefers the shortest qualifying candidate
00:38 +286: C:/Users/Atharva Patil/Documents/projects/gymlog/test/features/routines/domain/exercise_resolver_test.dart: resolve returns null rather than guessing wrong
00:38 +287: C:/Users/Atharva Patil/Documents/projects/gymlog/test/features/routines/domain/exercise_resolver_test.dart: resolve a single shared word is not enough to match
00:38 +288: C:/Users/Atharva Patil/Documents/projects/gymlog/test/features/routines/domain/exercise_resolver_test.dart: resolve known aliases collapse onto one exercise
00:38 +289: C:/Users/Atharva Patil/Documents/projects/gymlog/test/features/routines/domain/exercise_resolver_test.dart: resolve an alias pointing at nothing is ignored, not fatal
00:38 +290: C:/Users/Atharva Patil/Documents/projects/gymlog/test/features/routines/domain/exercise_resolver_test.dart: resolve repeat lookups are memoised to the same instance
00:38 +291: C:/Users/Atharva Patil/Documents/projects/gymlog/test/features/routines/domain/exercise_resolver_test.dart: resolve an empty catalog resolves nothing without throwing
00:38 +292: C:/Users/Atharva Patil/Documents/projects/gymlog/test/features/routines/domain/exercise_resolver_test.dart: unresolvedNames reports only the gaps
00:38 +293: C:/Users/Atharva Patil/Documents/projects/gymlog/test/features/routines/domain/exercise_resolver_test.dart: muscleProfileFor a push day does not report leg muscles
00:38 +294: C:/Users/Atharva Patil/Documents/projects/gymlog/test/features/routines/domain/exercise_resolver_test.dart: muscleProfileFor secondary never duplicates a primary group
00:38 +295: C:/Users/Atharva Patil/Documents/projects/gymlog/test/features/routines/domain/exercise_resolver_test.dart: muscleProfileFor unresolvable slots are skipped, not fatal
00:38 +296: C:/Users/Atharva Patil/Documents/projects/gymlog/test/features/routines/domain/exercise_resolver_test.dart: muscleProfileFor an all-unresolvable day yields an empty profile
00:38 +297: C:/Users/Atharva Patil/Documents/projects/gymlog/test/features/routines/domain/exercise_resolver_test.dart: muscleProfileFor two different days produce different profiles
00:38 +298: C:/Users/Atharva Patil/Documents/projects/gymlog/test/features/routines/domain/exercise_resolver_test.dart: exerciseIdsFor returns ids in slot order and skips gaps
00:39 +299: C:/Users/Atharva Patil/Documents/projects/gymlog/test/features/routines/presentation/ai_routine_import_screen_test.dart: AiRoutineImportScreen renders segmented control and photo mode initially
00:40 +300: C:/Users/Atharva Patil/Documents/projects/gymlog/test/features/routines/presentation/ai_routine_import_screen_test.dart: AiRoutineImportScreen renders segmented control and photo mode initially
00:40 +301: C:/Users/Atharva Patil/Documents/projects/gymlog/test/features/routines/presentation/ai_routine_import_screen_test.dart: AiRoutineImportScreen renders segmented control and photo mode initially
00:40 +302: C:/Users/Atharva Patil/Documents/projects/gymlog/test/features/routines/presentation/ai_routine_import_screen_test.dart: AiRoutineImportScreen renders segmented control and photo mode initially
00:40 +303: C:/Users/Atharva Patil/Documents/projects/gymlog/test/features/routines/presentation/ai_routine_import_screen_test.dart: AiRoutineImportScreen renders segmented control and photo mode initially
00:40 +304: C:/Users/Atharva Patil/Documents/projects/gymlog/test/features/routines/presentation/ai_routine_import_screen_test.dart: AiRoutineImportScreen renders segmented control and photo mode initially
00:40 +305: C:/Users/Atharva Patil/Documents/projects/gymlog/test/features/routines/presentation/ai_routine_import_screen_test.dart: AiRoutineImportScreen renders segmented control and photo mode initially
00:40 +306: C:/Users/Atharva Patil/Documents/projects/gymlog/test/features/routines/presentation/ai_routine_import_screen_test.dart: AiRoutineImportScreen renders segmented control and photo mode initially
00:40 +307: C:/Users/Atharva Patil/Documents/projects/gymlog/test/features/routines/presentation/ai_routine_import_screen_test.dart: AiRoutineImportScreen renders segmented control and photo mode initially
00:40 +308: C:/Users/Atharva Patil/Documents/projects/gymlog/test/features/routines/presentation/ai_routine_import_screen_test.dart: AiRoutineImportScreen renders segmented control and photo mode initially
00:40 +309: C:/Users/Atharva Patil/Documents/projects/gymlog/test/features/routines/presentation/ai_routine_import_screen_test.dart: AiRoutineImportScreen renders segmented control and photo mode initially
00:40 +310: C:/Users/Atharva Patil/Documents/projects/gymlog/test/features/routines/presentation/ai_routine_import_screen_test.dart: AiRoutineImportScreen renders segmented control and photo mode initially
00:40 +311: C:/Users/Atharva Patil/Documents/projects/gymlog/test/features/routines/presentation/ai_routine_review_screen_test.dart: AiRoutineReviewScreen renders reconciled exercises and badges
00:41 +312: C:/Users/Atharva Patil/Documents/projects/gymlog/test/features/routines/presentation/ai_routine_review_screen_test.dart: AiRoutineReviewScreen renders reconciled exercises and badges
00:41 +313: C:/Users/Atharva Patil/Documents/projects/gymlog/test/features/routines/presentation/ai_routine_review_screen_test.dart: AiRoutineReviewScreen renders reconciled exercises and badges
00:41 +314: C:/Users/Atharva Patil/Documents/projects/gymlog/test/features/routines/presentation/ai_routine_review_screen_test.dart: AiRoutineReviewScreen renders reconciled exercises and badges
00:41 +315: C:/Users/Atharva Patil/Documents/projects/gymlog/test/features/routines/presentation/ai_routine_review_screen_test.dart: AiRoutineReviewScreen renders reconciled exercises and badges
00:41 +316: C:/Users/Atharva Patil/Documents/projects/gymlog/test/features/routines/presentation/ai_routine_review_screen_test.dart: AiRoutineReviewScreen renders reconciled exercises and badges
00:41 +317: C:/Users/Atharva Patil/Documents/projects/gymlog/test/features/routines/presentation/ai_routine_review_screen_test.dart: AiRoutineReviewScreen renders reconciled exercises and badges
00:41 +318: C:/Users/Atharva Patil/Documents/projects/gymlog/test/features/routines/presentation/ai_routine_review_screen_test.dart: AiRoutineReviewScreen renders reconciled exercises and badges
00:41 +319: C:/Users/Atharva Patil/Documents/projects/gymlog/test/features/routines/presentation/ai_routine_review_screen_test.dart: AiRoutineReviewScreen renders reconciled exercises and badges
00:41 +320: C:/Users/Atharva Patil/Documents/projects/gymlog/test/features/routines/presentation/ai_routine_review_screen_test.dart: AiRoutineReviewScreen renders reconciled exercises and badges
00:41 +321: C:/Users/Atharva Patil/Documents/projects/gymlog/test/features/routines/presentation/ai_routine_review_screen_test.dart: AiRoutineReviewScreen renders reconciled exercises and badges
00:41 +322: C:/Users/Atharva Patil/Documents/projects/gymlog/test/features/routines/presentation/ai_routine_review_screen_test.dart: AiRoutineReviewScreen renders reconciled exercises and badges
00:41 +323: C:/Users/Atharva Patil/Documents/projects/gymlog/test/features/routines/presentation/ai_routine_review_screen_test.dart: AiRoutineReviewScreen renders reconciled exercises and badges
00:41 +324: C:/Users/Atharva Patil/Documents/projects/gymlog/test/features/routines/presentation/ai_routine_review_screen_test.dart: AiRoutineReviewScreen renders reconciled exercises and badges
00:41 +325: C:/Users/Atharva Patil/Documents/projects/gymlog/test/features/routines/presentation/ai_routine_review_screen_test.dart: AiRoutineReviewScreen renders reconciled exercises and badges
00:41 +326: C:/Users/Atharva Patil/Documents/projects/gymlog/test/features/routines/presentation/ai_routine_review_screen_test.dart: AiRoutineReviewScreen renders reconciled exercises and badges
00:41 +327: C:/Users/Atharva Patil/Documents/projects/gymlog/test/features/routines/presentation/ai_routine_review_screen_test.dart: AiRoutineReviewScreen renders reconciled exercises and badges
00:41 +328: C:/Users/Atharva Patil/Documents/projects/gymlog/test/features/routines/presentation/ai_routine_review_screen_test.dart: AiRoutineReviewScreen renders reconciled exercises and badges
00:41 +329: C:/Users/Atharva Patil/Documents/projects/gymlog/test/features/routines/presentation/ai_routine_review_screen_test.dart: AiRoutineReviewScreen renders reconciled exercises and badges
00:41 +330: C:/Users/Atharva Patil/Documents/projects/gymlog/test/features/routines/presentation/ai_routine_review_screen_test.dart: AiRoutineReviewScreen renders reconciled exercises and badges
00:41 +331: C:/Users/Atharva Patil/Documents/projects/gymlog/test/features/routines/presentation/ai_routine_review_screen_test.dart: AiRoutineReviewScreen renders reconciled exercises and badges
00:41 +332: C:/Users/Atharva Patil/Documents/projects/gymlog/test/features/routines/presentation/ai_routine_review_screen_test.dart: AiRoutineReviewScreen renders reconciled exercises and badges
00:41 +333: C:/Users/Atharva Patil/Documents/projects/gymlog/test/features/routines/presentation/ai_routine_review_screen_test.dart: AiRoutineReviewScreen renders reconciled exercises and badges
00:41 +334: C:/Users/Atharva Patil/Documents/projects/gymlog/test/features/routines/presentation/ai_routine_review_screen_test.dart: AiRoutineReviewScreen stepper increments set count
00:42 +335: C:/Users/Atharva Patil/Documents/projects/gymlog/test/features/routines/presentation/providers/explore_filters_test.dart: equipment capability a full gym can perform everything
00:42 +336: C:/Users/Atharva Patil/Documents/projects/gymlog/test/features/routines/presentation/providers/explore_filters_test.dart: equipment capability dumbbells can also perform bodyweight
00:42 +337: C:/Users/Atharva Patil/Documents/projects/gymlog/test/features/routines/presentation/providers/explore_filters_test.dart: equipment capability bodyweight is the floor
00:42 +338: C:/Users/Atharva Patil/Documents/projects/gymlog/test/features/routines/presentation/providers/explore_filters_test.dart: equipment capability owning more equipment never shows less
00:42 +339: C:/Users/Atharva Patil/Documents/projects/gymlog/test/features/routines/presentation/providers/explore_filters_test.dart: applyExploreFilters no filters returns everything
00:42 +340: C:/Users/Atharva Patil/Documents/projects/gymlog/test/features/routines/presentation/providers/explore_filters_test.dart: applyExploreFilters an empty filter set is reported as empty
00:42 +341: C:/Users/Atharva Patil/Documents/projects/gymlog/test/features/routines/presentation/providers/explore_filters_test.dart: applyExploreFilters search finds routines by exercise name
00:42 +342: C:/Users/Atharva Patil/Documents/projects/gymlog/test/features/routines/presentation/providers/explore_filters_test.dart: applyExploreFilters a nonsense query returns nothing rather than everything
00:42 +343: C:/Users/Atharva Patil/Documents/projects/gymlog/test/features/routines/presentation/providers/explore_filters_test.dart: applyExploreFilters level filter keeps only matching routines
00:42 +344: C:/Users/Atharva Patil/Documents/projects/gymlog/test/features/routines/presentation/providers/explore_filters_test.dart: applyExploreFilters duration filter keeps only matching bands
00:42 +345: C:/Users/Atharva Patil/Documents/projects/gymlog/test/features/routines/presentation/providers/explore_filters_test.dart: applyExploreFilters filters compose
00:42 +346: C:/Users/Atharva Patil/Documents/projects/gymlog/test/features/routines/presentation/providers/explore_filters_test.dart: applyExploreFilters activeCount tracks how many constraints are on
00:42 +347: C:/Users/Atharva Patil/Documents/projects/gymlog/test/features/routines/presentation/providers/explore_filters_test.dart: applyExploreFilters clearing equipment removes the constraint
00:42 +348: C:/Users/Atharva Patil/Documents/projects/gymlog/test/features/routines/presentation/widgets/explore_preview_sheet_test.dart: RoutinePreviewSheet renders routine details, exercises, and muscle map
00:43 +349: C:/Users/Atharva Patil/Documents/projects/gymlog/test/features/routines/presentation/widgets/explore_preview_sheet_test.dart: RoutinePreviewSheet renders routine details, exercises, and muscle map
00:43 +350: C:/Users/Atharva Patil/Documents/projects/gymlog/test/features/routines/presentation/widgets/explore_preview_sheet_test.dart: RoutinePreviewSheet renders routine details, exercises, and muscle map
00:43 +351: C:/Users/Atharva Patil/Documents/projects/gymlog/test/features/routines/presentation/widgets/explore_preview_sheet_test.dart: RoutinePreviewSheet renders routine details, exercises, and muscle map
00:43 +352: C:/Users/Atharva Patil/Documents/projects/gymlog/test/features/routines/presentation/widgets/explore_preview_sheet_test.dart: RoutinePreviewSheet renders routine details, exercises, and muscle map
00:43 +353: C:/Users/Atharva Patil/Documents/projects/gymlog/test/features/routines/presentation/widgets/explore_preview_sheet_test.dart: RoutinePreviewSheet renders routine details, exercises, and muscle map
00:43 +354: C:/Users/Atharva Patil/Documents/projects/gymlog/test/features/routines/presentation/widgets/explore_preview_sheet_test.dart: RoutinePreviewSheet renders routine details, exercises, and muscle map
00:43 +355: C:/Users/Atharva Patil/Documents/projects/gymlog/test/features/routines/presentation/widgets/explore_preview_sheet_test.dart: RoutinePreviewSheet renders routine details, exercises, and muscle map
00:43 +356: C:/Users/Atharva Patil/Documents/projects/gymlog/test/features/routines/presentation/widgets/explore_preview_sheet_test.dart: RoutinePreviewSheet renders routine details, exercises, and muscle map
00:43 +357: C:/Users/Atharva Patil/Documents/projects/gymlog/test/features/routines/presentation/widgets/explore_preview_sheet_test.dart: RoutinePreviewSheet renders routine details, exercises, and muscle map
00:43 +358: C:/Users/Atharva Patil/Documents/projects/gymlog/test/features/routines/presentation/widgets/explore_preview_sheet_test.dart: RoutinePreviewSheet renders routine details, exercises, and muscle map
00:43 +359: C:/Users/Atharva Patil/Documents/projects/gymlog/test/features/routines/presentation/widgets/explore_preview_sheet_test.dart: RoutinePreviewSheet renders routine details, exercises, and muscle map
00:43 +360: C:/Users/Atharva Patil/Documents/projects/gymlog/test/features/routines/presentation/widgets/explore_preview_sheet_test.dart: RoutinePreviewSheet renders routine details, exercises, and muscle map
00:43 +361: C:/Users/Atharva Patil/Documents/projects/gymlog/test/features/routines/presentation/widgets/explore_preview_sheet_test.dart: RoutinePreviewSheet renders routine details, exercises, and muscle map
00:43 +362: C:/Users/Atharva Patil/Documents/projects/gymlog/test/features/routines/presentation/widgets/explore_preview_sheet_test.dart: RoutinePreviewSheet renders routine details, exercises, and muscle map
00:43 +363: C:/Users/Atharva Patil/Documents/projects/gymlog/test/features/routines/presentation/widgets/explore_preview_sheet_test.dart: RoutinePreviewSheet renders routine details, exercises, and muscle map
00:43 +364: C:/Users/Atharva Patil/Documents/projects/gymlog/test/features/routines/presentation/widgets/explore_preview_sheet_test.dart: RoutinePreviewSheet renders routine details, exercises, and muscle map
00:43 +365: C:/Users/Atharva Patil/Documents/projects/gymlog/test/features/routines/presentation/widgets/explore_preview_sheet_test.dart: RoutinePreviewSheet renders routine details, exercises, and muscle map
00:43 +366: C:/Users/Atharva Patil/Documents/projects/gymlog/test/features/routines/presentation/widgets/explore_preview_sheet_test.dart: RoutinePreviewSheet renders routine details, exercises, and muscle map
00:43 +367: C:/Users/Atharva Patil/Documents/projects/gymlog/test/features/routines/presentation/widgets/explore_preview_sheet_test.dart: RoutinePreviewSheet renders routine details, exercises, and muscle map
00:43 +368: C:/Users/Atharva Patil/Documents/projects/gymlog/test/features/routines/presentation/widgets/explore_preview_sheet_test.dart: RoutinePreviewSheet renders routine details, exercises, and muscle map
00:43 +369: C:/Users/Atharva Patil/Documents/projects/gymlog/test/features/routines/presentation/widgets/explore_preview_sheet_test.dart: RoutinePreviewSheet renders routine details, exercises, and muscle map
00:43 +370: C:/Users/Atharva Patil/Documents/projects/gymlog/test/features/routines/presentation/widgets/explore_preview_sheet_test.dart: RoutinePreviewSheet renders routine details, exercises, and muscle map
00:43 +371: C:/Users/Atharva Patil/Documents/projects/gymlog/test/features/routines/presentation/widgets/explore_preview_sheet_test.dart: RoutinePreviewSheet renders routine details, exercises, and muscle map
00:43 +372: C:/Users/Atharva Patil/Documents/projects/gymlog/test/features/routines/presentation/widgets/explore_preview_sheet_test.dart: RoutinePreviewSheet renders routine details, exercises, and muscle map
00:43 +373: C:/Users/Atharva Patil/Documents/projects/gymlog/test/features/routines/presentation/widgets/explore_preview_sheet_test.dart: RoutinePreviewSheet renders routine details, exercises, and muscle map
00:43 +374: C:/Users/Atharva Patil/Documents/projects/gymlog/test/features/routines/presentation/widgets/explore_preview_sheet_test.dart: RoutinePreviewSheet renders routine details, exercises, and muscle map
00:43 +375: C:/Users/Atharva Patil/Documents/projects/gymlog/test/features/routines/presentation/widgets/explore_preview_sheet_test.dart: RoutinePreviewSheet renders routine details, exercises, and muscle map
00:43 +376: C:/Users/Atharva Patil/Documents/projects/gymlog/test/features/routines/presentation/widgets/explore_preview_sheet_test.dart: RoutinePreviewSheet renders routine details, exercises, and muscle map
00:43 +377: C:/Users/Atharva Patil/Documents/projects/gymlog/test/features/routines/presentation/widgets/explore_preview_sheet_test.dart: RoutinePreviewSheet renders routine details, exercises, and muscle map
00:44 +378: C:/Users/Atharva Patil/Documents/projects/gymlog/test/features/routines/presentation/widgets/explore_preview_sheet_test.dart: RoutinePreviewSheet renders routine details, exercises, and muscle map
00:44 +379: C:/Users/Atharva Patil/Documents/projects/gymlog/test/features/routines/presentation/widgets/explore_preview_sheet_test.dart: RoutinePreviewSheet renders routine details, exercises, and muscle map
00:44 +380: C:/Users/Atharva Patil/Documents/projects/gymlog/test/features/routines/presentation/widgets/explore_preview_sheet_test.dart: RoutinePreviewSheet renders routine details, exercises, and muscle map
00:44 +381: C:/Users/Atharva Patil/Documents/projects/gymlog/test/features/routines/presentation/widgets/explore_preview_sheet_test.dart: RoutinePreviewSheet renders routine details, exercises, and muscle map
00:44 +382: C:/Users/Atharva Patil/Documents/projects/gymlog/test/features/routines/presentation/widgets/explore_preview_sheet_test.dart: RoutinePreviewSheet renders routine details, exercises, and muscle map
00:44 +383: C:/Users/Atharva Patil/Documents/projects/gymlog/test/features/routines/presentation/widgets/explore_preview_sheet_test.dart: RoutinePreviewSheet renders routine details, exercises, and muscle map
00:44 +384: C:/Users/Atharva Patil/Documents/projects/gymlog/test/features/routines/presentation/widgets/explore_preview_sheet_test.dart: RoutinePreviewSheet renders routine details, exercises, and muscle map
00:44 +385: C:/Users/Atharva Patil/Documents/projects/gymlog/test/features/routines/presentation/widgets/explore_preview_sheet_test.dart: RoutinePreviewSheet renders routine details, exercises, and muscle map
00:45 +386: C:/Users/Atharva Patil/Documents/projects/gymlog/test/features/routines/presentation/widgets/explore_preview_sheet_test.dart: RoutinePreviewSheet renders routine details, exercises, and muscle map
unhandled element <style/>; Picture key: Svg loader
00:45 +387: C:/Users/Atharva Patil/Documents/projects/gymlog/test/features/workout/presentation/screens/active_workout_hold_timer_integration_test.dart: ExerciseBlock renders TIMER column and triggers HoldTimer
00:45 +388: C:/Users/Atharva Patil/Documents/projects/gymlog/test/features/workout/presentation/screens/active_workout_hold_timer_integration_test.dart: ExerciseBlock renders TIMER column and triggers HoldTimer
00:45 +389: C:/Users/Atharva Patil/Documents/projects/gymlog/test/features/workout/presentation/screens/active_workout_hold_timer_integration_test.dart: ExerciseBlock renders TIMER column and triggers HoldTimer
00:47 +390: C:/Users/Atharva Patil/Documents/projects/gymlog/test/features/workout/presentation/screens/active_workout_hold_timer_integration_test.dart: ExerciseBlock renders TIMER column and triggers HoldTimer
00:47 +391: C:/Users/Atharva Patil/Documents/projects/gymlog/test/features/workout/presentation/screens/active_workout_hold_timer_integration_test.dart: ExerciseBlock renders TIMER column and triggers HoldTimer
00:47 +392: C:/Users/Atharva Patil/Documents/projects/gymlog/test/features/workout/presentation/screens/active_workout_hold_timer_integration_test.dart: ExerciseBlock renders TIMER column and triggers HoldTimer
00:47 +393: C:/Users/Atharva Patil/Documents/projects/gymlog/test/features/workout/presentation/widgets/set_row_hold_timer_test.dart: SetRow Hold Timer Integration Tests renders play icon trigger and TextField for duration measurementType
00:48 +394: C:/Users/Atharva Patil/Documents/projects/gymlog/test/features/workout/pr_celebration_overlay_test.dart: PR celebration overlay share action opens the editor with the originating set
00:48 +395: C:/Users/Atharva Patil/Documents/projects/gymlog/test/features/workout/pr_celebration_overlay_test.dart: PR celebration overlay share action opens the editor with the originating set
00:48 +396: C:/Users/Atharva Patil/Documents/projects/gymlog/test/features/workout/pr_celebration_overlay_test.dart: PR celebration overlay share action opens the editor with the originating set
00:48 +397: C:/Users/Atharva Patil/Documents/projects/gymlog/test/features/workout/pr_celebration_overlay_test.dart: PR celebration overlay share action opens the editor with the originating set
00:48 +398: C:/Users/Atharva Patil/Documents/projects/gymlog/test/features/workout/pr_celebration_overlay_test.dart: PR celebration overlay share action opens the editor with the originating set
00:48 +399: C:/Users/Atharva Patil/Documents/projects/gymlog/test/features/workout/pr_celebration_overlay_test.dart: PR celebration overlay share action opens the editor with the originating set
00:48 +400: C:/Users/Atharva Patil/Documents/projects/gymlog/test/features/workout/pr_celebration_overlay_test.dart: PR celebration overlay share action opens the editor with the originating set
00:48 +401: C:/Users/Atharva Patil/Documents/projects/gymlog/test/features/workout/pr_celebration_overlay_test.dart: PR celebration overlay share action opens the editor with the originating set
00:48 +401: loading C:/Users/Atharva Patil/Documents/projects/gymlog/test/golden/active_workout_header_golden_test.dart
Warning: A tag was used that wasn't specified in dart_test.yaml.
  golden was used in the suite itself

00:49 +402: C:/Users/Atharva Patil/Documents/projects/gymlog/test/golden/active_workout_header_golden_test.dart: ActiveWorkoutHeader renders correctly per theme (normal layout) (variant: Windows)
00:49 +403: C:/Users/Atharva Patil/Documents/projects/gymlog/test/golden/active_workout_header_golden_test.dart: ActiveWorkoutHeader renders correctly per theme (normal layout) (variant: Windows)
00:49 +404: C:/Users/Atharva Patil/Documents/projects/gymlog/test/golden/active_workout_header_golden_test.dart: ActiveWorkoutHeader renders correctly per theme (normal layout) (variant: Windows)
00:49 +405: C:/Users/Atharva Patil/Documents/projects/gymlog/test/golden/active_workout_header_golden_test.dart: ActiveWorkoutHeader renders correctly per theme (normal layout) (variant: Windows)
00:49 +406: C:/Users/Atharva Patil/Documents/projects/gymlog/test/golden/active_workout_header_golden_test.dart: ActiveWorkoutHeader renders correctly per theme (normal layout) (variant: Windows)
00:49 +407: C:/Users/Atharva Patil/Documents/projects/gymlog/test/golden/active_workout_header_golden_test.dart: ActiveWorkoutHeader renders correctly per theme (normal layout) (variant: Windows)
00:50 +408: C:/Users/Atharva Patil/Documents/projects/gymlog/test/golden/auth_screen_golden_test.dart: AuthScreen Golden Tests 1. Dark Purple Palette 390x844
00:50 +409: C:/Users/Atharva Patil/Documents/projects/gymlog/test/golden/auth_screen_golden_test.dart: AuthScreen Golden Tests 1. Dark Purple Palette 390x844
00:50 +410: C:/Users/Atharva Patil/Documents/projects/gymlog/test/golden/active_workout_header_golden_test.dart: ActiveWorkoutHeader renders correctly per theme (large-text compact) (variant: Windows)
00:50 +411: C:/Users/Atharva Patil/Documents/projects/gymlog/test/golden/auth_screen_golden_test.dart: AuthScreen Golden Tests 2. Dark Cyan Palette 390x844
00:50 +412: C:/Users/Atharva Patil/Documents/projects/gymlog/test/golden/active_workout_header_golden_test.dart: ActiveWorkoutHeader renders correctly per theme (large-text compact) (variant: CI)
00:50 +413: C:/Users/Atharva Patil/Documents/projects/gymlog/test/golden/active_workout_header_golden_test.dart: ActiveWorkoutHeader renders correctly per theme (large-text compact) (variant: CI)
00:51 +414: C:/Users/Atharva Patil/Documents/projects/gymlog/test/golden/active_workout_header_golden_test.dart: ActiveWorkoutHeader renders correctly per theme (large-text compact) (variant: CI)
00:51 +415: C:/Users/Atharva Patil/Documents/projects/gymlog/test/golden/auth_screen_golden_test.dart: AuthScreen Golden Tests 5. Higgsfield Palette 390x844
00:51 +416: C:/Users/Atharva Patil/Documents/projects/gymlog/test/golden/active_workout_header_golden_test.dart: ActiveWorkoutHeader renders correctly per theme (status-bar inset) (variant: Windows)
00:51 +416: loading C:/Users/Atharva Patil/Documents/projects/gymlog/test/golden/muscle_load_bar_golden_test.dart
Warning: A tag was used that wasn't specified in dart_test.yaml.
  golden was used in the suite itself

00:51 +417: C:/Users/Atharva Patil/Documents/projects/gymlog/test/golden/active_workout_header_golden_test.dart: ActiveWorkoutHeader renders correctly per theme (status-bar inset) (variant: Windows)
00:51 +418: C:/Users/Atharva Patil/Documents/projects/gymlog/test/golden/active_workout_header_golden_test.dart: ActiveWorkoutHeader renders correctly per theme (status-bar inset) (variant: Windows)
00:51 +419: C:/Users/Atharva Patil/Documents/projects/gymlog/test/golden/muscle_load_bar_golden_test.dart: MuscleLoadBar renders in all six accent palettes (variant: Windows)
00:51 +420: C:/Users/Atharva Patil/Documents/projects/gymlog/test/golden/muscle_load_bar_golden_test.dart: MuscleLoadBar renders in all six accent palettes (variant: Windows)
00:51 +420: loading C:/Users/Atharva Patil/Documents/projects/gymlog/test/golden/muscle_map_golden_test.dart
Warning: A tag was used that wasn't specified in dart_test.yaml.
  golden was used in the suite itself

00:51 +421: C:/Users/Atharva Patil/Documents/projects/gymlog/test/golden/muscle_load_bar_golden_test.dart: MuscleLoadBar renders in all six accent palettes (variant: Windows)
00:51 +422: C:/Users/Atharva Patil/Documents/projects/gymlog/test/golden/muscle_load_bar_golden_test.dart: MuscleLoadBar renders in all six accent palettes (variant: Windows)
00:51 +423: C:/Users/Atharva Patil/Documents/projects/gymlog/test/golden/muscle_load_bar_golden_test.dart: MuscleLoadBar renders in all six accent palettes (variant: Windows)
00:52 +424: C:/Users/Atharva Patil/Documents/projects/gymlog/test/golden/muscle_load_bar_golden_test.dart: MuscleLoadBar renders in all six accent palettes (variant: Windows)
00:52 +425: C:/Users/Atharva Patil/Documents/projects/gymlog/test/golden/muscle_load_bar_golden_test.dart: MuscleLoadBar renders in all six accent palettes (variant: Windows)
00:52 +425: C:/Users/Atharva Patil/Documents/projects/gymlog/test/golden/auth_screen_golden_test.dart: AuthScreen Golden Tests 13. Offline Snackbar
[Auth] failure=network
00:52 +426: C:/Users/Atharva Patil/Documents/projects/gymlog/test/golden/muscle_load_bar_golden_test.dart: MuscleLoadBar renders in all six accent palettes (variant: Windows)
00:52 +426: C:/Users/Atharva Patil/Documents/projects/gymlog/test/golden/auth_screen_golden_test.dart: AuthScreen Golden Tests 14. Configuration-error Snackbar
[Auth] failure=configuration code=google_android_configuration
00:52 +427: C:/Users/Atharva Patil/Documents/projects/gymlog/test/golden/muscle_map_golden_test.dart: MuscleMap front-only male highlights Chest and Triceps (variant: Windows)
00:52 +428: C:/Users/Atharva Patil/Documents/projects/gymlog/test/golden/muscle_map_golden_test.dart: MuscleMap front-only male highlights Chest and Triceps (variant: Windows)
00:52 +429: C:/Users/Atharva Patil/Documents/projects/gymlog/test/golden/muscle_map_golden_test.dart: MuscleMap front-only male highlights Chest and Triceps (variant: Windows)
unhandled element <style/>; Picture key: Svg loader
00:53 +430: C:/Users/Atharva Patil/Documents/projects/gymlog/test/golden/muscle_map_golden_test.dart: MuscleMap front-only male highlights Chest and Triceps (variant: CI)
00:53 +430: loading C:/Users/Atharva Patil/Documents/projects/gymlog/test/golden/nav_bar_golden_test.dart
Warning: A tag was used that wasn't specified in dart_test.yaml.
  golden was used in the suite itself

00:53 +431: C:/Users/Atharva Patil/Documents/projects/gymlog/test/golden/nav_bar_golden_test.dart: BottomNavBar — all palettes, tab 0 selected, standard sizes (variant: Windows)
00:54 +432: C:/Users/Atharva Patil/Documents/projects/gymlog/test/golden/nav_bar_golden_test.dart: BottomNavBar — all palettes, tab 0 selected, standard sizes (variant: Windows)
00:54 +432: loading C:/Users/Atharva Patil/Documents/projects/gymlog/test/golden/onboarding_steps_golden_test.dart
Warning: A tag was used that wasn't specified in dart_test.yaml.
  golden was used in the suite itself

00:54 +433: C:/Users/Atharva Patil/Documents/projects/gymlog/test/golden/nav_bar_golden_test.dart: BottomNavBar — all palettes, tab 0 selected, standard sizes (variant: Windows)
00:55 +433: loading C:/Users/Atharva Patil/Documents/projects/gymlog/test/golden/pr_celebration_golden_test.dart
Warning: A tag was used that wasn't specified in dart_test.yaml.
  golden was used in the suite itself

00:55 +434: C:/Users/Atharva Patil/Documents/projects/gymlog/test/golden/nav_bar_golden_test.dart: BottomNavBar — all palettes, tab 0 selected, standard sizes (variant: Windows)
00:55 +435: C:/Users/Atharva Patil/Documents/projects/gymlog/test/golden/nav_bar_golden_test.dart: BottomNavBar — all palettes, tab 0 selected, standard sizes (variant: Windows)
00:55 +436: C:/Users/Atharva Patil/Documents/projects/gymlog/test/golden/onboarding_steps_golden_test.dart: StepAge renders per theme (variant: Windows)
00:56 +437: C:/Users/Atharva Patil/Documents/projects/gymlog/test/golden/onboarding_steps_golden_test.dart: StepAge renders per theme (variant: Windows)
00:56 +438: C:/Users/Atharva Patil/Documents/projects/gymlog/test/golden/onboarding_steps_golden_test.dart: StepAge renders per theme (variant: Windows)
00:56 +439: C:/Users/Atharva Patil/Documents/projects/gymlog/test/golden/pr_celebration_golden_test.dart: PrCelebrationCard renders per theme (variant: Windows)
00:57 +440: C:/Users/Atharva Patil/Documents/projects/gymlog/test/golden/pr_celebration_golden_test.dart: PrCelebrationCard renders per theme (variant: Windows)
00:57 +441: C:/Users/Atharva Patil/Documents/projects/gymlog/test/golden/onboarding_steps_golden_test.dart: StepAge renders per theme (variant: CI)
00:57 +442: C:/Users/Atharva Patil/Documents/projects/gymlog/test/golden/onboarding_steps_golden_test.dart: StepAge renders per theme (variant: CI)
00:57 +442: loading C:/Users/Atharva Patil/Documents/projects/gymlog/test/golden/pr_flex_golden_test.dart
Warning: A tag was used that wasn't specified in dart_test.yaml.
  golden was used in the suite itself

00:57 +443: C:/Users/Atharva Patil/Documents/projects/gymlog/test/golden/pr_celebration_golden_test.dart: PrCelebrationCard renders per theme (variant: CI)
00:57 +444: C:/Users/Atharva Patil/Documents/projects/gymlog/test/golden/pr_celebration_golden_test.dart: PrCelebrationCard renders per theme (variant: CI)
00:58 +445: C:/Users/Atharva Patil/Documents/projects/gymlog/test/golden/onboarding_steps_golden_test.dart: StepAge at 100 renders per theme (regression: 3 digits must not wrap) (variant: Windows)
00:58 +446: C:/Users/Atharva Patil/Documents/projects/gymlog/test/golden/pr_flex_golden_test.dart: PR Flex black, all six app accents (variant: Windows)
00:58 +447: C:/Users/Atharva Patil/Documents/projects/gymlog/test/golden/pr_flex_golden_test.dart: PR Flex black, all six app accents (variant: Windows)
00:58 +448: C:/Users/Atharva Patil/Documents/projects/gymlog/test/golden/pr_flex_golden_test.dart: PR Flex black, all six app accents (variant: Windows)
00:58 +449: C:/Users/Atharva Patil/Documents/projects/gymlog/test/golden/pr_flex_golden_test.dart: PR Flex black, all six app accents (variant: Windows)
00:58 +450: C:/Users/Atharva Patil/Documents/projects/gymlog/test/golden/pr_flex_golden_test.dart: PR Flex black, all six app accents (variant: Windows)
00:59 +451: C:/Users/Atharva Patil/Documents/projects/gymlog/test/golden/pr_flex_golden_test.dart: PR Flex black, all six app accents (variant: Windows)
00:59 +452: C:/Users/Atharva Patil/Documents/projects/gymlog/test/golden/pr_flex_golden_test.dart: PR Flex black, all six app accents (variant: Windows)
00:59 +453: C:/Users/Atharva Patil/Documents/projects/gymlog/test/golden/pr_flex_golden_test.dart: PR Flex black, all six app accents (variant: Windows)
00:59 +454: C:/Users/Atharva Patil/Documents/projects/gymlog/test/golden/pr_flex_golden_test.dart: PR Flex black, all six app accents (variant: Windows)
00:59 +455: C:/Users/Atharva Patil/Documents/projects/gymlog/test/golden/pr_flex_golden_test.dart: PR Flex black, all six app accents (variant: Windows)
00:59 +456: C:/Users/Atharva Patil/Documents/projects/gymlog/test/golden/onboarding_steps_golden_test.dart: StepWeeklyGoal renders per theme (variant: CI)
01:00 +457: C:/Users/Atharva Patil/Documents/projects/gymlog/test/golden/onboarding_steps_golden_test.dart: StepWeeklyGoal renders per theme (variant: CI)
01:00 +458: C:/Users/Atharva Patil/Documents/projects/gymlog/test/golden/pr_flex_golden_test.dart: PR Flex black, all six app accents (variant: CI)
01:00 +459: C:/Users/Atharva Patil/Documents/projects/gymlog/test/golden/pr_flex_golden_test.dart: PR Flex black, all six app accents (variant: CI)
01:00 +460: C:/Users/Atharva Patil/Documents/projects/gymlog/test/golden/nav_bar_golden_test.dart: BottomNavBar — semantics tabs expose semantics tree
01:00 +461: C:/Users/Atharva Patil/Documents/projects/gymlog/test/golden/pr_flex_golden_test.dart: PR Flex accent, all six app accents (variant: Windows)
01:00 +462: C:/Users/Atharva Patil/Documents/projects/gymlog/test/golden/pr_flex_golden_test.dart: PR Flex accent, all six app accents (variant: Windows)
01:01 +463: C:/Users/Atharva Patil/Documents/projects/gymlog/test/golden/nav_bar_golden_test.dart: BottomNavBar — geometry and layout nav bar has 3 tab items
01:01 +464: C:/Users/Atharva Patil/Documents/projects/gymlog/test/golden/pr_flex_golden_test.dart: PR Flex accent, all six app accents (variant: CI)
01:01 +465: C:/Users/Atharva Patil/Documents/projects/gymlog/test/golden/pr_flex_golden_test.dart: PR Flex photo, all six app accents (variant: Windows)
01:01 +465: loading C:/Users/Atharva Patil/Documents/projects/gymlog/test/golden/segmented_control_golden_test.dart
Warning: A tag was used that wasn't specified in dart_test.yaml.
  golden was used in the suite itself

01:02 +465: loading C:/Users/Atharva Patil/Documents/projects/gymlog/test/golden/share_cards_golden_test.dart
Warning: A tag was used that wasn't specified in dart_test.yaml.
  golden was used in the suite itself

01:02 +466: C:/Users/Atharva Patil/Documents/projects/gymlog/test/golden/segmented_control_golden_test.dart: SegmentedControl renders correctly per theme (variant: Windows)
01:03 +467: C:/Users/Atharva Patil/Documents/projects/gymlog/test/golden/segmented_control_golden_test.dart: SegmentedControl renders correctly per theme (variant: Windows)
01:03 +468: C:/Users/Atharva Patil/Documents/projects/gymlog/test/golden/segmented_control_golden_test.dart: SegmentedControl renders correctly per theme (variant: Windows)
01:03 +469: C:/Users/Atharva Patil/Documents/projects/gymlog/test/golden/segmented_control_golden_test.dart: SegmentedControl renders correctly per theme (variant: Windows)
01:03 +470: C:/Users/Atharva Patil/Documents/projects/gymlog/test/golden/segmented_control_golden_test.dart: SegmentedControl renders correctly per theme (variant: Windows)
01:03 +471: C:/Users/Atharva Patil/Documents/projects/gymlog/test/golden/segmented_control_golden_test.dart: SegmentedControl renders correctly per theme (variant: Windows)
01:03 +472: C:/Users/Atharva Patil/Documents/projects/gymlog/test/golden/segmented_control_golden_test.dart: SegmentedControl renders correctly per theme (variant: Windows)
01:03 +473: C:/Users/Atharva Patil/Documents/projects/gymlog/test/golden/segmented_control_golden_test.dart: SegmentedControl renders correctly per theme (variant: Windows)
01:03 +474: C:/Users/Atharva Patil/Documents/projects/gymlog/test/golden/segmented_control_golden_test.dart: SegmentedControl renders correctly per theme (variant: Windows)
01:03 +475: C:/Users/Atharva Patil/Documents/projects/gymlog/test/golden/segmented_control_golden_test.dart: SegmentedControl renders correctly per theme (variant: Windows)
01:03 +476: C:/Users/Atharva Patil/Documents/projects/gymlog/test/golden/segmented_control_golden_test.dart: SegmentedControl renders correctly per theme (variant: Windows)
01:03 +477: C:/Users/Atharva Patil/Documents/projects/gymlog/test/golden/segmented_control_golden_test.dart: SegmentedControl renders correctly per theme (variant: Windows)
01:03 +478: C:/Users/Atharva Patil/Documents/projects/gymlog/test/golden/segmented_control_golden_test.dart: SegmentedControl renders correctly per theme (variant: Windows)
01:03 +479: C:/Users/Atharva Patil/Documents/projects/gymlog/test/golden/share_cards_golden_test.dart: DELT Share Card - Monument Variant across all themes (variant: Windows)
01:03 +480: C:/Users/Atharva Patil/Documents/projects/gymlog/test/golden/share_cards_golden_test.dart: DELT Share Card - Monument Variant across all themes (variant: Windows)
01:03 +481: C:/Users/Atharva Patil/Documents/projects/gymlog/test/golden/share_cards_golden_test.dart: DELT Share Card - Monument Variant across all themes (variant: Windows)
01:03 +482: C:/Users/Atharva Patil/Documents/projects/gymlog/test/golden/share_cards_golden_test.dart: DELT Share Card - Monument Variant across all themes (variant: Windows)
01:03 +483: C:/Users/Atharva Patil/Documents/projects/gymlog/test/golden/share_cards_golden_test.dart: DELT Share Card - Monument Variant across all themes (variant: Windows)
01:03 +484: C:/Users/Atharva Patil/Documents/projects/gymlog/test/golden/pr_flex_golden_test.dart: Story editor follows every app accent (variant: Windows)
01:04 +485: C:/Users/Atharva Patil/Documents/projects/gymlog/test/golden/pr_flex_golden_test.dart: Story editor follows every app accent (variant: Windows)
01:04 +486: C:/Users/Atharva Patil/Documents/projects/gymlog/test/golden/pr_flex_golden_test.dart: Story editor follows every app accent (variant: Windows)
01:04 +487: C:/Users/Atharva Patil/Documents/projects/gymlog/test/golden/pr_flex_golden_test.dart: Story editor follows every app accent (variant: Windows)
01:04 +488: C:/Users/Atharva Patil/Documents/projects/gymlog/test/golden/pr_flex_golden_test.dart: Story editor follows every app accent (variant: Windows)
01:04 +489: C:/Users/Atharva Patil/Documents/projects/gymlog/test/golden/pr_flex_golden_test.dart: Story editor follows every app accent (variant: Windows)
01:04 +490: C:/Users/Atharva Patil/Documents/projects/gymlog/test/golden/pr_flex_golden_test.dart: Story editor follows every app accent (variant: CI)
01:05 +491: C:/Users/Atharva Patil/Documents/projects/gymlog/test/golden/pr_flex_golden_test.dart: Story editor follows every app accent (variant: CI)
01:05 +492: C:/Users/Atharva Patil/Documents/projects/gymlog/test/golden/pr_flex_golden_test.dart: Story editor follows every app accent (variant: CI)
01:05 +493: C:/Users/Atharva Patil/Documents/projects/gymlog/test/golden/pr_flex_golden_test.dart: Story editor follows every app accent (variant: CI)
01:05 +494: C:/Users/Atharva Patil/Documents/projects/gymlog/test/golden/pr_flex_golden_test.dart: Story editor follows every app accent (variant: CI)
01:05 +495: C:/Users/Atharva Patil/Documents/projects/gymlog/test/golden/pr_flex_golden_test.dart: Story editor follows every app accent (variant: CI)
01:05 +496: C:/Users/Atharva Patil/Documents/projects/gymlog/test/golden/pr_flex_golden_test.dart: Story editor follows every app accent (variant: CI)
01:05 +497: C:/Users/Atharva Patil/Documents/projects/gymlog/test/golden/pr_flex_golden_test.dart: Story editor follows every app accent (variant: CI)
01:05 +498: C:/Users/Atharva Patil/Documents/projects/gymlog/test/golden/pr_flex_golden_test.dart: Story editor follows every app accent (variant: CI)
01:05 +499: C:/Users/Atharva Patil/Documents/projects/gymlog/test/golden/pr_flex_golden_test.dart: Story editor follows every app accent (variant: CI)
01:05 +500: C:/Users/Atharva Patil/Documents/projects/gymlog/test/golden/pr_flex_golden_test.dart: Story editor follows every app accent (variant: CI)
01:05 +501: C:/Users/Atharva Patil/Documents/projects/gymlog/test/golden/pr_flex_golden_test.dart: Story editor follows every app accent (variant: CI)
01:05 +502: C:/Users/Atharva Patil/Documents/projects/gymlog/test/golden/pr_flex_golden_test.dart: Story editor follows every app accent (variant: CI)
01:05 +503: C:/Users/Atharva Patil/Documents/projects/gymlog/test/golden/pr_flex_golden_test.dart: Story editor follows every app accent (variant: CI)
01:05 +504: C:/Users/Atharva Patil/Documents/projects/gymlog/test/golden/pr_flex_golden_test.dart: Story editor follows every app accent (variant: CI)
01:05 +505: C:/Users/Atharva Patil/Documents/projects/gymlog/test/golden/pr_flex_golden_test.dart: Story editor follows every app accent (variant: CI)
01:05 +506: C:/Users/Atharva Patil/Documents/projects/gymlog/test/golden/pr_flex_golden_test.dart: (tearDownAll)
01:06 +506: C:/Users/Atharva Patil/Documents/projects/gymlog/test/import/exercise_matcher_test.dart: exact match (case-insensitive)
01:06 +507: C:/Users/Atharva Patil/Documents/projects/gymlog/test/import/exercise_matcher_test.dart: word-order independent: parenthetical ↔ prefixed equipment
01:06 +508: C:/Users/Atharva Patil/Documents/projects/gymlog/test/import/exercise_matcher_test.dart: equipment is preserved (no cross-equipment link)
01:06 +509: C:/Users/Atharva Patil/Documents/projects/gymlog/test/import/exercise_matcher_test.dart: equipment-less import name links to the single movement match
01:06 +510: C:/Users/Atharva Patil/Documents/projects/gymlog/test/import/exercise_matcher_test.dart: returns null when the movement is unknown
01:06 +511: C:/Users/Atharva Patil/Documents/projects/gymlog/test/import/exercise_matcher_test.dart: movementKey strips equipment and ignores word order
01:06 +512: C:/Users/Atharva Patil/Documents/projects/gymlog/test/import/exercise_matcher_test.dart: equipFromName reads parenthetical or prefixed equipment
01:07 +513: C:/Users/Atharva Patil/Documents/projects/gymlog/test/import/export_roundtrip_test.dart: (setUpAll)
01:07 +513: C:/Users/Atharva Patil/Documents/projects/gymlog/test/import/export_roundtrip_test.dart: ATOMIC-06: Lossless GymLog v2 Import/Export Round-Trip Round-trip invariant: decode(encode(workout)) preserves full history
WARNING (drift): It looks like you've created the database class AppDatabase multiple times. When these two databases use the same QueryExecutor, race conditions will occur and might corrupt the database. 
Try to follow the advice at https://drift.simonbinder.eu/faq/#using-the-database or, if you know what you're doing, set driftRuntimeOptions.dontWarnAboutMultipleDatabases = true
Here is the stacktrace from when the database was opened a second time:
#0      GeneratedDatabase._handleInstantiated (package:drift/src/runtime/api/db_base.dart:96:30)
#1      GeneratedDatabase._whenConstructed (package:drift/src/runtime/api/db_base.dart:73:12)
#2      new GeneratedDatabase (package:drift/src/runtime/api/db_base.dart:64:5)
#3      new _$AppDatabase (package:gymlog/core/database/database.g.dart:4170:36)
#4      new AppDatabase.forTesting (package:gymlog/core/database/database.dart)
#5      main.<anonymous closure>.<anonymous closure> (file:///C:/Users/Atharva%20Patil/Documents/projects/gymlog/test/import/export_roundtrip_test.dart:199:31)
<asynchronous suspension>
#6      Declarer.test.<anonymous closure>.<anonymous closure> (package:test_api/src/backend/declarer.dart:253:15)
<asynchronous suspension>
#7      Declarer.test.<anonymous closure> (package:test_api/src/backend/declarer.dart:250:11)
<asynchronous suspension>
#8      Invoker._waitForOutstandingCallbacks.<anonymous closure> (package:test_api/src/backend/invoker.dart:318:9)
<asynchronous suspension>
This warning will only appear on debug builds.
01:07 +514: C:/Users/Atharva Patil/Documents/projects/gymlog/test/import/export_roundtrip_test.dart: ATOMIC-06: Lossless GymLog v2 Import/Export Round-Trip v1 GymLog CSV remains readable
01:07 +515: C:/Users/Atharva Patil/Documents/projects/gymlog/test/import/export_roundtrip_test.dart: ATOMIC-06: Lossless GymLog v2 Import/Export Round-Trip unsupported future version throws explicit ImportException
01:07 +516: C:/Users/Atharva Patil/Documents/projects/gymlog/test/import/export_roundtrip_test.dart: ATOMIC-06: Lossless GymLog v2 Import/Export Round-Trip missing required v2 columns throws explicit ImportException
01:07 +517: C:/Users/Atharva Patil/Documents/projects/gymlog/test/import/export_roundtrip_test.dart: (tearDownAll)
01:07 +517: C:/Users/Atharva Patil/Documents/projects/gymlog/test/import/import_cluster_regression_test.dart: (setUpAll)
01:07 +517: C:/Users/Atharva Patil/Documents/projects/gymlog/test/import/import_cluster_regression_test.dart: CP-A: GymLog v2 rows are metric-validated (no silent garbage) a weight_and_reps row missing weight warns and skips
01:07 +518: C:/Users/Atharva Patil/Documents/projects/gymlog/test/import/import_cluster_regression_test.dart: CP-A: GymLog v2 rows are metric-validated (no silent garbage) a reps_only row missing reps warns and skips
01:07 +519: C:/Users/Atharva Patil/Documents/projects/gymlog/test/import/import_cluster_regression_test.dart: CP-B: UTC export dates come back as local wall-clock UTC-suffixed startedAt is converted to local on parse
01:07 +520: C:/Users/Atharva Patil/Documents/projects/gymlog/test/import/import_cluster_regression_test.dart: CP-C: case-insensitive session grouping same workout name in different case collapses to one session
01:07 +521: C:/Users/Atharva Patil/Documents/projects/gymlog/test/import/import_cluster_regression_test.dart: IM-A: kg is the default assumed unit parser defaults a unitless Strong file to kg
01:07 +522: C:/Users/Atharva Patil/Documents/projects/gymlog/test/import/import_cluster_regression_test.dart: IM-B: progress counts only importable sessions a duplicate does not move the progress counter
01:08 +523: C:/Users/Atharva Patil/Documents/projects/gymlog/test/import/import_cluster_regression_test.dart: IM-B: progress counts only importable sessions two fresh sessions report 2 of 2
01:08 +524: C:/Users/Atharva Patil/Documents/projects/gymlog/test/import/import_cluster_regression_test.dart: IM-C: cancel mid-import returns partial result isCancelled after the first session stops the rest
01:08 +525: C:/Users/Atharva Patil/Documents/projects/gymlog/test/import/import_cluster_regression_test.dart: IM-H: custom exercises roll back with a failing session a failed session transaction leaves no orphan custom exercise
01:08 +526: C:/Users/Atharva Patil/Documents/projects/gymlog/test/import/import_cluster_regression_test.dart: IM-I: honest partial-import reporting first session commits, second fails, partial result kept
01:08 +527: C:/Users/Atharva Patil/Documents/projects/gymlog/test/import/import_cluster_regression_test.dart: IM-2: template CSV round-trips template parses as GymLog v2 with one weight_and_reps set
01:08 +528: C:/Users/Atharva Patil/Documents/projects/gymlog/test/import/import_cluster_regression_test.dart: (tearDownAll)
01:08 +528: C:/Users/Atharva Patil/Documents/projects/gymlog/test/import/import_screen_polish_test.dart: _Banner renders with AppRadius.cardAll and semantic label
01:09 +529: C:/Users/Atharva Patil/Documents/projects/gymlog/test/import/import_service_test.dart: imports the Hevy export into the local database
01:09 +530: C:/Users/Atharva Patil/Documents/projects/gymlog/test/import/import_service_test.dart: imports the Hevy export into the local database
01:09 +531: C:/Users/Atharva Patil/Documents/projects/gymlog/test/import/import_screen_polish_test.dart: _UnitChooser renders with custom height, color tokens, and semantics
01:09 +532: C:/Users/Atharva Patil/Documents/projects/gymlog/test/import/import_service_test.dart: stores weights in kilograms when importing a Strong (lbs) export
01:09 +533: C:/Users/Atharva Patil/Documents/projects/gymlog/test/import/import_service_test.dart: re-importing the same file is idempotent
01:09 +534: C:/Users/Atharva Patil/Documents/projects/gymlog/test/import/import_service_test.dart: preview reports the same shape without writing anything
01:09 +535: C:/Users/Atharva Patil/Documents/projects/gymlog/test/import/import_service_test.dart: (tearDownAll)
01:10 +535: C:/Users/Atharva Patil/Documents/projects/gymlog/test/import/muscle_taxonomy_test.dart: parent groups exist and are ordered
01:10 +536: C:/Users/Atharva Patil/Documents/projects/gymlog/test/import/muscle_taxonomy_test.dart: specific muscle resolves to its parent group
01:10 +537: C:/Users/Atharva Patil/Documents/projects/gymlog/test/import/muscle_taxonomy_test.dart: specific muscle resolves to its coarse region
01:10 +538: C:/Users/Atharva Patil/Documents/projects/gymlog/test/import/muscle_taxonomy_test.dart: parent → child lists are populated (e.g. Back)
01:10 +539: C:/Users/Atharva Patil/Documents/projects/gymlog/test/import/muscle_taxonomy_test.dart: unknown muscle falls back gracefully
01:10 +540: C:/Users/Atharva Patil/Documents/projects/gymlog/test/import/workout_csv_parser_test.dart: Hevy parses sessions, sets, and kg volume from a real export
01:10 +541: C:/Users/Atharva Patil/Documents/projects/gymlog/test/import/workout_csv_parser_test.dart: Hevy respects the explicit set_type column (no warmups here)
01:10 +542: C:/Users/Atharva Patil/Documents/projects/gymlog/test/import/workout_csv_parser_test.dart: Hevy orders sets 0-based and contiguous within each exercise
01:10 +543: C:/Users/Atharva Patil/Documents/projects/gymlog/test/import/workout_csv_parser_test.dart: Hevy reads weight_lbs header variant and converts to kg
01:10 +544: C:/Users/Atharva Patil/Documents/projects/gymlog/test/import/workout_csv_parser_test.dart: Strong parses semicolon export and converts lbs → kg
01:10 +545: C:/Users/Atharva Patil/Documents/projects/gymlog/test/import/workout_csv_parser_test.dart: Strong infers warmups from the Notes column
01:10 +546: C:/Users/Atharva Patil/Documents/projects/gymlog/test/import/workout_csv_parser_test.dart: Strong derives session end time from Workout Duration
01:10 +547: C:/Users/Atharva Patil/Documents/projects/gymlog/test/import/workout_csv_parser_test.dart: Strong flags an assumed unit when Weight Unit column is missing
01:10 +548: C:/Users/Atharva Patil/Documents/projects/gymlog/test/import/workout_csv_parser_test.dart: cross-check Hevy and Strong files describe the same training volume
01:10 +549: C:/Users/Atharva Patil/Documents/projects/gymlog/test/import/workout_csv_parser_test.dart: errors throws on an unrecognised header
01:10 +550: C:/Users/Atharva Patil/Documents/projects/gymlog/test/import/workout_csv_parser_test.dart: errors throws on an empty file
01:10 +551: C:/Users/Atharva Patil/Documents/projects/gymlog/test/instagram_story_service_test.dart: hands Instagram both layers and the registered source ID
01:11 +552: C:/Users/Atharva Patil/Documents/projects/gymlog/test/instagram_story_service_test.dart: missing registration does not make a fake successful handoff
01:11 +553: C:/Users/Atharva Patil/Documents/projects/gymlog/test/instagram_story_service_test.dart: uninstalled and unsupported platforms remain recoverable
01:11 +554: C:/Users/Atharva Patil/Documents/projects/gymlog/test/legal_consistency_test.dart: Legal URLs are valid and secure HTTPS links
01:11 +555: C:/Users/Atharva Patil/Documents/projects/gymlog/test/muscle_load_bar_accent_test.dart: legend dots equal the higgsfield (Volt, app default) ramp
01:12 +556: C:/Users/Atharva Patil/Documents/projects/gymlog/test/muscle_load_bar_accent_test.dart: legend dots equal the higgsfield (Volt, app default) ramp
01:12 +557: C:/Users/Atharva Patil/Documents/projects/gymlog/test/muscle_load_bar_accent_test.dart: legend dots equal the neonPurple ramp
01:12 +558: C:/Users/Atharva Patil/Documents/projects/gymlog/test/muscle_load_bar_accent_test.dart: no legend dot uses the legacy static purple literal
01:12 +559: C:/Users/Atharva Patil/Documents/projects/gymlog/test/no_equipment_logging_certification_test.dart: ATOMIC-RC3-06 No-Equipment Logging End-to-End Certification Logs push-up and pull-up exercises without weight and exports cleanly
01:12 +560: C:/Users/Atharva Patil/Documents/projects/gymlog/test/no_equipment_logging_certification_test.dart: ATOMIC-RC3-06 No-Equipment Logging End-to-End Certification Logs push-up and pull-up exercises without weight and exports cleanly
01:12 +561: C:/Users/Atharva Patil/Documents/projects/gymlog/test/no_equipment_logging_certification_test.dart: ATOMIC-RC3-06 No-Equipment Logging End-to-End Certification Logs push-up and pull-up exercises without weight and exports cleanly
01:14 +562: C:/Users/Atharva Patil/Documents/projects/gymlog/test/performance/bounded_cache_and_startup_test.dart: (setUpAll)
01:14 +562: C:/Users/Atharva Patil/Documents/projects/gymlog/test/performance/bounded_cache_and_startup_test.dart: ATOMIC-11: Bounded Exercise Media Cache & Nonblocking Startup 1. Cache object limit is configured to 160 objects
01:14 +563: C:/Users/Atharva Patil/Documents/projects/gymlog/test/performance/bounded_cache_and_startup_test.dart: ATOMIC-11: Bounded Exercise Media Cache & Nonblocking Startup 1. Cache object limit is configured to 160 objects
01:14 +564: C:/Users/Atharva Patil/Documents/projects/gymlog/test/performance/bounded_cache_and_startup_test.dart: ATOMIC-11: Bounded Exercise Media Cache & Nonblocking Startup 1. Cache object limit is configured to 160 objects
01:14 +565: C:/Users/Atharva Patil/Documents/projects/gymlog/test/performance/bounded_cache_and_startup_test.dart: ATOMIC-11: Bounded Exercise Media Cache & Nonblocking Startup 1. Cache object limit is configured to 160 objects
01:14 +566: C:/Users/Atharva Patil/Documents/projects/gymlog/test/premium/strict_entitlement_verification_test.dart: ATOMIC-08: Strict Premium Entitlement Verification 4. Expiration check in isPremiumProvider rejects expired profile cache
01:14 +566: C:/Users/Atharva Patil/Documents/projects/gymlog/test/performance/bounded_cache_and_startup_test.dart: ATOMIC-11: Bounded Exercise Media Cache & Nonblocking Startup 2. Maintenance policy runs safely
[ExerciseMediaCacheManager] cache dir resolve error: MissingPluginException(No implementation found for method getTemporaryDirectory on channel plugins.flutter.io/path_provider)
01:14 +567: C:/Users/Atharva Patil/Documents/projects/gymlog/test/premium/strict_entitlement_verification_test.dart: ATOMIC-08: Strict Premium Entitlement Verification 4. Expiration check in isPremiumProvider rejects expired profile cache
01:14 +568: C:/Users/Atharva Patil/Documents/projects/gymlog/test/performance/bounded_cache_and_startup_test.dart: ATOMIC-11: Bounded Exercise Media Cache & Nonblocking Startup 3. Reduced-motion GIF behavior renders static poster/frame
01:14 +569: C:/Users/Atharva Patil/Documents/projects/gymlog/test/performance/bounded_cache_and_startup_test.dart: ATOMIC-11: Bounded Exercise Media Cache & Nonblocking Startup 3. Reduced-motion GIF behavior renders static poster/frame
01:14 +570: C:/Users/Atharva Patil/Documents/projects/gymlog/test/performance/bounded_cache_and_startup_test.dart: ATOMIC-11: Bounded Exercise Media Cache & Nonblocking Startup 3. Reduced-motion GIF behavior renders static poster/frame
01:14 +571: C:/Users/Atharva Patil/Documents/projects/gymlog/test/performance/bounded_cache_and_startup_test.dart: ATOMIC-11: Bounded Exercise Media Cache & Nonblocking Startup 3. Reduced-motion GIF behavior renders static poster/frame
01:15 +572: C:/Users/Atharva Patil/Documents/projects/gymlog/test/pressable_scale_test.dart: forwards taps to the child (does not steal the gesture)
01:15 +573: C:/Users/Atharva Patil/Documents/projects/gymlog/test/pressable_scale_test.dart: forwards taps to the child (does not steal the gesture)
01:15 +574: C:/Users/Atharva Patil/Documents/projects/gymlog/test/pressable_scale_test.dart: forwards taps to the child (does not steal the gesture)
01:15 +575: C:/Users/Atharva Patil/Documents/projects/gymlog/test/pressable_scale_test.dart: forwards taps to the child (does not steal the gesture)
01:15 +576: C:/Users/Atharva Patil/Documents/projects/gymlog/test/pressable_scale_test.dart: forwards taps to the child (does not steal the gesture)
01:15 +577: C:/Users/Atharva Patil/Documents/projects/gymlog/test/pressable_scale_test.dart: forwards taps to the child (does not steal the gesture)
01:15 +578: C:/Users/Atharva Patil/Documents/projects/gymlog/test/pressable_scale_test.dart: forwards taps to the child (does not steal the gesture)
01:15 +579: C:/Users/Atharva Patil/Documents/projects/gymlog/test/pressable_scale_test.dart: forwards taps to the child (does not steal the gesture)
01:16 +580: C:/Users/Atharva Patil/Documents/projects/gymlog/test/profile/help_report_form_test.dart: UX-95-03 — Adaptive Help report form renders fields at default text scale
01:16 +581: C:/Users/Atharva Patil/Documents/projects/gymlog/test/profile/help_report_form_test.dart: UX-95-03 — Adaptive Help report form renders fields at default text scale
01:16 +582: C:/Users/Atharva Patil/Documents/projects/gymlog/test/profile/help_report_form_test.dart: UX-95-03 — Adaptive Help report form renders fields at default text scale
01:16 +583: C:/Users/Atharva Patil/Documents/projects/gymlog/test/profile_cluster_polish_test.dart: ProfileAvatar fallback displays display name letter
01:17 +584: C:/Users/Atharva Patil/Documents/projects/gymlog/test/profile_cluster_polish_test.dart: ProfileAvatar fallback displays display name letter
01:17 +585: C:/Users/Atharva Patil/Documents/projects/gymlog/test/profile_cluster_polish_test.dart: WeeklyBarChart low-data comparison view dynamic colors
01:17 +586: C:/Users/Atharva Patil/Documents/projects/gymlog/test/profile_cluster_polish_test.dart: PremiumPaywall UI headline resolves and sheet themes dynamically
01:17 +587: C:/Users/Atharva Patil/Documents/projects/gymlog/test/profile_cluster_polish_test.dart: OnboardingScreen resolves colors and borders under dark theme
01:18 +588: C:/Users/Atharva Patil/Documents/projects/gymlog/test/profile_cluster_polish_test.dart: OnboardingScreen resolves colors and borders under dark theme
01:18 +589: C:/Users/Atharva Patil/Documents/projects/gymlog/test/profile_cluster_polish_test.dart: OnboardingScreen resolves colors and borders under dark theme
01:18 +589: C:/Users/Atharva Patil/Documents/projects/gymlog/test/profile_sync_service_test.dart: submitDisplayName keeps local + queues when remote is offline, retry delivers later
[ProfileSyncService] Remote sync failed: Exception: offline
#0      FakeRemote.upsert (file:///C:/Users/Atharva%20Patil/Documents/projects/gymlog/test/profile_sync_service_test.dart:38:19)
#1      ProfileSyncService._flushPendingOrThrow (package:gymlog/core/services/profile_sync_service.dart:195:10)
<asynchronous suspension>
#2      ProfileSyncService.submitDisplayName (package:gymlog/core/services/profile_sync_service.dart:80:7)
<asynchronous suspension>
#3      main.<anonymous closure>.<anonymous closure> (file:///C:/Users/Atharva%20Patil/Documents/projects/gymlog/test/profile_sync_service_test.dart:101:7)
<asynchronous suspension>
#4      Declarer.test.<anonymous closure>.<anonymous closure> (package:test_api/src/backend/declarer.dart:253:15)
<asynchronous suspension>
#5      Declarer.test.<anonymous closure> (package:test_api/src/backend/declarer.dart:250:11)
<asynchronous suspension>
#6      Invoker._waitForOutstandingCallbacks.<anonymous closure> (package:test_api/src/backend/invoker.dart:318:9)
<asynchronous suspension>

01:18 +590: C:/Users/Atharva Patil/Documents/projects/gymlog/test/profile_cluster_polish_test.dart: OnboardingScreen resolves colors and borders under dark theme
01:18 +591: C:/Users/Atharva Patil/Documents/projects/gymlog/test/profile_cluster_polish_test.dart: OnboardingScreen resolves colors and borders under dark theme
01:18 +592: C:/Users/Atharva Patil/Documents/projects/gymlog/test/profile_cluster_polish_test.dart: OnboardingScreen resolves colors and borders under dark theme
01:18 +593: C:/Users/Atharva Patil/Documents/projects/gymlog/test/profile_cluster_polish_test.dart: OnboardingScreen resolves colors and borders under dark theme
01:18 +594: C:/Users/Atharva Patil/Documents/projects/gymlog/test/profile_cluster_polish_test.dart: OnboardingScreen resolves colors and borders under dark theme
01:18 +595: C:/Users/Atharva Patil/Documents/projects/gymlog/test/profile_cluster_polish_test.dart: OnboardingScreen resolves colors and borders under dark theme
01:18 +596: C:/Users/Atharva Patil/Documents/projects/gymlog/test/profile_cluster_polish_test.dart: OnboardingScreen resolves colors and borders under dark theme
01:18 +597: C:/Users/Atharva Patil/Documents/projects/gymlog/test/profile_cluster_polish_test.dart: OnboardingScreen resolves colors and borders under dark theme
01:18 +598: C:/Users/Atharva Patil/Documents/projects/gymlog/test/profile_cluster_polish_test.dart: OnboardingScreen resolves colors and borders under dark theme
01:18 +599: C:/Users/Atharva Patil/Documents/projects/gymlog/test/profile_cluster_polish_test.dart: OnboardingScreen resolves colors and borders under light theme
01:18 +600: C:/Users/Atharva Patil/Documents/projects/gymlog/test/profile_weekly_bar_chart_test.dart: ProfileGraphEmptyState renders title, subtitle and CTA
01:18 +601: C:/Users/Atharva Patil/Documents/projects/gymlog/test/profile_weekly_bar_chart_test.dart: ProfileGraphEmptyState renders title, subtitle and CTA
01:19 +602: C:/Users/Atharva Patil/Documents/projects/gymlog/test/pr_detection_defects_test.dart: PR detection defects audit DEFECT: warm-up set must NOT be marked as a PR
01:19 +603: C:/Users/Atharva Patil/Documents/projects/gymlog/test/pr_detection_defects_test.dart: PR detection defects audit DEFECT: warm-up set must NOT be marked as a PR
01:19 +604: C:/Users/Atharva Patil/Documents/projects/gymlog/test/pr_detection_defects_test.dart: PR detection defects audit DEFECT: warm-up set must NOT be marked as a PR
01:19 +605: C:/Users/Atharva Patil/Documents/projects/gymlog/test/pr_detection_defects_test.dart: PR detection defects audit DEFECT: warm-up set must NOT be marked as a PR
01:19 +606: C:/Users/Atharva Patil/Documents/projects/gymlog/test/pr_detection_defects_test.dart: PR detection defects audit DEFECT: warm-up set must NOT be marked as a PR
01:19 +607: C:/Users/Atharva Patil/Documents/projects/gymlog/test/profile_weekly_bar_chart_test.dart: WeeklyBarChart renders 8 weekly x-axis labels
01:19 +608: C:/Users/Atharva Patil/Documents/projects/gymlog/test/profile_weekly_bar_chart_test.dart: WeeklyBarChart renders 8 weekly x-axis labels
01:19 +609: C:/Users/Atharva Patil/Documents/projects/gymlog/test/profile_weekly_bar_chart_test.dart: WeeklyBarChart renders 8 weekly x-axis labels
01:19 +610: C:/Users/Atharva Patil/Documents/projects/gymlog/test/profile_weekly_bar_chart_test.dart: WeeklyBarChart uses duration unit on Y-axis for duration metric
01:19 +611: C:/Users/Atharva Patil/Documents/projects/gymlog/test/profile_weekly_bar_chart_test.dart: WeeklyBarChart uses compact numbers on Y-axis for volume metric
01:19 +612: C:/Users/Atharva Patil/Documents/projects/gymlog/test/pr_flex_card_test.dart: share keeps its source and compares the same metric
01:19 +613: C:/Users/Atharva Patil/Documents/projects/gymlog/test/profile_weekly_bar_chart_test.dart: WeeklyBarChart shows comparison view when fewer than 4 filled weeks
01:19 +614: C:/Users/Atharva Patil/Documents/projects/gymlog/test/profile_weekly_bar_chart_test.dart: WeeklyBarChart shows comparison view when fewer than 4 filled weeks
01:19 +615: C:/Users/Atharva Patil/Documents/projects/gymlog/test/profile_weekly_bar_chart_test.dart: WeeklyBarChart shows comparison view when fewer than 4 filled weeks
01:19 +616: C:/Users/Atharva Patil/Documents/projects/gymlog/test/profile_weekly_bar_chart_test.dart: WeeklyBarChart shows comparison view when fewer than 4 filled weeks
01:19 +617: C:/Users/Atharva Patil/Documents/projects/gymlog/test/profile_weekly_bar_chart_test.dart: WeeklyBarChart shows comparison view when fewer than 4 filled weeks
01:19 +618: C:/Users/Atharva Patil/Documents/projects/gymlog/test/profile_weekly_bar_chart_test.dart: ProfileGraphLowDataBanner renders info message
01:20 +619: C:/Users/Atharva Patil/Documents/projects/gymlog/test/pr_flex_render_test.dart: (setUpAll)
01:20 +619: C:/Users/Atharva Patil/Documents/projects/gymlog/test/pr_flex_render_test.dart: all values and photo placements stay in the Story safe area without collisions
01:21 +620: C:/Users/Atharva Patil/Documents/projects/gymlog/test/pr_flex_render_test.dart: export actual Flutter renders and separate transparent Story layers
01:22 +620: C:/Users/Atharva Patil/Documents/projects/gymlog/test/reorder_exercise_test.dart: move first item down (A→index 2): B, C, A, D
[WorkoutDraftStore] save failed: Binding has not yet been initialized.
The "instance" getter on the ServicesBinding binding mixin is only available once that binding has been initialized.
Typically, this is done by calling "WidgetsFlutterBinding.ensureInitialized()" or "runApp()" (the latter calls the former). Typically this call is done in the "void main()" method. The "ensureInitialized" method is idempotent; calling it multiple times is not harmful. After calling that method, the "instance" getter will return the binding.
In a test, one can call "TestWidgetsFlutterBinding.ensureInitialized()" as the first line in the test's "main()" method to initialize the binding.
If ServicesBinding is a custom binding mixin, there must also be a custom binding class, like WidgetsFlutterBinding, but that mixes in the selected binding, and that is the class that must be constructed before using the "instance" getter.
[WorkoutDraftStore] save failed: Binding has not yet been initialized.
The "instance" getter on the ServicesBinding binding mixin is only available once that binding has been initialized.
Typically, this is done by calling "WidgetsFlutterBinding.ensureInitialized()" or "runApp()" (the latter calls the former). Typically this call is done in the "void main()" method. The "ensureInitialized" method is idempotent; calling it multiple times is not harmful. After calling that method, the "instance" getter will return the binding.
In a test, one can call "TestWidgetsFlutterBinding.ensureInitialized()" as the first line in the test's "main()" method to initialize the binding.
If ServicesBinding is a custom binding mixin, there must also be a custom binding class, like WidgetsFlutterBinding, but that mixes in the selected binding, and that is the class that must be constructed before using the "instance" getter.
01:22 +621: C:/Users/Atharva Patil/Documents/projects/gymlog/test/pr_flex_render_test.dart: export actual Flutter renders and separate transparent Story layers
01:22 +621: C:/Users/Atharva Patil/Documents/projects/gymlog/test/reorder_exercise_test.dart: move last item to front (D→index 0): D, A, B, C
[WorkoutDraftStore] save failed: Binding has not yet been initialized.
The "instance" getter on the ServicesBinding binding mixin is only available once that binding has been initialized.
Typically, this is done by calling "WidgetsFlutterBinding.ensureInitialized()" or "runApp()" (the latter calls the former). Typically this call is done in the "void main()" method. The "ensureInitialized" method is idempotent; calling it multiple times is not harmful. After calling that method, the "instance" getter will return the binding.
In a test, one can call "TestWidgetsFlutterBinding.ensureInitialized()" as the first line in the test's "main()" method to initialize the binding.
If ServicesBinding is a custom binding mixin, there must also be a custom binding class, like WidgetsFlutterBinding, but that mixes in the selected binding, and that is the class that must be constructed before using the "instance" getter.
[WorkoutDraftStore] save failed: Binding has not yet been initialized.
The "instance" getter on the ServicesBinding binding mixin is only available once that binding has been initialized.
Typically, this is done by calling "WidgetsFlutterBinding.ensureInitialized()" or "runApp()" (the latter calls the former). Typically this call is done in the "void main()" method. The "ensureInitialized" method is idempotent; calling it multiple times is not harmful. After calling that method, the "instance" getter will return the binding.
In a test, one can call "TestWidgetsFlutterBinding.ensureInitialized()" as the first line in the test's "main()" method to initialize the binding.
If ServicesBinding is a custom binding mixin, there must also be a custom binding class, like WidgetsFlutterBinding, but that mixes in the selected binding, and that is the class that must be constructed before using the "instance" getter.
01:22 +622: C:/Users/Atharva Patil/Documents/projects/gymlog/test/pr_flex_render_test.dart: export actual Flutter renders and separate transparent Story layers
01:22 +622: C:/Users/Atharva Patil/Documents/projects/gymlog/test/reorder_exercise_test.dart: move middle up (C→index 1): A, C, B, D
[WorkoutDraftStore] save failed: Binding has not yet been initialized.
The "instance" getter on the ServicesBinding binding mixin is only available once that binding has been initialized.
Typically, this is done by calling "WidgetsFlutterBinding.ensureInitialized()" or "runApp()" (the latter calls the former). Typically this call is done in the "void main()" method. The "ensureInitialized" method is idempotent; calling it multiple times is not harmful. After calling that method, the "instance" getter will return the binding.
In a test, one can call "TestWidgetsFlutterBinding.ensureInitialized()" as the first line in the test's "main()" method to initialize the binding.
If ServicesBinding is a custom binding mixin, there must also be a custom binding class, like WidgetsFlutterBinding, but that mixes in the selected binding, and that is the class that must be constructed before using the "instance" getter.
[WorkoutDraftStore] save failed: Binding has not yet been initialized.
The "instance" getter on the ServicesBinding binding mixin is only available once that binding has been initialized.
Typically, this is done by calling "WidgetsFlutterBinding.ensureInitialized()" or "runApp()" (the latter calls the former). Typically this call is done in the "void main()" method. The "ensureInitialized" method is idempotent; calling it multiple times is not harmful. After calling that method, the "instance" getter will return the binding.
In a test, one can call "TestWidgetsFlutterBinding.ensureInitialized()" as the first line in the test's "main()" method to initialize the binding.
If ServicesBinding is a custom binding mixin, there must also be a custom binding class, like WidgetsFlutterBinding, but that mixes in the selected binding, and that is the class that must be constructed before using the "instance" getter.
01:22 +623: C:/Users/Atharva Patil/Documents/projects/gymlog/test/pr_flex_render_test.dart: export actual Flutter renders and separate transparent Story layers
01:22 +623: C:/Users/Atharva Patil/Documents/projects/gymlog/test/reorder_exercise_test.dart: out-of-range oldIndex is ignored (no throw, order intact)
[WorkoutDraftStore] save failed: Binding has not yet been initialized.
The "instance" getter on the ServicesBinding binding mixin is only available once that binding has been initialized.
Typically, this is done by calling "WidgetsFlutterBinding.ensureInitialized()" or "runApp()" (the latter calls the former). Typically this call is done in the "void main()" method. The "ensureInitialized" method is idempotent; calling it multiple times is not harmful. After calling that method, the "instance" getter will return the binding.
In a test, one can call "TestWidgetsFlutterBinding.ensureInitialized()" as the first line in the test's "main()" method to initialize the binding.
If ServicesBinding is a custom binding mixin, there must also be a custom binding class, like WidgetsFlutterBinding, but that mixes in the selected binding, and that is the class that must be constructed before using the "instance" getter.
01:22 +624: C:/Users/Atharva Patil/Documents/projects/gymlog/test/pr_flex_render_test.dart: export actual Flutter renders and separate transparent Story layers
01:23 +625: C:/Users/Atharva Patil/Documents/projects/gymlog/test/pr_flex_render_test.dart: export actual Flutter renders and separate transparent Story layers
01:23 +626: C:/Users/Atharva Patil/Documents/projects/gymlog/test/pr_flex_render_test.dart: export actual Flutter renders and separate transparent Story layers
01:24 +627: C:/Users/Atharva Patil/Documents/projects/gymlog/test/pr_flex_render_test.dart: export actual Flutter renders and separate transparent Story layers
01:24 +628: C:/Users/Atharva Patil/Documents/projects/gymlog/test/pr_flex_render_test.dart: export actual Flutter renders and separate transparent Story layers
01:24 +629: C:/Users/Atharva Patil/Documents/projects/gymlog/test/pr_flex_render_test.dart: export actual Flutter renders and separate transparent Story layers
01:24 +630: C:/Users/Atharva Patil/Documents/projects/gymlog/test/pr_flex_render_test.dart: export actual Flutter renders and separate transparent Story layers
01:24 +631: C:/Users/Atharva Patil/Documents/projects/gymlog/test/pr_flex_render_test.dart: export actual Flutter renders and separate transparent Story layers
01:24 +632: C:/Users/Atharva Patil/Documents/projects/gymlog/test/pr_flex_render_test.dart: export actual Flutter renders and separate transparent Story layers
01:24 +633: C:/Users/Atharva Patil/Documents/projects/gymlog/test/pr_flex_render_test.dart: export actual Flutter renders and separate transparent Story layers
01:24 +634: C:/Users/Atharva Patil/Documents/projects/gymlog/test/pr_flex_render_test.dart: export actual Flutter renders and separate transparent Story layers
01:24 +634: C:/Users/Atharva Patil/Documents/projects/gymlog/test/reps_only_exercise_test.dart: ActiveWorkoutNotifier Reps-Only & Switching Logic adding reps-only exercise initializes weightKg to null
[WorkoutDraftStore] save failed: Binding has not yet been initialized.
The "instance" getter on the ServicesBinding binding mixin is only available once that binding has been initialized.
Typically, this is done by calling "WidgetsFlutterBinding.ensureInitialized()" or "runApp()" (the latter calls the former). Typically this call is done in the "void main()" method. The "ensureInitialized" method is idempotent; calling it multiple times is not harmful. After calling that method, the "instance" getter will return the binding.
In a test, one can call "TestWidgetsFlutterBinding.ensureInitialized()" as the first line in the test's "main()" method to initialize the binding.
If ServicesBinding is a custom binding mixin, there must also be a custom binding class, like WidgetsFlutterBinding, but that mixes in the selected binding, and that is the class that must be constructed before using the "instance" getter.
[WorkoutDraftStore] save failed: Binding has not yet been initialized.
The "instance" getter on the ServicesBinding binding mixin is only available once that binding has been initialized.
Typically, this is done by calling "WidgetsFlutterBinding.ensureInitialized()" or "runApp()" (the latter calls the former). Typically this call is done in the "void main()" method. The "ensureInitialized" method is idempotent; calling it multiple times is not harmful. After calling that method, the "instance" getter will return the binding.
In a test, one can call "TestWidgetsFlutterBinding.ensureInitialized()" as the first line in the test's "main()" method to initialize the binding.
If ServicesBinding is a custom binding mixin, there must also be a custom binding class, like WidgetsFlutterBinding, but that mixes in the selected binding, and that is the class that must be constructed before using the "instance" getter.
01:24 +635: C:/Users/Atharva Patil/Documents/projects/gymlog/test/pr_flex_render_test.dart: export actual Flutter renders and separate transparent Story layers
01:24 +635: C:/Users/Atharva Patil/Documents/projects/gymlog/test/reps_only_exercise_test.dart: ActiveWorkoutNotifier Reps-Only & Switching Logic adding weighted exercise initializes weightKg to 0.0
[WorkoutDraftStore] save failed: Binding has not yet been initialized.
The "instance" getter on the ServicesBinding binding mixin is only available once that binding has been initialized.
Typically, this is done by calling "WidgetsFlutterBinding.ensureInitialized()" or "runApp()" (the latter calls the former). Typically this call is done in the "void main()" method. The "ensureInitialized" method is idempotent; calling it multiple times is not harmful. After calling that method, the "instance" getter will return the binding.
In a test, one can call "TestWidgetsFlutterBinding.ensureInitialized()" as the first line in the test's "main()" method to initialize the binding.
If ServicesBinding is a custom binding mixin, there must also be a custom binding class, like WidgetsFlutterBinding, but that mixes in the selected binding, and that is the class that must be constructed before using the "instance" getter.
[WorkoutDraftStore] save failed: Binding has not yet been initialized.
The "instance" getter on the ServicesBinding binding mixin is only available once that binding has been initialized.
Typically, this is done by calling "WidgetsFlutterBinding.ensureInitialized()" or "runApp()" (the latter calls the former). Typically this call is done in the "void main()" method. The "ensureInitialized" method is idempotent; calling it multiple times is not harmful. After calling that method, the "instance" getter will return the binding.
In a test, one can call "TestWidgetsFlutterBinding.ensureInitialized()" as the first line in the test's "main()" method to initialize the binding.
If ServicesBinding is a custom binding mixin, there must also be a custom binding class, like WidgetsFlutterBinding, but that mixes in the selected binding, and that is the class that must be constructed before using the "instance" getter.
01:24 +636: C:/Users/Atharva Patil/Documents/projects/gymlog/test/pr_flex_render_test.dart: export actual Flutter renders and separate transparent Story layers
01:24 +636: C:/Users/Atharva Patil/Documents/projects/gymlog/test/reps_only_exercise_test.dart: ActiveWorkoutNotifier Reps-Only & Switching Logic switching between weighted and reps-only respects target measurementType
[WorkoutDraftStore] save failed: Binding has not yet been initialized.
The "instance" getter on the ServicesBinding binding mixin is only available once that binding has been initialized.
Typically, this is done by calling "WidgetsFlutterBinding.ensureInitialized()" or "runApp()" (the latter calls the former). Typically this call is done in the "void main()" method. The "ensureInitialized" method is idempotent; calling it multiple times is not harmful. After calling that method, the "instance" getter will return the binding.
In a test, one can call "TestWidgetsFlutterBinding.ensureInitialized()" as the first line in the test's "main()" method to initialize the binding.
If ServicesBinding is a custom binding mixin, there must also be a custom binding class, like WidgetsFlutterBinding, but that mixes in the selected binding, and that is the class that must be constructed before using the "instance" getter.
[WorkoutDraftStore] save failed: Binding has not yet been initialized.
The "instance" getter on the ServicesBinding binding mixin is only available once that binding has been initialized.
Typically, this is done by calling "WidgetsFlutterBinding.ensureInitialized()" or "runApp()" (the latter calls the former). Typically this call is done in the "void main()" method. The "ensureInitialized" method is idempotent; calling it multiple times is not harmful. After calling that method, the "instance" getter will return the binding.
In a test, one can call "TestWidgetsFlutterBinding.ensureInitialized()" as the first line in the test's "main()" method to initialize the binding.
If ServicesBinding is a custom binding mixin, there must also be a custom binding class, like WidgetsFlutterBinding, but that mixes in the selected binding, and that is the class that must be constructed before using the "instance" getter.
[WorkoutDraftStore] save failed: Binding has not yet been initialized.
The "instance" getter on the ServicesBinding binding mixin is only available once that binding has been initialized.
Typically, this is done by calling "WidgetsFlutterBinding.ensureInitialized()" or "runApp()" (the latter calls the former). Typically this call is done in the "void main()" method. The "ensureInitialized" method is idempotent; calling it multiple times is not harmful. After calling that method, the "instance" getter will return the binding.
In a test, one can call "TestWidgetsFlutterBinding.ensureInitialized()" as the first line in the test's "main()" method to initialize the binding.
If ServicesBinding is a custom binding mixin, there must also be a custom binding class, like WidgetsFlutterBinding, but that mixes in the selected binding, and that is the class that must be constructed before using the "instance" getter.
[WorkoutDraftStore] save failed: Binding has not yet been initialized.
The "instance" getter on the ServicesBinding binding mixin is only available once that binding has been initialized.
Typically, this is done by calling "WidgetsFlutterBinding.ensureInitialized()" or "runApp()" (the latter calls the former). Typically this call is done in the "void main()" method. The "ensureInitialized" method is idempotent; calling it multiple times is not harmful. After calling that method, the "instance" getter will return the binding.
In a test, one can call "TestWidgetsFlutterBinding.ensureInitialized()" as the first line in the test's "main()" method to initialize the binding.
If ServicesBinding is a custom binding mixin, there must also be a custom binding class, like WidgetsFlutterBinding, but that mixes in the selected binding, and that is the class that must be constructed before using the "instance" getter.
01:24 +637: C:/Users/Atharva Patil/Documents/projects/gymlog/test/pr_flex_render_test.dart: export actual Flutter renders and separate transparent Story layers
01:24 +637: C:/Users/Atharva Patil/Documents/projects/gymlog/test/reps_only_exercise_test.dart: ActiveWorkoutNotifier Reps-Only & Switching Logic sessionTotals volume calculation ignores null weights
[WorkoutDraftStore] save failed: Binding has not yet been initialized.
The "instance" getter on the ServicesBinding binding mixin is only available once that binding has been initialized.
Typically, this is done by calling "WidgetsFlutterBinding.ensureInitialized()" or "runApp()" (the latter calls the former). Typically this call is done in the "void main()" method. The "ensureInitialized" method is idempotent; calling it multiple times is not harmful. After calling that method, the "instance" getter will return the binding.
In a test, one can call "TestWidgetsFlutterBinding.ensureInitialized()" as the first line in the test's "main()" method to initialize the binding.
If ServicesBinding is a custom binding mixin, there must also be a custom binding class, like WidgetsFlutterBinding, but that mixes in the selected binding, and that is the class that must be constructed before using the "instance" getter.
[WorkoutDraftStore] save failed: Binding has not yet been initialized.
The "instance" getter on the ServicesBinding binding mixin is only available once that binding has been initialized.
Typically, this is done by calling "WidgetsFlutterBinding.ensureInitialized()" or "runApp()" (the latter calls the former). Typically this call is done in the "void main()" method. The "ensureInitialized" method is idempotent; calling it multiple times is not harmful. After calling that method, the "instance" getter will return the binding.
In a test, one can call "TestWidgetsFlutterBinding.ensureInitialized()" as the first line in the test's "main()" method to initialize the binding.
If ServicesBinding is a custom binding mixin, there must also be a custom binding class, like WidgetsFlutterBinding, but that mixes in the selected binding, and that is the class that must be constructed before using the "instance" getter.
[WorkoutDraftStore] save failed: Binding has not yet been initialized.
The "instance" getter on the ServicesBinding binding mixin is only available once that binding has been initialized.
Typically, this is done by calling "WidgetsFlutterBinding.ensureInitialized()" or "runApp()" (the latter calls the former). Typically this call is done in the "void main()" method. The "ensureInitialized" method is idempotent; calling it multiple times is not harmful. After calling that method, the "instance" getter will return the binding.
In a test, one can call "TestWidgetsFlutterBinding.ensureInitialized()" as the first line in the test's "main()" method to initialize the binding.
If ServicesBinding is a custom binding mixin, there must also be a custom binding class, like WidgetsFlutterBinding, but that mixes in the selected binding, and that is the class that must be constructed before using the "instance" getter.
[WorkoutDraftStore] save failed: Binding has not yet been initialized.
The "instance" getter on the ServicesBinding binding mixin is only available once that binding has been initialized.
Typically, this is done by calling "WidgetsFlutterBinding.ensureInitialized()" or "runApp()" (the latter calls the former). Typically this call is done in the "void main()" method. The "ensureInitialized" method is idempotent; calling it multiple times is not harmful. After calling that method, the "instance" getter will return the binding.
In a test, one can call "TestWidgetsFlutterBinding.ensureInitialized()" as the first line in the test's "main()" method to initialize the binding.
If ServicesBinding is a custom binding mixin, there must also be a custom binding class, like WidgetsFlutterBinding, but that mixes in the selected binding, and that is the class that must be constructed before using the "instance" getter.
[WorkoutDraftStore] save failed: Binding has not yet been initialized.
The "instance" getter on the ServicesBinding binding mixin is only available once that binding has been initialized.
Typically, this is done by calling "WidgetsFlutterBinding.ensureInitialized()" or "runApp()" (the latter calls the former). Typically this call is done in the "void main()" method. The "ensureInitialized" method is idempotent; calling it multiple times is not harmful. After calling that method, the "instance" getter will return the binding.
In a test, one can call "TestWidgetsFlutterBinding.ensureInitialized()" as the first line in the test's "main()" method to initialize the binding.
If ServicesBinding is a custom binding mixin, there must also be a custom binding class, like WidgetsFlutterBinding, but that mixes in the selected binding, and that is the class that must be constructed before using the "instance" getter.
[WorkoutDraftStore] save failed: Binding has not yet been initialized.
The "instance" getter on the ServicesBinding binding mixin is only available once that binding has been initialized.
Typically, this is done by calling "WidgetsFlutterBinding.ensureInitialized()" or "runApp()" (the latter calls the former). Typically this call is done in the "void main()" method. The "ensureInitialized" method is idempotent; calling it multiple times is not harmful. After calling that method, the "instance" getter will return the binding.
01:24 +638: C:/Users/Atharva Patil/Documents/projects/gymlog/test/pr_flex_render_test.dart: export actual Flutter renders and separate transparent Story layers
01:25 +639: C:/Users/Atharva Patil/Documents/projects/gymlog/test/pr_flex_render_test.dart: export actual Flutter renders and separate transparent Story layers
01:25 +640: C:/Users/Atharva Patil/Documents/projects/gymlog/test/pr_flex_render_test.dart: export actual Flutter renders and separate transparent Story layers
01:25 +641: C:/Users/Atharva Patil/Documents/projects/gymlog/test/pr_flex_render_test.dart: export actual Flutter renders and separate transparent Story layers
01:25 +642: C:/Users/Atharva Patil/Documents/projects/gymlog/test/pr_flex_render_test.dart: export actual Flutter renders and separate transparent Story layers
01:25 +643: C:/Users/Atharva Patil/Documents/projects/gymlog/test/pr_flex_render_test.dart: export actual Flutter renders and separate transparent Story layers
01:25 +644: C:/Users/Atharva Patil/Documents/projects/gymlog/test/pr_flex_render_test.dart: export actual Flutter renders and separate transparent Story layers
01:25 +645: C:/Users/Atharva Patil/Documents/projects/gymlog/test/pr_flex_render_test.dart: export actual Flutter renders and separate transparent Story layers
01:27 +646: C:/Users/Atharva Patil/Documents/projects/gymlog/test/pr_flex_render_test.dart: export actual Flutter renders and separate transparent Story layers
01:27 +647: C:/Users/Atharva Patil/Documents/projects/gymlog/test/pr_flex_render_test.dart: export actual Flutter renders and separate transparent Story layers
01:27 +648: C:/Users/Atharva Patil/Documents/projects/gymlog/test/pr_flex_render_test.dart: export actual Flutter renders and separate transparent Story layers
01:27 +649: C:/Users/Atharva Patil/Documents/projects/gymlog/test/pr_flex_render_test.dart: export actual Flutter renders and separate transparent Story layers
01:27 +650: C:/Users/Atharva Patil/Documents/projects/gymlog/test/pr_flex_render_test.dart: export actual Flutter renders and separate transparent Story layers
01:27 +651: C:/Users/Atharva Patil/Documents/projects/gymlog/test/pr_flex_render_test.dart: (tearDownAll)
01:28 +651: C:/Users/Atharva Patil/Documents/projects/gymlog/test/rest_timer_override_test.dart: GymLog P0-04 Rest Timer Override & Precedence Suite precedence: override > global setting default > safe fallback (90s)
01:28 +652: C:/Users/Atharva Patil/Documents/projects/gymlog/test/rest_timer_override_test.dart: GymLog P0-04 Rest Timer Override & Precedence Suite override scope: override on exercise A does not leak to exercise B
01:28 +653: C:/Users/Atharva Patil/Documents/projects/gymlog/test/rest_timer_override_test.dart: GymLog P0-04 Rest Timer Override & Precedence Suite new-workout starts without copying previous workout overrides
01:28 +654: C:/Users/Atharva Patil/Documents/projects/gymlog/test/rest_timer_override_test.dart: GymLog P0-04 Rest Timer Override & Precedence Suite background/resume: timer expired while backgrounded triggers finish on sync
01:28 +655: C:/Users/Atharva Patil/Documents/projects/gymlog/test/rest_timer_override_test.dart: GymLog P0-04 Rest Timer Override & Precedence Suite active timer change rule: mutating override does not alter already-running timer deadline
01:28 +656: C:/Users/Atharva Patil/Documents/projects/gymlog/test/rest_timer_override_test.dart: GymLog P0-04 Rest Timer Override & Precedence Suite process-death: restores override and running timer context successfully
01:28 +657: C:/Users/Atharva Patil/Documents/projects/gymlog/test/rest_timer_override_test.dart: GymLog P0-04 Rest Timer Override & Precedence Suite idempotency: multiple start, cancel, and skip calls behave predictably
01:28 +658: C:/Users/Atharva Patil/Documents/projects/gymlog/test/rest_timer_override_test.dart: GymLog P0-04 Rest Timer Override & Precedence Suite boundaries: custom overrides are clamped inside user UI picker sheets
01:29 +659: C:/Users/Atharva Patil/Documents/projects/gymlog/test/rest_time_sheet_atomic_test.dart: ATOMIC-02 RestTimeSheet Suite 1. no None or Matches default in sheet
01:29 +660: C:/Users/Atharva Patil/Documents/projects/gymlog/test/rest_time_sheet_atomic_test.dart: ATOMIC-02 RestTimeSheet Suite 1. no None or Matches default in sheet
01:29 +661: C:/Users/Atharva Patil/Documents/projects/gymlog/test/rest_time_sheet_atomic_test.dart: ATOMIC-02 RestTimeSheet Suite 1. no None or Matches default in sheet
01:30 +662: C:/Users/Atharva Patil/Documents/projects/gymlog/test/routine_detail_scroll_and_loading_test.dart: RoutineDetailScreen loaded view uses AlwaysScrollableScrollPhysics
01:30 +663: C:/Users/Atharva Patil/Documents/projects/gymlog/test/routine_detail_scroll_and_loading_test.dart: RoutineDetailScreen loaded view uses AlwaysScrollableScrollPhysics
01:30 +664: C:/Users/Atharva Patil/Documents/projects/gymlog/test/routine_detail_scroll_and_loading_test.dart: RoutineDetailScreen loaded view uses AlwaysScrollableScrollPhysics
01:30 +665: C:/Users/Atharva Patil/Documents/projects/gymlog/test/routine_detail_scroll_and_loading_test.dart: RoutineDetailScreen loaded view uses AlwaysScrollableScrollPhysics
01:30 +666: C:/Users/Atharva Patil/Documents/projects/gymlog/test/routine_detail_scroll_and_loading_test.dart: RoutineDetailScreen loaded view uses AlwaysScrollableScrollPhysics
01:31 +667: C:/Users/Atharva Patil/Documents/projects/gymlog/test/routine_detail_scroll_and_loading_test.dart: RoutineDetailScreen loaded view uses AlwaysScrollableScrollPhysics
01:31 +668: C:/Users/Atharva Patil/Documents/projects/gymlog/test/routine_detail_scroll_and_loading_test.dart: RoutineDetailScreen loaded view uses AlwaysScrollableScrollPhysics
01:31 +669: C:/Users/Atharva Patil/Documents/projects/gymlog/test/routine_editor_reorder_test.dart: full list renders through a drag and reorders correctly
01:32 +670: C:/Users/Atharva Patil/Documents/projects/gymlog/test/routine_editor_reorder_test.dart: full list renders through a drag and reorders correctly
01:32 +671: C:/Users/Atharva Patil/Documents/projects/gymlog/test/routine_volume_error_state_test.dart: failed volume stream renders error+retry, never a zeroed volume graph
01:33 +672: C:/Users/Atharva Patil/Documents/projects/gymlog/test/routine_editor_reorder_test.dart: RoutineEditorScreen reorders exercises and respects bounds
01:33 +673: C:/Users/Atharva Patil/Documents/projects/gymlog/test/screens_theme_test.dart: Screens Theme Verification Tests HomeScreen renders under multiple accents
01:34 +674: C:/Users/Atharva Patil/Documents/projects/gymlog/test/screens_typography_test.dart: AuthScreen renders without exceptions and key text is present
01:34 +675: C:/Users/Atharva Patil/Documents/projects/gymlog/test/screens_typography_test.dart: AuthScreen renders without exceptions and key text is present
01:35 +676: C:/Users/Atharva Patil/Documents/projects/gymlog/test/screens_typography_test.dart: AuthScreen renders without exceptions and key text is present
01:35 +677: C:/Users/Atharva Patil/Documents/projects/gymlog/test/screens_typography_test.dart: AuthScreen renders without exceptions and key text is present
01:35 +678: C:/Users/Atharva Patil/Documents/projects/gymlog/test/set_row_debounce_persistence_test.dart: dispose mid-debounce flushes the in-flight weight (navigate-away gate)
01:35 +679: C:/Users/Atharva Patil/Documents/projects/gymlog/test/set_row_debounce_persistence_test.dart: dispose mid-debounce flushes the in-flight weight (navigate-away gate)
01:35 +680: C:/Users/Atharva Patil/Documents/projects/gymlog/test/set_row_debounce_persistence_test.dart: dispose mid-debounce flushes the in-flight weight (navigate-away gate)
01:36 +681: C:/Users/Atharva Patil/Documents/projects/gymlog/test/set_row_debounce_persistence_test.dart: dispose mid-debounce flushes the in-flight weight (navigate-away gate)
01:36 +682: C:/Users/Atharva Patil/Documents/projects/gymlog/test/set_row_debounce_persistence_test.dart: dispose mid-debounce flushes the in-flight weight (navigate-away gate)
01:36 +683: C:/Users/Atharva Patil/Documents/projects/gymlog/test/set_row_debounce_persistence_test.dart: dispose mid-debounce flushes the in-flight weight (navigate-away gate)
01:36 +684: C:/Users/Atharva Patil/Documents/projects/gymlog/test/set_row_debounce_persistence_test.dart: dispose mid-debounce flushes the in-flight weight (navigate-away gate)
01:36 +685: C:/Users/Atharva Patil/Documents/projects/gymlog/test/set_row_focus_test.dart: SetRow keeps focus + value across an ancestor rebuild
01:36 +686: C:/Users/Atharva Patil/Documents/projects/gymlog/test/set_row_focus_test.dart: SetRow keeps focus + value across an ancestor rebuild
01:37 +687: C:/Users/Atharva Patil/Documents/projects/gymlog/test/set_row_focus_test.dart: SetRow keeps focus + value across an ancestor rebuild
01:38 +688: C:/Users/Atharva Patil/Documents/projects/gymlog/test/set_row_measurement_types_test.dart: R1 — Field visibility weightAndReps: both weight and reps fields visible
01:39 +689: C:/Users/Atharva Patil/Documents/projects/gymlog/test/set_row_measurement_types_test.dart: R1 — Field visibility weightAndReps: both weight and reps fields visible
01:39 +690: C:/Users/Atharva Patil/Documents/projects/gymlog/test/shared/chrome_tokens_test.dart: ChromeTokens ChromeTokens produces expected default values
01:39 +691: C:/Users/Atharva Patil/Documents/projects/gymlog/test/shared/adaptive_layout_test.dart: AdaptiveContext medium screen (360-600) returns medium class
01:39 +692: C:/Users/Atharva Patil/Documents/projects/gymlog/test/set_row_measurement_types_test.dart: R1 — Field visibility repsOnly: weight field absent, reps field present
01:39 +693: C:/Users/Atharva Patil/Documents/projects/gymlog/test/shared/chrome_tokens_test.dart: ChromeContextX context.chrome returns ChromeTokens in dark theme
01:39 +694: C:/Users/Atharva Patil/Documents/projects/gymlog/test/shared/chrome_tokens_test.dart: ChromeContextX context.chrome returns ChromeTokens in dark theme
01:39 +695: C:/Users/Atharva Patil/Documents/projects/gymlog/test/shared/chrome_tokens_test.dart: ChromeContextX context.chrome returns ChromeTokens in dark theme
01:39 +696: C:/Users/Atharva Patil/Documents/projects/gymlog/test/shared/chrome_tokens_test.dart: ChromeContextX context.chrome returns ChromeTokens in dark theme
01:39 +697: C:/Users/Atharva Patil/Documents/projects/gymlog/test/shared/chrome_tokens_test.dart: ChromeContextX context.chrome returns ChromeTokens in dark theme
01:39 +698: C:/Users/Atharva Patil/Documents/projects/gymlog/test/shared/chrome_tokens_test.dart: ChromeContextX context.chrome returns ChromeTokens in dark theme
01:39 +699: C:/Users/Atharva Patil/Documents/projects/gymlog/test/shared/chrome_tokens_test.dart: ChromeContextX context.chrome returns ChromeTokens in dark theme
01:39 +700: C:/Users/Atharva Patil/Documents/projects/gymlog/test/shared/chrome_tokens_test.dart: ChromeContextX context.chrome returns ChromeTokens in dark theme
01:39 +701: C:/Users/Atharva Patil/Documents/projects/gymlog/test/shared/chrome_tokens_test.dart: ChromeContextX context.chrome returns ChromeTokens in dark theme
01:39 +702: C:/Users/Atharva Patil/Documents/projects/gymlog/test/set_row_measurement_types_test.dart: R2 — Stable completion action tapping check never throws — even with empty required fields
01:39 +703: C:/Users/Atharva Patil/Documents/projects/gymlog/test/set_row_measurement_types_test.dart: R2 — Stable completion action tapping check never throws — even with empty required fields
01:39 +704: C:/Users/Atharva Patil/Documents/projects/gymlog/test/set_row_measurement_types_test.dart: R3 — Reps-only / duration / distance complete without weight kg repsOnly completes with reps only
01:40 +705: C:/Users/Atharva Patil/Documents/projects/gymlog/test/set_row_measurement_types_test.dart: R3 — Reps-only / duration / distance complete without weight kg duration completes with reps (seconds) only
01:40 +706: C:/Users/Atharva Patil/Documents/projects/gymlog/test/set_row_measurement_types_test.dart: R3 — Reps-only / duration / distance complete without weight kg distance completes with distance (weightKg) only
01:40 +707: C:/Users/Atharva Patil/Documents/projects/gymlog/test/set_row_measurement_types_test.dart: R3 — Reps-only / duration / distance complete without weight kg repsOnly completes when only previousReps is available
01:40 +708: C:/Users/Atharva Patil/Documents/projects/gymlog/test/set_row_measurement_types_test.dart: R3 — Reps-only / duration / distance complete without weight kg repsOnly completes when only previousReps is available
01:40 +709: C:/Users/Atharva Patil/Documents/projects/gymlog/test/set_row_measurement_types_test.dart: R3 — Reps-only / duration / distance complete without weight kg repsOnly completes when only previousReps is available
01:40 +710: C:/Users/Atharva Patil/Documents/projects/gymlog/test/shared/draft_recovery_test.dart: UX-95-02 — Safe Draft Recovery store.loadSnapshot handles corrupted payload internally
[WorkoutDraftStore] Corrupted or invalid draft payload: FormatException: Unterminated string (at character 30)
{"corrupted: no closing brace
                             ^
. Clearing draft.
01:40 +711: C:/Users/Atharva Patil/Documents/projects/gymlog/test/set_row_measurement_types_test.dart: R4 — weightAndReps requires weight AND reps cannot complete with reps only (no weight, no previous)
01:40 +712: C:/Users/Atharva Patil/Documents/projects/gymlog/test/set_row_measurement_types_test.dart: R4 — weightAndReps requires weight AND reps cannot complete with reps only (no weight, no previous)
01:40 +713: C:/Users/Atharva Patil/Documents/projects/gymlog/test/set_row_measurement_types_test.dart: R4 — weightAndReps requires weight AND reps cannot complete with reps only (no weight, no previous)
01:40 +714: C:/Users/Atharva Patil/Documents/projects/gymlog/test/set_row_measurement_types_test.dart: R4 — weightAndReps requires weight AND reps cannot complete with weight only (no reps, no previous)
01:40 +715: C:/Users/Atharva Patil/Documents/projects/gymlog/test/set_row_measurement_types_test.dart: R4 — weightAndReps requires weight AND reps completes with both weight and reps present
01:40 +716: C:/Users/Atharva Patil/Documents/projects/gymlog/test/set_row_measurement_types_test.dart: R4 — weightAndReps requires weight AND reps completes when previousWeight satisfies the weight requirement
01:40 +717: C:/Users/Atharva Patil/Documents/projects/gymlog/test/set_row_measurement_types_test.dart: R5 — Exercise type switch switching from weightAndReps to repsOnly hides the weight field
01:40 +718: C:/Users/Atharva Patil/Documents/projects/gymlog/test/set_row_measurement_types_test.dart: R5 — Exercise type switch switching from repsOnly to distance hides reps field
01:40 +719: C:/Users/Atharva Patil/Documents/projects/gymlog/test/set_row_measurement_types_test.dart: R6 — Inline validation tapping check with empty required fields does NOT call onToggleComplete
01:40 +720: C:/Users/Atharva Patil/Documents/projects/gymlog/test/set_row_measurement_types_test.dart: R6 — Inline validation tapping check with empty required fields does NOT call onToggleComplete
01:40 +721: C:/Users/Atharva Patil/Documents/projects/gymlog/test/set_row_measurement_types_test.dart: R6 — Inline validation tapping check with empty required fields does NOT call onToggleComplete
01:40 +722: C:/Users/Atharva Patil/Documents/projects/gymlog/test/set_row_measurement_types_test.dart: R6 — Inline validation tapping check with empty required fields does NOT call onToggleComplete
01:40 +723: C:/Users/Atharva Patil/Documents/projects/gymlog/test/set_row_measurement_types_test.dart: R6 — Inline validation tapping check with empty required fields does NOT call onToggleComplete
01:40 +724: C:/Users/Atharva Patil/Documents/projects/gymlog/test/set_row_measurement_types_test.dart: R6 — Inline validation tapping check with empty required fields does NOT call onToggleComplete
01:40 +725: C:/Users/Atharva Patil/Documents/projects/gymlog/test/set_row_measurement_types_test.dart: R6 — Inline validation tapping check with empty required fields does NOT call onToggleComplete
01:40 +726: C:/Users/Atharva Patil/Documents/projects/gymlog/test/set_row_measurement_types_test.dart: R6 — Inline validation tapping check with empty required fields does NOT call onToggleComplete
01:40 +727: C:/Users/Atharva Patil/Documents/projects/gymlog/test/set_row_measurement_types_test.dart: R6 — Inline validation tapping check with empty required fields does NOT call onToggleComplete
01:40 +728: C:/Users/Atharva Patil/Documents/projects/gymlog/test/set_row_measurement_types_test.dart: R6 — Inline validation tapping check with empty required fields does NOT call onToggleComplete
01:40 +729: C:/Users/Atharva Patil/Documents/projects/gymlog/test/set_row_measurement_types_test.dart: R6 — Inline validation widget survives validation tap without throwing
01:40 +730: C:/Users/Atharva Patil/Documents/projects/gymlog/test/set_row_measurement_types_test.dart: R7 — Double-tap prevention double-tap on completable set fires onToggleComplete once
01:40 +731: C:/Users/Atharva Patil/Documents/projects/gymlog/test/set_row_measurement_types_test.dart: R8 — Focus order and keyboard actions weightAndReps: weight has TextInputAction.next, reps has .next
01:41 +732: C:/Users/Atharva Patil/Documents/projects/gymlog/test/set_row_measurement_types_test.dart: R8 — Focus order and keyboard actions repsOnly: the single field has TextInputAction.next
01:41 +733: C:/Users/Atharva Patil/Documents/projects/gymlog/test/set_row_measurement_types_test.dart: R8 — Focus order and keyboard actions duration: the single field has TextInputAction.next
01:41 +734: C:/Users/Atharva Patil/Documents/projects/gymlog/test/set_row_measurement_types_test.dart: R8 — Focus order and keyboard actions distance: the single (weight-slot) field has TextInputAction.next
01:41 +735: C:/Users/Atharva Patil/Documents/projects/gymlog/test/set_row_measurement_types_test.dart: Previous label formatting weightAndReps shows "15kg x 12"
01:41 +736: C:/Users/Atharva Patil/Documents/projects/gymlog/test/set_row_measurement_types_test.dart: Previous label formatting repsOnly shows "12 reps"
01:41 +737: C:/Users/Atharva Patil/Documents/projects/gymlog/test/set_row_measurement_types_test.dart: Previous label formatting duration shows "60s"
01:41 +738: C:/Users/Atharva Patil/Documents/projects/gymlog/test/set_row_measurement_types_test.dart: Previous label formatting distance shows "400m"
01:41 +739: C:/Users/Atharva Patil/Documents/projects/gymlog/test/set_row_measurement_types_test.dart: Previous label formatting no previous data renders empty string in PREVIOUS column
01:41 +740: C:/Users/Atharva Patil/Documents/projects/gymlog/test/set_row_measurement_types_test.dart: Previous-session backfill on complete repsOnly: backfills previousReps into state
01:41 +741: C:/Users/Atharva Patil/Documents/projects/gymlog/test/set_row_measurement_types_test.dart: Previous-session backfill on complete weightAndReps: backfills both weight and reps
01:41 +742: C:/Users/Atharva Patil/Documents/projects/gymlog/test/sign_out_outcome_test.dart: SignOutCoordinator.execute outcome reports cloudSignOutFailed when the Supabase sign-out throws
01:41 +743: C:/Users/Atharva Patil/Documents/projects/gymlog/test/sign_out_outcome_test.dart: SignOutCoordinator.execute outcome reports complete when both cloud sign-outs succeed
01:41 +744: C:/Users/Atharva Patil/Documents/projects/gymlog/test/sign_out_outcome_test.dart: SignOutCoordinator.execute outcome returns complete without touching cloud when no user is signed in
01:42 +745: C:/Users/Atharva Patil/Documents/projects/gymlog/test/skeleton_radii_test.dart: WorkoutHistoryCardSkeleton thumbnail uses AppRadius.thumbnail
01:42 +746: C:/Users/Atharva Patil/Documents/projects/gymlog/test/skeleton_radii_test.dart: WorkoutHistoryCardSkeleton thumbnail uses AppRadius.thumbnail
01:42 +747: C:/Users/Atharva Patil/Documents/projects/gymlog/test/skeleton_radii_test.dart: WorkoutHistoryCardSkeleton thumbnail uses AppRadius.thumbnail
01:42 +748: C:/Users/Atharva Patil/Documents/projects/gymlog/test/skeleton_radii_test.dart: WorkoutHistoryCardSkeleton thumbnail uses AppRadius.thumbnail
01:43 +749: C:/Users/Atharva Patil/Documents/projects/gymlog/test/sync/sync_quarantine_and_monotonic_test.dart: corrupt payload is quarantined and does not abort pull of good objects
01:43 +750: C:/Users/Atharva Patil/Documents/projects/gymlog/test/sync/sync_quarantine_and_monotonic_test.dart: corrupt payload is quarantined and does not abort pull of good objects
[SyncEngine] Quarantined object session:corrupt (reason: decodeFailure)
01:43 +751: C:/Users/Atharva Patil/Documents/projects/gymlog/test/skeleton_radii_test.dart: WorkoutScreen routines skeleton uses correct tokenized radii
01:43 +751: C:/Users/Atharva Patil/Documents/projects/gymlog/test/sync/sync_quarantine_and_monotonic_test.dart: unsupported schema version is quarantined
[SyncEngine] Quarantined object session:s_future (reason: unsupportedVersion)
[SyncEngine] Quarantined object session:s_future (reason: unsupportedVersion)
01:43 +752: C:/Users/Atharva Patil/Documents/projects/gymlog/test/skeleton_radii_test.dart: WorkoutScreen routines skeleton uses correct tokenized radii
01:43 +752: C:/Users/Atharva Patil/Documents/projects/gymlog/test/sync/sync_quarantine_and_monotonic_test.dart: quarantined object is removed from outbox and does not retry on every sync
[SyncEngine] Quarantined object session:bad_obj (reason: decodeFailure)
01:43 +753: C:/Users/Atharva Patil/Documents/projects/gymlog/test/skeleton_radii_test.dart: WorkoutScreen routines skeleton uses correct tokenized radii
01:43 +754: C:/Users/Atharva Patil/Documents/projects/gymlog/test/skeleton_radii_test.dart: WorkoutScreen routines skeleton uses correct tokenized radii
01:43 +754: C:/Users/Atharva Patil/Documents/projects/gymlog/test/sync/sync_quarantine_and_monotonic_test.dart: duplicate operation is idempotent
[SyncEngine] Quarantined object session:s1 (reason: localConstraintFailure)
01:43 +755: C:/Users/Atharva Patil/Documents/projects/gymlog/test/skeleton_radii_test.dart: WorkoutScreen routines skeleton uses correct tokenized radii
01:43 +755: C:/Users/Atharva Patil/Documents/projects/gymlog/test/sync/sync_quarantine_and_monotonic_test.dart: stale revision reports conflict and clock skew does not decide winner
[SyncEngine] Quarantined object session:s1 (reason: localConstraintFailure)
01:43 +755: C:/Users/Atharva Patil/Documents/projects/gymlog/test/skeleton_radii_test.dart: WorkoutScreen routines skeleton uses correct tokenized radii
01:43 +756: C:/Users/Atharva Patil/Documents/projects/gymlog/test/skeleton_radii_test.dart: WorkoutScreen routines skeleton uses correct tokenized radii
01:43 +756: C:/Users/Atharva Patil/Documents/projects/gymlog/test/sync/sync_quarantine_and_monotonic_test.dart: account ownership mismatch is quarantined
[SyncEngine] Quarantined object session:s1 (reason: ownershipMismatch)
[SyncEngine] Quarantined object session:s1 (reason: ownershipMismatch)
01:43 +757: C:/Users/Atharva Patil/Documents/projects/gymlog/test/skeleton_radii_test.dart: WorkoutScreen routines skeleton uses correct tokenized radii
01:43 +758: C:/Users/Atharva Patil/Documents/projects/gymlog/test/sync_engine_test.dart: codec round-trips and actually compresses repetitive JSON
01:43 +759: C:/Users/Atharva Patil/Documents/projects/gymlog/test/sync_engine_test.dart: codec round-trips and actually compresses repetitive JSON
01:43 +760: C:/Users/Atharva Patil/Documents/projects/gymlog/test/sync_engine_test.dart: codec round-trips and actually compresses repetitive JSON
01:43 +761: C:/Users/Atharva Patil/Documents/projects/gymlog/test/sync_engine_test.dart: enqueueSession queues one row; syncNow uploads and clears it
01:44 +762: C:/Users/Atharva Patil/Documents/projects/gymlog/test/sync_engine_test.dart: offline keeps the queue; a later retry delivers it
[SyncEngine] push failed: Exception: offline
01:44 +763: C:/Users/Atharva Patil/Documents/projects/gymlog/test/sync_engine_test.dart: re-enqueuing the same session coalesces to one queued row
01:44 +764: C:/Users/Atharva Patil/Documents/projects/gymlog/test/sync_engine_test.dart: session round-trip: push, wipe local, pull, rehydrate
01:44 +765: C:/Users/Atharva Patil/Documents/projects/gymlog/test/sync_engine_test.dart: batches large queues across multiple push calls
01:44 +766: C:/Users/Atharva Patil/Documents/projects/gymlog/test/sync_engine_test.dart: batches large queues across multiple push calls
01:45 +767: C:/Users/Atharva Patil/Documents/projects/gymlog/test/sync_engine_test.dart: batches large queues across multiple push calls
01:45 +768: C:/Users/Atharva Patil/Documents/projects/gymlog/test/sync_engine_test.dart: batches large queues across multiple push calls
01:45 +769: C:/Users/Atharva Patil/Documents/projects/gymlog/test/sync_engine_test.dart: batches large queues across multiple push calls
01:45 +770: C:/Users/Atharva Patil/Documents/projects/gymlog/test/sync_engine_test.dart: batches large queues across multiple push calls
01:45 +771: C:/Users/Atharva Patil/Documents/projects/gymlog/test/sync_engine_test.dart: batches large queues across multiple push calls
01:45 +772: C:/Users/Atharva Patil/Documents/projects/gymlog/test/sync_engine_test.dart: batches large queues across multiple push calls
01:45 +773: C:/Users/Atharva Patil/Documents/projects/gymlog/test/sync_engine_test.dart: batches large queues across multiple push calls
01:45 +774: C:/Users/Atharva Patil/Documents/projects/gymlog/test/sync_engine_test.dart: batches large queues across multiple push calls
01:45 +775: C:/Users/Atharva Patil/Documents/projects/gymlog/test/sync_engine_test.dart: batches large queues across multiple push calls
01:45 +776: C:/Users/Atharva Patil/Documents/projects/gymlog/test/sync_engine_test.dart: batches large queues across multiple push calls
01:45 +777: C:/Users/Atharva Patil/Documents/projects/gymlog/test/sync_engine_test.dart: batches large queues across multiple push calls
01:45 +778: C:/Users/Atharva Patil/Documents/projects/gymlog/test/sync_engine_test.dart: batches large queues across multiple push calls
01:45 +779: C:/Users/Atharva Patil/Documents/projects/gymlog/test/sync_engine_test.dart: batches large queues across multiple push calls
01:45 +780: C:/Users/Atharva Patil/Documents/projects/gymlog/test/sync_engine_test.dart: batches large queues across multiple push calls
01:45 +781: C:/Users/Atharva Patil/Documents/projects/gymlog/test/sync_engine_test.dart: batches large queues across multiple push calls
01:45 +782: C:/Users/Atharva Patil/Documents/projects/gymlog/test/sync_engine_test.dart: batches large queues across multiple push calls
01:45 +783: C:/Users/Atharva Patil/Documents/projects/gymlog/test/sync_engine_test.dart: batches large queues across multiple push calls
01:45 +784: C:/Users/Atharva Patil/Documents/projects/gymlog/test/sync_engine_test.dart: batches large queues across multiple push calls
01:45 +785: C:/Users/Atharva Patil/Documents/projects/gymlog/test/sync_engine_test.dart: batches large queues across multiple push calls
01:45 +786: C:/Users/Atharva Patil/Documents/projects/gymlog/test/sync_engine_test.dart: batches large queues across multiple push calls
01:45 +787: C:/Users/Atharva Patil/Documents/projects/gymlog/test/sync_engine_test.dart: batches large queues across multiple push calls
01:45 +788: C:/Users/Atharva Patil/Documents/projects/gymlog/test/sync_engine_test.dart: routines creating a routine auto-enqueues it (DAO-level coverage)
01:45 +789: C:/Users/Atharva Patil/Documents/projects/gymlog/test/sync_engine_test.dart: routines routine round-trip: push, wipe local, pull, rehydrate
01:46 +790: C:/Users/Atharva Patil/Documents/projects/gymlog/test/sync_engine_test.dart: routines deleting a routine queues a tombstone
01:46 +791: C:/Users/Atharva Patil/Documents/projects/gymlog/test/sync_engine_test.dart: routines pulling a deleted routine deletes it locally without re-enqueuing tombstone
01:46 +792: C:/Users/Atharva Patil/Documents/projects/gymlog/test/sync_engine_test.dart: preferences round-trip restores weight unit + rest seconds
01:46 +793: C:/Users/Atharva Patil/Documents/projects/gymlog/test/sync_engine_test.dart: (tearDownAll)
01:46 +793: C:/Users/Atharva Patil/Documents/projects/gymlog/test/ui_p0_01_device_acceptance_test.dart: UI-P0-01 Complete Device Acceptance & Geometry Test Suite DEV-01 & DEV-03: No-equipment vs Assisted Machine layout
01:47 +794: C:/Users/Atharva Patil/Documents/projects/gymlog/test/ui_p0_01_device_acceptance_test.dart: UI-P0-01 Complete Device Acceptance & Geometry Test Suite Finish button is disabled until first set completion
01:47 +795: C:/Users/Atharva Patil/Documents/projects/gymlog/test/ui_p0_01_device_acceptance_test.dart: UI-P0-01 Complete Device Acceptance & Geometry Test Suite RestPreference model converts raw seconds cleanly
01:47 +796: C:/Users/Atharva Patil/Documents/projects/gymlog/test/ui_p0_01_device_acceptance_test.dart: UI-P0-01 Complete Device Acceptance & Geometry Test Suite Nullable-weight updates clear weight when switching to reps_only
01:47 +797: C:/Users/Atharva Patil/Documents/projects/gymlog/test/undoable_delete_test.dart: showUndoableDelete shows snackbar, handles Undo, and commits on expire/hide
01:48 +798: C:/Users/Atharva Patil/Documents/projects/gymlog/test/upgrade/error_reassurance_render_test.dart: async-error-higgsfield-1.0x-synthetic
01:48 +799: C:/Users/Atharva Patil/Documents/projects/gymlog/test/upgrade/error_reassurance_render_test.dart: async-error-higgsfield-1.0x-synthetic
01:49 +800: C:/Users/Atharva Patil/Documents/projects/gymlog/test/upgrade/error_reassurance_test.dart: async-error does not guarantee storage integrity on an error
01:49 +801: C:/Users/Atharva Patil/Documents/projects/gymlog/test/upgrade/error_reassurance_test.dart: async-error does not guarantee storage integrity on an error
01:49 +802: C:/Users/Atharva Patil/Documents/projects/gymlog/test/upgrade/error_reassurance_test.dart: async-error does not guarantee storage integrity on an error
01:49 +803: C:/Users/Atharva Patil/Documents/projects/gymlog/test/upgrade/error_reassurance_test.dart: async-error does not guarantee storage integrity on an error
01:49 +804: C:/Users/Atharva Patil/Documents/projects/gymlog/test/upgrade/error_reassurance_test.dart: async-error does not guarantee storage integrity on an error
01:49 +805: C:/Users/Atharva Patil/Documents/projects/gymlog/test/upgrade/error_reassurance_test.dart: async-error does not guarantee storage integrity on an error
01:49 +806: C:/Users/Atharva Patil/Documents/projects/gymlog/test/upgrade/error_reassurance_test.dart: async-error does not guarantee storage integrity on an error
01:49 +807: C:/Users/Atharva Patil/Documents/projects/gymlog/test/upgrade/error_reassurance_test.dart: async-error does not guarantee storage integrity on an error
01:49 +808: C:/Users/Atharva Patil/Documents/projects/gymlog/test/upgrade/error_reassurance_test.dart: async-error does not guarantee storage integrity on an error
01:49 +809: C:/Users/Atharva Patil/Documents/projects/gymlog/test/upgrade/error_reassurance_test.dart: async-error does not guarantee storage integrity on an error
01:49 +810: C:/Users/Atharva Patil/Documents/projects/gymlog/test/upgrade/error_reassurance_test.dart: async-error does not guarantee storage integrity on an error
01:49 +811: C:/Users/Atharva Patil/Documents/projects/gymlog/test/upgrade/error_reassurance_test.dart: async-error does not guarantee storage integrity on an error
01:49 +812: C:/Users/Atharva Patil/Documents/projects/gymlog/test/upgrade/error_reassurance_test.dart: async-error does not guarantee storage integrity on an error
01:49 +813: C:/Users/Atharva Patil/Documents/projects/gymlog/test/upgrade/error_reassurance_test.dart: async-error does not guarantee storage integrity on an error
01:49 +814: C:/Users/Atharva Patil/Documents/projects/gymlog/test/upgrade/error_reassurance_test.dart: async-error does not guarantee storage integrity on an error
01:49 +815: C:/Users/Atharva Patil/Documents/projects/gymlog/test/upgrade/error_reassurance_test.dart: async-error does not guarantee storage integrity on an error
01:49 +816: C:/Users/Atharva Patil/Documents/projects/gymlog/test/upgrade/error_reassurance_test.dart: async-error does not guarantee storage integrity on an error
01:49 +817: C:/Users/Atharva Patil/Documents/projects/gymlog/test/upgrade/error_reassurance_test.dart: async-error does not guarantee storage integrity on an error
01:49 +818: C:/Users/Atharva Patil/Documents/projects/gymlog/test/upgrade/error_reassurance_test.dart: async-error does not guarantee storage integrity on an error
01:49 +819: C:/Users/Atharva Patil/Documents/projects/gymlog/test/upgrade/error_reassurance_test.dart: async-error does not guarantee storage integrity on an error
01:49 +820: C:/Users/Atharva Patil/Documents/projects/gymlog/test/upgrade/error_reassurance_test.dart: async-error does not guarantee storage integrity on an error
01:49 +821: C:/Users/Atharva Patil/Documents/projects/gymlog/test/upgrade/error_reassurance_test.dart: async-error does not guarantee storage integrity on an error
01:49 +822: C:/Users/Atharva Patil/Documents/projects/gymlog/test/upgrade/session_1_correctness_test.dart: pace celebration converts current and previous spoken pace
01:49 +823: C:/Users/Atharva Patil/Documents/projects/gymlog/test/upgrade/session_1_correctness_test.dart: pace celebration converts current and previous spoken pace
01:49 +824: C:/Users/Atharva Patil/Documents/projects/gymlog/test/upgrade/session_1_correctness_test.dart: pace celebration converts current and previous spoken pace
01:49 +825: C:/Users/Atharva Patil/Documents/projects/gymlog/test/upgrade/session_1_correctness_test.dart: pace celebration converts current and previous spoken pace
01:50 +826: C:/Users/Atharva Patil/Documents/projects/gymlog/test/upgrade/session_1_correctness_test.dart: pace celebration converts current and previous spoken pace
01:50 +827: C:/Users/Atharva Patil/Documents/projects/gymlog/test/upgrade/session_1_correctness_test.dart: pace celebration converts current and previous spoken pace
01:50 +828: C:/Users/Atharva Patil/Documents/projects/gymlog/test/upgrade/session_1_render_test.dart: header-weighted-higgsfield-1.0x-synthetic
01:50 +829: C:/Users/Atharva Patil/Documents/projects/gymlog/test/upgrade/session_1_render_test.dart: header-weighted-higgsfield-1.0x-synthetic
01:50 +830: C:/Users/Atharva Patil/Documents/projects/gymlog/test/upgrade/session_1_render_test.dart: header-weighted-higgsfield-1.0x-synthetic
01:50 +831: C:/Users/Atharva Patil/Documents/projects/gymlog/test/upgrade/session_1_render_test.dart: header-weighted-higgsfield-1.0x-synthetic
01:50 +832: C:/Users/Atharva Patil/Documents/projects/gymlog/test/upgrade/session_1_render_test.dart: header-weighted-higgsfield-1.0x-synthetic
01:51 +833: C:/Users/Atharva Patil/Documents/projects/gymlog/test/upgrade/session_1_render_test.dart: header-weighted-higgsfield-1.0x-synthetic
01:51 +834: C:/Users/Atharva Patil/Documents/projects/gymlog/test/upgrade/session_1_render_test.dart: header-weighted-higgsfield-1.0x-synthetic
01:51 +835: C:/Users/Atharva Patil/Documents/projects/gymlog/test/upgrade/session_1_render_test.dart: header-weighted-higgsfield-1.0x-synthetic
01:51 +836: C:/Users/Atharva Patil/Documents/projects/gymlog/test/upgrade/session_1_render_test.dart: header-weighted-higgsfield-1.0x-synthetic
01:51 +837: C:/Users/Atharva Patil/Documents/projects/gymlog/test/upgrade/error_reassurance_test.dart: storage-pro describes successful saves without instant/guaranteed backup claims
01:51 +838: C:/Users/Atharva Patil/Documents/projects/gymlog/test/upgrade/error_reassurance_test.dart: storage-pro describes successful saves without instant/guaranteed backup claims
01:51 +839: C:/Users/Atharva Patil/Documents/projects/gymlog/test/upgrade/error_reassurance_test.dart: storage-pro describes successful saves without instant/guaranteed backup claims
01:51 +840: C:/Users/Atharva Patil/Documents/projects/gymlog/test/upgrade/error_reassurance_test.dart: storage-pro describes successful saves without instant/guaranteed backup claims
01:51 +841: C:/Users/Atharva Patil/Documents/projects/gymlog/test/upgrade/error_reassurance_test.dart: storage-pro describes successful saves without instant/guaranteed backup claims
01:51 +842: C:/Users/Atharva Patil/Documents/projects/gymlog/test/upgrade/error_reassurance_render_test.dart: storage-free-higgsfield-1.0x-synthetic
01:51 +843: C:/Users/Atharva Patil/Documents/projects/gymlog/test/upgrade/error_reassurance_render_test.dart: storage-free-higgsfield-1.0x-synthetic
01:51 +844: C:/Users/Atharva Patil/Documents/projects/gymlog/test/upgrade/session_1_correctness_test.dart: finish review does not announce completion before save
01:51 +845: C:/Users/Atharva Patil/Documents/projects/gymlog/test/upgrade/session_1_correctness_test.dart: finish review does not announce completion before save
01:52 +846: C:/Users/Atharva Patil/Documents/projects/gymlog/test/upgrade/error_reassurance_test.dart: sync error does not promise an automatic retry
01:52 +847: C:/Users/Atharva Patil/Documents/projects/gymlog/test/upgrade/error_reassurance_render_test.dart: storage-pro-higgsfield-1.0x-synthetic
01:52 +848: C:/Users/Atharva Patil/Documents/projects/gymlog/test/upgrade/error_reassurance_render_test.dart: storage-pro-higgsfield-1.0x-synthetic
01:52 +849: C:/Users/Atharva Patil/Documents/projects/gymlog/test/upgrade/session_1_render_test.dart: finish-weighted-higgsfield-1.0x-synthetic
01:52 +850: C:/Users/Atharva Patil/Documents/projects/gymlog/test/upgrade/session_1_render_test.dart: finish-weighted-higgsfield-1.0x-synthetic
01:52 +851: C:/Users/Atharva Patil/Documents/projects/gymlog/test/upgrade/session_1_render_test.dart: finish-weighted-higgsfield-1.0x-synthetic
01:52 +852: C:/Users/Atharva Patil/Documents/projects/gymlog/test/upgrade/error_reassurance_render_test.dart: app-error-higgsfield-1.6x-synthetic
01:52 +853: C:/Users/Atharva Patil/Documents/projects/gymlog/test/upgrade/session_1_render_test.dart: finish-reps-higgsfield-1.0x-synthetic
01:52 +854: C:/Users/Atharva Patil/Documents/projects/gymlog/test/upgrade/session_1_render_test.dart: finish-reps-higgsfield-1.0x-synthetic
01:52 +855: C:/Users/Atharva Patil/Documents/projects/gymlog/test/upgrade/error_reassurance_render_test.dart: routine-error-higgsfield-1.6x-synthetic
01:52 +856: C:/Users/Atharva Patil/Documents/projects/gymlog/test/upgrade/session_1_render_test.dart: finish-timed-higgsfield-1.0x-synthetic
01:52 +857: C:/Users/Atharva Patil/Documents/projects/gymlog/test/upgrade/error_reassurance_render_test.dart: roles-higgsfield-1.6x-synthetic
01:52 +858: C:/Users/Atharva Patil/Documents/projects/gymlog/test/upgrade/session_1_render_test.dart: finish-distance-higgsfield-1.0x-synthetic
01:52 +859: C:/Users/Atharva Patil/Documents/projects/gymlog/test/upgrade/error_reassurance_render_test.dart: offline-higgsfield-1.6x-synthetic
01:53 +860: C:/Users/Atharva Patil/Documents/projects/gymlog/test/upgrade/error_reassurance_render_test.dart: offline-higgsfield-1.6x-synthetic
01:53 +861: C:/Users/Atharva Patil/Documents/projects/gymlog/test/upgrade/session_1_render_test.dart: pr-pace-higgsfield-1.0x-synthetic
01:53 +862: C:/Users/Atharva Patil/Documents/projects/gymlog/test/upgrade/error_reassurance_render_test.dart: sync-error-higgsfield-1.6x-synthetic
01:53 +863: C:/Users/Atharva Patil/Documents/projects/gymlog/test/upgrade/error_reassurance_render_test.dart: sync-error-higgsfield-1.6x-synthetic
01:53 +864: C:/Users/Atharva Patil/Documents/projects/gymlog/test/upgrade/error_reassurance_render_test.dart: sync-error-higgsfield-1.6x-synthetic
01:53 +865: C:/Users/Atharva Patil/Documents/projects/gymlog/test/upgrade/session_1_render_test.dart: share-sticker-higgsfield-1.0x-synthetic
01:53 +866: C:/Users/Atharva Patil/Documents/projects/gymlog/test/upgrade/error_reassurance_render_test.dart: storage-free-higgsfield-1.6x-synthetic
01:53 +867: C:/Users/Atharva Patil/Documents/projects/gymlog/test/upgrade/error_reassurance_render_test.dart: storage-free-higgsfield-1.6x-synthetic
01:53 +868: C:/Users/Atharva Patil/Documents/projects/gymlog/test/upgrade/error_reassurance_render_test.dart: storage-free-higgsfield-1.6x-synthetic
01:53 +869: C:/Users/Atharva Patil/Documents/projects/gymlog/test/upgrade/error_reassurance_render_test.dart: storage-free-higgsfield-1.6x-synthetic
01:53 +870: C:/Users/Atharva Patil/Documents/projects/gymlog/test/upgrade/session_1_render_test.dart: share-distance-monument-higgsfield-1.0x-synthetic
01:54 +871: C:/Users/Atharva Patil/Documents/projects/gymlog/test/upgrade/error_reassurance_render_test.dart: storage-pro-higgsfield-1.6x-synthetic
01:54 +872: C:/Users/Atharva Patil/Documents/projects/gymlog/test/upgrade/error_reassurance_render_test.dart: storage-pro-higgsfield-1.6x-synthetic
01:54 +873: C:/Users/Atharva Patil/Documents/projects/gymlog/test/upgrade/error_reassurance_render_test.dart: storage-pro-higgsfield-1.6x-synthetic
01:54 +874: C:/Users/Atharva Patil/Documents/projects/gymlog/test/upgrade/error_reassurance_render_test.dart: storage-pro-higgsfield-1.6x-synthetic
01:54 +875: C:/Users/Atharva Patil/Documents/projects/gymlog/test/upgrade/session_2_acceptance_render_test.dart: (setUpAll)
01:54 +875: C:/Users/Atharva Patil/Documents/projects/gymlog/test/upgrade/session_1_render_test.dart: share-pace-technical-higgsfield-1.0x-synthetic
01:54 +876: C:/Users/Atharva Patil/Documents/projects/gymlog/test/upgrade/session_1_render_test.dart: share-pace-technical-higgsfield-1.0x-synthetic
01:54 +877: C:/Users/Atharva Patil/Documents/projects/gymlog/test/upgrade/session_2_acceptance_render_test.dart: home-chosen-higgsfield-1.0x-synthetic
01:54 +878: C:/Users/Atharva Patil/Documents/projects/gymlog/test/upgrade/session_2_acceptance_render_test.dart: home-chosen-higgsfield-1.0x-synthetic
01:54 +879: C:/Users/Atharva Patil/Documents/projects/gymlog/test/upgrade/session_2_acceptance_render_test.dart: home-chosen-higgsfield-1.0x-synthetic
01:54 +880: C:/Users/Atharva Patil/Documents/projects/gymlog/test/upgrade/session_2_acceptance_render_test.dart: home-chosen-higgsfield-1.0x-synthetic
01:54 +881: C:/Users/Atharva Patil/Documents/projects/gymlog/test/upgrade/session_2_acceptance_render_test.dart: home-chosen-higgsfield-1.0x-synthetic
01:54 +882: C:/Users/Atharva Patil/Documents/projects/gymlog/test/upgrade/session_2_acceptance_render_test.dart: home-chosen-higgsfield-1.0x-synthetic
01:54 +883: C:/Users/Atharva Patil/Documents/projects/gymlog/test/upgrade/session_2_acceptance_render_test.dart: home-chosen-higgsfield-1.0x-synthetic
01:55 +884: C:/Users/Atharva Patil/Documents/projects/gymlog/test/upgrade/session_2_acceptance_render_test.dart: home-chosen-higgsfield-1.0x-synthetic
01:55 +885: C:/Users/Atharva Patil/Documents/projects/gymlog/test/upgrade/session_2_acceptance_render_test.dart: home-chosen-higgsfield-1.0x-synthetic
01:55 +886: C:/Users/Atharva Patil/Documents/projects/gymlog/test/upgrade/session_2_acceptance_render_test.dart: home-chosen-higgsfield-1.0x-synthetic
01:55 +887: C:/Users/Atharva Patil/Documents/projects/gymlog/test/upgrade/session_2_acceptance_render_test.dart: home-chosen-higgsfield-1.0x-synthetic
01:55 +888: C:/Users/Atharva Patil/Documents/projects/gymlog/test/upgrade/session_2_acceptance_render_test.dart: home-chosen-higgsfield-1.0x-synthetic
01:55 +889: C:/Users/Atharva Patil/Documents/projects/gymlog/test/upgrade/session_2_acceptance_render_test.dart: home-chosen-higgsfield-1.0x-synthetic
01:55 +890: C:/Users/Atharva Patil/Documents/projects/gymlog/test/upgrade/session_2_acceptance_render_test.dart: home-chosen-higgsfield-1.0x-synthetic
01:56 +891: C:/Users/Atharva Patil/Documents/projects/gymlog/test/upgrade/session_2_acceptance_render_test.dart: home-chosen-higgsfield-1.0x-synthetic
01:56 +892: C:/Users/Atharva Patil/Documents/projects/gymlog/test/upgrade/session_2_acceptance_render_test.dart: home-chosen-higgsfield-1.0x-synthetic
01:56 +893: C:/Users/Atharva Patil/Documents/projects/gymlog/test/upgrade/session_2_acceptance_render_test.dart: home-chosen-higgsfield-1.0x-synthetic
01:56 +894: C:/Users/Atharva Patil/Documents/projects/gymlog/test/upgrade/session_2_acceptance_render_test.dart: home-chosen-higgsfield-1.0x-synthetic
01:56 +895: C:/Users/Atharva Patil/Documents/projects/gymlog/test/upgrade/session_2_acceptance_render_test.dart: home-chosen-higgsfield-1.0x-synthetic
01:56 +896: C:/Users/Atharva Patil/Documents/projects/gymlog/test/upgrade/session_2_acceptance_render_test.dart: home-chosen-higgsfield-1.0x-synthetic
01:56 +897: C:/Users/Atharva Patil/Documents/projects/gymlog/test/upgrade/session_2_acceptance_render_test.dart: home-chosen-higgsfield-1.0x-synthetic
01:56 +898: C:/Users/Atharva Patil/Documents/projects/gymlog/test/upgrade/session_2_acceptance_render_test.dart: home-chosen-higgsfield-1.0x-synthetic
01:56 +899: C:/Users/Atharva Patil/Documents/projects/gymlog/test/upgrade/session_2_acceptance_render_test.dart: home-chosen-higgsfield-1.0x-synthetic
01:56 +900: C:/Users/Atharva Patil/Documents/projects/gymlog/test/upgrade/session_2_acceptance_render_test.dart: home-chosen-higgsfield-1.0x-synthetic
01:56 +901: C:/Users/Atharva Patil/Documents/projects/gymlog/test/upgrade/session_2_acceptance_render_test.dart: home-chosen-higgsfield-1.0x-synthetic
01:56 +902: C:/Users/Atharva Patil/Documents/projects/gymlog/test/upgrade/session_2_acceptance_render_test.dart: home-chosen-higgsfield-1.0x-synthetic
01:56 +903: C:/Users/Atharva Patil/Documents/projects/gymlog/test/upgrade/session_2_acceptance_render_test.dart: home-chosen-higgsfield-1.0x-synthetic
01:56 +904: C:/Users/Atharva Patil/Documents/projects/gymlog/test/upgrade/session_2_acceptance_render_test.dart: home-chosen-higgsfield-1.0x-synthetic
01:56 +905: C:/Users/Atharva Patil/Documents/projects/gymlog/test/upgrade/session_2_acceptance_render_test.dart: home-chosen-higgsfield-1.0x-synthetic
01:57 +906: C:/Users/Atharva Patil/Documents/projects/gymlog/test/upgrade/session_2_acceptance_render_test.dart: home-chosen-higgsfield-1.0x-synthetic
01:57 +907: C:/Users/Atharva Patil/Documents/projects/gymlog/test/upgrade/session_2_acceptance_render_test.dart: home-chosen-higgsfield-1.0x-synthetic
01:57 +908: C:/Users/Atharva Patil/Documents/projects/gymlog/test/upgrade/session_2_acceptance_render_test.dart: home-chosen-higgsfield-1.0x-synthetic
01:57 +909: C:/Users/Atharva Patil/Documents/projects/gymlog/test/upgrade/session_2_acceptance_render_test.dart: home-chosen-higgsfield-1.0x-synthetic
01:57 +910: C:/Users/Atharva Patil/Documents/projects/gymlog/test/upgrade/session_2_acceptance_render_test.dart: home-chosen-higgsfield-1.0x-synthetic
01:57 +911: C:/Users/Atharva Patil/Documents/projects/gymlog/test/upgrade/session_2_acceptance_render_test.dart: home-chosen-higgsfield-1.0x-synthetic
01:57 +912: C:/Users/Atharva Patil/Documents/projects/gymlog/test/upgrade/session_2_acceptance_render_test.dart: home-chosen-higgsfield-1.0x-synthetic
01:57 +913: C:/Users/Atharva Patil/Documents/projects/gymlog/test/upgrade/session_2_acceptance_render_test.dart: home-chosen-higgsfield-1.0x-synthetic
01:57 +914: C:/Users/Atharva Patil/Documents/projects/gymlog/test/upgrade/session_2_acceptance_render_test.dart: home-chosen-higgsfield-1.0x-synthetic
01:58 +915: C:/Users/Atharva Patil/Documents/projects/gymlog/test/upgrade/session_2_acceptance_render_test.dart: home-chosen-higgsfield-1.0x-synthetic
01:58 +916: C:/Users/Atharva Patil/Documents/projects/gymlog/test/upgrade/session_2_acceptance_render_test.dart: home-chosen-higgsfield-1.0x-synthetic
01:58 +917: C:/Users/Atharva Patil/Documents/projects/gymlog/test/upgrade/session_2_acceptance_render_test.dart: home-chosen-higgsfield-1.0x-synthetic
01:58 +918: C:/Users/Atharva Patil/Documents/projects/gymlog/test/upgrade/session_2_acceptance_render_test.dart: home-chosen-higgsfield-1.0x-synthetic
01:58 +919: C:/Users/Atharva Patil/Documents/projects/gymlog/test/upgrade/session_2_acceptance_render_test.dart: home-chosen-higgsfield-1.0x-synthetic
01:58 +920: C:/Users/Atharva Patil/Documents/projects/gymlog/test/upgrade/session_2_acceptance_render_test.dart: home-chosen-higgsfield-1.0x-synthetic
01:58 +921: C:/Users/Atharva Patil/Documents/projects/gymlog/test/upgrade/session_2_acceptance_render_test.dart: home-chosen-higgsfield-1.0x-synthetic
01:58 +922: C:/Users/Atharva Patil/Documents/projects/gymlog/test/upgrade/session_2_acceptance_render_test.dart: home-chosen-higgsfield-1.0x-synthetic
01:58 +923: C:/Users/Atharva Patil/Documents/projects/gymlog/test/upgrade/session_2_acceptance_render_test.dart: home-chosen-higgsfield-1.0x-synthetic
01:58 +924: C:/Users/Atharva Patil/Documents/projects/gymlog/test/upgrade/session_2_acceptance_render_test.dart: home-chosen-higgsfield-1.0x-synthetic
01:58 +925: C:/Users/Atharva Patil/Documents/projects/gymlog/test/upgrade/session_2_acceptance_render_test.dart: home-chosen-higgsfield-1.0x-synthetic
01:58 +926: C:/Users/Atharva Patil/Documents/projects/gymlog/test/upgrade/session_2_acceptance_render_test.dart: home-chosen-higgsfield-1.0x-synthetic
01:58 +927: C:/Users/Atharva Patil/Documents/projects/gymlog/test/upgrade/session_2_acceptance_render_test.dart: home-chosen-higgsfield-1.0x-synthetic
01:58 +928: C:/Users/Atharva Patil/Documents/projects/gymlog/test/upgrade/session_2_launchpad_test.dart: Library has no second routine chooser in ready or recovery states
01:58 +929: C:/Users/Atharva Patil/Documents/projects/gymlog/test/upgrade/session_2_launchpad_test.dart: Library has no second routine chooser in ready or recovery states
01:58 +930: C:/Users/Atharva Patil/Documents/projects/gymlog/test/upgrade/session_2_launchpad_test.dart: Library has no second routine chooser in ready or recovery states
01:58 +931: C:/Users/Atharva Patil/Documents/projects/gymlog/test/upgrade/session_2_launchpad_test.dart: Library has no second routine chooser in ready or recovery states
01:58 +932: C:/Users/Atharva Patil/Documents/projects/gymlog/test/upgrade/session_2_launchpad_test.dart: Library has no second routine chooser in ready or recovery states
01:59 +933: C:/Users/Atharva Patil/Documents/projects/gymlog/test/upgrade/session_2_launchpad_test.dart: Library has no second routine chooser in ready or recovery states
01:59 +934: C:/Users/Atharva Patil/Documents/projects/gymlog/test/upgrade/session_2_launchpad_test.dart: Library has no second routine chooser in ready or recovery states
01:59 +935: C:/Users/Atharva Patil/Documents/projects/gymlog/test/upgrade/session_2_launchpad_test.dart: Library has no second routine chooser in ready or recovery states
01:59 +936: C:/Users/Atharva Patil/Documents/projects/gymlog/test/upgrade/session_2_launchpad_test.dart: Library has no second routine chooser in ready or recovery states
01:59 +937: C:/Users/Atharva Patil/Documents/projects/gymlog/test/upgrade/session_2_launchpad_test.dart: Library has no second routine chooser in ready or recovery states
01:59 +938: C:/Users/Atharva Patil/Documents/projects/gymlog/test/upgrade/session_2_launchpad_test.dart: Library has no second routine chooser in ready or recovery states
01:59 +939: C:/Users/Atharva Patil/Documents/projects/gymlog/test/upgrade/session_2_launchpad_test.dart: Library has no second routine chooser in ready or recovery states
01:59 +940: C:/Users/Atharva Patil/Documents/projects/gymlog/test/upgrade/session_2_launchpad_test.dart: Library has no second routine chooser in ready or recovery states
01:59 +941: C:/Users/Atharva Patil/Documents/projects/gymlog/test/upgrade/session_2_launchpad_test.dart: Library has no second routine chooser in ready or recovery states
01:59 +942: C:/Users/Atharva Patil/Documents/projects/gymlog/test/upgrade/session_2_launchpad_test.dart: Library has no second routine chooser in ready or recovery states
01:59 +943: C:/Users/Atharva Patil/Documents/projects/gymlog/test/upgrade/session_2_launchpad_test.dart: Library has no second routine chooser in ready or recovery states
01:59 +944: C:/Users/Atharva Patil/Documents/projects/gymlog/test/upgrade/session_2_launchpad_test.dart: Library has no second routine chooser in ready or recovery states
01:59 +945: C:/Users/Atharva Patil/Documents/projects/gymlog/test/upgrade/session_2_launchpad_test.dart: Library has no second routine chooser in ready or recovery states
01:59 +946: C:/Users/Atharva Patil/Documents/projects/gymlog/test/upgrade/session_2_launchpad_test.dart: Library has no second routine chooser in ready or recovery states
01:59 +947: C:/Users/Atharva Patil/Documents/projects/gymlog/test/upgrade/session_2_launchpad_test.dart: Library has no second routine chooser in ready or recovery states
02:00 +948: C:/Users/Atharva Patil/Documents/projects/gymlog/test/upgrade/session_2_launchpad_test.dart: Library has no second routine chooser in ready or recovery states
02:00 +949: C:/Users/Atharva Patil/Documents/projects/gymlog/test/upgrade/session_2_launchpad_test.dart: Library has no second routine chooser in ready or recovery states
02:00 +950: C:/Users/Atharva Patil/Documents/projects/gymlog/test/upgrade/session_2_launchpad_test.dart: Library has no second routine chooser in ready or recovery states
02:00 +951: C:/Users/Atharva Patil/Documents/projects/gymlog/test/upgrade/session_2_launchpad_test.dart: Library has no second routine chooser in ready or recovery states
02:00 +952: C:/Users/Atharva Patil/Documents/projects/gymlog/test/upgrade/error_reassurance_render_test.dart: storage-pro-white-1.0x-synthetic
02:00 +953: C:/Users/Atharva Patil/Documents/projects/gymlog/test/upgrade/error_reassurance_render_test.dart: storage-pro-white-1.0x-synthetic
02:00 +954: C:/Users/Atharva Patil/Documents/projects/gymlog/test/upgrade/session_2_acceptance_render_test.dart: library-deleted-choice-higgsfield-1.0x-synthetic
02:00 +955: C:/Users/Atharva Patil/Documents/projects/gymlog/test/upgrade/session_2_acceptance_render_test.dart: library-deleted-choice-higgsfield-1.0x-synthetic
02:00 +956: C:/Users/Atharva Patil/Documents/projects/gymlog/test/upgrade/session_2_acceptance_render_test.dart: library-deleted-choice-higgsfield-1.0x-synthetic
02:00 +957: C:/Users/Atharva Patil/Documents/projects/gymlog/test/upgrade/session_2_acceptance_render_test.dart: library-deleted-choice-higgsfield-1.0x-synthetic
02:00 +958: C:/Users/Atharva Patil/Documents/projects/gymlog/test/upgrade/session_2_launchpad_test.dart: Home selection updates the same read-only Library marker without remounting state
02:00 +959: C:/Users/Atharva Patil/Documents/projects/gymlog/test/upgrade/session_2_launchpad_test.dart: Home selection updates the same read-only Library marker without remounting state
02:00 +960: C:/Users/Atharva Patil/Documents/projects/gymlog/test/upgrade/session_2_launchpad_test.dart: Home selection updates the same read-only Library marker without remounting state
02:00 +961: C:/Users/Atharva Patil/Documents/projects/gymlog/test/upgrade/session_2_launchpad_test.dart: Home selection updates the same read-only Library marker without remounting state
02:00 +962: C:/Users/Atharva Patil/Documents/projects/gymlog/test/upgrade/session_2_launchpad_test.dart: Home selection updates the same read-only Library marker without remounting state
02:00 +963: C:/Users/Atharva Patil/Documents/projects/gymlog/test/upgrade/session_2_launchpad_test.dart: Home selection updates the same read-only Library marker without remounting state
02:00 +964: C:/Users/Atharva Patil/Documents/projects/gymlog/test/upgrade/session_2_launchpad_test.dart: Home selection updates the same read-only Library marker without remounting state
02:00 +965: C:/Users/Atharva Patil/Documents/projects/gymlog/test/upgrade/session_2_launchpad_test.dart: Home selection updates the same read-only Library marker without remounting state
02:00 +966: C:/Users/Atharva Patil/Documents/projects/gymlog/test/upgrade/session_2_launchpad_test.dart: Home selection updates the same read-only Library marker without remounting state
02:01 +967: C:/Users/Atharva Patil/Documents/projects/gymlog/test/upgrade/session_2_launchpad_test.dart: Home selection updates the same read-only Library marker without remounting state
02:01 +968: C:/Users/Atharva Patil/Documents/projects/gymlog/test/upgrade/session_2_launchpad_test.dart: Home selection updates the same read-only Library marker without remounting state
02:01 +969: C:/Users/Atharva Patil/Documents/projects/gymlog/test/upgrade/session_2_launchpad_test.dart: Home selection updates the same read-only Library marker without remounting state
02:01 +970: C:/Users/Atharva Patil/Documents/projects/gymlog/test/upgrade/session_2_launchpad_test.dart: Home selection updates the same read-only Library marker without remounting state
02:01 +971: C:/Users/Atharva Patil/Documents/projects/gymlog/test/upgrade/session_2_acceptance_render_test.dart: home-new-user-higgsfield-1.0x-synthetic
02:01 +972: C:/Users/Atharva Patil/Documents/projects/gymlog/test/upgrade/session_1_render_test.dart: pr-neonPurple-1.0x-synthetic
02:01 +973: C:/Users/Atharva Patil/Documents/projects/gymlog/test/upgrade/error_reassurance_render_test.dart: sync-error-white-1.6x-synthetic
02:01 +974: C:/Users/Atharva Patil/Documents/projects/gymlog/test/upgrade/error_reassurance_render_test.dart: sync-error-white-1.6x-synthetic
02:01 +975: C:/Users/Atharva Patil/Documents/projects/gymlog/test/upgrade/error_reassurance_render_test.dart: sync-error-white-1.6x-synthetic
02:01 +976: C:/Users/Atharva Patil/Documents/projects/gymlog/test/upgrade/error_reassurance_render_test.dart: sync-error-white-1.6x-synthetic
02:01 +977: C:/Users/Atharva Patil/Documents/projects/gymlog/test/upgrade/session_2_launchpad_test.dart: home prioritizes the actual active workout in fallback states
02:01 +978: C:/Users/Atharva Patil/Documents/projects/gymlog/test/upgrade/session_2_launchpad_test.dart: home prioritizes the actual active workout in fallback states
02:01 +979: C:/Users/Atharva Patil/Documents/projects/gymlog/test/upgrade/session_2_launchpad_test.dart: home prioritizes the actual active workout in fallback states
02:01 +980: C:/Users/Atharva Patil/Documents/projects/gymlog/test/upgrade/session_2_launchpad_test.dart: home prioritizes the actual active workout in fallback states
02:01 +981: C:/Users/Atharva Patil/Documents/projects/gymlog/test/upgrade/session_2_launchpad_test.dart: home prioritizes the actual active workout in fallback states
02:01 +982: C:/Users/Atharva Patil/Documents/projects/gymlog/test/upgrade/error_reassurance_render_test.dart: storage-free-white-1.6x-synthetic
02:01 +983: C:/Users/Atharva Patil/Documents/projects/gymlog/test/upgrade/error_reassurance_render_test.dart: storage-free-white-1.6x-synthetic
02:01 +984: C:/Users/Atharva Patil/Documents/projects/gymlog/test/upgrade/session_1_render_test.dart: share-duration-monument-neonPurple-1.0x-synthetic
02:01 +985: C:/Users/Atharva Patil/Documents/projects/gymlog/test/upgrade/session_2_launchpad_test.dart: home labels a one-set plan in the singular
02:02 +986: C:/Users/Atharva Patil/Documents/projects/gymlog/test/upgrade/session_2_acceptance_render_test.dart: home-inactive-return-higgsfield-1.0x-synthetic
02:02 +987: C:/Users/Atharva Patil/Documents/projects/gymlog/test/upgrade/session_2_acceptance_render_test.dart: home-inactive-return-higgsfield-1.0x-synthetic
02:02 +988: C:/Users/Atharva Patil/Documents/projects/gymlog/test/upgrade/session_2_acceptance_render_test.dart: home-inactive-return-higgsfield-1.0x-synthetic
02:02 +989: C:/Users/Atharva Patil/Documents/projects/gymlog/test/upgrade/error_reassurance_render_test.dart: storage-pro-white-1.6x-synthetic
02:02 +990: C:/Users/Atharva Patil/Documents/projects/gymlog/test/upgrade/error_reassurance_render_test.dart: storage-pro-white-1.6x-synthetic
02:02 +991: C:/Users/Atharva Patil/Documents/projects/gymlog/test/upgrade/error_reassurance_render_test.dart: storage-pro-white-1.6x-synthetic
02:02 +992: C:/Users/Atharva Patil/Documents/projects/gymlog/test/upgrade/session_2_acceptance_render_test.dart: library-inactive-return-higgsfield-1.0x-synthetic
02:02 +993: C:/Users/Atharva Patil/Documents/projects/gymlog/test/upgrade/session_2_acceptance_render_test.dart: library-inactive-return-higgsfield-1.0x-synthetic
02:02 +994: C:/Users/Atharva Patil/Documents/projects/gymlog/test/upgrade/session_2_acceptance_render_test.dart: library-inactive-return-higgsfield-1.0x-synthetic
02:02 +995: C:/Users/Atharva Patil/Documents/projects/gymlog/test/upgrade/session_2_acceptance_render_test.dart: library-inactive-return-higgsfield-1.0x-synthetic
02:02 +996: C:/Users/Atharva Patil/Documents/projects/gymlog/test/upgrade/session_2_acceptance_render_test.dart: library-inactive-return-higgsfield-1.0x-synthetic
02:02 +997: C:/Users/Atharva Patil/Documents/projects/gymlog/test/upgrade/session_2_acceptance_render_test.dart: library-inactive-return-higgsfield-1.0x-synthetic
02:02 +998: C:/Users/Atharva Patil/Documents/projects/gymlog/test/upgrade/session_1_render_test.dart: share-pace-monument-neonPurple-1.0x-synthetic
02:02 +999: C:/Users/Atharva Patil/Documents/projects/gymlog/test/upgrade/session_2_launchpad_test.dart: home repairs a damaged saved choice through explicit selection
02:02 +1000: C:/Users/Atharva Patil/Documents/projects/gymlog/test/upgrade/session_2_launchpad_test.dart: home repairs a damaged saved choice through explicit selection
02:02 +1001: C:/Users/Atharva Patil/Documents/projects/gymlog/test/upgrade/session_2_launchpad_test.dart: home repairs a damaged saved choice through explicit selection
02:02 +1002: C:/Users/Atharva Patil/Documents/projects/gymlog/test/upgrade/session_2_launchpad_test.dart: home repairs a damaged saved choice through explicit selection
02:02 +1003: C:/Users/Atharva Patil/Documents/projects/gymlog/test/upgrade/session_2_launchpad_test.dart: home repairs a damaged saved choice through explicit selection
02:02 +1004: C:/Users/Atharva Patil/Documents/projects/gymlog/test/upgrade/session_2_launchpad_test.dart: home repairs a damaged saved choice through explicit selection
02:02 +1005: C:/Users/Atharva Patil/Documents/projects/gymlog/test/upgrade/session_2_launchpad_test.dart: home repairs a damaged saved choice through explicit selection
02:02 +1006: C:/Users/Atharva Patil/Documents/projects/gymlog/test/upgrade/session_2_launchpad_test.dart: home repairs a damaged saved choice through explicit selection
02:02 +1007: C:/Users/Atharva Patil/Documents/projects/gymlog/test/upgrade/session_2_launchpad_test.dart: home repairs a damaged saved choice through explicit selection
02:02 +1008: C:/Users/Atharva Patil/Documents/projects/gymlog/test/upgrade/error_reassurance_render_test.dart: offline-neonCyan-1.0x-synthetic
02:02 +1009: C:/Users/Atharva Patil/Documents/projects/gymlog/test/upgrade/error_reassurance_render_test.dart: offline-neonCyan-1.0x-synthetic
02:03 +1010: C:/Users/Atharva Patil/Documents/projects/gymlog/test/upgrade/error_reassurance_render_test.dart: offline-neonCyan-1.0x-synthetic
02:03 +1011: C:/Users/Atharva Patil/Documents/projects/gymlog/test/upgrade/session_2_launchpad_test.dart: home keeps Resume primary when choice is missing or damaged
02:03 +1012: C:/Users/Atharva Patil/Documents/projects/gymlog/test/upgrade/session_2_launchpad_test.dart: home keeps Resume primary when choice is missing or damaged
02:03 +1013: C:/Users/Atharva Patil/Documents/projects/gymlog/test/upgrade/session_2_launchpad_test.dart: home keeps Resume primary when choice is missing or damaged
02:03 +1014: C:/Users/Atharva Patil/Documents/projects/gymlog/test/upgrade/session_2_launchpad_test.dart: home keeps Resume primary when choice is missing or damaged
02:03 +1015: C:/Users/Atharva Patil/Documents/projects/gymlog/test/upgrade/session_2_launchpad_test.dart: home keeps Resume primary when choice is missing or damaged
02:03 +1016: C:/Users/Atharva Patil/Documents/projects/gymlog/test/upgrade/session_2_launchpad_test.dart: home keeps Resume primary when choice is missing or damaged
02:03 +1017: C:/Users/Atharva Patil/Documents/projects/gymlog/test/upgrade/session_2_acceptance_render_test.dart: home-previous-error-higgsfield-1.0x-synthetic
02:03 +1018: C:/Users/Atharva Patil/Documents/projects/gymlog/test/upgrade/session_2_acceptance_render_test.dart: home-previous-error-higgsfield-1.0x-synthetic
02:03 +1019: C:/Users/Atharva Patil/Documents/projects/gymlog/test/upgrade/error_reassurance_render_test.dart: storage-free-neonCyan-1.0x-synthetic
02:03 +1020: C:/Users/Atharva Patil/Documents/projects/gymlog/test/upgrade/error_reassurance_render_test.dart: storage-free-neonCyan-1.0x-synthetic
02:03 +1021: C:/Users/Atharva Patil/Documents/projects/gymlog/test/upgrade/session_2_launchpad_test.dart: home uses explicit choice and one-tap Change
02:03 +1022: C:/Users/Atharva Patil/Documents/projects/gymlog/test/upgrade/session_2_launchpad_test.dart: home uses explicit choice and one-tap Change
02:03 +1023: C:/Users/Atharva Patil/Documents/projects/gymlog/test/upgrade/session_2_launchpad_test.dart: home uses explicit choice and one-tap Change
02:03 +1024: C:/Users/Atharva Patil/Documents/projects/gymlog/test/upgrade/session_2_acceptance_render_test.dart: library-previous-error-higgsfield-1.0x-synthetic
02:03 +1025: C:/Users/Atharva Patil/Documents/projects/gymlog/test/upgrade/error_reassurance_render_test.dart: storage-pro-neonCyan-1.0x-synthetic
02:03 +1026: C:/Users/Atharva Patil/Documents/projects/gymlog/test/upgrade/error_reassurance_render_test.dart: storage-pro-neonCyan-1.0x-synthetic
02:03 +1027: C:/Users/Atharva Patil/Documents/projects/gymlog/test/upgrade/error_reassurance_render_test.dart: storage-pro-neonCyan-1.0x-synthetic
02:03 +1028: C:/Users/Atharva Patil/Documents/projects/gymlog/test/upgrade/session_2_acceptance_render_test.dart: home-choice-error-higgsfield-1.0x-synthetic
02:03 +1029: C:/Users/Atharva Patil/Documents/projects/gymlog/test/upgrade/session_2_acceptance_render_test.dart: home-choice-error-higgsfield-1.0x-synthetic
02:03 +1030: C:/Users/Atharva Patil/Documents/projects/gymlog/test/upgrade/session_2_acceptance_render_test.dart: home-choice-error-higgsfield-1.0x-synthetic
02:03 +1031: C:/Users/Atharva Patil/Documents/projects/gymlog/test/upgrade/session_2_acceptance_render_test.dart: home-choice-error-higgsfield-1.0x-synthetic
02:03 +1032: C:/Users/Atharva Patil/Documents/projects/gymlog/test/upgrade/session_2_acceptance_render_test.dart: home-choice-error-higgsfield-1.0x-synthetic
02:03 +1033: C:/Users/Atharva Patil/Documents/projects/gymlog/test/upgrade/error_reassurance_render_test.dart: app-error-neonCyan-1.6x-synthetic
02:04 +1034: C:/Users/Atharva Patil/Documents/projects/gymlog/test/upgrade/session_1_render_test.dart: header-distance-neonPurple-1.6x-synthetic
02:04 +1035: C:/Users/Atharva Patil/Documents/projects/gymlog/test/upgrade/session_2_launchpad_test.dart: home new user has a designed first-session entry
02:04 +1036: C:/Users/Atharva Patil/Documents/projects/gymlog/test/upgrade/session_2_acceptance_render_test.dart: library-choice-error-higgsfield-1.0x-synthetic
02:04 +1037: C:/Users/Atharva Patil/Documents/projects/gymlog/test/upgrade/session_2_acceptance_render_test.dart: library-choice-error-higgsfield-1.0x-synthetic
02:04 +1038: C:/Users/Atharva Patil/Documents/projects/gymlog/test/upgrade/session_2_acceptance_render_test.dart: library-choice-error-higgsfield-1.0x-synthetic
02:04 +1039: C:/Users/Atharva Patil/Documents/projects/gymlog/test/upgrade/session_2_acceptance_render_test.dart: library-choice-error-higgsfield-1.0x-synthetic
02:04 +1040: C:/Users/Atharva Patil/Documents/projects/gymlog/test/upgrade/session_2_acceptance_render_test.dart: library-choice-error-higgsfield-1.0x-synthetic
02:04 +1041: C:/Users/Atharva Patil/Documents/projects/gymlog/test/upgrade/session_2_acceptance_render_test.dart: library-choice-error-higgsfield-1.0x-synthetic
02:04 +1042: C:/Users/Atharva Patil/Documents/projects/gymlog/test/upgrade/session_2_launchpad_test.dart: library prioritizes the actual active workout in fallback states
02:04 +1043: C:/Users/Atharva Patil/Documents/projects/gymlog/test/upgrade/session_2_launchpad_test.dart: library prioritizes the actual active workout in fallback states
02:04 +1044: C:/Users/Atharva Patil/Documents/projects/gymlog/test/upgrade/session_2_launchpad_test.dart: library prioritizes the actual active workout in fallback states
02:04 +1045: C:/Users/Atharva Patil/Documents/projects/gymlog/test/upgrade/session_2_launchpad_test.dart: library prioritizes the actual active workout in fallback states
02:04 +1046: C:/Users/Atharva Patil/Documents/projects/gymlog/test/upgrade/session_2_launchpad_test.dart: library prioritizes the actual active workout in fallback states
02:04 +1047: C:/Users/Atharva Patil/Documents/projects/gymlog/test/upgrade/error_reassurance_render_test.dart: offline-neonCyan-1.6x-synthetic
02:04 +1048: C:/Users/Atharva Patil/Documents/projects/gymlog/test/upgrade/session_2_acceptance_render_test.dart: library-loading-higgsfield-1.0x-synthetic
02:04 +1049: C:/Users/Atharva Patil/Documents/projects/gymlog/test/upgrade/session_2_acceptance_render_test.dart: library-loading-higgsfield-1.0x-synthetic
02:04 +1050: C:/Users/Atharva Patil/Documents/projects/gymlog/test/upgrade/session_2_acceptance_render_test.dart: library-loading-higgsfield-1.0x-synthetic
02:04 +1051: C:/Users/Atharva Patil/Documents/projects/gymlog/test/upgrade/error_reassurance_render_test.dart: sync-error-neonCyan-1.6x-synthetic
02:04 +1052: C:/Users/Atharva Patil/Documents/projects/gymlog/test/upgrade/error_reassurance_render_test.dart: sync-error-neonCyan-1.6x-synthetic
02:04 +1053: C:/Users/Atharva Patil/Documents/projects/gymlog/test/upgrade/error_reassurance_render_test.dart: sync-error-neonCyan-1.6x-synthetic
02:04 +1054: C:/Users/Atharva Patil/Documents/projects/gymlog/test/upgrade/error_reassurance_render_test.dart: sync-error-neonCyan-1.6x-synthetic
02:04 +1055: C:/Users/Atharva Patil/Documents/projects/gymlog/test/upgrade/error_reassurance_render_test.dart: sync-error-neonCyan-1.6x-synthetic
02:04 +1056: C:/Users/Atharva Patil/Documents/projects/gymlog/test/upgrade/session_2_launchpad_test.dart: library choice read failure is distinct from no choice
02:04 +1057: C:/Users/Atharva Patil/Documents/projects/gymlog/test/upgrade/session_2_launchpad_test.dart: library choice read failure is distinct from no choice
02:04 +1058: C:/Users/Atharva Patil/Documents/projects/gymlog/test/upgrade/session_2_acceptance_render_test.dart: library-active-chosen-higgsfield-1.0x-synthetic
02:05 +1059: C:/Users/Atharva Patil/Documents/projects/gymlog/test/upgrade/session_2_acceptance_render_test.dart: library-active-chosen-higgsfield-1.0x-synthetic
02:05 +1060: C:/Users/Atharva Patil/Documents/projects/gymlog/test/upgrade/session_2_acceptance_render_test.dart: library-active-chosen-higgsfield-1.0x-synthetic
02:05 +1061: C:/Users/Atharva Patil/Documents/projects/gymlog/test/upgrade/error_reassurance_render_test.dart: storage-free-neonCyan-1.6x-synthetic
02:05 +1062: C:/Users/Atharva Patil/Documents/projects/gymlog/test/upgrade/error_reassurance_render_test.dart: storage-free-neonCyan-1.6x-synthetic
02:05 +1063: C:/Users/Atharva Patil/Documents/projects/gymlog/test/upgrade/session_1_render_test.dart: share-duration-monument-neonPurple-1.6x-synthetic
02:05 +1064: C:/Users/Atharva Patil/Documents/projects/gymlog/test/upgrade/session_2_acceptance_render_test.dart: home-active-no-choice-higgsfield-1.0x-synthetic
02:05 +1065: C:/Users/Atharva Patil/Documents/projects/gymlog/test/upgrade/session_2_acceptance_render_test.dart: home-active-no-choice-higgsfield-1.0x-synthetic
02:05 +1066: C:/Users/Atharva Patil/Documents/projects/gymlog/test/upgrade/session_2_launchpad_test.dart: library keeps Resume primary when choice is missing or damaged
02:05 +1067: C:/Users/Atharva Patil/Documents/projects/gymlog/test/upgrade/session_2_launchpad_test.dart: library keeps Resume primary when choice is missing or damaged
02:05 +1068: C:/Users/Atharva Patil/Documents/projects/gymlog/test/upgrade/session_2_launchpad_test.dart: library keeps Resume primary when choice is missing or damaged
02:05 +1069: C:/Users/Atharva Patil/Documents/projects/gymlog/test/upgrade/session_2_launchpad_test.dart: library keeps Resume primary when choice is missing or damaged
02:05 +1070: C:/Users/Atharva Patil/Documents/projects/gymlog/test/upgrade/session_2_launchpad_test.dart: library keeps Resume primary when choice is missing or damaged
02:05 +1071: C:/Users/Atharva Patil/Documents/projects/gymlog/test/upgrade/session_2_launchpad_test.dart: library keeps Resume primary when choice is missing or damaged
02:05 +1072: C:/Users/Atharva Patil/Documents/projects/gymlog/test/upgrade/session_2_launchpad_test.dart: library keeps Resume primary when choice is missing or damaged
02:05 +1073: C:/Users/Atharva Patil/Documents/projects/gymlog/test/upgrade/error_reassurance_render_test.dart: app-error-neonMagenta-1.0x-synthetic
02:05 +1074: C:/Users/Atharva Patil/Documents/projects/gymlog/test/upgrade/session_1_render_test.dart: share-distance-sticker-neonPurple-1.6x-synthetic
02:05 +1075: C:/Users/Atharva Patil/Documents/projects/gymlog/test/upgrade/session_2_acceptance_render_test.dart: home-active-no-routine-higgsfield-1.0x-synthetic
02:05 +1076: C:/Users/Atharva Patil/Documents/projects/gymlog/test/upgrade/session_2_launchpad_test.dart: library uses explicit choice and one-tap Change
02:05 +1077: C:/Users/Atharva Patil/Documents/projects/gymlog/test/upgrade/session_2_launchpad_test.dart: library uses explicit choice and one-tap Change
02:05 +1078: C:/Users/Atharva Patil/Documents/projects/gymlog/test/upgrade/session_2_launchpad_test.dart: library uses explicit choice and one-tap Change
02:05 +1079: C:/Users/Atharva Patil/Documents/projects/gymlog/test/upgrade/session_2_acceptance_render_test.dart: library-active-no-routine-higgsfield-1.0x-synthetic
02:05 +1080: C:/Users/Atharva Patil/Documents/projects/gymlog/test/upgrade/session_2_acceptance_render_test.dart: library-active-no-routine-higgsfield-1.0x-synthetic
02:05 +1081: C:/Users/Atharva Patil/Documents/projects/gymlog/test/upgrade/session_2_acceptance_render_test.dart: library-active-no-routine-higgsfield-1.0x-synthetic
02:05 +1082: C:/Users/Atharva Patil/Documents/projects/gymlog/test/upgrade/session_2_launchpad_test.dart: library never chooses the first routine by inference
02:05 +1083: C:/Users/Atharva Patil/Documents/projects/gymlog/test/upgrade/session_2_launchpad_test.dart: library never chooses the first routine by inference
02:05 +1084: C:/Users/Atharva Patil/Documents/projects/gymlog/test/upgrade/error_reassurance_render_test.dart: roles-neonMagenta-1.0x-synthetic
02:05 +1085: C:/Users/Atharva Patil/Documents/projects/gymlog/test/upgrade/session_2_acceptance_render_test.dart: home-active-error-higgsfield-1.0x-synthetic
02:05 +1086: C:/Users/Atharva Patil/Documents/projects/gymlog/test/upgrade/session_2_acceptance_render_test.dart: home-active-error-higgsfield-1.0x-synthetic
02:05 +1087: C:/Users/Atharva Patil/Documents/projects/gymlog/test/upgrade/session_2_launchpad_test.dart: library shows a deleted choice without replacing it
02:06 +1088: C:/Users/Atharva Patil/Documents/projects/gymlog/test/upgrade/error_reassurance_render_test.dart: offline-neonMagenta-1.0x-synthetic
02:06 +1089: C:/Users/Atharva Patil/Documents/projects/gymlog/test/upgrade/error_reassurance_render_test.dart: offline-neonMagenta-1.0x-synthetic
02:06 +1090: C:/Users/Atharva Patil/Documents/projects/gymlog/test/upgrade/error_reassurance_render_test.dart: offline-neonMagenta-1.0x-synthetic
02:06 +1091: C:/Users/Atharva Patil/Documents/projects/gymlog/test/upgrade/session_2_acceptance_render_test.dart: library-active-error-higgsfield-1.0x-synthetic
02:06 +1092: C:/Users/Atharva Patil/Documents/projects/gymlog/test/upgrade/session_1_render_test.dart: detail-empty-neonPurple-1.6x-synthetic
02:06 +1093: C:/Users/Atharva Patil/Documents/projects/gymlog/test/upgrade/session_2_launchpad_test.dart: Library keeps a routine Start reachable below a compact choice at 1.6x
02:06 +1094: C:/Users/Atharva Patil/Documents/projects/gymlog/test/upgrade/error_reassurance_render_test.dart: sync-error-neonMagenta-1.0x-synthetic
02:06 +1095: C:/Users/Atharva Patil/Documents/projects/gymlog/test/upgrade/error_reassurance_render_test.dart: sync-error-neonMagenta-1.0x-synthetic
02:06 +1096: C:/Users/Atharva Patil/Documents/projects/gymlog/test/upgrade/error_reassurance_render_test.dart: sync-error-neonMagenta-1.0x-synthetic
02:06 +1097: C:/Users/Atharva Patil/Documents/projects/gymlog/test/upgrade/session_2_launchpad_test.dart: Library recovery null keeps saved Start visible at 1.6x
02:06 +1098: C:/Users/Atharva Patil/Documents/projects/gymlog/test/upgrade/session_2_launchpad_test.dart: Library recovery null keeps saved Start visible at 1.6x
02:06 +1099: C:/Users/Atharva Patil/Documents/projects/gymlog/test/upgrade/session_2_acceptance_render_test.dart: library-active-deleted-choice-higgsfield-1.0x-synthetic
02:06 +1100: C:/Users/Atharva Patil/Documents/projects/gymlog/test/upgrade/session_2_acceptance_render_test.dart: library-active-deleted-choice-higgsfield-1.0x-synthetic
02:06 +1101: C:/Users/Atharva Patil/Documents/projects/gymlog/test/upgrade/error_reassurance_render_test.dart: storage-free-neonMagenta-1.0x-synthetic
02:06 +1102: C:/Users/Atharva Patil/Documents/projects/gymlog/test/upgrade/error_reassurance_render_test.dart: storage-free-neonMagenta-1.0x-synthetic
02:06 +1103: C:/Users/Atharva Patil/Documents/projects/gymlog/test/upgrade/error_reassurance_render_test.dart: storage-free-neonMagenta-1.0x-synthetic
02:06 +1104: C:/Users/Atharva Patil/Documents/projects/gymlog/test/upgrade/session_2_acceptance_render_test.dart: home-active-empty-choice-higgsfield-1.0x-synthetic
02:06 +1105: C:/Users/Atharva Patil/Documents/projects/gymlog/test/upgrade/session_2_acceptance_render_test.dart: home-active-empty-choice-higgsfield-1.0x-synthetic
02:06 +1106: C:/Users/Atharva Patil/Documents/projects/gymlog/test/upgrade/session_2_launchpad_test.dart: Library recovery 7 keeps saved Start visible at 1.6x
02:06 +1107: C:/Users/Atharva Patil/Documents/projects/gymlog/test/upgrade/error_reassurance_render_test.dart: storage-pro-neonMagenta-1.0x-synthetic
02:06 +1108: C:/Users/Atharva Patil/Documents/projects/gymlog/test/upgrade/error_reassurance_render_test.dart: storage-pro-neonMagenta-1.0x-synthetic
02:06 +1109: C:/Users/Atharva Patil/Documents/projects/gymlog/test/upgrade/error_reassurance_render_test.dart: storage-pro-neonMagenta-1.0x-synthetic
02:06 +1110: C:/Users/Atharva Patil/Documents/projects/gymlog/test/upgrade/error_reassurance_render_test.dart: storage-pro-neonMagenta-1.0x-synthetic
02:06 +1111: C:/Users/Atharva Patil/Documents/projects/gymlog/test/upgrade/session_2_acceptance_render_test.dart: library-active-empty-choice-higgsfield-1.0x-synthetic
02:06 +1112: C:/Users/Atharva Patil/Documents/projects/gymlog/test/upgrade/session_2_acceptance_render_test.dart: library-active-empty-choice-higgsfield-1.0x-synthetic
02:06 +1113: C:/Users/Atharva Patil/Documents/projects/gymlog/test/upgrade/session_2_launchpad_test.dart: Empty Library plan uses one clear Home ownership label at 1.6x
02:06 +1114: C:/Users/Atharva Patil/Documents/projects/gymlog/test/upgrade/session_2_launchpad_test.dart: Empty Library plan uses one clear Home ownership label at 1.6x
02:06 +1115: C:/Users/Atharva Patil/Documents/projects/gymlog/test/upgrade/session_2_launchpad_test.dart: Empty Library plan uses one clear Home ownership label at 1.6x
02:07 +1116: C:/Users/Atharva Patil/Documents/projects/gymlog/test/upgrade/session_2_acceptance_render_test.dart: home-active-choice-error-higgsfield-1.0x-synthetic
02:07 +1117: C:/Users/Atharva Patil/Documents/projects/gymlog/test/upgrade/session_2_acceptance_render_test.dart: home-active-choice-error-higgsfield-1.0x-synthetic
02:07 +1118: C:/Users/Atharva Patil/Documents/projects/gymlog/test/upgrade/session_2_acceptance_render_test.dart: home-active-choice-error-higgsfield-1.0x-synthetic
02:07 +1119: C:/Users/Atharva Patil/Documents/projects/gymlog/test/upgrade/session_2_acceptance_render_test.dart: home-active-choice-error-higgsfield-1.0x-synthetic
02:07 +1120: C:/Users/Atharva Patil/Documents/projects/gymlog/test/upgrade/session_2_acceptance_render_test.dart: home-active-choice-error-higgsfield-1.0x-synthetic
02:07 +1121: C:/Users/Atharva Patil/Documents/projects/gymlog/test/upgrade/session_2_acceptance_render_test.dart: home-active-choice-error-higgsfield-1.0x-synthetic
02:07 +1122: C:/Users/Atharva Patil/Documents/projects/gymlog/test/upgrade/session_2_launchpad_test.dart: Home explains the weekly counted unit visually and in speech
02:07 +1123: C:/Users/Atharva Patil/Documents/projects/gymlog/test/upgrade/session_1_render_test.dart: finish-weighted-white-1.0x-synthetic
02:07 +1124: C:/Users/Atharva Patil/Documents/projects/gymlog/test/upgrade/error_reassurance_render_test.dart: routine-error-neonMagenta-1.6x-synthetic
02:07 +1125: C:/Users/Atharva Patil/Documents/projects/gymlog/test/upgrade/session_2_acceptance_render_test.dart: library-active-choice-error-higgsfield-1.0x-synthetic
02:07 +1126: C:/Users/Atharva Patil/Documents/projects/gymlog/test/upgrade/session_2_launchpad_test.dart: Empty Library prioritizes browsing and avoids duplicate errors
02:07 +1127: C:/Users/Atharva Patil/Documents/projects/gymlog/test/upgrade/session_2_launchpad_test.dart: Empty Library prioritizes browsing and avoids duplicate errors
02:07 +1128: C:/Users/Atharva Patil/Documents/projects/gymlog/test/upgrade/session_1_render_test.dart: finish-reps-white-1.0x-synthetic
02:07 +1129: C:/Users/Atharva Patil/Documents/projects/gymlog/test/upgrade/session_2_acceptance_render_test.dart: home-chosen-higgsfield-1.6x-synthetic
02:07 +1130: C:/Users/Atharva Patil/Documents/projects/gymlog/test/upgrade/session_2_acceptance_render_test.dart: home-chosen-higgsfield-1.6x-synthetic
02:07 +1131: C:/Users/Atharva Patil/Documents/projects/gymlog/test/upgrade/session_2_acceptance_render_test.dart: home-chosen-higgsfield-1.6x-synthetic
02:07 +1132: C:/Users/Atharva Patil/Documents/projects/gymlog/test/upgrade/session_2_acceptance_render_test.dart: home-chosen-higgsfield-1.6x-synthetic
02:07 +1133: C:/Users/Atharva Patil/Documents/projects/gymlog/test/upgrade/session_2_acceptance_render_test.dart: home-chosen-higgsfield-1.6x-synthetic
02:07 +1134: C:/Users/Atharva Patil/Documents/projects/gymlog/test/upgrade/session_2_acceptance_render_test.dart: home-chosen-higgsfield-1.6x-synthetic
02:07 +1135: C:/Users/Atharva Patil/Documents/projects/gymlog/test/upgrade/session_2_acceptance_render_test.dart: home-chosen-higgsfield-1.6x-synthetic
02:07 +1136: C:/Users/Atharva Patil/Documents/projects/gymlog/test/upgrade/session_2_acceptance_render_test.dart: home-chosen-higgsfield-1.6x-synthetic
02:07 +1137: C:/Users/Atharva Patil/Documents/projects/gymlog/test/upgrade/session_2_acceptance_render_test.dart: home-chosen-higgsfield-1.6x-synthetic
02:07 +1138: C:/Users/Atharva Patil/Documents/projects/gymlog/test/upgrade/session_2_acceptance_render_test.dart: home-chosen-higgsfield-1.6x-synthetic
02:08 +1139: C:/Users/Atharva Patil/Documents/projects/gymlog/test/upgrade/session_2_acceptance_render_test.dart: home-chosen-higgsfield-1.6x-synthetic
02:08 +1140: C:/Users/Atharva Patil/Documents/projects/gymlog/test/upgrade/session_2_acceptance_render_test.dart: home-chosen-higgsfield-1.6x-synthetic
02:08 +1141: C:/Users/Atharva Patil/Documents/projects/gymlog/test/upgrade/session_2_acceptance_render_test.dart: home-chosen-higgsfield-1.6x-synthetic
02:08 +1142: C:/Users/Atharva Patil/Documents/projects/gymlog/test/upgrade/session_2_acceptance_render_test.dart: home-chosen-higgsfield-1.6x-synthetic
02:08 +1143: C:/Users/Atharva Patil/Documents/projects/gymlog/test/upgrade/session_2_launchpad_test.dart: Change uses bounded searchable choices and preserves choice on read failure
02:08 +1144: C:/Users/Atharva Patil/Documents/projects/gymlog/test/upgrade/session_2_launchpad_test.dart: Change uses bounded searchable choices and preserves choice on read failure
02:08 +1145: C:/Users/Atharva Patil/Documents/projects/gymlog/test/upgrade/error_reassurance_render_test.dart: storage-pro-neonMagenta-1.6x-synthetic
02:08 +1146: C:/Users/Atharva Patil/Documents/projects/gymlog/test/upgrade/session_2_acceptance_render_test.dart: library-chosen-higgsfield-1.6x-synthetic
02:08 +1147: C:/Users/Atharva Patil/Documents/projects/gymlog/test/upgrade/session_2_acceptance_render_test.dart: library-chosen-higgsfield-1.6x-synthetic
02:08 +1148: C:/Users/Atharva Patil/Documents/projects/gymlog/test/upgrade/session_2_acceptance_render_test.dart: library-chosen-higgsfield-1.6x-synthetic
02:08 +1149: C:/Users/Atharva Patil/Documents/projects/gymlog/test/upgrade/session_2_acceptance_render_test.dart: library-chosen-higgsfield-1.6x-synthetic
02:08 +1150: C:/Users/Atharva Patil/Documents/projects/gymlog/test/upgrade/session_2_acceptance_render_test.dart: library-chosen-higgsfield-1.6x-synthetic
02:08 +1151: C:/Users/Atharva Patil/Documents/projects/gymlog/test/upgrade/session_2_acceptance_render_test.dart: library-chosen-higgsfield-1.6x-synthetic
02:08 +1152: C:/Users/Atharva Patil/Documents/projects/gymlog/test/upgrade/session_2_acceptance_render_test.dart: library-chosen-higgsfield-1.6x-synthetic
02:08 +1153: C:/Users/Atharva Patil/Documents/projects/gymlog/test/upgrade/error_reassurance_render_test.dart: detail-error-blazeOrange-1.0x-synthetic
02:08 +1154: C:/Users/Atharva Patil/Documents/projects/gymlog/test/upgrade/session_2_launchpad_test.dart: Home keeps freestyle and History secondary and accessible
02:08 +1155: C:/Users/Atharva Patil/Documents/projects/gymlog/test/upgrade/session_2_launchpad_test.dart: Home keeps freestyle and History secondary and accessible
02:08 +1156: C:/Users/Atharva Patil/Documents/projects/gymlog/test/upgrade/session_2_acceptance_render_test.dart: home-no-choice-higgsfield-1.6x-synthetic
02:08 +1157: C:/Users/Atharva Patil/Documents/projects/gymlog/test/upgrade/session_2_acceptance_render_test.dart: home-no-choice-higgsfield-1.6x-synthetic
02:08 +1158: C:/Users/Atharva Patil/Documents/projects/gymlog/test/upgrade/session_2_acceptance_render_test.dart: home-no-choice-higgsfield-1.6x-synthetic
02:08 +1159: C:/Users/Atharva Patil/Documents/projects/gymlog/test/upgrade/session_2_launchpad_test.dart: Home has no guilt language on an inactive return
02:08 +1160: C:/Users/Atharva Patil/Documents/projects/gymlog/test/upgrade/session_2_launchpad_test.dart: Home has no guilt language on an inactive return
02:08 +1161: C:/Users/Atharva Patil/Documents/projects/gymlog/test/upgrade/session_2_launchpad_test.dart: Home has no guilt language on an inactive return
02:08 +1162: C:/Users/Atharva Patil/Documents/projects/gymlog/test/upgrade/session_2_launchpad_test.dart: Home has no guilt language on an inactive return
02:08 +1163: C:/Users/Atharva Patil/Documents/projects/gymlog/test/upgrade/session_2_acceptance_render_test.dart: library-no-choice-higgsfield-1.6x-synthetic
02:08 +1164: C:/Users/Atharva Patil/Documents/projects/gymlog/test/upgrade/session_2_acceptance_render_test.dart: library-no-choice-higgsfield-1.6x-synthetic
02:08 +1165: C:/Users/Atharva Patil/Documents/projects/gymlog/test/upgrade/error_reassurance_render_test.dart: offline-blazeOrange-1.0x-synthetic
02:09 +1166: C:/Users/Atharva Patil/Documents/projects/gymlog/test/upgrade/error_reassurance_render_test.dart: offline-blazeOrange-1.0x-synthetic
02:09 +1167: C:/Users/Atharva Patil/Documents/projects/gymlog/test/upgrade/session_2_launchpad_test.dart: Change selection updates both launch surfaces and persists
02:09 +1168: C:/Users/Atharva Patil/Documents/projects/gymlog/test/upgrade/session_2_launchpad_test.dart: Change selection updates both launch surfaces and persists
02:09 +1169: C:/Users/Atharva Patil/Documents/projects/gymlog/test/upgrade/session_2_launchpad_test.dart: Change selection updates both launch surfaces and persists
02:09 +1170: C:/Users/Atharva Patil/Documents/projects/gymlog/test/upgrade/error_reassurance_render_test.dart: sync-error-blazeOrange-1.0x-synthetic
02:09 +1171: C:/Users/Atharva Patil/Documents/projects/gymlog/test/upgrade/error_reassurance_render_test.dart: sync-error-blazeOrange-1.0x-synthetic
02:09 +1172: C:/Users/Atharva Patil/Documents/projects/gymlog/test/upgrade/session_2_acceptance_render_test.dart: library-deleted-choice-higgsfield-1.6x-synthetic
02:09 +1173: C:/Users/Atharva Patil/Documents/projects/gymlog/test/upgrade/session_2_launchpad_test.dart: Library groups the program and quiets creation
02:09 +1174: C:/Users/Atharva Patil/Documents/projects/gymlog/test/upgrade/session_2_launchpad_test.dart: Library groups the program and quiets creation
02:09 +1175: C:/Users/Atharva Patil/Documents/projects/gymlog/test/upgrade/error_reassurance_render_test.dart: storage-free-blazeOrange-1.0x-synthetic
02:09 +1176: C:/Users/Atharva Patil/Documents/projects/gymlog/test/upgrade/error_reassurance_render_test.dart: storage-free-blazeOrange-1.0x-synthetic
02:09 +1177: C:/Users/Atharva Patil/Documents/projects/gymlog/test/upgrade/session_2_acceptance_render_test.dart: home-empty-choice-higgsfield-1.6x-synthetic
02:09 +1178: C:/Users/Atharva Patil/Documents/projects/gymlog/test/upgrade/session_2_acceptance_render_test.dart: home-empty-choice-higgsfield-1.6x-synthetic
02:09 +1179: C:/Users/Atharva Patil/Documents/projects/gymlog/test/upgrade/error_reassurance_render_test.dart: storage-pro-blazeOrange-1.0x-synthetic
02:09 +1180: C:/Users/Atharva Patil/Documents/projects/gymlog/test/upgrade/error_reassurance_render_test.dart: storage-pro-blazeOrange-1.0x-synthetic
02:09 +1181: C:/Users/Atharva Patil/Documents/projects/gymlog/test/upgrade/error_reassurance_render_test.dart: storage-pro-blazeOrange-1.0x-synthetic
02:09 +1182: C:/Users/Atharva Patil/Documents/projects/gymlog/test/upgrade/error_reassurance_render_test.dart: storage-pro-blazeOrange-1.0x-synthetic
02:09 +1183: C:/Users/Atharva Patil/Documents/projects/gymlog/test/upgrade/error_reassurance_render_test.dart: storage-pro-blazeOrange-1.0x-synthetic
02:09 +1184: C:/Users/Atharva Patil/Documents/projects/gymlog/test/upgrade/session_2_acceptance_render_test.dart: home-new-user-higgsfield-1.6x-synthetic
02:09 +1185: C:/Users/Atharva Patil/Documents/projects/gymlog/test/upgrade/session_2_acceptance_render_test.dart: home-new-user-higgsfield-1.6x-synthetic
02:09 +1186: C:/Users/Atharva Patil/Documents/projects/gymlog/test/upgrade/session_2_acceptance_render_test.dart: home-new-user-higgsfield-1.6x-synthetic
02:09 +1187: C:/Users/Atharva Patil/Documents/projects/gymlog/test/upgrade/session_1_render_test.dart: header-timed-white-1.6x-synthetic
02:09 +1188: C:/Users/Atharva Patil/Documents/projects/gymlog/test/upgrade/error_reassurance_render_test.dart: app-error-blazeOrange-1.6x-synthetic
02:09 +1189: C:/Users/Atharva Patil/Documents/projects/gymlog/test/upgrade/session_2_acceptance_render_test.dart: library-new-user-higgsfield-1.6x-synthetic
02:09 +1190: C:/Users/Atharva Patil/Documents/projects/gymlog/test/upgrade/session_1_render_test.dart: header-distance-white-1.6x-synthetic
02:09 +1191: C:/Users/Atharva Patil/Documents/projects/gymlog/test/upgrade/error_reassurance_render_test.dart: detail-error-blazeOrange-1.6x-synthetic
02:10 +1192: C:/Users/Atharva Patil/Documents/projects/gymlog/test/upgrade/session_2_acceptance_render_test.dart: home-no-routine-higgsfield-1.6x-synthetic
02:10 +1193: C:/Users/Atharva Patil/Documents/projects/gymlog/test/upgrade/session_2_acceptance_render_test.dart: home-no-routine-higgsfield-1.6x-synthetic
02:10 +1194: C:/Users/Atharva Patil/Documents/projects/gymlog/test/upgrade/error_reassurance_render_test.dart: routine-error-blazeOrange-1.6x-synthetic
02:10 +1195: C:/Users/Atharva Patil/Documents/projects/gymlog/test/upgrade/session_1_render_test.dart: finish-weighted-white-1.6x-synthetic
02:10 +1196: C:/Users/Atharva Patil/Documents/projects/gymlog/test/upgrade/session_2_acceptance_render_test.dart: library-no-routine-higgsfield-1.6x-synthetic
02:10 +1197: C:/Users/Atharva Patil/Documents/projects/gymlog/test/upgrade/session_2_acceptance_render_test.dart: library-no-routine-higgsfield-1.6x-synthetic
02:10 +1198: C:/Users/Atharva Patil/Documents/projects/gymlog/test/upgrade/session_1_render_test.dart: finish-reps-white-1.6x-synthetic
02:10 +1199: C:/Users/Atharva Patil/Documents/projects/gymlog/test/upgrade/error_reassurance_render_test.dart: offline-blazeOrange-1.6x-synthetic
02:10 +1200: C:/Users/Atharva Patil/Documents/projects/gymlog/test/upgrade/error_reassurance_render_test.dart: offline-blazeOrange-1.6x-synthetic
02:10 +1201: C:/Users/Atharva Patil/Documents/projects/gymlog/test/upgrade/session_2_acceptance_render_test.dart: home-inactive-return-higgsfield-1.6x-synthetic
02:10 +1202: C:/Users/Atharva Patil/Documents/projects/gymlog/test/upgrade/session_1_render_test.dart: finish-distance-white-1.6x-synthetic
02:10 +1203: C:/Users/Atharva Patil/Documents/projects/gymlog/test/upgrade/error_reassurance_render_test.dart: sync-error-blazeOrange-1.6x-synthetic
02:10 +1204: C:/Users/Atharva Patil/Documents/projects/gymlog/test/upgrade/error_reassurance_render_test.dart: sync-error-blazeOrange-1.6x-synthetic
02:10 +1205: C:/Users/Atharva Patil/Documents/projects/gymlog/test/upgrade/session_2_acceptance_render_test.dart: library-inactive-return-higgsfield-1.6x-synthetic
02:10 +1206: C:/Users/Atharva Patil/Documents/projects/gymlog/test/upgrade/session_1_render_test.dart: pr-pace-white-1.6x-synthetic
02:10 +1207: C:/Users/Atharva Patil/Documents/projects/gymlog/test/upgrade/error_reassurance_render_test.dart: storage-free-blazeOrange-1.6x-synthetic
02:10 +1208: C:/Users/Atharva Patil/Documents/projects/gymlog/test/upgrade/error_reassurance_render_test.dart: storage-free-blazeOrange-1.6x-synthetic
02:10 +1209: C:/Users/Atharva Patil/Documents/projects/gymlog/test/upgrade/error_reassurance_render_test.dart: storage-free-blazeOrange-1.6x-synthetic
02:10 +1210: C:/Users/Atharva Patil/Documents/projects/gymlog/test/upgrade/error_reassurance_render_test.dart: storage-free-blazeOrange-1.6x-synthetic
02:10 +1211: C:/Users/Atharva Patil/Documents/projects/gymlog/test/upgrade/session_2_acceptance_render_test.dart: library-low-data-higgsfield-1.6x-synthetic
02:10 +1212: C:/Users/Atharva Patil/Documents/projects/gymlog/test/upgrade/session_1_render_test.dart: share-sticker-white-1.6x-synthetic
02:10 +1213: C:/Users/Atharva Patil/Documents/projects/gymlog/test/upgrade/error_reassurance_render_test.dart: storage-pro-blazeOrange-1.6x-synthetic
02:10 +1214: C:/Users/Atharva Patil/Documents/projects/gymlog/test/upgrade/error_reassurance_render_test.dart: storage-pro-blazeOrange-1.6x-synthetic
02:11 +1215: C:/Users/Atharva Patil/Documents/projects/gymlog/test/upgrade/error_reassurance_render_test.dart: storage-pro-blazeOrange-1.6x-synthetic
02:11 +1216: C:/Users/Atharva Patil/Documents/projects/gymlog/test/upgrade/error_reassurance_render_test.dart: storage-pro-blazeOrange-1.6x-synthetic
02:11 +1217: C:/Users/Atharva Patil/Documents/projects/gymlog/test/upgrade/session_2_acceptance_render_test.dart: library-error-higgsfield-1.6x-synthetic
02:11 +1218: C:/Users/Atharva Patil/Documents/projects/gymlog/test/upgrade/session_2_acceptance_render_test.dart: library-error-higgsfield-1.6x-synthetic
02:11 +1219: C:/Users/Atharva Patil/Documents/projects/gymlog/test/upgrade/session_1_render_test.dart: share-distance-monument-white-1.6x-synthetic
02:11 +1220: C:/Users/Atharva Patil/Documents/projects/gymlog/test/upgrade/session_2_acceptance_render_test.dart: home-previous-error-higgsfield-1.6x-synthetic
02:11 +1221: C:/Users/Atharva Patil/Documents/projects/gymlog/test/upgrade/session_2_acceptance_render_test.dart: home-previous-error-higgsfield-1.6x-synthetic
02:11 +1222: C:/Users/Atharva Patil/Documents/projects/gymlog/test/upgrade/session_2_acceptance_render_test.dart: home-previous-error-higgsfield-1.6x-synthetic
02:11 +1223: C:/Users/Atharva Patil/Documents/projects/gymlog/test/upgrade/session_2_launch_actions_test.dart: valid routine Start seeds the saved plan and freestyle is explicit
02:11 +1224: C:/Users/Atharva Patil/Documents/projects/gymlog/test/upgrade/session_1_render_test.dart: share-distance-sticker-white-1.6x-synthetic
02:11 +1225: C:/Users/Atharva Patil/Documents/projects/gymlog/test/upgrade/session_1_render_test.dart: share-distance-sticker-white-1.6x-synthetic
02:11 +1226: C:/Users/Atharva Patil/Documents/projects/gymlog/test/upgrade/session_1_render_test.dart: share-distance-sticker-white-1.6x-synthetic
02:11 +1227: C:/Users/Atharva Patil/Documents/projects/gymlog/test/upgrade/session_2_acceptance_render_test.dart: library-previous-error-higgsfield-1.6x-synthetic
02:11 +1228: C:/Users/Atharva Patil/Documents/projects/gymlog/test/upgrade/session_2_acceptance_render_test.dart: library-previous-error-higgsfield-1.6x-synthetic
02:11 +1229: C:/Users/Atharva Patil/Documents/projects/gymlog/test/upgrade/session_2_acceptance_render_test.dart: library-previous-error-higgsfield-1.6x-synthetic
02:11 +1230: C:/Users/Atharva Patil/Documents/projects/gymlog/test/upgrade/session_2_acceptance_render_test.dart: library-previous-error-higgsfield-1.6x-synthetic
02:11 +1231: C:/Users/Atharva Patil/Documents/projects/gymlog/test/upgrade/session_1_render_test.dart: share-pace-technical-white-1.6x-synthetic
02:11 +1232: C:/Users/Atharva Patil/Documents/projects/gymlog/test/upgrade/session_2_acceptance_render_test.dart: home-choice-error-higgsfield-1.6x-synthetic
02:11 +1233: C:/Users/Atharva Patil/Documents/projects/gymlog/test/upgrade/session_2_acceptance_render_test.dart: home-choice-error-higgsfield-1.6x-synthetic
02:11 +1234: C:/Users/Atharva Patil/Documents/projects/gymlog/test/upgrade/session_1_render_test.dart: detail-white-1.6x-synthetic
02:11 +1235: C:/Users/Atharva Patil/Documents/projects/gymlog/test/upgrade/session_2_acceptance_render_test.dart: library-choice-error-higgsfield-1.6x-synthetic
02:11 +1236: C:/Users/Atharva Patil/Documents/projects/gymlog/test/upgrade/session_2_acceptance_render_test.dart: library-choice-error-higgsfield-1.6x-synthetic
02:11 +1237: C:/Users/Atharva Patil/Documents/projects/gymlog/test/upgrade/session_1_render_test.dart: detail-empty-white-1.6x-synthetic
02:11 +1238: C:/Users/Atharva Patil/Documents/projects/gymlog/test/upgrade/session_2_acceptance_render_test.dart: home-loading-higgsfield-1.6x-synthetic
02:12 +1239: C:/Users/Atharva Patil/Documents/projects/gymlog/test/upgrade/session_2_acceptance_render_test.dart: home-loading-higgsfield-1.6x-synthetic
02:12 +1240: C:/Users/Atharva Patil/Documents/projects/gymlog/test/upgrade/session_1_render_test.dart: exercise-no-estimate-white-1.6x-synthetic
02:12 +1241: C:/Users/Atharva Patil/Documents/projects/gymlog/test/upgrade/session_2_acceptance_render_test.dart: library-loading-higgsfield-1.6x-synthetic
02:12 +1242: C:/Users/Atharva Patil/Documents/projects/gymlog/test/upgrade/session_1_render_test.dart: progress-white-1.6x-synthetic
02:12 +1243: C:/Users/Atharva Patil/Documents/projects/gymlog/test/upgrade/session_2_acceptance_render_test.dart: home-active-chosen-higgsfield-1.6x-synthetic
02:12 +1244: C:/Users/Atharva Patil/Documents/projects/gymlog/test/upgrade/session_2_acceptance_render_test.dart: home-active-chosen-higgsfield-1.6x-synthetic
02:12 +1245: C:/Users/Atharva Patil/Documents/projects/gymlog/test/upgrade/session_1_render_test.dart: progress-empty-white-1.6x-synthetic
02:12 +1246: C:/Users/Atharva Patil/Documents/projects/gymlog/test/upgrade/session_2_acceptance_render_test.dart: library-active-chosen-higgsfield-1.6x-synthetic
02:12 +1247: C:/Users/Atharva Patil/Documents/projects/gymlog/test/upgrade/session_2_acceptance_render_test.dart: library-active-chosen-higgsfield-1.6x-synthetic
02:12 +1248: C:/Users/Atharva Patil/Documents/projects/gymlog/test/upgrade/session_2_acceptance_render_test.dart: library-active-chosen-higgsfield-1.6x-synthetic
02:12 +1249: C:/Users/Atharva Patil/Documents/projects/gymlog/test/upgrade/session_1_render_test.dart: header-reps-neonCyan-1.0x-synthetic
02:12 +1250: C:/Users/Atharva Patil/Documents/projects/gymlog/test/upgrade/session_2_acceptance_render_test.dart: home-active-no-choice-higgsfield-1.6x-synthetic
02:12 +1251: C:/Users/Atharva Patil/Documents/projects/gymlog/test/upgrade/session_2_acceptance_render_test.dart: home-active-no-choice-higgsfield-1.6x-synthetic
02:12 +1252: C:/Users/Atharva Patil/Documents/projects/gymlog/test/upgrade/session_1_render_test.dart: header-distance-neonCyan-1.0x-synthetic
02:12 +1253: C:/Users/Atharva Patil/Documents/projects/gymlog/test/upgrade/session_2_acceptance_render_test.dart: library-active-no-choice-higgsfield-1.6x-synthetic
02:12 +1254: C:/Users/Atharva Patil/Documents/projects/gymlog/test/upgrade/session_2_acceptance_render_test.dart: library-active-no-choice-higgsfield-1.6x-synthetic
02:13 +1255: C:/Users/Atharva Patil/Documents/projects/gymlog/test/upgrade/session_2_acceptance_render_test.dart: library-active-no-choice-higgsfield-1.6x-synthetic
02:13 +1256: C:/Users/Atharva Patil/Documents/projects/gymlog/test/upgrade/session_1_render_test.dart: finish-reps-neonCyan-1.0x-synthetic
02:13 +1257: C:/Users/Atharva Patil/Documents/projects/gymlog/test/upgrade/session_2_acceptance_render_test.dart: home-active-no-routine-higgsfield-1.6x-synthetic
02:13 +1258: C:/Users/Atharva Patil/Documents/projects/gymlog/test/upgrade/session_1_render_test.dart: finish-timed-neonCyan-1.0x-synthetic
02:13 +1259: C:/Users/Atharva Patil/Documents/projects/gymlog/test/upgrade/session_2_acceptance_render_test.dart: library-active-no-routine-higgsfield-1.6x-synthetic
02:13 +1260: C:/Users/Atharva Patil/Documents/projects/gymlog/test/upgrade/session_2_render_test.dart: before/home-returning-higgsfield-1.0x-synthetic
02:13 +1261: C:/Users/Atharva Patil/Documents/projects/gymlog/test/upgrade/session_2_render_test.dart: before/home-returning-higgsfield-1.0x-synthetic
02:13 +1262: C:/Users/Atharva Patil/Documents/projects/gymlog/test/upgrade/session_2_render_test.dart: before/home-returning-higgsfield-1.0x-synthetic
02:13 +1263: C:/Users/Atharva Patil/Documents/projects/gymlog/test/upgrade/session_2_render_test.dart: before/home-returning-higgsfield-1.0x-synthetic
02:13 +1264: C:/Users/Atharva Patil/Documents/projects/gymlog/test/upgrade/session_2_render_test.dart: before/home-returning-higgsfield-1.0x-synthetic
02:13 +1265: C:/Users/Atharva Patil/Documents/projects/gymlog/test/upgrade/session_2_render_test.dart: before/home-returning-higgsfield-1.0x-synthetic
02:13 +1266: C:/Users/Atharva Patil/Documents/projects/gymlog/test/upgrade/session_2_render_test.dart: before/home-returning-higgsfield-1.0x-synthetic
02:13 +1267: C:/Users/Atharva Patil/Documents/projects/gymlog/test/upgrade/session_2_render_test.dart: before/home-returning-higgsfield-1.0x-synthetic
02:13 +1268: C:/Users/Atharva Patil/Documents/projects/gymlog/test/upgrade/session_2_render_test.dart: before/home-returning-higgsfield-1.0x-synthetic
02:13 +1269: C:/Users/Atharva Patil/Documents/projects/gymlog/test/upgrade/session_2_render_test.dart: before/home-returning-higgsfield-1.0x-synthetic
02:13 +1270: C:/Users/Atharva Patil/Documents/projects/gymlog/test/upgrade/session_2_render_test.dart: before/home-returning-higgsfield-1.0x-synthetic
02:13 +1271: C:/Users/Atharva Patil/Documents/projects/gymlog/test/upgrade/session_2_render_test.dart: before/home-returning-higgsfield-1.0x-synthetic
02:13 +1272: C:/Users/Atharva Patil/Documents/projects/gymlog/test/upgrade/session_2_render_test.dart: before/home-returning-higgsfield-1.0x-synthetic
02:13 +1273: C:/Users/Atharva Patil/Documents/projects/gymlog/test/upgrade/session_2_render_test.dart: before/home-returning-higgsfield-1.0x-synthetic
02:13 +1274: C:/Users/Atharva Patil/Documents/projects/gymlog/test/upgrade/session_2_render_test.dart: before/home-returning-higgsfield-1.0x-synthetic
02:13 +1275: C:/Users/Atharva Patil/Documents/projects/gymlog/test/upgrade/session_2_render_test.dart: before/home-returning-higgsfield-1.0x-synthetic
02:13 +1276: C:/Users/Atharva Patil/Documents/projects/gymlog/test/upgrade/session_2_render_test.dart: before/home-returning-higgsfield-1.0x-synthetic
02:13 +1277: C:/Users/Atharva Patil/Documents/projects/gymlog/test/upgrade/session_2_render_test.dart: before/home-returning-higgsfield-1.0x-synthetic
02:13 +1278: C:/Users/Atharva Patil/Documents/projects/gymlog/test/upgrade/session_2_render_test.dart: before/home-returning-higgsfield-1.0x-synthetic
02:13 +1279: C:/Users/Atharva Patil/Documents/projects/gymlog/test/upgrade/session_2_render_test.dart: before/home-returning-higgsfield-1.0x-synthetic
02:13 +1280: C:/Users/Atharva Patil/Documents/projects/gymlog/test/upgrade/session_2_render_test.dart: before/home-returning-higgsfield-1.0x-synthetic
02:13 +1281: C:/Users/Atharva Patil/Documents/projects/gymlog/test/upgrade/session_2_render_test.dart: before/home-returning-higgsfield-1.0x-synthetic
02:14 +1282: C:/Users/Atharva Patil/Documents/projects/gymlog/test/upgrade/session_2_render_test.dart: before/home-returning-higgsfield-1.0x-synthetic
02:14 +1283: C:/Users/Atharva Patil/Documents/projects/gymlog/test/upgrade/session_2_render_test.dart: before/home-returning-higgsfield-1.0x-synthetic
02:14 +1284: C:/Users/Atharva Patil/Documents/projects/gymlog/test/upgrade/session_2_render_test.dart: before/home-returning-higgsfield-1.0x-synthetic
02:14 +1285: C:/Users/Atharva Patil/Documents/projects/gymlog/test/upgrade/session_2_render_test.dart: before/home-returning-higgsfield-1.0x-synthetic
02:14 +1286: C:/Users/Atharva Patil/Documents/projects/gymlog/test/upgrade/session_2_render_test.dart: before/home-returning-higgsfield-1.0x-synthetic
02:14 +1287: C:/Users/Atharva Patil/Documents/projects/gymlog/test/upgrade/session_2_render_test.dart: before/home-returning-higgsfield-1.0x-synthetic
02:14 +1288: C:/Users/Atharva Patil/Documents/projects/gymlog/test/upgrade/session_2_render_test.dart: before/home-returning-higgsfield-1.0x-synthetic
02:14 +1289: C:/Users/Atharva Patil/Documents/projects/gymlog/test/upgrade/session_2_render_test.dart: before/home-returning-higgsfield-1.0x-synthetic
02:14 +1290: C:/Users/Atharva Patil/Documents/projects/gymlog/test/upgrade/session_2_render_test.dart: before/home-returning-higgsfield-1.0x-synthetic
02:14 +1291: C:/Users/Atharva Patil/Documents/projects/gymlog/test/upgrade/session_2_render_test.dart: before/home-returning-higgsfield-1.0x-synthetic
02:14 +1292: C:/Users/Atharva Patil/Documents/projects/gymlog/test/upgrade/session_2_render_test.dart: before/home-returning-higgsfield-1.0x-synthetic
02:14 +1293: C:/Users/Atharva Patil/Documents/projects/gymlog/test/upgrade/session_2_render_test.dart: before/home-returning-higgsfield-1.0x-synthetic
02:14 +1294: C:/Users/Atharva Patil/Documents/projects/gymlog/test/upgrade/session_2_render_test.dart: before/home-returning-higgsfield-1.0x-synthetic
02:14 +1295: C:/Users/Atharva Patil/Documents/projects/gymlog/test/upgrade/session_2_render_test.dart: before/home-returning-higgsfield-1.0x-synthetic
02:14 +1296: C:/Users/Atharva Patil/Documents/projects/gymlog/test/upgrade/session_2_render_test.dart: before/home-returning-higgsfield-1.0x-synthetic
02:15 +1297: C:/Users/Atharva Patil/Documents/projects/gymlog/test/upgrade/session_2_render_test.dart: before/home-returning-higgsfield-1.0x-synthetic
02:15 +1298: C:/Users/Atharva Patil/Documents/projects/gymlog/test/upgrade/session_2_render_test.dart: before/home-returning-higgsfield-1.0x-synthetic
02:15 +1299: C:/Users/Atharva Patil/Documents/projects/gymlog/test/upgrade/session_2_render_test.dart: before/home-returning-higgsfield-1.0x-synthetic
02:15 +1300: C:/Users/Atharva Patil/Documents/projects/gymlog/test/upgrade/session_2_render_test.dart: before/home-returning-higgsfield-1.0x-synthetic
02:15 +1301: C:/Users/Atharva Patil/Documents/projects/gymlog/test/upgrade/session_2_render_test.dart: before/home-returning-higgsfield-1.0x-synthetic
02:15 +1302: C:/Users/Atharva Patil/Documents/projects/gymlog/test/upgrade/session_2_render_test.dart: before/home-returning-higgsfield-1.0x-synthetic
02:15 +1303: C:/Users/Atharva Patil/Documents/projects/gymlog/test/upgrade/session_2_render_test.dart: before/home-returning-higgsfield-1.0x-synthetic
02:15 +1304: C:/Users/Atharva Patil/Documents/projects/gymlog/test/upgrade/session_2_render_test.dart: before/home-returning-higgsfield-1.0x-synthetic
02:15 +1305: C:/Users/Atharva Patil/Documents/projects/gymlog/test/upgrade/session_2_acceptance_render_test.dart: library-chosen-neonPurple-1.0x-synthetic
02:15 +1306: C:/Users/Atharva Patil/Documents/projects/gymlog/test/upgrade/session_2_acceptance_render_test.dart: library-chosen-neonPurple-1.0x-synthetic
02:15 +1307: C:/Users/Atharva Patil/Documents/projects/gymlog/test/upgrade/session_2_acceptance_render_test.dart: library-chosen-neonPurple-1.0x-synthetic
02:15 +1308: C:/Users/Atharva Patil/Documents/projects/gymlog/test/upgrade/session_2_render_test.dart: before/library-returning-higgsfield-1.0x-synthetic
02:15 +1309: C:/Users/Atharva Patil/Documents/projects/gymlog/test/upgrade/session_2_render_test.dart: before/library-returning-higgsfield-1.0x-synthetic
02:15 +1310: C:/Users/Atharva Patil/Documents/projects/gymlog/test/upgrade/session_2_render_test.dart: before/library-returning-higgsfield-1.0x-synthetic
02:15 +1311: C:/Users/Atharva Patil/Documents/projects/gymlog/test/upgrade/session_2_render_test.dart: before/library-returning-higgsfield-1.0x-synthetic
02:15 +1312: C:/Users/Atharva Patil/Documents/projects/gymlog/test/upgrade/session_2_render_test.dart: before/library-returning-higgsfield-1.0x-synthetic
02:15 +1313: C:/Users/Atharva Patil/Documents/projects/gymlog/test/upgrade/session_2_render_test.dart: before/library-returning-higgsfield-1.0x-synthetic
02:15 +1314: C:/Users/Atharva Patil/Documents/projects/gymlog/test/upgrade/session_2_acceptance_render_test.dart: library-no-choice-neonPurple-1.0x-synthetic
02:15 +1315: C:/Users/Atharva Patil/Documents/projects/gymlog/test/upgrade/session_2_acceptance_render_test.dart: library-no-choice-neonPurple-1.0x-synthetic
02:15 +1316: C:/Users/Atharva Patil/Documents/projects/gymlog/test/upgrade/session_2_render_test.dart: before/home-inactive-higgsfield-1.0x-synthetic
02:16 +1317: C:/Users/Atharva Patil/Documents/projects/gymlog/test/upgrade/session_2_render_test.dart: before/home-inactive-higgsfield-1.0x-synthetic
02:16 +1318: C:/Users/Atharva Patil/Documents/projects/gymlog/test/upgrade/session_2_render_test.dart: before/home-inactive-higgsfield-1.0x-synthetic
02:16 +1319: C:/Users/Atharva Patil/Documents/projects/gymlog/test/upgrade/session_1_render_test.dart: finish-distance-neonCyan-1.6x-synthetic
02:16 +1320: C:/Users/Atharva Patil/Documents/projects/gymlog/test/upgrade/session_2_acceptance_render_test.dart: library-deleted-choice-neonPurple-1.0x-synthetic
02:16 +1321: C:/Users/Atharva Patil/Documents/projects/gymlog/test/upgrade/session_2_acceptance_render_test.dart: library-deleted-choice-neonPurple-1.0x-synthetic
02:16 +1322: C:/Users/Atharva Patil/Documents/projects/gymlog/test/upgrade/session_2_render_test.dart: before/library-inactive-higgsfield-1.0x-synthetic
02:16 +1323: C:/Users/Atharva Patil/Documents/projects/gymlog/test/upgrade/session_2_render_test.dart: before/library-inactive-higgsfield-1.0x-synthetic
02:16 +1324: C:/Users/Atharva Patil/Documents/projects/gymlog/test/upgrade/session_2_acceptance_render_test.dart: home-empty-choice-neonPurple-1.0x-synthetic
02:16 +1325: C:/Users/Atharva Patil/Documents/projects/gymlog/test/upgrade/session_2_acceptance_render_test.dart: home-empty-choice-neonPurple-1.0x-synthetic
02:16 +1326: C:/Users/Atharva Patil/Documents/projects/gymlog/test/upgrade/session_2_render_test.dart: before/home-empty-higgsfield-1.0x-synthetic
02:16 +1327: C:/Users/Atharva Patil/Documents/projects/gymlog/test/upgrade/session_2_render_test.dart: before/home-empty-higgsfield-1.0x-synthetic
02:16 +1328: C:/Users/Atharva Patil/Documents/projects/gymlog/test/upgrade/session_2_acceptance_render_test.dart: library-empty-choice-neonPurple-1.0x-synthetic
02:16 +1329: C:/Users/Atharva Patil/Documents/projects/gymlog/test/upgrade/session_2_acceptance_render_test.dart: library-empty-choice-neonPurple-1.0x-synthetic
02:16 +1330: C:/Users/Atharva Patil/Documents/projects/gymlog/test/upgrade/session_2_acceptance_render_test.dart: library-empty-choice-neonPurple-1.0x-synthetic
02:16 +1331: C:/Users/Atharva Patil/Documents/projects/gymlog/test/upgrade/session_2_acceptance_render_test.dart: library-empty-choice-neonPurple-1.0x-synthetic
02:16 +1332: C:/Users/Atharva Patil/Documents/projects/gymlog/test/upgrade/session_1_render_test.dart: share-duration-technical-neonCyan-1.6x-synthetic
02:16 +1333: C:/Users/Atharva Patil/Documents/projects/gymlog/test/upgrade/session_2_render_test.dart: before/home-noRoutine-higgsfield-1.0x-synthetic
02:16 +1334: C:/Users/Atharva Patil/Documents/projects/gymlog/test/upgrade/session_2_render_test.dart: before/home-noRoutine-higgsfield-1.0x-synthetic
02:16 +1335: C:/Users/Atharva Patil/Documents/projects/gymlog/test/upgrade/session_2_render_test.dart: before/home-noRoutine-higgsfield-1.0x-synthetic
02:16 +1336: C:/Users/Atharva Patil/Documents/projects/gymlog/test/upgrade/session_2_acceptance_render_test.dart: library-new-user-neonPurple-1.0x-synthetic
02:16 +1337: C:/Users/Atharva Patil/Documents/projects/gymlog/test/upgrade/session_2_acceptance_render_test.dart: library-new-user-neonPurple-1.0x-synthetic
02:16 +1338: C:/Users/Atharva Patil/Documents/projects/gymlog/test/upgrade/session_2_render_test.dart: before/library-noRoutine-higgsfield-1.0x-synthetic
02:16 +1339: C:/Users/Atharva Patil/Documents/projects/gymlog/test/upgrade/session_1_render_test.dart: share-distance-technical-neonCyan-1.6x-synthetic
02:16 +1340: C:/Users/Atharva Patil/Documents/projects/gymlog/test/upgrade/session_2_acceptance_render_test.dart: home-no-routine-neonPurple-1.0x-synthetic
02:17 +1341: C:/Users/Atharva Patil/Documents/projects/gymlog/test/upgrade/session_2_acceptance_render_test.dart: home-no-routine-neonPurple-1.0x-synthetic
02:17 +1342: C:/Users/Atharva Patil/Documents/projects/gymlog/test/upgrade/session_2_acceptance_render_test.dart: home-no-routine-neonPurple-1.0x-synthetic
02:17 +1343: C:/Users/Atharva Patil/Documents/projects/gymlog/test/upgrade/session_1_render_test.dart: share-pace-monument-neonCyan-1.6x-synthetic
02:17 +1344: C:/Users/Atharva Patil/Documents/projects/gymlog/test/upgrade/session_2_render_test.dart: before/library-lowData-higgsfield-1.0x-synthetic
02:17 +1345: C:/Users/Atharva Patil/Documents/projects/gymlog/test/upgrade/session_2_acceptance_render_test.dart: library-no-routine-neonPurple-1.0x-synthetic
02:17 +1346: C:/Users/Atharva Patil/Documents/projects/gymlog/test/upgrade/session_2_acceptance_render_test.dart: library-no-routine-neonPurple-1.0x-synthetic
02:17 +1347: C:/Users/Atharva Patil/Documents/projects/gymlog/test/upgrade/session_2_render_test.dart: before/home-error-higgsfield-1.0x-synthetic
02:17 +1348: C:/Users/Atharva Patil/Documents/projects/gymlog/test/upgrade/session_2_render_test.dart: before/home-error-higgsfield-1.0x-synthetic
02:17 +1349: C:/Users/Atharva Patil/Documents/projects/gymlog/test/upgrade/session_2_acceptance_render_test.dart: home-inactive-return-neonPurple-1.0x-synthetic
02:17 +1350: C:/Users/Atharva Patil/Documents/projects/gymlog/test/upgrade/session_1_render_test.dart: detail-neonCyan-1.6x-synthetic
02:17 +1351: C:/Users/Atharva Patil/Documents/projects/gymlog/test/upgrade/session_2_render_test.dart: before/library-error-higgsfield-1.0x-synthetic
02:17 +1352: C:/Users/Atharva Patil/Documents/projects/gymlog/test/upgrade/session_2_acceptance_render_test.dart: library-inactive-return-neonPurple-1.0x-synthetic
02:17 +1353: C:/Users/Atharva Patil/Documents/projects/gymlog/test/upgrade/session_2_acceptance_render_test.dart: library-inactive-return-neonPurple-1.0x-synthetic
02:17 +1354: C:/Users/Atharva Patil/Documents/projects/gymlog/test/upgrade/session_2_render_test.dart: before/home-returning-higgsfield-1.6x-synthetic
02:17 +1355: C:/Users/Atharva Patil/Documents/projects/gymlog/test/upgrade/session_2_render_test.dart: before/home-returning-higgsfield-1.6x-synthetic
02:17 +1356: C:/Users/Atharva Patil/Documents/projects/gymlog/test/upgrade/session_2_render_test.dart: before/home-returning-higgsfield-1.6x-synthetic
02:17 +1357: C:/Users/Atharva Patil/Documents/projects/gymlog/test/upgrade/session_2_render_test.dart: before/home-returning-higgsfield-1.6x-synthetic
02:17 +1358: C:/Users/Atharva Patil/Documents/projects/gymlog/test/upgrade/session_2_acceptance_render_test.dart: library-low-data-neonPurple-1.0x-synthetic
02:17 +1359: C:/Users/Atharva Patil/Documents/projects/gymlog/test/upgrade/session_2_acceptance_render_test.dart: library-low-data-neonPurple-1.0x-synthetic
02:17 +1360: C:/Users/Atharva Patil/Documents/projects/gymlog/test/upgrade/session_2_render_test.dart: before/library-returning-higgsfield-1.6x-synthetic
02:17 +1361: C:/Users/Atharva Patil/Documents/projects/gymlog/test/upgrade/session_2_render_test.dart: before/library-returning-higgsfield-1.6x-synthetic
02:17 +1362: C:/Users/Atharva Patil/Documents/projects/gymlog/test/upgrade/session_2_render_test.dart: before/library-returning-higgsfield-1.6x-synthetic
02:17 +1363: C:/Users/Atharva Patil/Documents/projects/gymlog/test/upgrade/session_2_render_test.dart: before/library-returning-higgsfield-1.6x-synthetic
02:17 +1364: C:/Users/Atharva Patil/Documents/projects/gymlog/test/upgrade/session_2_render_test.dart: before/library-returning-higgsfield-1.6x-synthetic
02:18 +1365: C:/Users/Atharva Patil/Documents/projects/gymlog/test/weekly_goal_sheet_test.dart: showWeeklyGoalSheet selecting a day updates weeklyGoalProvider and closes sheet
02:18 +1366: C:/Users/Atharva Patil/Documents/projects/gymlog/test/weekly_goal_sheet_test.dart: showWeeklyGoalSheet selecting a day updates weeklyGoalProvider and closes sheet
02:18 +1367: C:/Users/Atharva Patil/Documents/projects/gymlog/test/weekly_goal_sheet_test.dart: showWeeklyGoalSheet selecting a day updates weeklyGoalProvider and closes sheet
02:18 +1368: C:/Users/Atharva Patil/Documents/projects/gymlog/test/weekly_goal_sheet_test.dart: showWeeklyGoalSheet selecting a day updates weeklyGoalProvider and closes sheet
02:18 +1369: C:/Users/Atharva Patil/Documents/projects/gymlog/test/weekly_goal_sheet_test.dart: showWeeklyGoalSheet selecting a day updates weeklyGoalProvider and closes sheet
02:18 +1370: C:/Users/Atharva Patil/Documents/projects/gymlog/test/weekly_goal_sheet_test.dart: showWeeklyGoalSheet selecting a day updates weeklyGoalProvider and closes sheet
02:18 +1371: C:/Users/Atharva Patil/Documents/projects/gymlog/test/weekly_goal_sheet_test.dart: showWeeklyGoalSheet selecting a day updates weeklyGoalProvider and closes sheet
02:18 +1372: C:/Users/Atharva Patil/Documents/projects/gymlog/test/weekly_goal_sheet_test.dart: showWeeklyGoalSheet selecting a day updates weeklyGoalProvider and closes sheet
02:18 +1373: C:/Users/Atharva Patil/Documents/projects/gymlog/test/weekly_goal_sheet_test.dart: showWeeklyGoalSheet selecting a day updates weeklyGoalProvider and closes sheet
02:18 +1374: C:/Users/Atharva Patil/Documents/projects/gymlog/test/weekly_goal_sheet_test.dart: showWeeklyGoalSheet selecting a day updates weeklyGoalProvider and closes sheet
02:18 +1375: C:/Users/Atharva Patil/Documents/projects/gymlog/test/weekly_goal_sheet_test.dart: showWeeklyGoalSheet selecting a day updates weeklyGoalProvider and closes sheet
02:18 +1376: C:/Users/Atharva Patil/Documents/projects/gymlog/test/weekly_goal_sheet_test.dart: showWeeklyGoalSheet selecting a day updates weeklyGoalProvider and closes sheet
02:18 +1377: C:/Users/Atharva Patil/Documents/projects/gymlog/test/weekly_goal_sheet_test.dart: showWeeklyGoalSheet selecting a day updates weeklyGoalProvider and closes sheet
02:18 +1378: C:/Users/Atharva Patil/Documents/projects/gymlog/test/weekly_goal_sheet_test.dart: showWeeklyGoalSheet selecting a day updates weeklyGoalProvider and closes sheet
02:18 +1379: C:/Users/Atharva Patil/Documents/projects/gymlog/test/weekly_goal_sheet_test.dart: showWeeklyGoalSheet selecting a day updates weeklyGoalProvider and closes sheet
02:18 +1380: C:/Users/Atharva Patil/Documents/projects/gymlog/test/weekly_goal_sheet_test.dart: showWeeklyGoalSheet selecting a day updates weeklyGoalProvider and closes sheet
02:18 +1381: C:/Users/Atharva Patil/Documents/projects/gymlog/test/weekly_goal_sheet_test.dart: showWeeklyGoalSheet selecting a day updates weeklyGoalProvider and closes sheet
02:18 +1382: C:/Users/Atharva Patil/Documents/projects/gymlog/test/weekly_goal_sheet_test.dart: showWeeklyGoalSheet selecting a day updates weeklyGoalProvider and closes sheet
02:18 +1383: C:/Users/Atharva Patil/Documents/projects/gymlog/test/weekly_goal_sheet_test.dart: showWeeklyGoalSheet selecting a day updates weeklyGoalProvider and closes sheet
02:18 +1384: C:/Users/Atharva Patil/Documents/projects/gymlog/test/weekly_goal_sheet_test.dart: showWeeklyGoalSheet selecting a day updates weeklyGoalProvider and closes sheet
02:18 +1385: C:/Users/Atharva Patil/Documents/projects/gymlog/test/weekly_goal_sheet_test.dart: showWeeklyGoalSheet selecting a day updates weeklyGoalProvider and closes sheet
02:18 +1386: C:/Users/Atharva Patil/Documents/projects/gymlog/test/weekly_goal_sheet_test.dart: showWeeklyGoalSheet selecting a day updates weeklyGoalProvider and closes sheet
02:18 +1387: C:/Users/Atharva Patil/Documents/projects/gymlog/test/weekly_goal_sheet_test.dart: showWeeklyGoalSheet selecting a day updates weeklyGoalProvider and closes sheet
02:18 +1388: C:/Users/Atharva Patil/Documents/projects/gymlog/test/weekly_goal_sheet_test.dart: showWeeklyGoalSheet selecting a day updates weeklyGoalProvider and closes sheet
02:18 +1389: C:/Users/Atharva Patil/Documents/projects/gymlog/test/weekly_goal_sheet_test.dart: showWeeklyGoalSheet selecting a day updates weeklyGoalProvider and closes sheet
02:19 +1390: C:/Users/Atharva Patil/Documents/projects/gymlog/test/weekly_goal_sheet_test.dart: showWeeklyGoalSheet selecting a day updates weeklyGoalProvider and closes sheet
02:19 +1391: C:/Users/Atharva Patil/Documents/projects/gymlog/test/weekly_goal_sheet_test.dart: showWeeklyGoalSheet selecting a day updates weeklyGoalProvider and closes sheet
02:19 +1392: C:/Users/Atharva Patil/Documents/projects/gymlog/test/weekly_goal_sheet_test.dart: showWeeklyGoalSheet selecting a day updates weeklyGoalProvider and closes sheet
02:19 +1393: C:/Users/Atharva Patil/Documents/projects/gymlog/test/weekly_goal_sheet_test.dart: showWeeklyGoalSheet selecting a day updates weeklyGoalProvider and closes sheet
02:19 +1394: C:/Users/Atharva Patil/Documents/projects/gymlog/test/weekly_goal_sheet_test.dart: showWeeklyGoalSheet selecting a day updates weeklyGoalProvider and closes sheet
02:19 +1395: C:/Users/Atharva Patil/Documents/projects/gymlog/test/weekly_goal_sheet_test.dart: showWeeklyGoalSheet selecting a day updates weeklyGoalProvider and closes sheet
02:19 +1396: C:/Users/Atharva Patil/Documents/projects/gymlog/test/weekly_goal_sheet_test.dart: showWeeklyGoalSheet selecting a day updates weeklyGoalProvider and closes sheet
02:19 +1397: C:/Users/Atharva Patil/Documents/projects/gymlog/test/weekly_goal_sheet_test.dart: showWeeklyGoalSheet selecting a day updates weeklyGoalProvider and closes sheet
02:19 +1398: C:/Users/Atharva Patil/Documents/projects/gymlog/test/weekly_goal_sheet_test.dart: showWeeklyGoalSheet selecting a day updates weeklyGoalProvider and closes sheet
02:19 +1399: C:/Users/Atharva Patil/Documents/projects/gymlog/test/weekly_goal_sheet_test.dart: showWeeklyGoalSheet selecting a day updates weeklyGoalProvider and closes sheet
02:19 +1400: C:/Users/Atharva Patil/Documents/projects/gymlog/test/weekly_goal_sheet_test.dart: showWeeklyGoalSheet selecting a day updates weeklyGoalProvider and closes sheet
02:19 +1401: C:/Users/Atharva Patil/Documents/projects/gymlog/test/weekly_goal_sheet_test.dart: showWeeklyGoalSheet selecting a day updates weeklyGoalProvider and closes sheet
02:19 +1402: C:/Users/Atharva Patil/Documents/projects/gymlog/test/weekly_goal_sheet_test.dart: showWeeklyGoalSheet selecting a day updates weeklyGoalProvider and closes sheet
02:19 +1403: C:/Users/Atharva Patil/Documents/projects/gymlog/test/weekly_goal_sheet_test.dart: showWeeklyGoalSheet selecting a day updates weeklyGoalProvider and closes sheet
02:19 +1404: C:/Users/Atharva Patil/Documents/projects/gymlog/test/weekly_goal_sheet_test.dart: showWeeklyGoalSheet selecting a day updates weeklyGoalProvider and closes sheet
02:19 +1405: C:/Users/Atharva Patil/Documents/projects/gymlog/test/weekly_goal_sheet_test.dart: showWeeklyGoalSheet selecting a day updates weeklyGoalProvider and closes sheet
02:19 +1406: C:/Users/Atharva Patil/Documents/projects/gymlog/test/upgrade/session_2_render_test.dart: before/library-returning-neonPurple-1.0x-synthetic
02:19 +1407: C:/Users/Atharva Patil/Documents/projects/gymlog/test/upgrade/session_2_render_test.dart: before/library-returning-neonPurple-1.0x-synthetic
02:19 +1408: C:/Users/Atharva Patil/Documents/projects/gymlog/test/upgrade/session_2_render_test.dart: before/library-returning-neonPurple-1.0x-synthetic
02:19 +1409: C:/Users/Atharva Patil/Documents/projects/gymlog/test/upgrade/session_1_render_test.dart: share-distance-sticker-neonMagenta-1.0x-synthetic
02:19 +1410: C:/Users/Atharva Patil/Documents/projects/gymlog/test/upgrade/session_2_acceptance_render_test.dart: home-active-no-routine-neonPurple-1.0x-synthetic
02:19 +1411: C:/Users/Atharva Patil/Documents/projects/gymlog/test/upgrade/session_2_acceptance_render_test.dart: home-active-no-routine-neonPurple-1.0x-synthetic
02:19 +1412: C:/Users/Atharva Patil/Documents/projects/gymlog/test/upgrade/session_2_render_test.dart: before/home-inactive-neonPurple-1.0x-synthetic
02:19 +1413: C:/Users/Atharva Patil/Documents/projects/gymlog/test/upgrade/session_1_render_test.dart: share-pace-technical-neonMagenta-1.0x-synthetic
02:19 +1414: C:/Users/Atharva Patil/Documents/projects/gymlog/test/upgrade/session_2_acceptance_render_test.dart: library-active-no-routine-neonPurple-1.0x-synthetic
02:20 +1415: C:/Users/Atharva Patil/Documents/projects/gymlog/test/upgrade/session_2_acceptance_render_test.dart: library-active-no-routine-neonPurple-1.0x-synthetic
02:20 +1416: C:/Users/Atharva Patil/Documents/projects/gymlog/test/upgrade/session_2_render_test.dart: before/library-inactive-neonPurple-1.0x-synthetic
02:20 +1417: C:/Users/Atharva Patil/Documents/projects/gymlog/test/upgrade/session_1_render_test.dart: detail-neonMagenta-1.0x-synthetic
02:20 +1418: C:/Users/Atharva Patil/Documents/projects/gymlog/test/upgrade/session_2_acceptance_render_test.dart: home-active-error-neonPurple-1.0x-synthetic
02:20 +1419: C:/Users/Atharva Patil/Documents/projects/gymlog/test/upgrade/session_2_acceptance_render_test.dart: home-active-error-neonPurple-1.0x-synthetic
02:20 +1420: C:/Users/Atharva Patil/Documents/projects/gymlog/test/upgrade/session_2_acceptance_render_test.dart: home-active-error-neonPurple-1.0x-synthetic
02:20 +1421: C:/Users/Atharva Patil/Documents/projects/gymlog/test/upgrade/session_2_render_test.dart: before/library-empty-neonPurple-1.0x-synthetic
02:20 +1422: C:/Users/Atharva Patil/Documents/projects/gymlog/test/upgrade/session_2_render_test.dart: before/library-empty-neonPurple-1.0x-synthetic
02:20 +1423: C:/Users/Atharva Patil/Documents/projects/gymlog/test/upgrade/session_2_render_test.dart: before/library-empty-neonPurple-1.0x-synthetic
02:20 +1424: C:/Users/Atharva Patil/Documents/projects/gymlog/test/upgrade/session_1_render_test.dart: exercise-neonMagenta-1.0x-synthetic
02:20 +1425: C:/Users/Atharva Patil/Documents/projects/gymlog/test/upgrade/session_2_acceptance_render_test.dart: home-active-deleted-choice-neonPurple-1.0x-synthetic
02:20 +1426: C:/Users/Atharva Patil/Documents/projects/gymlog/test/upgrade/session_2_render_test.dart: before/home-noRoutine-neonPurple-1.0x-synthetic
02:20 +1427: C:/Users/Atharva Patil/Documents/projects/gymlog/test/upgrade/session_2_render_test.dart: before/home-noRoutine-neonPurple-1.0x-synthetic
02:20 +1428: C:/Users/Atharva Patil/Documents/projects/gymlog/test/upgrade/session_2_acceptance_render_test.dart: library-active-deleted-choice-neonPurple-1.0x-synthetic
02:20 +1429: C:/Users/Atharva Patil/Documents/projects/gymlog/test/upgrade/session_2_acceptance_render_test.dart: library-active-deleted-choice-neonPurple-1.0x-synthetic
02:20 +1430: C:/Users/Atharva Patil/Documents/projects/gymlog/test/upgrade/session_2_acceptance_render_test.dart: library-active-deleted-choice-neonPurple-1.0x-synthetic
02:20 +1431: C:/Users/Atharva Patil/Documents/projects/gymlog/test/upgrade/session_1_render_test.dart: progress-low-neonMagenta-1.0x-synthetic
02:20 +1432: C:/Users/Atharva Patil/Documents/projects/gymlog/test/upgrade/session_2_render_test.dart: before/home-lowData-neonPurple-1.0x-synthetic
02:20 +1433: C:/Users/Atharva Patil/Documents/projects/gymlog/test/upgrade/session_2_acceptance_render_test.dart: home-active-empty-choice-neonPurple-1.0x-synthetic
02:20 +1434: C:/Users/Atharva Patil/Documents/projects/gymlog/test/upgrade/session_2_acceptance_render_test.dart: home-active-empty-choice-neonPurple-1.0x-synthetic
02:20 +1435: C:/Users/Atharva Patil/Documents/projects/gymlog/test/upgrade/session_2_acceptance_render_test.dart: home-active-empty-choice-neonPurple-1.0x-synthetic
02:20 +1436: C:/Users/Atharva Patil/Documents/projects/gymlog/test/upgrade/session_2_acceptance_render_test.dart: home-active-empty-choice-neonPurple-1.0x-synthetic
02:20 +1437: C:/Users/Atharva Patil/Documents/projects/gymlog/test/upgrade/session_2_render_test.dart: before/home-error-neonPurple-1.0x-synthetic
02:20 +1438: C:/Users/Atharva Patil/Documents/projects/gymlog/test/upgrade/session_1_render_test.dart: header-weighted-neonMagenta-1.6x-synthetic
02:20 +1439: C:/Users/Atharva Patil/Documents/projects/gymlog/test/upgrade/session_2_acceptance_render_test.dart: library-active-empty-choice-neonPurple-1.0x-synthetic
02:21 +1440: C:/Users/Atharva Patil/Documents/projects/gymlog/test/upgrade/session_2_acceptance_render_test.dart: library-active-empty-choice-neonPurple-1.0x-synthetic
02:21 +1441: C:/Users/Atharva Patil/Documents/projects/gymlog/test/upgrade/session_2_acceptance_render_test.dart: library-active-empty-choice-neonPurple-1.0x-synthetic
02:21 +1442: C:/Users/Atharva Patil/Documents/projects/gymlog/test/upgrade/session_1_render_test.dart: header-timed-neonMagenta-1.6x-synthetic
02:21 +1443: C:/Users/Atharva Patil/Documents/projects/gymlog/test/upgrade/session_2_render_test.dart: before/home-returning-neonPurple-1.6x-synthetic
02:21 +1444: C:/Users/Atharva Patil/Documents/projects/gymlog/test/upgrade/session_2_render_test.dart: before/home-returning-neonPurple-1.6x-synthetic
02:21 +1445: C:/Users/Atharva Patil/Documents/projects/gymlog/test/upgrade/session_2_render_test.dart: before/home-returning-neonPurple-1.6x-synthetic
02:21 +1446: C:/Users/Atharva Patil/Documents/projects/gymlog/test/upgrade/session_1_render_test.dart: header-empty-neonMagenta-1.6x-synthetic
02:21 +1447: C:/Users/Atharva Patil/Documents/projects/gymlog/test/upgrade/session_2_acceptance_render_test.dart: library-active-choice-error-neonPurple-1.0x-synthetic
02:21 +1448: C:/Users/Atharva Patil/Documents/projects/gymlog/test/upgrade/session_2_acceptance_render_test.dart: library-active-choice-error-neonPurple-1.0x-synthetic
02:21 +1449: C:/Users/Atharva Patil/Documents/projects/gymlog/test/upgrade/session_2_render_test.dart: before/library-returning-neonPurple-1.6x-synthetic
02:21 +1450: C:/Users/Atharva Patil/Documents/projects/gymlog/test/upgrade/session_1_render_test.dart: finish-reps-neonMagenta-1.6x-synthetic
02:21 +1451: C:/Users/Atharva Patil/Documents/projects/gymlog/test/upgrade/session_2_acceptance_render_test.dart: home-chosen-neonPurple-1.6x-synthetic
02:21 +1452: C:/Users/Atharva Patil/Documents/projects/gymlog/test/upgrade/session_2_acceptance_render_test.dart: home-chosen-neonPurple-1.6x-synthetic
02:21 +1453: C:/Users/Atharva Patil/Documents/projects/gymlog/test/upgrade/session_2_acceptance_render_test.dart: home-chosen-neonPurple-1.6x-synthetic
02:21 +1454: C:/Users/Atharva Patil/Documents/projects/gymlog/test/upgrade/session_2_acceptance_render_test.dart: home-chosen-neonPurple-1.6x-synthetic
02:21 +1455: C:/Users/Atharva Patil/Documents/projects/gymlog/test/upgrade/session_2_acceptance_render_test.dart: home-chosen-neonPurple-1.6x-synthetic
02:21 +1456: C:/Users/Atharva Patil/Documents/projects/gymlog/test/upgrade/session_2_acceptance_render_test.dart: home-chosen-neonPurple-1.6x-synthetic
02:21 +1457: C:/Users/Atharva Patil/Documents/projects/gymlog/test/upgrade/session_2_acceptance_render_test.dart: home-chosen-neonPurple-1.6x-synthetic
02:21 +1458: C:/Users/Atharva Patil/Documents/projects/gymlog/test/upgrade/session_2_acceptance_render_test.dart: home-chosen-neonPurple-1.6x-synthetic
02:21 +1459: C:/Users/Atharva Patil/Documents/projects/gymlog/test/upgrade/session_2_acceptance_render_test.dart: home-chosen-neonPurple-1.6x-synthetic
02:21 +1460: C:/Users/Atharva Patil/Documents/projects/gymlog/test/upgrade/session_2_acceptance_render_test.dart: home-chosen-neonPurple-1.6x-synthetic
02:21 +1461: C:/Users/Atharva Patil/Documents/projects/gymlog/test/upgrade/session_2_acceptance_render_test.dart: home-chosen-neonPurple-1.6x-synthetic
02:21 +1462: C:/Users/Atharva Patil/Documents/projects/gymlog/test/upgrade/session_2_acceptance_render_test.dart: home-chosen-neonPurple-1.6x-synthetic
02:21 +1463: C:/Users/Atharva Patil/Documents/projects/gymlog/test/upgrade/session_2_acceptance_render_test.dart: home-chosen-neonPurple-1.6x-synthetic
02:21 +1464: C:/Users/Atharva Patil/Documents/projects/gymlog/test/upgrade/session_2_acceptance_render_test.dart: home-chosen-neonPurple-1.6x-synthetic
02:21 +1465: C:/Users/Atharva Patil/Documents/projects/gymlog/test/upgrade/session_2_acceptance_render_test.dart: home-chosen-neonPurple-1.6x-synthetic
02:21 +1466: C:/Users/Atharva Patil/Documents/projects/gymlog/test/upgrade/session_2_acceptance_render_test.dart: home-chosen-neonPurple-1.6x-synthetic
02:22 +1467: C:/Users/Atharva Patil/Documents/projects/gymlog/test/upgrade/session_2_acceptance_render_test.dart: home-chosen-neonPurple-1.6x-synthetic
02:22 +1468: C:/Users/Atharva Patil/Documents/projects/gymlog/test/upgrade/session_2_acceptance_render_test.dart: home-chosen-neonPurple-1.6x-synthetic
02:22 +1469: C:/Users/Atharva Patil/Documents/projects/gymlog/test/upgrade/session_2_acceptance_render_test.dart: home-chosen-neonPurple-1.6x-synthetic
02:22 +1470: C:/Users/Atharva Patil/Documents/projects/gymlog/test/upgrade/session_2_acceptance_render_test.dart: home-chosen-neonPurple-1.6x-synthetic
02:22 +1471: C:/Users/Atharva Patil/Documents/projects/gymlog/test/upgrade/session_2_acceptance_render_test.dart: home-chosen-neonPurple-1.6x-synthetic
02:22 +1472: C:/Users/Atharva Patil/Documents/projects/gymlog/test/widget_test.dart: UI kit PrimaryButton renders label and fires onPressed
02:22 +1473: C:/Users/Atharva Patil/Documents/projects/gymlog/test/widget_test.dart: UI kit PrimaryButton renders label and fires onPressed
02:22 +1474: C:/Users/Atharva Patil/Documents/projects/gymlog/test/widget_test.dart: UI kit PrimaryButton renders label and fires onPressed
02:22 +1475: C:/Users/Atharva Patil/Documents/projects/gymlog/test/widget_test.dart: UI kit PrimaryButton renders label and fires onPressed
02:22 +1476: C:/Users/Atharva Patil/Documents/projects/gymlog/test/widget_test.dart: UI kit PrimaryButton renders label and fires onPressed
02:22 +1477: C:/Users/Atharva Patil/Documents/projects/gymlog/test/widget_test.dart: UI kit PrimaryButton renders label and fires onPressed
02:22 +1478: C:/Users/Atharva Patil/Documents/projects/gymlog/test/widget_test.dart: UI kit PrimaryButton renders label and fires onPressed
02:22 +1479: C:/Users/Atharva Patil/Documents/projects/gymlog/test/widget_test.dart: UI kit PrimaryButton renders label and fires onPressed
02:22 +1480: C:/Users/Atharva Patil/Documents/projects/gymlog/test/widget_test.dart: UI kit PrimaryButton renders label and fires onPressed
02:22 +1481: C:/Users/Atharva Patil/Documents/projects/gymlog/test/widget_test.dart: UI kit PrimaryButton renders label and fires onPressed
02:22 +1482: C:/Users/Atharva Patil/Documents/projects/gymlog/test/widget_test.dart: UI kit PrimaryButton renders label and fires onPressed
02:22 +1483: C:/Users/Atharva Patil/Documents/projects/gymlog/test/widget_test.dart: UI kit PrimaryButton renders label and fires onPressed
02:22 +1484: C:/Users/Atharva Patil/Documents/projects/gymlog/test/widget_test.dart: UI kit PrimaryButton renders label and fires onPressed
02:22 +1485: C:/Users/Atharva Patil/Documents/projects/gymlog/test/widget_test.dart: UI kit PrimaryButton renders label and fires onPressed
02:22 +1486: C:/Users/Atharva Patil/Documents/projects/gymlog/test/widget_test.dart: UI kit PrimaryButton renders label and fires onPressed
02:22 +1487: C:/Users/Atharva Patil/Documents/projects/gymlog/test/widget_test.dart: UI kit PrimaryButton renders label and fires onPressed
02:22 +1488: C:/Users/Atharva Patil/Documents/projects/gymlog/test/widget_test.dart: UI kit PrimaryButton renders label and fires onPressed
02:22 +1489: C:/Users/Atharva Patil/Documents/projects/gymlog/test/widget_test.dart: UI kit PrimaryButton renders label and fires onPressed
02:22 +1490: C:/Users/Atharva Patil/Documents/projects/gymlog/test/widget_test.dart: UI kit PrimaryButton renders label and fires onPressed
02:22 +1491: C:/Users/Atharva Patil/Documents/projects/gymlog/test/widget_test.dart: UI kit PrimaryButton renders label and fires onPressed
02:23 +1492: C:/Users/Atharva Patil/Documents/projects/gymlog/test/widget_test.dart: UI kit PrimaryButton renders label and fires onPressed
02:23 +1493: C:/Users/Atharva Patil/Documents/projects/gymlog/test/widget_test.dart: UI kit PrimaryButton renders label and fires onPressed
02:23 +1494: C:/Users/Atharva Patil/Documents/projects/gymlog/test/widget_test.dart: UI kit PrimaryButton renders label and fires onPressed
02:23 +1495: C:/Users/Atharva Patil/Documents/projects/gymlog/test/widget_test.dart: UI kit PrimaryButton renders label and fires onPressed
02:23 +1496: C:/Users/Atharva Patil/Documents/projects/gymlog/test/upgrade/session_2_acceptance_render_test.dart: library-deleted-choice-neonPurple-1.6x-synthetic
02:23 +1497: C:/Users/Atharva Patil/Documents/projects/gymlog/test/upgrade/session_2_acceptance_render_test.dart: library-deleted-choice-neonPurple-1.6x-synthetic
02:23 +1498: C:/Users/Atharva Patil/Documents/projects/gymlog/test/upgrade/session_2_acceptance_render_test.dart: library-deleted-choice-neonPurple-1.6x-synthetic
02:23 +1499: C:/Users/Atharva Patil/Documents/projects/gymlog/test/upgrade/session_2_render_test.dart: chosen/home-empty-higgsfield-1.0x-synthetic
02:23 +1500: C:/Users/Atharva Patil/Documents/projects/gymlog/test/widget_test.dart: UI kit TogglePill reflects active state
02:23 +1501: C:/Users/Atharva Patil/Documents/projects/gymlog/test/upgrade/session_1_render_test.dart: exercise-neonMagenta-1.6x-synthetic
02:23 +1502: C:/Users/Atharva Patil/Documents/projects/gymlog/test/upgrade/session_2_acceptance_render_test.dart: home-empty-choice-neonPurple-1.6x-synthetic
02:23 +1503: C:/Users/Atharva Patil/Documents/projects/gymlog/test/upgrade/session_2_acceptance_render_test.dart: home-empty-choice-neonPurple-1.6x-synthetic
02:23 +1504: C:/Users/Atharva Patil/Documents/projects/gymlog/test/upgrade/session_1_render_test.dart: exercise-no-estimate-neonMagenta-1.6x-synthetic
02:23 +1505: C:/Users/Atharva Patil/Documents/projects/gymlog/test/upgrade/session_2_render_test.dart: chosen/home-noRoutine-higgsfield-1.0x-synthetic
02:23 +1506: C:/Users/Atharva Patil/Documents/projects/gymlog/test/upgrade/session_2_acceptance_render_test.dart: library-empty-choice-neonPurple-1.6x-synthetic
02:23 +1507: C:/Users/Atharva Patil/Documents/projects/gymlog/test/upgrade/session_2_acceptance_render_test.dart: library-empty-choice-neonPurple-1.6x-synthetic
02:23 +1508: C:/Users/Atharva Patil/Documents/projects/gymlog/test/upgrade/session_2_acceptance_render_test.dart: library-empty-choice-neonPurple-1.6x-synthetic
02:23 +1509: C:/Users/Atharva Patil/Documents/projects/gymlog/test/upgrade/session_2_render_test.dart: chosen/home-lowData-higgsfield-1.0x-synthetic
02:23 +1510: C:/Users/Atharva Patil/Documents/projects/gymlog/test/upgrade/session_1_render_test.dart: progress-low-neonMagenta-1.6x-synthetic
02:23 +1511: C:/Users/Atharva Patil/Documents/projects/gymlog/test/upgrade/session_2_acceptance_render_test.dart: home-new-user-neonPurple-1.6x-synthetic
02:23 +1512: C:/Users/Atharva Patil/Documents/projects/gymlog/test/upgrade/session_2_acceptance_render_test.dart: home-new-user-neonPurple-1.6x-synthetic
02:23 +1513: C:/Users/Atharva Patil/Documents/projects/gymlog/test/upgrade/session_2_acceptance_render_test.dart: home-new-user-neonPurple-1.6x-synthetic
02:23 +1514: C:/Users/Atharva Patil/Documents/projects/gymlog/test/upgrade/session_1_render_test.dart: roles-neonMagenta-1.6x-synthetic
02:23 +1515: C:/Users/Atharva Patil/Documents/projects/gymlog/test/upgrade/session_1_render_test.dart: roles-neonMagenta-1.6x-synthetic
02:23 +1516: C:/Users/Atharva Patil/Documents/projects/gymlog/test/upgrade/session_2_acceptance_render_test.dart: library-new-user-neonPurple-1.6x-synthetic
02:23 +1517: C:/Users/Atharva Patil/Documents/projects/gymlog/test/upgrade/session_2_acceptance_render_test.dart: library-new-user-neonPurple-1.6x-synthetic
02:23 +1518: C:/Users/Atharva Patil/Documents/projects/gymlog/test/upgrade/session_1_render_test.dart: header-weighted-blazeOrange-1.0x-synthetic
02:23 +1519: C:/Users/Atharva Patil/Documents/projects/gymlog/test/upgrade/session_2_render_test.dart: chosen/home-returning-higgsfield-1.6x-synthetic
02:23 +1520: C:/Users/Atharva Patil/Documents/projects/gymlog/test/upgrade/session_2_render_test.dart: chosen/home-returning-higgsfield-1.6x-synthetic
02:23 +1521: C:/Users/Atharva Patil/Documents/projects/gymlog/test/upgrade/session_2_acceptance_render_test.dart: home-no-routine-neonPurple-1.6x-synthetic
02:23 +1522: C:/Users/Atharva Patil/Documents/projects/gymlog/test/upgrade/session_2_acceptance_render_test.dart: home-no-routine-neonPurple-1.6x-synthetic
02:23 +1523: C:/Users/Atharva Patil/Documents/projects/gymlog/test/upgrade/session_2_render_test.dart: chosen/library-returning-higgsfield-1.6x-synthetic
02:24 +1524: C:/Users/Atharva Patil/Documents/projects/gymlog/test/upgrade/session_2_render_test.dart: chosen/library-returning-higgsfield-1.6x-synthetic
02:24 +1525: C:/Users/Atharva Patil/Documents/projects/gymlog/test/upgrade/session_2_acceptance_render_test.dart: library-no-routine-neonPurple-1.6x-synthetic
02:24 +1526: C:/Users/Atharva Patil/Documents/projects/gymlog/test/upgrade/session_1_render_test.dart: header-empty-blazeOrange-1.0x-synthetic
02:24 +1527: C:/Users/Atharva Patil/Documents/projects/gymlog/test/upgrade/session_2_render_test.dart: chosen/home-inactive-higgsfield-1.6x-synthetic
02:24 +1528: C:/Users/Atharva Patil/Documents/projects/gymlog/test/upgrade/session_2_acceptance_render_test.dart: home-inactive-return-neonPurple-1.6x-synthetic
02:24 +1529: C:/Users/Atharva Patil/Documents/projects/gymlog/test/upgrade/session_2_acceptance_render_test.dart: home-inactive-return-neonPurple-1.6x-synthetic
02:24 +1530: C:/Users/Atharva Patil/Documents/projects/gymlog/test/upgrade/session_2_render_test.dart: chosen/library-inactive-higgsfield-1.6x-synthetic
02:24 +1531: C:/Users/Atharva Patil/Documents/projects/gymlog/test/upgrade/session_1_render_test.dart: finish-reps-blazeOrange-1.0x-synthetic
02:24 +1532: C:/Users/Atharva Patil/Documents/projects/gymlog/test/upgrade/session_2_acceptance_render_test.dart: library-inactive-return-neonPurple-1.6x-synthetic
02:24 +1533: C:/Users/Atharva Patil/Documents/projects/gymlog/test/upgrade/session_2_acceptance_render_test.dart: library-inactive-return-neonPurple-1.6x-synthetic
02:24 +1534: C:/Users/Atharva Patil/Documents/projects/gymlog/test/upgrade/session_2_acceptance_render_test.dart: library-inactive-return-neonPurple-1.6x-synthetic
02:24 +1535: C:/Users/Atharva Patil/Documents/projects/gymlog/test/upgrade/session_1_render_test.dart: finish-timed-blazeOrange-1.0x-synthetic
02:24 +1536: C:/Users/Atharva Patil/Documents/projects/gymlog/test/upgrade/session_2_render_test.dart: chosen/home-noRoutine-higgsfield-1.6x-synthetic
02:24 +1537: C:/Users/Atharva Patil/Documents/projects/gymlog/test/upgrade/session_2_acceptance_render_test.dart: home-low-data-neonPurple-1.6x-synthetic
02:24 +1538: C:/Users/Atharva Patil/Documents/projects/gymlog/test/upgrade/session_2_acceptance_render_test.dart: home-low-data-neonPurple-1.6x-synthetic
02:24 +1539: C:/Users/Atharva Patil/Documents/projects/gymlog/test/upgrade/session_2_acceptance_render_test.dart: home-low-data-neonPurple-1.6x-synthetic
02:24 +1540: C:/Users/Atharva Patil/Documents/projects/gymlog/test/upgrade/session_2_render_test.dart: chosen/home-lowData-higgsfield-1.6x-synthetic
02:24 +1541: C:/Users/Atharva Patil/Documents/projects/gymlog/test/upgrade/session_1_render_test.dart: pr-blazeOrange-1.0x-synthetic
02:24 +1542: C:/Users/Atharva Patil/Documents/projects/gymlog/test/upgrade/session_2_acceptance_render_test.dart: library-low-data-neonPurple-1.6x-synthetic
02:24 +1543: C:/Users/Atharva Patil/Documents/projects/gymlog/test/upgrade/session_2_acceptance_render_test.dart: library-low-data-neonPurple-1.6x-synthetic
02:24 +1544: C:/Users/Atharva Patil/Documents/projects/gymlog/test/upgrade/session_1_render_test.dart: pr-pace-blazeOrange-1.0x-synthetic
02:24 +1545: C:/Users/Atharva Patil/Documents/projects/gymlog/test/upgrade/session_2_render_test.dart: chosen/home-error-higgsfield-1.6x-synthetic
02:24 +1546: C:/Users/Atharva Patil/Documents/projects/gymlog/test/upgrade/session_2_acceptance_render_test.dart: home-error-neonPurple-1.6x-synthetic
02:24 +1547: C:/Users/Atharva Patil/Documents/projects/gymlog/test/upgrade/session_2_acceptance_render_test.dart: home-error-neonPurple-1.6x-synthetic
02:24 +1548: C:/Users/Atharva Patil/Documents/projects/gymlog/test/upgrade/session_2_acceptance_render_test.dart: home-error-neonPurple-1.6x-synthetic
02:24 +1549: C:/Users/Atharva Patil/Documents/projects/gymlog/test/upgrade/session_1_render_test.dart: share-technical-blazeOrange-1.0x-synthetic
02:24 +1550: C:/Users/Atharva Patil/Documents/projects/gymlog/test/upgrade/session_2_render_test.dart: chosen/home-returning-neonPurple-1.0x-synthetic
02:24 +1551: C:/Users/Atharva Patil/Documents/projects/gymlog/test/upgrade/session_2_acceptance_render_test.dart: library-error-neonPurple-1.6x-synthetic
02:24 +1552: C:/Users/Atharva Patil/Documents/projects/gymlog/test/upgrade/session_2_acceptance_render_test.dart: library-error-neonPurple-1.6x-synthetic
02:24 +1553: C:/Users/Atharva Patil/Documents/projects/gymlog/test/upgrade/session_2_render_test.dart: chosen/library-returning-neonPurple-1.0x-synthetic
02:24 +1554: C:/Users/Atharva Patil/Documents/projects/gymlog/test/upgrade/session_2_render_test.dart: chosen/library-returning-neonPurple-1.0x-synthetic
02:24 +1555: C:/Users/Atharva Patil/Documents/projects/gymlog/test/upgrade/session_2_acceptance_render_test.dart: home-previous-error-neonPurple-1.6x-synthetic
02:24 +1556: C:/Users/Atharva Patil/Documents/projects/gymlog/test/upgrade/session_2_acceptance_render_test.dart: home-previous-error-neonPurple-1.6x-synthetic
02:25 +1557: C:/Users/Atharva Patil/Documents/projects/gymlog/test/upgrade/session_2_render_test.dart: chosen/home-returning-neonPurple-1.6x-synthetic
02:25 +1558: C:/Users/Atharva Patil/Documents/projects/gymlog/test/upgrade/session_1_render_test.dart: share-duration-sticker-blazeOrange-1.0x-synthetic
02:25 +1559: C:/Users/Atharva Patil/Documents/projects/gymlog/test/upgrade/session_2_acceptance_render_test.dart: library-previous-error-neonPurple-1.6x-synthetic
02:25 +1560: C:/Users/Atharva Patil/Documents/projects/gymlog/test/upgrade/session_2_acceptance_render_test.dart: library-previous-error-neonPurple-1.6x-synthetic
02:25 +1561: C:/Users/Atharva Patil/Documents/projects/gymlog/test/upgrade/session_2_acceptance_render_test.dart: library-previous-error-neonPurple-1.6x-synthetic
02:25 +1562: C:/Users/Atharva Patil/Documents/projects/gymlog/test/upgrade/session_2_acceptance_render_test.dart: library-previous-error-neonPurple-1.6x-synthetic
02:25 +1563: C:/Users/Atharva Patil/Documents/projects/gymlog/test/upgrade/session_2_acceptance_render_test.dart: library-previous-error-neonPurple-1.6x-synthetic
02:25 +1564: C:/Users/Atharva Patil/Documents/projects/gymlog/test/upgrade/session_2_acceptance_render_test.dart: library-previous-error-neonPurple-1.6x-synthetic
02:25 +1565: C:/Users/Atharva Patil/Documents/projects/gymlog/test/upgrade/session_2_acceptance_render_test.dart: library-previous-error-neonPurple-1.6x-synthetic
02:25 +1566: C:/Users/Atharva Patil/Documents/projects/gymlog/test/upgrade/session_2_acceptance_render_test.dart: library-previous-error-neonPurple-1.6x-synthetic
02:25 +1567: C:/Users/Atharva Patil/Documents/projects/gymlog/test/upgrade/session_2_acceptance_render_test.dart: library-previous-error-neonPurple-1.6x-synthetic
02:25 +1567: C:/Users/Atharva Patil/Documents/projects/gymlog/test/workout_draft_store_test.dart: WorkoutDraftStore P0-03 Resilience & Persistence Suite corrupt JSON payload fails safely, clears storage, and returns null
[WorkoutDraftStore] Corrupted or invalid draft payload: FormatException: Unexpected character (at character 2)
{invalid_json_payload: [incomplete
 ^
. Clearing draft.
02:25 +1568: C:/Users/Atharva Patil/Documents/projects/gymlog/test/upgrade/session_2_acceptance_render_test.dart: library-previous-error-neonPurple-1.6x-synthetic
02:25 +1569: C:/Users/Atharva Patil/Documents/projects/gymlog/test/upgrade/session_2_acceptance_render_test.dart: library-previous-error-neonPurple-1.6x-synthetic
02:25 +1570: C:/Users/Atharva Patil/Documents/projects/gymlog/test/upgrade/session_2_render_test.dart: sequence/home-returning-higgsfield-1.0x-synthetic
02:25 +1570: C:/Users/Atharva Patil/Documents/projects/gymlog/test/workout_draft_store_test.dart: WorkoutDraftStore P0-03 Resilience & Persistence Suite draft belonging to user_A cannot be loaded by user_B
[WorkoutDraftStore] Ignoring draft from different user (user-A vs user-B)
02:25 +1571: C:/Users/Atharva Patil/Documents/projects/gymlog/test/upgrade/session_2_render_test.dart: sequence/home-returning-higgsfield-1.0x-synthetic
02:25 +1571: C:/Users/Atharva Patil/Documents/projects/gymlog/test/workout_draft_store_test.dart: WorkoutDraftStore P0-03 Resilience & Persistence Suite draft older than 24 hours is treated as stale and auto-cleared
[WorkoutDraftStore] Draft expired (>24h), clearing.
02:25 +1572: C:/Users/Atharva Patil/Documents/projects/gymlog/test/upgrade/session_2_render_test.dart: sequence/home-returning-higgsfield-1.0x-synthetic
02:25 +1573: C:/Users/Atharva Patil/Documents/projects/gymlog/test/upgrade/session_2_render_test.dart: sequence/home-returning-higgsfield-1.0x-synthetic
02:25 +1574: C:/Users/Atharva Patil/Documents/projects/gymlog/test/upgrade/session_2_acceptance_render_test.dart: home-choice-error-neonPurple-1.6x-synthetic
02:25 +1575: C:/Users/Atharva Patil/Documents/projects/gymlog/test/upgrade/session_1_render_test.dart: share-distance-sticker-blazeOrange-1.0x-synthetic
02:25 +1576: C:/Users/Atharva Patil/Documents/projects/gymlog/test/upgrade/session_2_render_test.dart: sequence/library-returning-higgsfield-1.0x-synthetic
02:25 +1577: C:/Users/Atharva Patil/Documents/projects/gymlog/test/upgrade/session_2_acceptance_render_test.dart: library-choice-error-neonPurple-1.6x-synthetic
02:25 +1578: C:/Users/Atharva Patil/Documents/projects/gymlog/test/upgrade/session_2_acceptance_render_test.dart: library-choice-error-neonPurple-1.6x-synthetic
02:25 +1579: C:/Users/Atharva Patil/Documents/projects/gymlog/test/upgrade/session_2_acceptance_render_test.dart: library-choice-error-neonPurple-1.6x-synthetic
02:25 +1580: C:/Users/Atharva Patil/Documents/projects/gymlog/test/upgrade/session_2_acceptance_render_test.dart: library-choice-error-neonPurple-1.6x-synthetic
02:25 +1581: C:/Users/Atharva Patil/Documents/projects/gymlog/test/upgrade/session_1_render_test.dart: share-pace-sticker-blazeOrange-1.0x-synthetic
02:25 +1582: C:/Users/Atharva Patil/Documents/projects/gymlog/test/upgrade/session_2_render_test.dart: sequence/library-inactive-higgsfield-1.0x-synthetic
02:25 +1583: C:/Users/Atharva Patil/Documents/projects/gymlog/test/upgrade/session_2_acceptance_render_test.dart: home-loading-neonPurple-1.6x-synthetic
02:25 +1584: C:/Users/Atharva Patil/Documents/projects/gymlog/test/upgrade/session_2_acceptance_render_test.dart: home-loading-neonPurple-1.6x-synthetic
02:25 +1585: C:/Users/Atharva Patil/Documents/projects/gymlog/test/upgrade/session_2_acceptance_render_test.dart: home-loading-neonPurple-1.6x-synthetic
02:25 +1586: C:/Users/Atharva Patil/Documents/projects/gymlog/test/upgrade/session_2_acceptance_render_test.dart: home-loading-neonPurple-1.6x-synthetic
02:25 +1587: C:/Users/Atharva Patil/Documents/projects/gymlog/test/upgrade/session_1_render_test.dart: detail-error-blazeOrange-1.0x-synthetic
02:25 +1588: C:/Users/Atharva Patil/Documents/projects/gymlog/test/upgrade/session_2_render_test.dart: sequence/home-noRoutine-higgsfield-1.0x-synthetic
02:25 +1589: C:/Users/Atharva Patil/Documents/projects/gymlog/test/upgrade/session_2_acceptance_render_test.dart: library-loading-neonPurple-1.6x-synthetic
02:25 +1590: C:/Users/Atharva Patil/Documents/projects/gymlog/test/upgrade/session_2_acceptance_render_test.dart: library-loading-neonPurple-1.6x-synthetic
02:25 +1591: C:/Users/Atharva Patil/Documents/projects/gymlog/test/upgrade/session_1_render_test.dart: detail-empty-blazeOrange-1.0x-synthetic
02:25 +1592: C:/Users/Atharva Patil/Documents/projects/gymlog/test/upgrade/session_2_render_test.dart: sequence/home-lowData-higgsfield-1.0x-synthetic
02:25 +1593: C:/Users/Atharva Patil/Documents/projects/gymlog/test/upgrade/session_2_acceptance_render_test.dart: home-active-chosen-neonPurple-1.6x-synthetic
02:26 +1594: C:/Users/Atharva Patil/Documents/projects/gymlog/test/upgrade/session_2_acceptance_render_test.dart: home-active-chosen-neonPurple-1.6x-synthetic
02:26 +1595: C:/Users/Atharva Patil/Documents/projects/gymlog/test/upgrade/session_2_acceptance_render_test.dart: home-active-chosen-neonPurple-1.6x-synthetic
02:26 +1596: C:/Users/Atharva Patil/Documents/projects/gymlog/test/upgrade/session_1_render_test.dart: exercise-no-estimate-blazeOrange-1.0x-synthetic
02:26 +1597: C:/Users/Atharva Patil/Documents/projects/gymlog/test/upgrade/session_1_render_test.dart: exercise-no-estimate-blazeOrange-1.0x-synthetic
02:26 +1598: C:/Users/Atharva Patil/Documents/projects/gymlog/test/upgrade/session_2_acceptance_render_test.dart: library-active-chosen-neonPurple-1.6x-synthetic
02:26 +1599: C:/Users/Atharva Patil/Documents/projects/gymlog/test/upgrade/session_2_acceptance_render_test.dart: library-active-chosen-neonPurple-1.6x-synthetic
02:26 +1600: C:/Users/Atharva Patil/Documents/projects/gymlog/test/upgrade/session_2_acceptance_render_test.dart: library-active-chosen-neonPurple-1.6x-synthetic
02:26 +1601: C:/Users/Atharva Patil/Documents/projects/gymlog/test/upgrade/session_2_render_test.dart: sequence/home-returning-higgsfield-1.6x-synthetic
02:26 +1602: C:/Users/Atharva Patil/Documents/projects/gymlog/test/upgrade/session_1_render_test.dart: progress-low-blazeOrange-1.0x-synthetic
02:26 +1603: C:/Users/Atharva Patil/Documents/projects/gymlog/test/upgrade/session_2_acceptance_render_test.dart: home-active-no-choice-neonPurple-1.6x-synthetic
02:26 +1604: C:/Users/Atharva Patil/Documents/projects/gymlog/test/upgrade/session_2_acceptance_render_test.dart: home-active-no-choice-neonPurple-1.6x-synthetic
02:26 +1605: C:/Users/Atharva Patil/Documents/projects/gymlog/test/upgrade/session_2_acceptance_render_test.dart: home-active-no-choice-neonPurple-1.6x-synthetic
02:26 +1606: C:/Users/Atharva Patil/Documents/projects/gymlog/test/upgrade/session_1_render_test.dart: roles-blazeOrange-1.0x-synthetic
02:26 +1607: C:/Users/Atharva Patil/Documents/projects/gymlog/test/upgrade/session_2_render_test.dart: sequence/home-inactive-higgsfield-1.6x-synthetic
02:26 +1608: C:/Users/Atharva Patil/Documents/projects/gymlog/test/upgrade/session_2_acceptance_render_test.dart: library-active-no-choice-neonPurple-1.6x-synthetic
02:26 +1609: C:/Users/Atharva Patil/Documents/projects/gymlog/test/upgrade/session_2_acceptance_render_test.dart: library-active-no-choice-neonPurple-1.6x-synthetic
02:26 +1610: C:/Users/Atharva Patil/Documents/projects/gymlog/test/upgrade/session_2_render_test.dart: sequence/library-inactive-higgsfield-1.6x-synthetic
02:26 +1611: C:/Users/Atharva Patil/Documents/projects/gymlog/test/upgrade/session_1_render_test.dart: header-reps-blazeOrange-1.6x-synthetic
02:26 +1612: C:/Users/Atharva Patil/Documents/projects/gymlog/test/upgrade/session_2_acceptance_render_test.dart: home-active-no-routine-neonPurple-1.6x-synthetic
02:26 +1613: C:/Users/Atharva Patil/Documents/projects/gymlog/test/upgrade/session_2_acceptance_render_test.dart: home-active-no-routine-neonPurple-1.6x-synthetic
02:26 +1614: C:/Users/Atharva Patil/Documents/projects/gymlog/test/upgrade/session_1_render_test.dart: header-timed-blazeOrange-1.6x-synthetic
02:26 +1615: C:/Users/Atharva Patil/Documents/projects/gymlog/test/upgrade/session_1_render_test.dart: header-timed-blazeOrange-1.6x-synthetic
02:26 +1616: C:/Users/Atharva Patil/Documents/projects/gymlog/test/upgrade/session_2_acceptance_render_test.dart: library-active-no-routine-neonPurple-1.6x-synthetic
02:26 +1617: C:/Users/Atharva Patil/Documents/projects/gymlog/test/upgrade/session_2_acceptance_render_test.dart: library-active-no-routine-neonPurple-1.6x-synthetic
02:26 +1618: C:/Users/Atharva Patil/Documents/projects/gymlog/test/upgrade/session_2_acceptance_render_test.dart: library-active-no-routine-neonPurple-1.6x-synthetic
02:26 +1619: C:/Users/Atharva Patil/Documents/projects/gymlog/test/upgrade/session_2_render_test.dart: sequence/library-noRoutine-higgsfield-1.6x-synthetic
02:26 +1620: C:/Users/Atharva Patil/Documents/projects/gymlog/test/upgrade/session_1_render_test.dart: header-empty-blazeOrange-1.6x-synthetic
02:26 +1621: C:/Users/Atharva Patil/Documents/projects/gymlog/test/upgrade/session_2_acceptance_render_test.dart: home-active-error-neonPurple-1.6x-synthetic
02:26 +1622: C:/Users/Atharva Patil/Documents/projects/gymlog/test/upgrade/session_2_acceptance_render_test.dart: home-active-error-neonPurple-1.6x-synthetic
02:26 +1623: C:/Users/Atharva Patil/Documents/projects/gymlog/test/upgrade/session_2_acceptance_render_test.dart: home-active-error-neonPurple-1.6x-synthetic
02:26 +1624: C:/Users/Atharva Patil/Documents/projects/gymlog/test/upgrade/session_1_render_test.dart: finish-weighted-blazeOrange-1.6x-synthetic
02:26 +1625: C:/Users/Atharva Patil/Documents/projects/gymlog/test/upgrade/session_1_render_test.dart: finish-weighted-blazeOrange-1.6x-synthetic
02:26 +1626: C:/Users/Atharva Patil/Documents/projects/gymlog/test/upgrade/session_2_acceptance_render_test.dart: library-active-error-neonPurple-1.6x-synthetic
02:26 +1627: C:/Users/Atharva Patil/Documents/projects/gymlog/test/upgrade/session_2_acceptance_render_test.dart: library-active-error-neonPurple-1.6x-synthetic
02:26 +1628: C:/Users/Atharva Patil/Documents/projects/gymlog/test/upgrade/session_1_render_test.dart: finish-reps-blazeOrange-1.6x-synthetic
02:26 +1629: C:/Users/Atharva Patil/Documents/projects/gymlog/test/upgrade/session_2_render_test.dart: sequence/home-returning-neonPurple-1.0x-synthetic
02:26 +1630: C:/Users/Atharva Patil/Documents/projects/gymlog/test/upgrade/session_2_acceptance_render_test.dart: home-active-deleted-choice-neonPurple-1.6x-synthetic
02:27 +1631: C:/Users/Atharva Patil/Documents/projects/gymlog/test/upgrade/session_2_acceptance_render_test.dart: home-active-deleted-choice-neonPurple-1.6x-synthetic
02:27 +1632: C:/Users/Atharva Patil/Documents/projects/gymlog/test/upgrade/session_2_render_test.dart: sequence/library-returning-neonPurple-1.0x-synthetic
02:27 +1633: C:/Users/Atharva Patil/Documents/projects/gymlog/test/workout_export_test.dart: exports v2 schema with 20 columns for completed sessions only
02:27 +1634: C:/Users/Atharva Patil/Documents/projects/gymlog/test/workout_export_test.dart: exports v2 schema with 20 columns for completed sessions only
02:27 +1635: C:/Users/Atharva Patil/Documents/projects/gymlog/test/workout_export_test.dart: exports v2 schema with 20 columns for completed sessions only
02:27 +1636: C:/Users/Atharva Patil/Documents/projects/gymlog/test/workout_export_test.dart: exports v2 schema with 20 columns for completed sessions only
02:27 +1637: C:/Users/Atharva Patil/Documents/projects/gymlog/test/workout_export_test.dart: exports v2 schema with 20 columns for completed sessions only
02:27 +1638: C:/Users/Atharva Patil/Documents/projects/gymlog/test/workout_export_test.dart: exports v2 schema with 20 columns for completed sessions only
02:27 +1639: C:/Users/Atharva Patil/Documents/projects/gymlog/test/workout_export_test.dart: exports v2 schema with 20 columns for completed sessions only
02:27 +1640: C:/Users/Atharva Patil/Documents/projects/gymlog/test/upgrade/session_2_acceptance_render_test.dart: home-active-empty-choice-neonPurple-1.6x-synthetic
02:27 +1641: C:/Users/Atharva Patil/Documents/projects/gymlog/test/upgrade/session_2_acceptance_render_test.dart: home-active-empty-choice-neonPurple-1.6x-synthetic
02:27 +1642: C:/Users/Atharva Patil/Documents/projects/gymlog/test/upgrade/session_2_render_test.dart: chooser/home-returning-higgsfield-1.0x-synthetic
02:27 +1643: C:/Users/Atharva Patil/Documents/projects/gymlog/test/upgrade/session_2_render_test.dart: chooser/home-returning-higgsfield-1.0x-synthetic
02:27 +1644: C:/Users/Atharva Patil/Documents/projects/gymlog/test/upgrade/session_1_render_test.dart: share-monument-blazeOrange-1.6x-synthetic
02:27 +1645: C:/Users/Atharva Patil/Documents/projects/gymlog/test/upgrade/session_1_render_test.dart: share-monument-blazeOrange-1.6x-synthetic
02:27 +1646: C:/Users/Atharva Patil/Documents/projects/gymlog/test/upgrade/session_2_acceptance_render_test.dart: library-active-empty-choice-neonPurple-1.6x-synthetic
02:27 +1647: C:/Users/Atharva Patil/Documents/projects/gymlog/test/upgrade/session_2_acceptance_render_test.dart: library-active-empty-choice-neonPurple-1.6x-synthetic
02:27 +1648: C:/Users/Atharva Patil/Documents/projects/gymlog/test/upgrade/session_2_acceptance_render_test.dart: library-active-empty-choice-neonPurple-1.6x-synthetic
02:27 +1649: C:/Users/Atharva Patil/Documents/projects/gymlog/test/upgrade/session_2_render_test.dart: chooser/home-inactive-higgsfield-1.0x-synthetic
02:27 +1650: C:/Users/Atharva Patil/Documents/projects/gymlog/test/upgrade/session_1_render_test.dart: share-sticker-blazeOrange-1.6x-synthetic
02:27 +1651: C:/Users/Atharva Patil/Documents/projects/gymlog/test/upgrade/session_2_acceptance_render_test.dart: home-active-choice-error-neonPurple-1.6x-synthetic
02:27 +1652: C:/Users/Atharva Patil/Documents/projects/gymlog/test/upgrade/session_2_acceptance_render_test.dart: home-active-choice-error-neonPurple-1.6x-synthetic
02:27 +1653: C:/Users/Atharva Patil/Documents/projects/gymlog/test/upgrade/session_2_acceptance_render_test.dart: home-active-choice-error-neonPurple-1.6x-synthetic
02:27 +1654: C:/Users/Atharva Patil/Documents/projects/gymlog/test/upgrade/session_2_acceptance_render_test.dart: home-active-choice-error-neonPurple-1.6x-synthetic
02:27 +1655: C:/Users/Atharva Patil/Documents/projects/gymlog/test/upgrade/session_1_render_test.dart: share-duration-technical-blazeOrange-1.6x-synthetic
02:27 +1656: C:/Users/Atharva Patil/Documents/projects/gymlog/test/upgrade/session_2_render_test.dart: chooser/library-empty-higgsfield-1.0x-synthetic
02:27 +1657: C:/Users/Atharva Patil/Documents/projects/gymlog/test/upgrade/session_2_acceptance_render_test.dart: library-active-choice-error-neonPurple-1.6x-synthetic
02:27 +1658: C:/Users/Atharva Patil/Documents/projects/gymlog/test/upgrade/session_2_acceptance_render_test.dart: library-active-choice-error-neonPurple-1.6x-synthetic
02:27 +1659: C:/Users/Atharva Patil/Documents/projects/gymlog/test/upgrade/session_2_acceptance_render_test.dart: library-active-choice-error-neonPurple-1.6x-synthetic
02:27 +1660: C:/Users/Atharva Patil/Documents/projects/gymlog/test/upgrade/session_2_acceptance_render_test.dart: library-active-choice-error-neonPurple-1.6x-synthetic
02:27 +1661: C:/Users/Atharva Patil/Documents/projects/gymlog/test/upgrade/session_1_render_test.dart: share-distance-monument-blazeOrange-1.6x-synthetic
02:27 +1662: C:/Users/Atharva Patil/Documents/projects/gymlog/test/upgrade/session_2_render_test.dart: chooser/home-lowData-higgsfield-1.0x-synthetic
02:27 +1663: C:/Users/Atharva Patil/Documents/projects/gymlog/test/upgrade/session_2_acceptance_render_test.dart: home-chosen-white-1.0x-synthetic
02:28 +1664: C:/Users/Atharva Patil/Documents/projects/gymlog/test/upgrade/session_2_acceptance_render_test.dart: home-chosen-white-1.0x-synthetic
02:28 +1665: C:/Users/Atharva Patil/Documents/projects/gymlog/test/upgrade/session_2_acceptance_render_test.dart: home-chosen-white-1.0x-synthetic
02:28 +1666: C:/Users/Atharva Patil/Documents/projects/gymlog/test/upgrade/session_2_acceptance_render_test.dart: home-chosen-white-1.0x-synthetic
02:28 +1667: C:/Users/Atharva Patil/Documents/projects/gymlog/test/upgrade/session_2_acceptance_render_test.dart: home-chosen-white-1.0x-synthetic
02:28 +1668: C:/Users/Atharva Patil/Documents/projects/gymlog/test/upgrade/session_2_acceptance_render_test.dart: home-chosen-white-1.0x-synthetic
02:28 +1669: C:/Users/Atharva Patil/Documents/projects/gymlog/test/upgrade/session_2_acceptance_render_test.dart: home-chosen-white-1.0x-synthetic
02:28 +1670: C:/Users/Atharva Patil/Documents/projects/gymlog/test/upgrade/session_2_acceptance_render_test.dart: home-chosen-white-1.0x-synthetic
02:28 +1671: C:/Users/Atharva Patil/Documents/projects/gymlog/test/upgrade/session_2_acceptance_render_test.dart: home-chosen-white-1.0x-synthetic
02:28 +1672: C:/Users/Atharva Patil/Documents/projects/gymlog/test/upgrade/session_2_acceptance_render_test.dart: home-chosen-white-1.0x-synthetic
02:28 +1673: C:/Users/Atharva Patil/Documents/projects/gymlog/test/upgrade/session_2_acceptance_render_test.dart: home-chosen-white-1.0x-synthetic
02:28 +1674: C:/Users/Atharva Patil/Documents/projects/gymlog/test/upgrade/session_2_acceptance_render_test.dart: home-chosen-white-1.0x-synthetic
02:28 +1675: C:/Users/Atharva Patil/Documents/projects/gymlog/test/upgrade/session_2_acceptance_render_test.dart: home-chosen-white-1.0x-synthetic
02:28 +1676: C:/Users/Atharva Patil/Documents/projects/gymlog/test/upgrade/session_2_acceptance_render_test.dart: home-chosen-white-1.0x-synthetic
02:28 +1677: C:/Users/Atharva Patil/Documents/projects/gymlog/test/upgrade/session_2_acceptance_render_test.dart: home-chosen-white-1.0x-synthetic
02:28 +1678: C:/Users/Atharva Patil/Documents/projects/gymlog/test/upgrade/session_2_acceptance_render_test.dart: home-chosen-white-1.0x-synthetic
02:28 +1679: C:/Users/Atharva Patil/Documents/projects/gymlog/test/upgrade/session_2_acceptance_render_test.dart: home-chosen-white-1.0x-synthetic
02:28 +1680: C:/Users/Atharva Patil/Documents/projects/gymlog/test/upgrade/session_2_acceptance_render_test.dart: home-chosen-white-1.0x-synthetic
02:28 +1681: C:/Users/Atharva Patil/Documents/projects/gymlog/test/upgrade/session_2_acceptance_render_test.dart: home-chosen-white-1.0x-synthetic
02:28 +1682: C:/Users/Atharva Patil/Documents/projects/gymlog/test/upgrade/session_2_acceptance_render_test.dart: home-chosen-white-1.0x-synthetic
02:28 +1683: C:/Users/Atharva Patil/Documents/projects/gymlog/test/upgrade/session_1_render_test.dart: exercise-blazeOrange-1.6x-synthetic
02:28 +1684: C:/Users/Atharva Patil/Documents/projects/gymlog/test/upgrade/session_1_render_test.dart: exercise-blazeOrange-1.6x-synthetic
02:28 +1685: C:/Users/Atharva Patil/Documents/projects/gymlog/test/upgrade/session_2_acceptance_render_test.dart: library-chosen-white-1.0x-synthetic
02:28 +1686: C:/Users/Atharva Patil/Documents/projects/gymlog/test/upgrade/session_2_acceptance_render_test.dart: library-chosen-white-1.0x-synthetic
02:28 +1687: C:/Users/Atharva Patil/Documents/projects/gymlog/test/upgrade/session_2_acceptance_render_test.dart: library-chosen-white-1.0x-synthetic
02:28 +1688: C:/Users/Atharva Patil/Documents/projects/gymlog/test/upgrade/session_2_acceptance_render_test.dart: library-chosen-white-1.0x-synthetic
02:28 +1689: C:/Users/Atharva Patil/Documents/projects/gymlog/test/upgrade/session_2_acceptance_render_test.dart: library-chosen-white-1.0x-synthetic
02:28 +1690: C:/Users/Atharva Patil/Documents/projects/gymlog/test/upgrade/session_1_render_test.dart: progress-blazeOrange-1.6x-synthetic
02:28 +1691: C:/Users/Atharva Patil/Documents/projects/gymlog/test/upgrade/session_2_render_test.dart: chooser/home-returning-neonPurple-1.0x-synthetic
02:28 +1692: C:/Users/Atharva Patil/Documents/projects/gymlog/test/upgrade/session_2_acceptance_render_test.dart: home-no-choice-white-1.0x-synthetic
02:29 +1693: C:/Users/Atharva Patil/Documents/projects/gymlog/test/upgrade/session_2_acceptance_render_test.dart: home-no-choice-white-1.0x-synthetic
02:29 +1694: C:/Users/Atharva Patil/Documents/projects/gymlog/test/upgrade/session_2_acceptance_render_test.dart: home-no-choice-white-1.0x-synthetic
02:29 +1695: C:/Users/Atharva Patil/Documents/projects/gymlog/test/upgrade/session_2_acceptance_render_test.dart: home-no-choice-white-1.0x-synthetic
02:29 +1696: C:/Users/Atharva Patil/Documents/projects/gymlog/test/upgrade/session_2_render_test.dart: chooser/home-returning-neonPurple-1.6x-synthetic
02:29 +1697: C:/Users/Atharva Patil/Documents/projects/gymlog/test/upgrade/session_1_render_test.dart: roles-blazeOrange-1.6x-synthetic
02:29 +1698: C:/Users/Atharva Patil/Documents/projects/gymlog/test/upgrade/session_2_acceptance_render_test.dart: library-no-choice-white-1.0x-synthetic
02:29 +1699: C:/Users/Atharva Patil/Documents/projects/gymlog/test/upgrade/session_2_acceptance_render_test.dart: library-no-choice-white-1.0x-synthetic
02:29 +1700: C:/Users/Atharva Patil/Documents/projects/gymlog/test/upgrade/session_2_render_test.dart: (tearDownAll)
02:29 +1700: C:/Users/Atharva Patil/Documents/projects/gymlog/test/upgrade/session_2_acceptance_render_test.dart: home-deleted-choice-white-1.0x-synthetic
02:29 +1701: C:/Users/Atharva Patil/Documents/projects/gymlog/test/workout_hero_transition_test.dart: WorkoutHistoryCard renders Hero when enableHero is true and animations enabled
02:29 +1702: C:/Users/Atharva Patil/Documents/projects/gymlog/test/workout_hero_transition_test.dart: WorkoutHistoryCard renders Hero when enableHero is true and animations enabled
02:29 +1703: C:/Users/Atharva Patil/Documents/projects/gymlog/test/workout_hero_transition_test.dart: WorkoutHistoryCard renders Hero when enableHero is true and animations enabled
02:29 +1704: C:/Users/Atharva Patil/Documents/projects/gymlog/test/workout_hero_transition_test.dart: WorkoutHistoryCard renders Hero when enableHero is true and animations enabled
02:29 +1705: C:/Users/Atharva Patil/Documents/projects/gymlog/test/workout_hero_transition_test.dart: WorkoutHistoryCard renders Hero when enableHero is true and animations enabled
02:30 +1706: C:/Users/Atharva Patil/Documents/projects/gymlog/test/workout_hero_transition_test.dart: WorkoutHistoryCard renders Hero when enableHero is true and animations enabled
02:30 +1707: C:/Users/Atharva Patil/Documents/projects/gymlog/test/workout_hero_transition_test.dart: WorkoutHistoryCard renders Hero when enableHero is true and animations enabled
02:30 +1708: C:/Users/Atharva Patil/Documents/projects/gymlog/test/workout_hero_transition_test.dart: WorkoutHistoryCard renders Hero when enableHero is true and animations enabled
02:30 +1709: C:/Users/Atharva Patil/Documents/projects/gymlog/test/workout_hero_transition_test.dart: WorkoutHistoryCard renders Hero when enableHero is true and animations enabled
02:30 +1710: C:/Users/Atharva Patil/Documents/projects/gymlog/test/upgrade/session_2_acceptance_render_test.dart: library-inactive-return-white-1.0x-synthetic
02:30 +1711: C:/Users/Atharva Patil/Documents/projects/gymlog/test/workout_hero_transition_test.dart: WorkoutHistoryCard does NOT render Hero when enableHero is false
02:30 +1712: C:/Users/Atharva Patil/Documents/projects/gymlog/test/workout_hero_transition_test.dart: WorkoutHistoryCard does NOT render Hero when enableHero is false
02:30 +1713: C:/Users/Atharva Patil/Documents/projects/gymlog/test/workout_hero_transition_test.dart: WorkoutHistoryCard does NOT render Hero when enableHero is false
02:30 +1714: C:/Users/Atharva Patil/Documents/projects/gymlog/test/workout_hero_transition_test.dart: WorkoutHistoryCard does NOT render Hero when enableHero is false
02:30 +1715: C:/Users/Atharva Patil/Documents/projects/gymlog/test/upgrade/session_2_acceptance_render_test.dart: home-low-data-white-1.0x-synthetic
02:30 +1716: C:/Users/Atharva Patil/Documents/projects/gymlog/test/upgrade/session_2_acceptance_render_test.dart: home-low-data-white-1.0x-synthetic
02:30 +1717: C:/Users/Atharva Patil/Documents/projects/gymlog/test/workout_hero_transition_test.dart: WorkoutHeroSliver renders Hero when workoutId is present and animations enabled
02:30 +1718: C:/Users/Atharva Patil/Documents/projects/gymlog/test/workout_hero_transition_test.dart: WorkoutHeroSliver renders Hero when workoutId is present and animations enabled
02:30 +1719: C:/Users/Atharva Patil/Documents/projects/gymlog/test/workout_hero_transition_test.dart: WorkoutHeroSliver renders Hero when workoutId is present and animations enabled
02:30 +1720: C:/Users/Atharva Patil/Documents/projects/gymlog/test/upgrade/session_2_acceptance_render_test.dart: library-error-white-1.0x-synthetic
02:30 +1721: C:/Users/Atharva Patil/Documents/projects/gymlog/test/workout_hero_transition_test.dart: WorkoutHeroSliver does NOT render Hero when workoutId is null
02:30 +1722: C:/Users/Atharva Patil/Documents/projects/gymlog/test/upgrade/session_2_acceptance_render_test.dart: home-previous-error-white-1.0x-synthetic
02:30 +1723: C:/Users/Atharva Patil/Documents/projects/gymlog/test/upgrade/session_2_acceptance_render_test.dart: library-previous-error-white-1.0x-synthetic
02:31 +1724: C:/Users/Atharva Patil/Documents/projects/gymlog/test/upgrade/session_2_acceptance_render_test.dart: home-choice-error-white-1.0x-synthetic
02:31 +1725: C:/Users/Atharva Patil/Documents/projects/gymlog/test/upgrade/session_2_acceptance_render_test.dart: library-choice-error-white-1.0x-synthetic
02:31 +1726: C:/Users/Atharva Patil/Documents/projects/gymlog/test/upgrade/session_2_acceptance_render_test.dart: home-loading-white-1.0x-synthetic
02:31 +1727: C:/Users/Atharva Patil/Documents/projects/gymlog/test/upgrade/session_2_acceptance_render_test.dart: library-loading-white-1.0x-synthetic
02:31 +1728: C:/Users/Atharva Patil/Documents/projects/gymlog/test/upgrade/session_2_acceptance_render_test.dart: home-active-chosen-white-1.0x-synthetic
02:31 +1729: C:/Users/Atharva Patil/Documents/projects/gymlog/test/upgrade/session_2_acceptance_render_test.dart: library-active-chosen-white-1.0x-synthetic
02:31 +1730: C:/Users/Atharva Patil/Documents/projects/gymlog/test/upgrade/session_2_acceptance_render_test.dart: home-active-no-choice-white-1.0x-synthetic
02:31 +1731: C:/Users/Atharva Patil/Documents/projects/gymlog/test/upgrade/session_2_acceptance_render_test.dart: library-active-no-choice-white-1.0x-synthetic
02:31 +1732: C:/Users/Atharva Patil/Documents/projects/gymlog/test/upgrade/session_2_acceptance_render_test.dart: home-active-no-routine-white-1.0x-synthetic
02:31 +1733: C:/Users/Atharva Patil/Documents/projects/gymlog/test/upgrade/session_2_acceptance_render_test.dart: library-active-no-routine-white-1.0x-synthetic
02:31 +1734: C:/Users/Atharva Patil/Documents/projects/gymlog/test/upgrade/session_2_acceptance_render_test.dart: home-active-error-white-1.0x-synthetic
02:31 +1735: C:/Users/Atharva Patil/Documents/projects/gymlog/test/upgrade/session_2_acceptance_render_test.dart: library-active-error-white-1.0x-synthetic
02:31 +1736: C:/Users/Atharva Patil/Documents/projects/gymlog/test/upgrade/session_2_acceptance_render_test.dart: home-active-deleted-choice-white-1.0x-synthetic
02:32 +1737: C:/Users/Atharva Patil/Documents/projects/gymlog/test/upgrade/session_2_acceptance_render_test.dart: library-active-deleted-choice-white-1.0x-synthetic
02:32 +1738: C:/Users/Atharva Patil/Documents/projects/gymlog/test/upgrade/session_2_acceptance_render_test.dart: home-active-empty-choice-white-1.0x-synthetic
02:32 +1739: C:/Users/Atharva Patil/Documents/projects/gymlog/test/upgrade/session_2_acceptance_render_test.dart: library-active-empty-choice-white-1.0x-synthetic
02:32 +1740: C:/Users/Atharva Patil/Documents/projects/gymlog/test/upgrade/session_2_acceptance_render_test.dart: home-active-choice-error-white-1.0x-synthetic
02:32 +1741: C:/Users/Atharva Patil/Documents/projects/gymlog/test/upgrade/session_2_acceptance_render_test.dart: library-active-choice-error-white-1.0x-synthetic
02:32 +1742: C:/Users/Atharva Patil/Documents/projects/gymlog/test/upgrade/session_2_acceptance_render_test.dart: home-chosen-white-1.6x-synthetic
02:32 +1743: C:/Users/Atharva Patil/Documents/projects/gymlog/test/upgrade/session_2_acceptance_render_test.dart: library-chosen-white-1.6x-synthetic
02:32 +1744: C:/Users/Atharva Patil/Documents/projects/gymlog/test/upgrade/session_2_acceptance_render_test.dart: home-no-choice-white-1.6x-synthetic
02:33 +1745: C:/Users/Atharva Patil/Documents/projects/gymlog/test/upgrade/session_2_acceptance_render_test.dart: library-no-choice-white-1.6x-synthetic
02:33 +1746: C:/Users/Atharva Patil/Documents/projects/gymlog/test/upgrade/session_2_acceptance_render_test.dart: home-deleted-choice-white-1.6x-synthetic
02:33 +1747: C:/Users/Atharva Patil/Documents/projects/gymlog/test/upgrade/session_2_acceptance_render_test.dart: library-deleted-choice-white-1.6x-synthetic
02:33 +1748: C:/Users/Atharva Patil/Documents/projects/gymlog/test/upgrade/session_2_acceptance_render_test.dart: home-empty-choice-white-1.6x-synthetic
02:33 +1749: C:/Users/Atharva Patil/Documents/projects/gymlog/test/upgrade/session_2_acceptance_render_test.dart: library-empty-choice-white-1.6x-synthetic
02:33 +1750: C:/Users/Atharva Patil/Documents/projects/gymlog/test/upgrade/session_2_acceptance_render_test.dart: home-new-user-white-1.6x-synthetic
02:33 +1751: C:/Users/Atharva Patil/Documents/projects/gymlog/test/upgrade/session_2_acceptance_render_test.dart: library-new-user-white-1.6x-synthetic
02:33 +1752: C:/Users/Atharva Patil/Documents/projects/gymlog/test/upgrade/session_2_acceptance_render_test.dart: home-no-routine-white-1.6x-synthetic
02:33 +1753: C:/Users/Atharva Patil/Documents/projects/gymlog/test/upgrade/session_2_acceptance_render_test.dart: library-no-routine-white-1.6x-synthetic
02:33 +1754: C:/Users/Atharva Patil/Documents/projects/gymlog/test/upgrade/session_2_acceptance_render_test.dart: home-inactive-return-white-1.6x-synthetic
02:33 +1755: C:/Users/Atharva Patil/Documents/projects/gymlog/test/upgrade/session_2_acceptance_render_test.dart: library-inactive-return-white-1.6x-synthetic
02:33 +1756: C:/Users/Atharva Patil/Documents/projects/gymlog/test/upgrade/session_2_acceptance_render_test.dart: home-low-data-white-1.6x-synthetic
02:33 +1757: C:/Users/Atharva Patil/Documents/projects/gymlog/test/upgrade/session_2_acceptance_render_test.dart: library-low-data-white-1.6x-synthetic
02:33 +1758: C:/Users/Atharva Patil/Documents/projects/gymlog/test/upgrade/session_2_acceptance_render_test.dart: home-error-white-1.6x-synthetic
02:33 +1759: C:/Users/Atharva Patil/Documents/projects/gymlog/test/upgrade/session_2_acceptance_render_test.dart: library-error-white-1.6x-synthetic
02:34 +1760: C:/Users/Atharva Patil/Documents/projects/gymlog/test/upgrade/session_2_acceptance_render_test.dart: home-previous-error-white-1.6x-synthetic
02:34 +1761: C:/Users/Atharva Patil/Documents/projects/gymlog/test/upgrade/session_2_acceptance_render_test.dart: library-previous-error-white-1.6x-synthetic
02:34 +1762: C:/Users/Atharva Patil/Documents/projects/gymlog/test/upgrade/session_2_acceptance_render_test.dart: home-choice-error-white-1.6x-synthetic
02:34 +1763: C:/Users/Atharva Patil/Documents/projects/gymlog/test/upgrade/session_2_acceptance_render_test.dart: library-choice-error-white-1.6x-synthetic
02:34 +1764: C:/Users/Atharva Patil/Documents/projects/gymlog/test/upgrade/session_2_acceptance_render_test.dart: home-loading-white-1.6x-synthetic
02:34 +1765: C:/Users/Atharva Patil/Documents/projects/gymlog/test/upgrade/session_2_acceptance_render_test.dart: library-loading-white-1.6x-synthetic
02:34 +1766: C:/Users/Atharva Patil/Documents/projects/gymlog/test/upgrade/session_2_acceptance_render_test.dart: home-active-chosen-white-1.6x-synthetic
02:34 +1767: C:/Users/Atharva Patil/Documents/projects/gymlog/test/upgrade/session_2_acceptance_render_test.dart: library-active-chosen-white-1.6x-synthetic
02:34 +1768: C:/Users/Atharva Patil/Documents/projects/gymlog/test/upgrade/session_2_acceptance_render_test.dart: home-active-no-choice-white-1.6x-synthetic
02:34 +1769: C:/Users/Atharva Patil/Documents/projects/gymlog/test/upgrade/session_2_acceptance_render_test.dart: library-active-no-choice-white-1.6x-synthetic
02:34 +1770: C:/Users/Atharva Patil/Documents/projects/gymlog/test/upgrade/session_2_acceptance_render_test.dart: home-active-no-routine-white-1.6x-synthetic
02:34 +1771: C:/Users/Atharva Patil/Documents/projects/gymlog/test/upgrade/session_2_acceptance_render_test.dart: library-active-no-routine-white-1.6x-synthetic
02:34 +1772: C:/Users/Atharva Patil/Documents/projects/gymlog/test/upgrade/session_2_acceptance_render_test.dart: home-active-error-white-1.6x-synthetic
02:34 +1773: C:/Users/Atharva Patil/Documents/projects/gymlog/test/upgrade/session_2_acceptance_render_test.dart: library-active-error-white-1.6x-synthetic
02:34 +1774: C:/Users/Atharva Patil/Documents/projects/gymlog/test/upgrade/session_2_acceptance_render_test.dart: home-active-deleted-choice-white-1.6x-synthetic
02:34 +1775: C:/Users/Atharva Patil/Documents/projects/gymlog/test/upgrade/session_2_acceptance_render_test.dart: library-active-deleted-choice-white-1.6x-synthetic
02:34 +1776: C:/Users/Atharva Patil/Documents/projects/gymlog/test/upgrade/session_2_acceptance_render_test.dart: home-active-empty-choice-white-1.6x-synthetic
02:35 +1777: C:/Users/Atharva Patil/Documents/projects/gymlog/test/upgrade/session_2_acceptance_render_test.dart: library-active-empty-choice-white-1.6x-synthetic
02:35 +1778: C:/Users/Atharva Patil/Documents/projects/gymlog/test/upgrade/session_2_acceptance_render_test.dart: home-active-choice-error-white-1.6x-synthetic
02:35 +1779: C:/Users/Atharva Patil/Documents/projects/gymlog/test/upgrade/session_2_acceptance_render_test.dart: library-active-choice-error-white-1.6x-synthetic
02:35 +1780: C:/Users/Atharva Patil/Documents/projects/gymlog/test/upgrade/session_2_acceptance_render_test.dart: home-chosen-neonCyan-1.0x-synthetic
02:35 +1781: C:/Users/Atharva Patil/Documents/projects/gymlog/test/upgrade/session_2_acceptance_render_test.dart: library-chosen-neonCyan-1.0x-synthetic
02:35 +1782: C:/Users/Atharva Patil/Documents/projects/gymlog/test/upgrade/session_2_acceptance_render_test.dart: home-no-choice-neonCyan-1.0x-synthetic
02:35 +1783: C:/Users/Atharva Patil/Documents/projects/gymlog/test/upgrade/session_2_acceptance_render_test.dart: library-no-choice-neonCyan-1.0x-synthetic
02:35 +1784: C:/Users/Atharva Patil/Documents/projects/gymlog/test/upgrade/session_2_acceptance_render_test.dart: home-deleted-choice-neonCyan-1.0x-synthetic
02:35 +1785: C:/Users/Atharva Patil/Documents/projects/gymlog/test/upgrade/session_2_acceptance_render_test.dart: library-deleted-choice-neonCyan-1.0x-synthetic
02:35 +1786: C:/Users/Atharva Patil/Documents/projects/gymlog/test/upgrade/session_2_acceptance_render_test.dart: home-empty-choice-neonCyan-1.0x-synthetic
02:35 +1787: C:/Users/Atharva Patil/Documents/projects/gymlog/test/upgrade/session_2_acceptance_render_test.dart: library-empty-choice-neonCyan-1.0x-synthetic
02:35 +1788: C:/Users/Atharva Patil/Documents/projects/gymlog/test/upgrade/session_2_acceptance_render_test.dart: home-new-user-neonCyan-1.0x-synthetic
02:36 +1789: C:/Users/Atharva Patil/Documents/projects/gymlog/test/upgrade/session_2_acceptance_render_test.dart: library-new-user-neonCyan-1.0x-synthetic
02:36 +1790: C:/Users/Atharva Patil/Documents/projects/gymlog/test/upgrade/session_2_acceptance_render_test.dart: home-no-routine-neonCyan-1.0x-synthetic
02:36 +1791: C:/Users/Atharva Patil/Documents/projects/gymlog/test/upgrade/session_2_acceptance_render_test.dart: library-no-routine-neonCyan-1.0x-synthetic
02:36 +1792: C:/Users/Atharva Patil/Documents/projects/gymlog/test/upgrade/session_2_acceptance_render_test.dart: home-inactive-return-neonCyan-1.0x-synthetic
02:36 +1793: C:/Users/Atharva Patil/Documents/projects/gymlog/test/upgrade/session_2_acceptance_render_test.dart: library-inactive-return-neonCyan-1.0x-synthetic
02:36 +1794: C:/Users/Atharva Patil/Documents/projects/gymlog/test/upgrade/session_2_acceptance_render_test.dart: home-low-data-neonCyan-1.0x-synthetic
02:36 +1795: C:/Users/Atharva Patil/Documents/projects/gymlog/test/upgrade/session_2_acceptance_render_test.dart: library-low-data-neonCyan-1.0x-synthetic
02:36 +1796: C:/Users/Atharva Patil/Documents/projects/gymlog/test/upgrade/session_2_acceptance_render_test.dart: home-error-neonCyan-1.0x-synthetic
02:36 +1797: C:/Users/Atharva Patil/Documents/projects/gymlog/test/upgrade/session_2_acceptance_render_test.dart: library-error-neonCyan-1.0x-synthetic
02:36 +1798: C:/Users/Atharva Patil/Documents/projects/gymlog/test/upgrade/session_2_acceptance_render_test.dart: home-previous-error-neonCyan-1.0x-synthetic
02:36 +1799: C:/Users/Atharva Patil/Documents/projects/gymlog/test/upgrade/session_2_acceptance_render_test.dart: library-previous-error-neonCyan-1.0x-synthetic
02:36 +1800: C:/Users/Atharva Patil/Documents/projects/gymlog/test/upgrade/session_2_acceptance_render_test.dart: home-choice-error-neonCyan-1.0x-synthetic
02:36 +1801: C:/Users/Atharva Patil/Documents/projects/gymlog/test/upgrade/session_2_acceptance_render_test.dart: library-choice-error-neonCyan-1.0x-synthetic
02:36 +1802: C:/Users/Atharva Patil/Documents/projects/gymlog/test/upgrade/session_2_acceptance_render_test.dart: home-loading-neonCyan-1.0x-synthetic
02:36 +1803: C:/Users/Atharva Patil/Documents/projects/gymlog/test/upgrade/session_2_acceptance_render_test.dart: library-loading-neonCyan-1.0x-synthetic
02:36 +1804: C:/Users/Atharva Patil/Documents/projects/gymlog/test/upgrade/session_2_acceptance_render_test.dart: home-active-chosen-neonCyan-1.0x-synthetic
02:37 +1805: C:/Users/Atharva Patil/Documents/projects/gymlog/test/upgrade/session_2_acceptance_render_test.dart: library-active-chosen-neonCyan-1.0x-synthetic
02:37 +1806: C:/Users/Atharva Patil/Documents/projects/gymlog/test/upgrade/session_2_acceptance_render_test.dart: home-active-no-choice-neonCyan-1.0x-synthetic
02:37 +1807: C:/Users/Atharva Patil/Documents/projects/gymlog/test/upgrade/session_2_acceptance_render_test.dart: library-active-no-choice-neonCyan-1.0x-synthetic
02:37 +1808: C:/Users/Atharva Patil/Documents/projects/gymlog/test/upgrade/session_2_acceptance_render_test.dart: home-active-no-routine-neonCyan-1.0x-synthetic
02:37 +1809: C:/Users/Atharva Patil/Documents/projects/gymlog/test/upgrade/session_2_acceptance_render_test.dart: library-active-no-routine-neonCyan-1.0x-synthetic
02:37 +1810: C:/Users/Atharva Patil/Documents/projects/gymlog/test/upgrade/session_2_acceptance_render_test.dart: home-active-error-neonCyan-1.0x-synthetic
02:37 +1811: C:/Users/Atharva Patil/Documents/projects/gymlog/test/upgrade/session_2_acceptance_render_test.dart: library-active-error-neonCyan-1.0x-synthetic
02:37 +1812: C:/Users/Atharva Patil/Documents/projects/gymlog/test/upgrade/session_2_acceptance_render_test.dart: home-active-deleted-choice-neonCyan-1.0x-synthetic
02:37 +1813: C:/Users/Atharva Patil/Documents/projects/gymlog/test/upgrade/session_2_acceptance_render_test.dart: library-active-deleted-choice-neonCyan-1.0x-synthetic
02:37 +1814: C:/Users/Atharva Patil/Documents/projects/gymlog/test/upgrade/session_2_acceptance_render_test.dart: home-active-empty-choice-neonCyan-1.0x-synthetic
02:37 +1815: C:/Users/Atharva Patil/Documents/projects/gymlog/test/upgrade/session_2_acceptance_render_test.dart: library-active-empty-choice-neonCyan-1.0x-synthetic
02:37 +1816: C:/Users/Atharva Patil/Documents/projects/gymlog/test/upgrade/session_2_acceptance_render_test.dart: home-active-choice-error-neonCyan-1.0x-synthetic
02:37 +1817: C:/Users/Atharva Patil/Documents/projects/gymlog/test/upgrade/session_2_acceptance_render_test.dart: library-active-choice-error-neonCyan-1.0x-synthetic
02:37 +1818: C:/Users/Atharva Patil/Documents/projects/gymlog/test/upgrade/session_2_acceptance_render_test.dart: home-chosen-neonCyan-1.6x-synthetic
02:38 +1819: C:/Users/Atharva Patil/Documents/projects/gymlog/test/upgrade/session_2_acceptance_render_test.dart: library-chosen-neonCyan-1.6x-synthetic
02:38 +1820: C:/Users/Atharva Patil/Documents/projects/gymlog/test/upgrade/session_2_acceptance_render_test.dart: home-no-choice-neonCyan-1.6x-synthetic
02:38 +1821: C:/Users/Atharva Patil/Documents/projects/gymlog/test/upgrade/session_2_acceptance_render_test.dart: library-no-choice-neonCyan-1.6x-synthetic
02:38 +1822: C:/Users/Atharva Patil/Documents/projects/gymlog/test/upgrade/session_2_acceptance_render_test.dart: home-deleted-choice-neonCyan-1.6x-synthetic
02:38 +1823: C:/Users/Atharva Patil/Documents/projects/gymlog/test/upgrade/session_2_acceptance_render_test.dart: library-deleted-choice-neonCyan-1.6x-synthetic
02:38 +1824: C:/Users/Atharva Patil/Documents/projects/gymlog/test/upgrade/session_2_acceptance_render_test.dart: home-empty-choice-neonCyan-1.6x-synthetic
02:38 +1825: C:/Users/Atharva Patil/Documents/projects/gymlog/test/upgrade/session_2_acceptance_render_test.dart: library-empty-choice-neonCyan-1.6x-synthetic
02:38 +1826: C:/Users/Atharva Patil/Documents/projects/gymlog/test/upgrade/session_2_acceptance_render_test.dart: home-new-user-neonCyan-1.6x-synthetic
02:38 +1827: C:/Users/Atharva Patil/Documents/projects/gymlog/test/upgrade/session_2_acceptance_render_test.dart: library-new-user-neonCyan-1.6x-synthetic
02:38 +1828: C:/Users/Atharva Patil/Documents/projects/gymlog/test/upgrade/session_2_acceptance_render_test.dart: home-no-routine-neonCyan-1.6x-synthetic
02:38 +1829: C:/Users/Atharva Patil/Documents/projects/gymlog/test/upgrade/session_2_acceptance_render_test.dart: library-no-routine-neonCyan-1.6x-synthetic
02:38 +1830: C:/Users/Atharva Patil/Documents/projects/gymlog/test/upgrade/session_2_acceptance_render_test.dart: home-inactive-return-neonCyan-1.6x-synthetic
02:38 +1831: C:/Users/Atharva Patil/Documents/projects/gymlog/test/upgrade/session_2_acceptance_render_test.dart: library-inactive-return-neonCyan-1.6x-synthetic
02:38 +1832: C:/Users/Atharva Patil/Documents/projects/gymlog/test/upgrade/session_2_acceptance_render_test.dart: home-low-data-neonCyan-1.6x-synthetic
02:39 +1833: C:/Users/Atharva Patil/Documents/projects/gymlog/test/upgrade/session_2_acceptance_render_test.dart: library-low-data-neonCyan-1.6x-synthetic
02:39 +1834: C:/Users/Atharva Patil/Documents/projects/gymlog/test/upgrade/session_2_acceptance_render_test.dart: home-error-neonCyan-1.6x-synthetic
02:39 +1835: C:/Users/Atharva Patil/Documents/projects/gymlog/test/upgrade/session_2_acceptance_render_test.dart: library-error-neonCyan-1.6x-synthetic
02:39 +1836: C:/Users/Atharva Patil/Documents/projects/gymlog/test/upgrade/session_2_acceptance_render_test.dart: home-previous-error-neonCyan-1.6x-synthetic
02:39 +1837: C:/Users/Atharva Patil/Documents/projects/gymlog/test/upgrade/session_2_acceptance_render_test.dart: library-previous-error-neonCyan-1.6x-synthetic
02:39 +1838: C:/Users/Atharva Patil/Documents/projects/gymlog/test/upgrade/session_2_acceptance_render_test.dart: home-choice-error-neonCyan-1.6x-synthetic
02:39 +1839: C:/Users/Atharva Patil/Documents/projects/gymlog/test/upgrade/session_2_acceptance_render_test.dart: library-choice-error-neonCyan-1.6x-synthetic
02:39 +1840: C:/Users/Atharva Patil/Documents/projects/gymlog/test/upgrade/session_2_acceptance_render_test.dart: home-loading-neonCyan-1.6x-synthetic
02:39 +1841: C:/Users/Atharva Patil/Documents/projects/gymlog/test/upgrade/session_2_acceptance_render_test.dart: library-loading-neonCyan-1.6x-synthetic
02:39 +1842: C:/Users/Atharva Patil/Documents/projects/gymlog/test/upgrade/session_2_acceptance_render_test.dart: home-active-chosen-neonCyan-1.6x-synthetic
02:39 +1843: C:/Users/Atharva Patil/Documents/projects/gymlog/test/upgrade/session_2_acceptance_render_test.dart: library-active-chosen-neonCyan-1.6x-synthetic
02:39 +1844: C:/Users/Atharva Patil/Documents/projects/gymlog/test/upgrade/session_2_acceptance_render_test.dart: home-active-no-choice-neonCyan-1.6x-synthetic
02:39 +1845: C:/Users/Atharva Patil/Documents/projects/gymlog/test/upgrade/session_2_acceptance_render_test.dart: library-active-no-choice-neonCyan-1.6x-synthetic
02:39 +1846: C:/Users/Atharva Patil/Documents/projects/gymlog/test/upgrade/session_2_acceptance_render_test.dart: home-active-no-routine-neonCyan-1.6x-synthetic
02:39 +1847: C:/Users/Atharva Patil/Documents/projects/gymlog/test/upgrade/session_2_acceptance_render_test.dart: library-active-no-routine-neonCyan-1.6x-synthetic
02:39 +1848: C:/Users/Atharva Patil/Documents/projects/gymlog/test/upgrade/session_2_acceptance_render_test.dart: home-active-error-neonCyan-1.6x-synthetic
02:40 +1849: C:/Users/Atharva Patil/Documents/projects/gymlog/test/upgrade/session_2_acceptance_render_test.dart: library-active-error-neonCyan-1.6x-synthetic
02:40 +1850: C:/Users/Atharva Patil/Documents/projects/gymlog/test/upgrade/session_2_acceptance_render_test.dart: home-active-deleted-choice-neonCyan-1.6x-synthetic
02:40 +1851: C:/Users/Atharva Patil/Documents/projects/gymlog/test/upgrade/session_2_acceptance_render_test.dart: library-active-deleted-choice-neonCyan-1.6x-synthetic
02:40 +1852: C:/Users/Atharva Patil/Documents/projects/gymlog/test/upgrade/session_2_acceptance_render_test.dart: home-active-empty-choice-neonCyan-1.6x-synthetic
02:40 +1853: C:/Users/Atharva Patil/Documents/projects/gymlog/test/upgrade/session_2_acceptance_render_test.dart: library-active-empty-choice-neonCyan-1.6x-synthetic
02:40 +1854: C:/Users/Atharva Patil/Documents/projects/gymlog/test/upgrade/session_2_acceptance_render_test.dart: home-active-choice-error-neonCyan-1.6x-synthetic
02:40 +1855: C:/Users/Atharva Patil/Documents/projects/gymlog/test/upgrade/session_2_acceptance_render_test.dart: library-active-choice-error-neonCyan-1.6x-synthetic
02:40 +1856: C:/Users/Atharva Patil/Documents/projects/gymlog/test/upgrade/session_2_acceptance_render_test.dart: home-chosen-neonMagenta-1.0x-synthetic
02:40 +1857: C:/Users/Atharva Patil/Documents/projects/gymlog/test/upgrade/session_2_acceptance_render_test.dart: library-chosen-neonMagenta-1.0x-synthetic
02:40 +1858: C:/Users/Atharva Patil/Documents/projects/gymlog/test/upgrade/session_2_acceptance_render_test.dart: home-no-choice-neonMagenta-1.0x-synthetic
02:40 +1859: C:/Users/Atharva Patil/Documents/projects/gymlog/test/upgrade/session_2_acceptance_render_test.dart: library-no-choice-neonMagenta-1.0x-synthetic
02:41 +1860: C:/Users/Atharva Patil/Documents/projects/gymlog/test/upgrade/session_2_acceptance_render_test.dart: home-deleted-choice-neonMagenta-1.0x-synthetic
02:41 +1861: C:/Users/Atharva Patil/Documents/projects/gymlog/test/upgrade/session_2_acceptance_render_test.dart: library-deleted-choice-neonMagenta-1.0x-synthetic
02:41 +1862: C:/Users/Atharva Patil/Documents/projects/gymlog/test/upgrade/session_2_acceptance_render_test.dart: home-empty-choice-neonMagenta-1.0x-synthetic
02:41 +1863: C:/Users/Atharva Patil/Documents/projects/gymlog/test/upgrade/session_2_acceptance_render_test.dart: library-empty-choice-neonMagenta-1.0x-synthetic
02:41 +1864: C:/Users/Atharva Patil/Documents/projects/gymlog/test/upgrade/session_2_acceptance_render_test.dart: home-new-user-neonMagenta-1.0x-synthetic
02:41 +1865: C:/Users/Atharva Patil/Documents/projects/gymlog/test/upgrade/session_2_acceptance_render_test.dart: library-new-user-neonMagenta-1.0x-synthetic
02:41 +1866: C:/Users/Atharva Patil/Documents/projects/gymlog/test/upgrade/session_2_acceptance_render_test.dart: home-no-routine-neonMagenta-1.0x-synthetic
02:41 +1867: C:/Users/Atharva Patil/Documents/projects/gymlog/test/upgrade/session_2_acceptance_render_test.dart: library-no-routine-neonMagenta-1.0x-synthetic
02:41 +1868: C:/Users/Atharva Patil/Documents/projects/gymlog/test/upgrade/session_2_acceptance_render_test.dart: home-inactive-return-neonMagenta-1.0x-synthetic
02:41 +1869: C:/Users/Atharva Patil/Documents/projects/gymlog/test/upgrade/session_2_acceptance_render_test.dart: library-inactive-return-neonMagenta-1.0x-synthetic
02:41 +1870: C:/Users/Atharva Patil/Documents/projects/gymlog/test/upgrade/session_2_acceptance_render_test.dart: home-low-data-neonMagenta-1.0x-synthetic
02:41 +1871: C:/Users/Atharva Patil/Documents/projects/gymlog/test/upgrade/session_2_acceptance_render_test.dart: library-low-data-neonMagenta-1.0x-synthetic
02:41 +1872: C:/Users/Atharva Patil/Documents/projects/gymlog/test/upgrade/session_2_acceptance_render_test.dart: home-error-neonMagenta-1.0x-synthetic
02:41 +1873: C:/Users/Atharva Patil/Documents/projects/gymlog/test/upgrade/session_2_acceptance_render_test.dart: library-error-neonMagenta-1.0x-synthetic
02:41 +1874: C:/Users/Atharva Patil/Documents/projects/gymlog/test/upgrade/session_2_acceptance_render_test.dart: home-previous-error-neonMagenta-1.0x-synthetic
02:41 +1875: C:/Users/Atharva Patil/Documents/projects/gymlog/test/upgrade/session_2_acceptance_render_test.dart: library-previous-error-neonMagenta-1.0x-synthetic
02:41 +1876: C:/Users/Atharva Patil/Documents/projects/gymlog/test/upgrade/session_2_acceptance_render_test.dart: home-choice-error-neonMagenta-1.0x-synthetic
02:42 +1877: C:/Users/Atharva Patil/Documents/projects/gymlog/test/upgrade/session_2_acceptance_render_test.dart: library-choice-error-neonMagenta-1.0x-synthetic
02:42 +1878: C:/Users/Atharva Patil/Documents/projects/gymlog/test/upgrade/session_2_acceptance_render_test.dart: home-loading-neonMagenta-1.0x-synthetic
02:42 +1879: C:/Users/Atharva Patil/Documents/projects/gymlog/test/upgrade/session_2_acceptance_render_test.dart: library-loading-neonMagenta-1.0x-synthetic
02:42 +1880: C:/Users/Atharva Patil/Documents/projects/gymlog/test/upgrade/session_2_acceptance_render_test.dart: home-active-chosen-neonMagenta-1.0x-synthetic
02:42 +1881: C:/Users/Atharva Patil/Documents/projects/gymlog/test/upgrade/session_2_acceptance_render_test.dart: library-active-chosen-neonMagenta-1.0x-synthetic
02:42 +1882: C:/Users/Atharva Patil/Documents/projects/gymlog/test/upgrade/session_2_acceptance_render_test.dart: home-active-no-choice-neonMagenta-1.0x-synthetic
02:42 +1883: C:/Users/Atharva Patil/Documents/projects/gymlog/test/upgrade/session_2_acceptance_render_test.dart: library-active-no-choice-neonMagenta-1.0x-synthetic
02:42 +1884: C:/Users/Atharva Patil/Documents/projects/gymlog/test/upgrade/session_2_acceptance_render_test.dart: home-active-no-routine-neonMagenta-1.0x-synthetic
02:42 +1885: C:/Users/Atharva Patil/Documents/projects/gymlog/test/upgrade/session_2_acceptance_render_test.dart: library-active-no-routine-neonMagenta-1.0x-synthetic
02:42 +1886: C:/Users/Atharva Patil/Documents/projects/gymlog/test/upgrade/session_2_acceptance_render_test.dart: home-active-error-neonMagenta-1.0x-synthetic
02:42 +1887: C:/Users/Atharva Patil/Documents/projects/gymlog/test/upgrade/session_2_acceptance_render_test.dart: library-active-error-neonMagenta-1.0x-synthetic
02:42 +1888: C:/Users/Atharva Patil/Documents/projects/gymlog/test/upgrade/session_2_acceptance_render_test.dart: home-active-deleted-choice-neonMagenta-1.0x-synthetic
02:42 +1889: C:/Users/Atharva Patil/Documents/projects/gymlog/test/upgrade/session_2_acceptance_render_test.dart: library-active-deleted-choice-neonMagenta-1.0x-synthetic
02:42 +1890: C:/Users/Atharva Patil/Documents/projects/gymlog/test/upgrade/session_2_acceptance_render_test.dart: home-active-empty-choice-neonMagenta-1.0x-synthetic
02:42 +1891: C:/Users/Atharva Patil/Documents/projects/gymlog/test/upgrade/session_2_acceptance_render_test.dart: library-active-empty-choice-neonMagenta-1.0x-synthetic
02:42 +1892: C:/Users/Atharva Patil/Documents/projects/gymlog/test/upgrade/session_2_acceptance_render_test.dart: home-active-choice-error-neonMagenta-1.0x-synthetic
02:42 +1893: C:/Users/Atharva Patil/Documents/projects/gymlog/test/upgrade/session_2_acceptance_render_test.dart: library-active-choice-error-neonMagenta-1.0x-synthetic
02:43 +1894: C:/Users/Atharva Patil/Documents/projects/gymlog/test/upgrade/session_2_acceptance_render_test.dart: home-chosen-neonMagenta-1.6x-synthetic
02:43 +1895: C:/Users/Atharva Patil/Documents/projects/gymlog/test/upgrade/session_2_acceptance_render_test.dart: library-chosen-neonMagenta-1.6x-synthetic
02:43 +1896: C:/Users/Atharva Patil/Documents/projects/gymlog/test/upgrade/session_2_acceptance_render_test.dart: home-no-choice-neonMagenta-1.6x-synthetic
02:43 +1897: C:/Users/Atharva Patil/Documents/projects/gymlog/test/upgrade/session_2_acceptance_render_test.dart: library-no-choice-neonMagenta-1.6x-synthetic
02:43 +1898: C:/Users/Atharva Patil/Documents/projects/gymlog/test/upgrade/session_2_acceptance_render_test.dart: home-deleted-choice-neonMagenta-1.6x-synthetic
02:43 +1899: C:/Users/Atharva Patil/Documents/projects/gymlog/test/upgrade/session_2_acceptance_render_test.dart: library-deleted-choice-neonMagenta-1.6x-synthetic
02:43 +1900: C:/Users/Atharva Patil/Documents/projects/gymlog/test/upgrade/session_2_acceptance_render_test.dart: home-empty-choice-neonMagenta-1.6x-synthetic
02:43 +1901: C:/Users/Atharva Patil/Documents/projects/gymlog/test/upgrade/session_2_acceptance_render_test.dart: library-empty-choice-neonMagenta-1.6x-synthetic
02:43 +1902: C:/Users/Atharva Patil/Documents/projects/gymlog/test/upgrade/session_2_acceptance_render_test.dart: home-new-user-neonMagenta-1.6x-synthetic
02:43 +1903: C:/Users/Atharva Patil/Documents/projects/gymlog/test/upgrade/session_2_acceptance_render_test.dart: library-new-user-neonMagenta-1.6x-synthetic
02:43 +1904: C:/Users/Atharva Patil/Documents/projects/gymlog/test/upgrade/session_2_acceptance_render_test.dart: home-no-routine-neonMagenta-1.6x-synthetic
02:44 +1905: C:/Users/Atharva Patil/Documents/projects/gymlog/test/upgrade/session_2_acceptance_render_test.dart: library-no-routine-neonMagenta-1.6x-synthetic
02:44 +1906: C:/Users/Atharva Patil/Documents/projects/gymlog/test/upgrade/session_2_acceptance_render_test.dart: home-inactive-return-neonMagenta-1.6x-synthetic
02:44 +1907: C:/Users/Atharva Patil/Documents/projects/gymlog/test/upgrade/session_2_acceptance_render_test.dart: library-inactive-return-neonMagenta-1.6x-synthetic
02:44 +1908: C:/Users/Atharva Patil/Documents/projects/gymlog/test/upgrade/session_2_acceptance_render_test.dart: home-low-data-neonMagenta-1.6x-synthetic
02:44 +1909: C:/Users/Atharva Patil/Documents/projects/gymlog/test/upgrade/session_2_acceptance_render_test.dart: library-low-data-neonMagenta-1.6x-synthetic
02:44 +1910: C:/Users/Atharva Patil/Documents/projects/gymlog/test/upgrade/session_2_acceptance_render_test.dart: home-error-neonMagenta-1.6x-synthetic
02:44 +1911: C:/Users/Atharva Patil/Documents/projects/gymlog/test/upgrade/session_2_acceptance_render_test.dart: library-error-neonMagenta-1.6x-synthetic
02:44 +1912: C:/Users/Atharva Patil/Documents/projects/gymlog/test/upgrade/session_2_acceptance_render_test.dart: home-previous-error-neonMagenta-1.6x-synthetic
02:44 +1913: C:/Users/Atharva Patil/Documents/projects/gymlog/test/upgrade/session_2_acceptance_render_test.dart: library-previous-error-neonMagenta-1.6x-synthetic
02:44 +1914: C:/Users/Atharva Patil/Documents/projects/gymlog/test/upgrade/session_2_acceptance_render_test.dart: home-choice-error-neonMagenta-1.6x-synthetic
02:44 +1915: C:/Users/Atharva Patil/Documents/projects/gymlog/test/upgrade/session_2_acceptance_render_test.dart: library-choice-error-neonMagenta-1.6x-synthetic
02:44 +1916: C:/Users/Atharva Patil/Documents/projects/gymlog/test/upgrade/session_2_acceptance_render_test.dart: home-loading-neonMagenta-1.6x-synthetic
02:44 +1917: C:/Users/Atharva Patil/Documents/projects/gymlog/test/upgrade/session_2_acceptance_render_test.dart: library-loading-neonMagenta-1.6x-synthetic
02:44 +1918: C:/Users/Atharva Patil/Documents/projects/gymlog/test/upgrade/session_2_acceptance_render_test.dart: home-active-chosen-neonMagenta-1.6x-synthetic
02:44 +1919: C:/Users/Atharva Patil/Documents/projects/gymlog/test/upgrade/session_2_acceptance_render_test.dart: library-active-chosen-neonMagenta-1.6x-synthetic
02:45 +1920: C:/Users/Atharva Patil/Documents/projects/gymlog/test/upgrade/session_2_acceptance_render_test.dart: home-active-no-choice-neonMagenta-1.6x-synthetic
02:45 +1921: C:/Users/Atharva Patil/Documents/projects/gymlog/test/upgrade/session_2_acceptance_render_test.dart: library-active-no-choice-neonMagenta-1.6x-synthetic
02:45 +1922: C:/Users/Atharva Patil/Documents/projects/gymlog/test/upgrade/session_2_acceptance_render_test.dart: home-active-no-routine-neonMagenta-1.6x-synthetic
02:45 +1923: C:/Users/Atharva Patil/Documents/projects/gymlog/test/upgrade/session_2_acceptance_render_test.dart: library-active-no-routine-neonMagenta-1.6x-synthetic
02:45 +1924: C:/Users/Atharva Patil/Documents/projects/gymlog/test/upgrade/session_2_acceptance_render_test.dart: home-active-error-neonMagenta-1.6x-synthetic
02:45 +1925: C:/Users/Atharva Patil/Documents/projects/gymlog/test/upgrade/session_2_acceptance_render_test.dart: library-active-error-neonMagenta-1.6x-synthetic
02:45 +1926: C:/Users/Atharva Patil/Documents/projects/gymlog/test/upgrade/session_2_acceptance_render_test.dart: home-active-deleted-choice-neonMagenta-1.6x-synthetic
02:45 +1927: C:/Users/Atharva Patil/Documents/projects/gymlog/test/upgrade/session_2_acceptance_render_test.dart: library-active-deleted-choice-neonMagenta-1.6x-synthetic
02:45 +1928: C:/Users/Atharva Patil/Documents/projects/gymlog/test/upgrade/session_2_acceptance_render_test.dart: home-active-empty-choice-neonMagenta-1.6x-synthetic
02:45 +1929: C:/Users/Atharva Patil/Documents/projects/gymlog/test/upgrade/session_2_acceptance_render_test.dart: library-active-empty-choice-neonMagenta-1.6x-synthetic
02:45 +1930: C:/Users/Atharva Patil/Documents/projects/gymlog/test/upgrade/session_2_acceptance_render_test.dart: home-active-choice-error-neonMagenta-1.6x-synthetic
02:45 +1931: C:/Users/Atharva Patil/Documents/projects/gymlog/test/upgrade/session_2_acceptance_render_test.dart: library-active-choice-error-neonMagenta-1.6x-synthetic
02:45 +1932: C:/Users/Atharva Patil/Documents/projects/gymlog/test/upgrade/session_2_acceptance_render_test.dart: home-chosen-blazeOrange-1.0x-synthetic
02:46 +1933: C:/Users/Atharva Patil/Documents/projects/gymlog/test/upgrade/session_2_acceptance_render_test.dart: library-chosen-blazeOrange-1.0x-synthetic
02:46 +1934: C:/Users/Atharva Patil/Documents/projects/gymlog/test/upgrade/session_2_acceptance_render_test.dart: home-no-choice-blazeOrange-1.0x-synthetic
02:46 +1935: C:/Users/Atharva Patil/Documents/projects/gymlog/test/upgrade/session_2_acceptance_render_test.dart: library-no-choice-blazeOrange-1.0x-synthetic
02:46 +1936: C:/Users/Atharva Patil/Documents/projects/gymlog/test/upgrade/session_2_acceptance_render_test.dart: home-deleted-choice-blazeOrange-1.0x-synthetic
02:46 +1937: C:/Users/Atharva Patil/Documents/projects/gymlog/test/upgrade/session_2_acceptance_render_test.dart: library-deleted-choice-blazeOrange-1.0x-synthetic
02:46 +1938: C:/Users/Atharva Patil/Documents/projects/gymlog/test/upgrade/session_2_acceptance_render_test.dart: home-empty-choice-blazeOrange-1.0x-synthetic
02:46 +1939: C:/Users/Atharva Patil/Documents/projects/gymlog/test/upgrade/session_2_acceptance_render_test.dart: library-empty-choice-blazeOrange-1.0x-synthetic
02:46 +1940: C:/Users/Atharva Patil/Documents/projects/gymlog/test/upgrade/session_2_acceptance_render_test.dart: home-new-user-blazeOrange-1.0x-synthetic
02:46 +1941: C:/Users/Atharva Patil/Documents/projects/gymlog/test/upgrade/session_2_acceptance_render_test.dart: library-new-user-blazeOrange-1.0x-synthetic
02:46 +1942: C:/Users/Atharva Patil/Documents/projects/gymlog/test/upgrade/session_2_acceptance_render_test.dart: home-no-routine-blazeOrange-1.0x-synthetic
02:46 +1943: C:/Users/Atharva Patil/Documents/projects/gymlog/test/upgrade/session_2_acceptance_render_test.dart: library-no-routine-blazeOrange-1.0x-synthetic
02:46 +1944: C:/Users/Atharva Patil/Documents/projects/gymlog/test/upgrade/session_2_acceptance_render_test.dart: home-inactive-return-blazeOrange-1.0x-synthetic
02:46 +1945: C:/Users/Atharva Patil/Documents/projects/gymlog/test/upgrade/session_2_acceptance_render_test.dart: library-inactive-return-blazeOrange-1.0x-synthetic
02:46 +1946: C:/Users/Atharva Patil/Documents/projects/gymlog/test/upgrade/session_2_acceptance_render_test.dart: home-low-data-blazeOrange-1.0x-synthetic
02:46 +1947: C:/Users/Atharva Patil/Documents/projects/gymlog/test/upgrade/session_2_acceptance_render_test.dart: library-low-data-blazeOrange-1.0x-synthetic
02:47 +1948: C:/Users/Atharva Patil/Documents/projects/gymlog/test/upgrade/session_2_acceptance_render_test.dart: home-error-blazeOrange-1.0x-synthetic
02:47 +1949: C:/Users/Atharva Patil/Documents/projects/gymlog/test/upgrade/session_2_acceptance_render_test.dart: library-error-blazeOrange-1.0x-synthetic
02:47 +1950: C:/Users/Atharva Patil/Documents/projects/gymlog/test/upgrade/session_2_acceptance_render_test.dart: home-previous-error-blazeOrange-1.0x-synthetic
02:47 +1951: C:/Users/Atharva Patil/Documents/projects/gymlog/test/upgrade/session_2_acceptance_render_test.dart: library-previous-error-blazeOrange-1.0x-synthetic
02:47 +1952: C:/Users/Atharva Patil/Documents/projects/gymlog/test/upgrade/session_2_acceptance_render_test.dart: home-choice-error-blazeOrange-1.0x-synthetic
02:47 +1953: C:/Users/Atharva Patil/Documents/projects/gymlog/test/upgrade/session_2_acceptance_render_test.dart: library-choice-error-blazeOrange-1.0x-synthetic
02:47 +1954: C:/Users/Atharva Patil/Documents/projects/gymlog/test/upgrade/session_2_acceptance_render_test.dart: home-loading-blazeOrange-1.0x-synthetic
02:47 +1955: C:/Users/Atharva Patil/Documents/projects/gymlog/test/upgrade/session_2_acceptance_render_test.dart: library-loading-blazeOrange-1.0x-synthetic
02:47 +1956: C:/Users/Atharva Patil/Documents/projects/gymlog/test/upgrade/session_2_acceptance_render_test.dart: home-active-chosen-blazeOrange-1.0x-synthetic
02:47 +1957: C:/Users/Atharva Patil/Documents/projects/gymlog/test/upgrade/session_2_acceptance_render_test.dart: library-active-chosen-blazeOrange-1.0x-synthetic
02:47 +1958: C:/Users/Atharva Patil/Documents/projects/gymlog/test/upgrade/session_2_acceptance_render_test.dart: home-active-no-choice-blazeOrange-1.0x-synthetic
02:47 +1959: C:/Users/Atharva Patil/Documents/projects/gymlog/test/upgrade/session_2_acceptance_render_test.dart: library-active-no-choice-blazeOrange-1.0x-synthetic
02:47 +1960: C:/Users/Atharva Patil/Documents/projects/gymlog/test/upgrade/session_2_acceptance_render_test.dart: home-active-no-routine-blazeOrange-1.0x-synthetic
02:47 +1961: C:/Users/Atharva Patil/Documents/projects/gymlog/test/upgrade/session_2_acceptance_render_test.dart: library-active-no-routine-blazeOrange-1.0x-synthetic
02:47 +1962: C:/Users/Atharva Patil/Documents/projects/gymlog/test/upgrade/session_2_acceptance_render_test.dart: home-active-error-blazeOrange-1.0x-synthetic
02:47 +1963: C:/Users/Atharva Patil/Documents/projects/gymlog/test/upgrade/session_2_acceptance_render_test.dart: library-active-error-blazeOrange-1.0x-synthetic
02:47 +1964: C:/Users/Atharva Patil/Documents/projects/gymlog/test/upgrade/session_2_acceptance_render_test.dart: home-active-deleted-choice-blazeOrange-1.0x-synthetic
02:47 +1965: C:/Users/Atharva Patil/Documents/projects/gymlog/test/upgrade/session_2_acceptance_render_test.dart: library-active-deleted-choice-blazeOrange-1.0x-synthetic
02:48 +1966: C:/Users/Atharva Patil/Documents/projects/gymlog/test/upgrade/session_2_acceptance_render_test.dart: home-active-empty-choice-blazeOrange-1.0x-synthetic
02:48 +1967: C:/Users/Atharva Patil/Documents/projects/gymlog/test/upgrade/session_2_acceptance_render_test.dart: library-active-empty-choice-blazeOrange-1.0x-synthetic
02:48 +1968: C:/Users/Atharva Patil/Documents/projects/gymlog/test/upgrade/session_2_acceptance_render_test.dart: home-active-choice-error-blazeOrange-1.0x-synthetic
02:48 +1969: C:/Users/Atharva Patil/Documents/projects/gymlog/test/upgrade/session_2_acceptance_render_test.dart: library-active-choice-error-blazeOrange-1.0x-synthetic
02:48 +1970: C:/Users/Atharva Patil/Documents/projects/gymlog/test/upgrade/session_2_acceptance_render_test.dart: home-chosen-blazeOrange-1.6x-synthetic
02:48 +1971: C:/Users/Atharva Patil/Documents/projects/gymlog/test/upgrade/session_2_acceptance_render_test.dart: library-chosen-blazeOrange-1.6x-synthetic
02:48 +1972: C:/Users/Atharva Patil/Documents/projects/gymlog/test/upgrade/session_2_acceptance_render_test.dart: home-no-choice-blazeOrange-1.6x-synthetic
02:48 +1973: C:/Users/Atharva Patil/Documents/projects/gymlog/test/upgrade/session_2_acceptance_render_test.dart: library-no-choice-blazeOrange-1.6x-synthetic
02:48 +1974: C:/Users/Atharva Patil/Documents/projects/gymlog/test/upgrade/session_2_acceptance_render_test.dart: home-deleted-choice-blazeOrange-1.6x-synthetic
02:48 +1975: C:/Users/Atharva Patil/Documents/projects/gymlog/test/upgrade/session_2_acceptance_render_test.dart: library-deleted-choice-blazeOrange-1.6x-synthetic
02:48 +1976: C:/Users/Atharva Patil/Documents/projects/gymlog/test/upgrade/session_2_acceptance_render_test.dart: home-empty-choice-blazeOrange-1.6x-synthetic
02:48 +1977: C:/Users/Atharva Patil/Documents/projects/gymlog/test/upgrade/session_2_acceptance_render_test.dart: library-empty-choice-blazeOrange-1.6x-synthetic
02:49 +1978: C:/Users/Atharva Patil/Documents/projects/gymlog/test/upgrade/session_2_acceptance_render_test.dart: home-new-user-blazeOrange-1.6x-synthetic
02:49 +1979: C:/Users/Atharva Patil/Documents/projects/gymlog/test/upgrade/session_2_acceptance_render_test.dart: library-new-user-blazeOrange-1.6x-synthetic
02:49 +1980: C:/Users/Atharva Patil/Documents/projects/gymlog/test/upgrade/session_2_acceptance_render_test.dart: home-no-routine-blazeOrange-1.6x-synthetic
02:49 +1981: C:/Users/Atharva Patil/Documents/projects/gymlog/test/upgrade/session_2_acceptance_render_test.dart: library-no-routine-blazeOrange-1.6x-synthetic
02:49 +1982: C:/Users/Atharva Patil/Documents/projects/gymlog/test/upgrade/session_2_acceptance_render_test.dart: home-inactive-return-blazeOrange-1.6x-synthetic
02:49 +1983: C:/Users/Atharva Patil/Documents/projects/gymlog/test/upgrade/session_2_acceptance_render_test.dart: library-inactive-return-blazeOrange-1.6x-synthetic
02:49 +1984: C:/Users/Atharva Patil/Documents/projects/gymlog/test/upgrade/session_2_acceptance_render_test.dart: home-low-data-blazeOrange-1.6x-synthetic
02:49 +1985: C:/Users/Atharva Patil/Documents/projects/gymlog/test/upgrade/session_2_acceptance_render_test.dart: library-low-data-blazeOrange-1.6x-synthetic
02:49 +1986: C:/Users/Atharva Patil/Documents/projects/gymlog/test/upgrade/session_2_acceptance_render_test.dart: home-error-blazeOrange-1.6x-synthetic
02:49 +1987: C:/Users/Atharva Patil/Documents/projects/gymlog/test/upgrade/session_2_acceptance_render_test.dart: library-error-blazeOrange-1.6x-synthetic
02:49 +1988: C:/Users/Atharva Patil/Documents/projects/gymlog/test/upgrade/session_2_acceptance_render_test.dart: home-previous-error-blazeOrange-1.6x-synthetic
02:49 +1989: C:/Users/Atharva Patil/Documents/projects/gymlog/test/upgrade/session_2_acceptance_render_test.dart: library-previous-error-blazeOrange-1.6x-synthetic
02:49 +1990: C:/Users/Atharva Patil/Documents/projects/gymlog/test/upgrade/session_2_acceptance_render_test.dart: home-choice-error-blazeOrange-1.6x-synthetic
02:49 +1991: C:/Users/Atharva Patil/Documents/projects/gymlog/test/upgrade/session_2_acceptance_render_test.dart: library-choice-error-blazeOrange-1.6x-synthetic
02:49 +1992: C:/Users/Atharva Patil/Documents/projects/gymlog/test/upgrade/session_2_acceptance_render_test.dart: home-loading-blazeOrange-1.6x-synthetic
02:49 +1993: C:/Users/Atharva Patil/Documents/projects/gymlog/test/upgrade/session_2_acceptance_render_test.dart: library-loading-blazeOrange-1.6x-synthetic
02:49 +1994: C:/Users/Atharva Patil/Documents/projects/gymlog/test/upgrade/session_2_acceptance_render_test.dart: home-active-chosen-blazeOrange-1.6x-synthetic
02:50 +1995: C:/Users/Atharva Patil/Documents/projects/gymlog/test/upgrade/session_2_acceptance_render_test.dart: library-active-chosen-blazeOrange-1.6x-synthetic
02:50 +1996: C:/Users/Atharva Patil/Documents/projects/gymlog/test/upgrade/session_2_acceptance_render_test.dart: home-active-no-choice-blazeOrange-1.6x-synthetic
02:50 +1997: C:/Users/Atharva Patil/Documents/projects/gymlog/test/upgrade/session_2_acceptance_render_test.dart: library-active-no-choice-blazeOrange-1.6x-synthetic
02:50 +1998: C:/Users/Atharva Patil/Documents/projects/gymlog/test/upgrade/session_2_acceptance_render_test.dart: home-active-no-routine-blazeOrange-1.6x-synthetic
02:50 +1999: C:/Users/Atharva Patil/Documents/projects/gymlog/test/upgrade/session_2_acceptance_render_test.dart: library-active-no-routine-blazeOrange-1.6x-synthetic
02:50 +2000: C:/Users/Atharva Patil/Documents/projects/gymlog/test/upgrade/session_2_acceptance_render_test.dart: home-active-error-blazeOrange-1.6x-synthetic
02:50 +2001: C:/Users/Atharva Patil/Documents/projects/gymlog/test/upgrade/session_2_acceptance_render_test.dart: library-active-error-blazeOrange-1.6x-synthetic
02:50 +2002: C:/Users/Atharva Patil/Documents/projects/gymlog/test/upgrade/session_2_acceptance_render_test.dart: home-active-deleted-choice-blazeOrange-1.6x-synthetic
02:50 +2003: C:/Users/Atharva Patil/Documents/projects/gymlog/test/upgrade/session_2_acceptance_render_test.dart: library-active-deleted-choice-blazeOrange-1.6x-synthetic
02:50 +2004: C:/Users/Atharva Patil/Documents/projects/gymlog/test/upgrade/session_2_acceptance_render_test.dart: home-active-empty-choice-blazeOrange-1.6x-synthetic
02:50 +2005: C:/Users/Atharva Patil/Documents/projects/gymlog/test/upgrade/session_2_acceptance_render_test.dart: library-active-empty-choice-blazeOrange-1.6x-synthetic
02:50 +2006: C:/Users/Atharva Patil/Documents/projects/gymlog/test/upgrade/session_2_acceptance_render_test.dart: home-active-choice-error-blazeOrange-1.6x-synthetic
02:50 +2007: C:/Users/Atharva Patil/Documents/projects/gymlog/test/upgrade/session_2_acceptance_render_test.dart: library-active-choice-error-blazeOrange-1.6x-synthetic
02:50 +2008: C:/Users/Atharva Patil/Documents/projects/gymlog/test/upgrade/session_2_acceptance_render_test.dart: (tearDownAll)
02:50 +2008: All tests passed!

âœ… verify passed - desired state is mechanically confirmed.
