
â–¸ check inline GoogleFonts

â–¸ check non-semantic AppColors in migrated screens
â–¸ format
Formatted 383 files (0 changed) in 2.83 seconds.

â–¸ analyze
Analyzing gymlog...                                             
No issues found! (ran in 48.0s)

â–¸ custom_lint
Analyzing...

No issues found!

â–¸ test
00:00 +0: loading C:/Users/Atharva Patil/Documents/projects/gymlog/test/a11y_wrapper_single_node_test.dart
00:00 +0: C:/Users/Atharva Patil/Documents/projects/gymlog/test/a11y_wrapper_single_node_test.dart: ProLockPill publishes a single semantic node with its label
00:00 +1: C:/Users/Atharva Patil/Documents/projects/gymlog/test/accessibility_atomic_12_test.dart: ATOMIC-12 Accessibility & Screen-Reader Qualification SetRow renders single coherent semantic label with custom actions
00:01 +2: C:/Users/Atharva Patil/Documents/projects/gymlog/test/accessibility_atomic_12_test.dart: ATOMIC-12 Accessibility & Screen-Reader Qualification SetRow renders single coherent semantic label with custom actions
00:01 +3: C:/Users/Atharva Patil/Documents/projects/gymlog/test/accessibility_atomic_12_test.dart: ATOMIC-12 Accessibility & Screen-Reader Qualification SetRow renders single coherent semantic label with custom actions
00:01 +4: C:/Users/Atharva Patil/Documents/projects/gymlog/test/accessibility_atomic_12_test.dart: ATOMIC-12 Accessibility & Screen-Reader Qualification SetRow renders single coherent semantic label with custom actions
00:02 +5: C:/Users/Atharva Patil/Documents/projects/gymlog/test/accessibility_core_journey_test.dart: SetRow interactive elements meet 48dp touch target requirements
00:02 +6: C:/Users/Atharva Patil/Documents/projects/gymlog/test/accessibility_core_journey_test.dart: SetRow interactive elements meet 48dp touch target requirements
00:02 +7: C:/Users/Atharva Patil/Documents/projects/gymlog/test/accessibility_core_journey_test.dart: SetRow interactive elements meet 48dp touch target requirements
00:02 +8: C:/Users/Atharva Patil/Documents/projects/gymlog/test/accessibility_core_journey_test.dart: SetRow interactive elements meet 48dp touch target requirements
00:02 +9: C:/Users/Atharva Patil/Documents/projects/gymlog/test/accessibility_core_journey_test.dart: SetRow interactive elements meet 48dp touch target requirements
00:02 +10: C:/Users/Atharva Patil/Documents/projects/gymlog/test/accessibility_core_journey_test.dart: SetRow interactive elements meet 48dp touch target requirements
00:03 +11: C:/Users/Atharva Patil/Documents/projects/gymlog/test/accessibility_target_size_test.dart: _FilterChipButton in ExerciseSelectionScreen is at least 48dp tall
00:03 +11: C:/Users/Atharva Patil/Documents/projects/gymlog/test/accessibility_core_journey_test.dart: RestOverrideChip meets 48dp touch target requirements
WARNING (drift): It looks like you've created the database class AppDatabase multiple times. When these two databases use the same QueryExecutor, race conditions will occur and might corrupt the database. 
Try to follow the advice at https://drift.simonbinder.eu/faq/#using-the-database or, if you know what you're doing, set driftRuntimeOptions.dontWarnAboutMultipleDatabases = true
Here is the stacktrace from when the database was opened a second time:
#0      GeneratedDatabase._handleInstantiated (package:drift/src/runtime/api/db_base.dart:96:30)
#1      GeneratedDatabase._whenConstructed (package:drift/src/runtime/api/db_base.dart:73:12)
#2      new GeneratedDatabase (package:drift/src/runtime/api/db_base.dart:64:5)
#3      new _$AppDatabase (package:gymlog/core/database/database.g.dart:4170:36)
#4      new AppDatabase.forTesting (package:gymlog/core/database/database.dart)
#5      main.<anonymous closure> (file:///C:/Users/Atharva%20Patil/Documents/projects/gymlog/test/accessibility_core_journey_test.dart:41:22)
#6      Declarer._runSetUps.<anonymous closure> (package:test_api/src/backend/declarer.dart:439:61)
#7      Future.forEach.<anonymous closure> (dart:async/future.dart:674:26)
#8      Future.doWhile.<anonymous closure> (dart:async/future.dart:732:26)
#9      StackZoneSpecification._registerUnaryCallback.<anonymous closure>.<anonymous closure> (package:stack_trace/src/stack_zone_specification.dart:127:36)
#10     StackZoneSpecification._run (package:stack_trace/src/stack_zone_specification.dart:207:15)
#11     StackZoneSpecification._registerUnaryCallback.<anonymous closure> (package:stack_trace/src/stack_zone_specification.dart:127:24)
#12     _rootRunUnary (dart:async/zone_root.dart:48:47)
#13     _CustomZone.runUnary (dart:async/zone.dart:733:19)
#14     _CustomZone.runUnaryGuarded (dart:async/zone.dart:633:7)
#15     _CustomZone.bindUnaryCallbackGuarded.<anonymous closure> (dart:async/zone.dart:671:26)
#16     Future.doWhile (dart:async/future.dart:749:18)
#17     Future.forEach (dart:async/future.dart:672:12)
#18     Declarer._runSetUps (package:test_api/src/backend/declarer.dart:439:18)
#19     Declarer.test.<anonymous closure>.<anonymous closure> (package:test_api/src/backend/declarer.dart:252:21)
#20     _rootRun (dart:async/zone_root.dart:35:13)
#21     _CustomZone.run (dart:async/zone.dart:726:19)
#22     _runZoned (dart:async/zone_api.dart:166:6)
#23     runZoned (dart:async/zone_api.dart:92:10)
#24     Declarer.test.<anonymous closure> (package:test_api/src/backend/declarer.dart:250:17)
#25     Invoker._waitForOutstandingCallbacks.<anonymous closure> (package:test_api/src/backend/invoker.dart:318:17)
#26     _rootRun (dart:async/zone_root.dart:35:13)
#27     _CustomZone.run (dart:async/zone.dart:726:19)
#28     _runZoned (dart:async/zone_api.dart:166:6)
#29     runZoned (dart:async/zone_api.dart:92:10)
#30     Invoker._waitForOutstandingCallbacks (package:test_api/src/backend/invoker.dart:314:5)
#31     Invoker._onRun.<anonymous closure>.<anonymous closure>.<anonymous closure> (package:test_api/src/backend/invoker.dart:457:21)
<asynchronous suspension>
This warning will only appear on debug builds.
00:03 +12: C:/Users/Atharva Patil/Documents/projects/gymlog/test/accessibility_target_size_test.dart: _FilterChipButton in ExerciseSelectionScreen is at least 48dp tall
00:04 +12: C:/Users/Atharva Patil/Documents/projects/gymlog/test/accessibility_core_journey_test.dart: RestOverride sheet elements meet 48dp touch target requirements
WARNING (drift): It looks like you've created the database class AppDatabase multiple times. When these two databases use the same QueryExecutor, race conditions will occur and might corrupt the database. 
Try to follow the advice at https://drift.simonbinder.eu/faq/#using-the-database or, if you know what you're doing, set driftRuntimeOptions.dontWarnAboutMultipleDatabases = true
Here is the stacktrace from when the database was opened a second time:
#0      GeneratedDatabase._handleInstantiated (package:drift/src/runtime/api/db_base.dart:96:30)
#1      GeneratedDatabase._whenConstructed (package:drift/src/runtime/api/db_base.dart:73:12)
#2      new GeneratedDatabase (package:drift/src/runtime/api/db_base.dart:64:5)
#3      new _$AppDatabase (package:gymlog/core/database/database.g.dart:4170:36)
#4      new AppDatabase.forTesting (package:gymlog/core/database/database.dart)
#5      main.<anonymous closure> (file:///C:/Users/Atharva%20Patil/Documents/projects/gymlog/test/accessibility_core_journey_test.dart:41:22)
#6      Declarer._runSetUps.<anonymous closure> (package:test_api/src/backend/declarer.dart:439:61)
#7      Future.forEach.<anonymous closure> (dart:async/future.dart:674:26)
#8      Future.doWhile.<anonymous closure> (dart:async/future.dart:732:26)
#9      StackZoneSpecification._registerUnaryCallback.<anonymous closure>.<anonymous closure> (package:stack_trace/src/stack_zone_specification.dart:127:36)
#10     StackZoneSpecification._run (package:stack_trace/src/stack_zone_specification.dart:207:15)
#11     StackZoneSpecification._registerUnaryCallback.<anonymous closure> (package:stack_trace/src/stack_zone_specification.dart:127:24)
#12     _rootRunUnary (dart:async/zone_root.dart:48:47)
#13     _CustomZone.runUnary (dart:async/zone.dart:733:19)
#14     _CustomZone.runUnaryGuarded (dart:async/zone.dart:633:7)
#15     _CustomZone.bindUnaryCallbackGuarded.<anonymous closure> (dart:async/zone.dart:671:26)
#16     Future.doWhile (dart:async/future.dart:749:18)
#17     Future.forEach (dart:async/future.dart:672:12)
#18     Declarer._runSetUps (package:test_api/src/backend/declarer.dart:439:18)
#19     Declarer.test.<anonymous closure>.<anonymous closure> (package:test_api/src/backend/declarer.dart:252:21)
#20     _rootRun (dart:async/zone_root.dart:35:13)
#21     _CustomZone.run (dart:async/zone.dart:726:19)
#22     _runZoned (dart:async/zone_api.dart:166:6)
#23     runZoned (dart:async/zone_api.dart:92:10)
#24     Declarer.test.<anonymous closure> (package:test_api/src/backend/declarer.dart:250:17)
#25     Invoker._waitForOutstandingCallbacks.<anonymous closure> (package:test_api/src/backend/invoker.dart:318:17)
#26     _rootRun (dart:async/zone_root.dart:35:13)
#27     _CustomZone.run (dart:async/zone.dart:726:19)
#28     _runZoned (dart:async/zone_api.dart:166:6)
#29     runZoned (dart:async/zone_api.dart:92:10)
#30     Invoker._waitForOutstandingCallbacks (package:test_api/src/backend/invoker.dart:314:5)
#31     Invoker._onRun.<anonymous closure>.<anonymous closure>.<anonymous closure> (package:test_api/src/backend/invoker.dart:457:21)
<asynchronous suspension>
This warning will only appear on debug builds.
00:04 +13: C:/Users/Atharva Patil/Documents/projects/gymlog/test/accessibility_target_size_test.dart: _FilterChipButton in ExerciseSelectionScreen is at least 48dp tall
00:04 +14: C:/Users/Atharva Patil/Documents/projects/gymlog/test/active_workout_atomic_03_test.dart: ATOMIC-03 Active Workout & Card Geometry Suite 1. CompactRestChip visual height 34 & intrinsic width
00:04 +14: C:/Users/Atharva Patil/Documents/projects/gymlog/test/accessibility_core_journey_test.dart: RestTimerBar action buttons meet 48dp height requirement
WARNING (drift): It looks like you've created the database class AppDatabase multiple times. When these two databases use the same QueryExecutor, race conditions will occur and might corrupt the database. 
Try to follow the advice at https://drift.simonbinder.eu/faq/#using-the-database or, if you know what you're doing, set driftRuntimeOptions.dontWarnAboutMultipleDatabases = true
Here is the stacktrace from when the database was opened a second time:
#0      GeneratedDatabase._handleInstantiated (package:drift/src/runtime/api/db_base.dart:96:30)
#1      GeneratedDatabase._whenConstructed (package:drift/src/runtime/api/db_base.dart:73:12)
#2      new GeneratedDatabase (package:drift/src/runtime/api/db_base.dart:64:5)
#3      new _$AppDatabase (package:gymlog/core/database/database.g.dart:4170:36)
#4      new AppDatabase.forTesting (package:gymlog/core/database/database.dart)
#5      main.<anonymous closure> (file:///C:/Users/Atharva%20Patil/Documents/projects/gymlog/test/accessibility_core_journey_test.dart:41:22)
#6      Declarer._runSetUps.<anonymous closure> (package:test_api/src/backend/declarer.dart:439:61)
#7      Future.forEach.<anonymous closure> (dart:async/future.dart:674:26)
#8      Future.doWhile.<anonymous closure> (dart:async/future.dart:732:26)
#9      StackZoneSpecification._registerUnaryCallback.<anonymous closure>.<anonymous closure> (package:stack_trace/src/stack_zone_specification.dart:127:36)
#10     StackZoneSpecification._run (package:stack_trace/src/stack_zone_specification.dart:207:15)
#11     StackZoneSpecification._registerUnaryCallback.<anonymous closure> (package:stack_trace/src/stack_zone_specification.dart:127:24)
#12     _rootRunUnary (dart:async/zone_root.dart:48:47)
#13     _CustomZone.runUnary (dart:async/zone.dart:733:19)
#14     _CustomZone.runUnaryGuarded (dart:async/zone.dart:633:7)
#15     _CustomZone.bindUnaryCallbackGuarded.<anonymous closure> (dart:async/zone.dart:671:26)
#16     Future.doWhile (dart:async/future.dart:749:18)
#17     Future.forEach (dart:async/future.dart:672:12)
#18     Declarer._runSetUps (package:test_api/src/backend/declarer.dart:439:18)
#19     Declarer.test.<anonymous closure>.<anonymous closure> (package:test_api/src/backend/declarer.dart:252:21)
#20     _rootRun (dart:async/zone_root.dart:35:13)
#21     _CustomZone.run (dart:async/zone.dart:726:19)
#22     _runZoned (dart:async/zone_api.dart:166:6)
#23     runZoned (dart:async/zone_api.dart:92:10)
#24     Declarer.test.<anonymous closure> (package:test_api/src/backend/declarer.dart:250:17)
#25     Invoker._waitForOutstandingCallbacks.<anonymous closure> (package:test_api/src/backend/invoker.dart:318:17)
#26     _rootRun (dart:async/zone_root.dart:35:13)
#27     _CustomZone.run (dart:async/zone.dart:726:19)
#28     _runZoned (dart:async/zone_api.dart:166:6)
#29     runZoned (dart:async/zone_api.dart:92:10)
#30     Invoker._waitForOutstandingCallbacks (package:test_api/src/backend/invoker.dart:314:5)
#31     Invoker._onRun.<anonymous closure>.<anonymous closure>.<anonymous closure> (package:test_api/src/backend/invoker.dart:457:21)
<asynchronous suspension>
This warning will only appear on debug builds.
00:04 +15: C:/Users/Atharva Patil/Documents/projects/gymlog/test/active_workout_atomic_03_test.dart: ATOMIC-03 Active Workout & Card Geometry Suite 1. CompactRestChip visual height 34 & intrinsic width
00:04 +15: C:/Users/Atharva Patil/Documents/projects/gymlog/test/accessibility_core_journey_test.dart: ActiveWorkoutScreen renders correctly at 200% text scale without overflow
WARNING (drift): It looks like you've created the database class AppDatabase multiple times. When these two databases use the same QueryExecutor, race conditions will occur and might corrupt the database. 
Try to follow the advice at https://drift.simonbinder.eu/faq/#using-the-database or, if you know what you're doing, set driftRuntimeOptions.dontWarnAboutMultipleDatabases = true
Here is the stacktrace from when the database was opened a second time:
#0      GeneratedDatabase._handleInstantiated (package:drift/src/runtime/api/db_base.dart:96:30)
#1      GeneratedDatabase._whenConstructed (package:drift/src/runtime/api/db_base.dart:73:12)
#2      new GeneratedDatabase (package:drift/src/runtime/api/db_base.dart:64:5)
#3      new _$AppDatabase (package:gymlog/core/database/database.g.dart:4170:36)
#4      new AppDatabase.forTesting (package:gymlog/core/database/database.dart)
#5      main.<anonymous closure> (file:///C:/Users/Atharva%20Patil/Documents/projects/gymlog/test/accessibility_core_journey_test.dart:41:22)
#6      Declarer._runSetUps.<anonymous closure> (package:test_api/src/backend/declarer.dart:439:61)
#7      Future.forEach.<anonymous closure> (dart:async/future.dart:674:26)
#8      Future.doWhile.<anonymous closure> (dart:async/future.dart:732:26)
#9      StackZoneSpecification._registerUnaryCallback.<anonymous closure>.<anonymous closure> (package:stack_trace/src/stack_zone_specification.dart:127:36)
#10     StackZoneSpecification._run (package:stack_trace/src/stack_zone_specification.dart:207:15)
#11     StackZoneSpecification._registerUnaryCallback.<anonymous closure> (package:stack_trace/src/stack_zone_specification.dart:127:24)
#12     _rootRunUnary (dart:async/zone_root.dart:48:47)
#13     _CustomZone.runUnary (dart:async/zone.dart:733:19)
#14     _CustomZone.runUnaryGuarded (dart:async/zone.dart:633:7)
#15     _CustomZone.bindUnaryCallbackGuarded.<anonymous closure> (dart:async/zone.dart:671:26)
#16     Future.doWhile (dart:async/future.dart:749:18)
#17     Future.forEach (dart:async/future.dart:672:12)
#18     Declarer._runSetUps (package:test_api/src/backend/declarer.dart:439:18)
#19     Declarer.test.<anonymous closure>.<anonymous closure> (package:test_api/src/backend/declarer.dart:252:21)
#20     _rootRun (dart:async/zone_root.dart:35:13)
#21     _CustomZone.run (dart:async/zone.dart:726:19)
#22     _runZoned (dart:async/zone_api.dart:166:6)
#23     runZoned (dart:async/zone_api.dart:92:10)
#24     Declarer.test.<anonymous closure> (package:test_api/src/backend/declarer.dart:250:17)
#25     Invoker._waitForOutstandingCallbacks.<anonymous closure> (package:test_api/src/backend/invoker.dart:318:17)
#26     _rootRun (dart:async/zone_root.dart:35:13)
#27     _CustomZone.run (dart:async/zone.dart:726:19)
#28     _runZoned (dart:async/zone_api.dart:166:6)
#29     runZoned (dart:async/zone_api.dart:92:10)
#30     Invoker._waitForOutstandingCallbacks (package:test_api/src/backend/invoker.dart:314:5)
#31     Invoker._onRun.<anonymous closure>.<anonymous closure>.<anonymous closure> (package:test_api/src/backend/invoker.dart:457:21)
<asynchronous suspension>
This warning will only appear on debug builds.
00:04 +16: C:/Users/Atharva Patil/Documents/projects/gymlog/test/active_workout_atomic_03_test.dart: ATOMIC-03 Active Workout & Card Geometry Suite 1. CompactRestChip visual height 34 & intrinsic width
00:04 +17: C:/Users/Atharva Patil/Documents/projects/gymlog/test/active_workout_atomic_03_test.dart: ATOMIC-03 Active Workout & Card Geometry Suite 1. CompactRestChip visual height 34 & intrinsic width
00:04 +18: C:/Users/Atharva Patil/Documents/projects/gymlog/test/active_workout_atomic_03_test.dart: ATOMIC-03 Active Workout & Card Geometry Suite 2. CompactRestChip touch target minimum 48x48
00:04 +19: C:/Users/Atharva Patil/Documents/projects/gymlog/test/active_workout_atomic_03_test.dart: ATOMIC-03 Active Workout & Card Geometry Suite 3. SetRow cells have minHeight 48 and SetRow minHeight 56
00:05 +20: C:/Users/Atharva Patil/Documents/projects/gymlog/test/active_workout_atomic_03_test.dart: ATOMIC-03 Active Workout & Card Geometry Suite 3. SetRow cells have minHeight 48 and SetRow minHeight 56
00:05 +21: C:/Users/Atharva Patil/Documents/projects/gymlog/test/active_workout_atomic_04_test.dart: ATOMIC-04 Reversible Deletion & Replacement Policy Suite 2. Undo restores exact index and values
00:05 +22: C:/Users/Atharva Patil/Documents/projects/gymlog/test/active_workout_atomic_03_test.dart: ATOMIC-03 Active Workout & Card Geometry Suite 4. Reps-only column behavior hides weight column
00:05 +23: C:/Users/Atharva Patil/Documents/projects/gymlog/test/active_workout_atomic_03_test.dart: ATOMIC-03 Active Workout & Card Geometry Suite 4. Reps-only column behavior hides weight column
00:05 +24: C:/Users/Atharva Patil/Documents/projects/gymlog/test/active_workout_atomic_04_test.dart: ATOMIC-04 Reversible Deletion & Replacement Policy Suite 4. duplicate Undo is ignored
00:05 +25: C:/Users/Atharva Patil/Documents/projects/gymlog/test/active_workout_atomic_03_test.dart: ATOMIC-03 Active Workout & Card Geometry Suite 5. showAppSnackBar renders floating snackbar with radius 14
00:05 +26: C:/Users/Atharva Patil/Documents/projects/gymlog/test/active_workout_atomic_03_test.dart: ATOMIC-03 Active Workout & Card Geometry Suite 5. showAppSnackBar renders floating snackbar with radius 14
00:05 +27: C:/Users/Atharva Patil/Documents/projects/gymlog/test/active_workout_atomic_03_test.dart: ATOMIC-03 Active Workout & Card Geometry Suite 5. showAppSnackBar renders floating snackbar with radius 14
00:05 +28: C:/Users/Atharva Patil/Documents/projects/gymlog/test/active_workout_atomic_03_test.dart: ATOMIC-03 Active Workout & Card Geometry Suite 5. showAppSnackBar renders floating snackbar with radius 14
00:05 +29: C:/Users/Atharva Patil/Documents/projects/gymlog/test/active_workout_atomic_03_test.dart: ATOMIC-03 Active Workout & Card Geometry Suite 5. showAppSnackBar renders floating snackbar with radius 14
00:05 +30: C:/Users/Atharva Patil/Documents/projects/gymlog/test/active_workout_atomic_03_test.dart: ATOMIC-03 Active Workout & Card Geometry Suite 5. showAppSnackBar renders floating snackbar with radius 14
00:05 +31: C:/Users/Atharva Patil/Documents/projects/gymlog/test/active_workout_atomic_03_test.dart: ATOMIC-03 Active Workout & Card Geometry Suite 5. showAppSnackBar renders floating snackbar with radius 14
00:05 +32: C:/Users/Atharva Patil/Documents/projects/gymlog/test/active_workout_atomic_03_test.dart: ATOMIC-03 Active Workout & Card Geometry Suite 6. showAppSnackBar clears rest timer bar offset when active
00:06 +33: C:/Users/Atharva Patil/Documents/projects/gymlog/test/active_workout_draft_upgrade_test.dart: ATOMIC-RC3-05 Workout Draft and Routine Upgrades 1. WorkoutDraftStore upgrades legacy exercises via name inference on parse
00:06 +34: C:/Users/Atharva Patil/Documents/projects/gymlog/test/active_workout_draft_upgrade_test.dart: ATOMIC-RC3-05 Workout Draft and Routine Upgrades 2. ActiveWorkoutNotifier resumeDraft upgrades draft against database metadata
00:06 +35: C:/Users/Atharva Patil/Documents/projects/gymlog/test/active_workout_header_test.dart: ActiveWorkoutHeader normal layout renders elapsed time once at 1.0x
00:07 +36: C:/Users/Atharva Patil/Documents/projects/gymlog/test/active_workout_header_test.dart: ActiveWorkoutHeader normal layout renders elapsed time once at 1.0x
00:07 +37: C:/Users/Atharva Patil/Documents/projects/gymlog/test/active_workout_header_test.dart: ActiveWorkoutHeader normal layout renders elapsed time once at 1.0x
00:07 +38: C:/Users/Atharva Patil/Documents/projects/gymlog/test/active_workout_header_test.dart: ActiveWorkoutHeader normal layout renders elapsed time once at 1.0x
00:07 +39: C:/Users/Atharva Patil/Documents/projects/gymlog/test/active_workout_large_text_test.dart: ActiveWorkout large-text header pumps at 390x844 1.0x
00:07 +40: C:/Users/Atharva Patil/Documents/projects/gymlog/test/active_workout_large_text_test.dart: ActiveWorkout large-text header pumps at 390x844 1.0x
00:07 +41: C:/Users/Atharva Patil/Documents/projects/gymlog/test/active_workout_large_text_test.dart: ActiveWorkout large-text header pumps at 390x844 1.0x
00:07 +42: C:/Users/Atharva Patil/Documents/projects/gymlog/test/active_workout_large_text_test.dart: ActiveWorkout large-text header pumps at 390x844 1.0x
00:08 +43: C:/Users/Atharva Patil/Documents/projects/gymlog/test/active_workout_large_text_test.dart: ActiveWorkout large-text header pumps at 390x844 1.0x
00:08 +44: C:/Users/Atharva Patil/Documents/projects/gymlog/test/active_workout_large_text_test.dart: ActiveWorkout large-text header pumps at 390x844 1.0x
00:08 +45: C:/Users/Atharva Patil/Documents/projects/gymlog/test/active_workout_large_text_test.dart: ActiveWorkout large-text header pumps at 390x844 1.0x
00:08 +46: C:/Users/Atharva Patil/Documents/projects/gymlog/test/active_workout_large_text_test.dart: ActiveWorkout large-text header pumps at 390x844 1.0x
00:08 +47: C:/Users/Atharva Patil/Documents/projects/gymlog/test/active_workout_large_text_test.dart: ActiveWorkout large-text header pumps at 390x844 1.0x
00:08 +48: C:/Users/Atharva Patil/Documents/projects/gymlog/test/active_workout_large_text_test.dart: ActiveWorkout large-text header pumps at 390x844 1.0x
00:08 +49: C:/Users/Atharva Patil/Documents/projects/gymlog/test/active_workout_large_text_test.dart: ActiveWorkout large-text header pumps at 390x844 1.0x
00:08 +50: C:/Users/Atharva Patil/Documents/projects/gymlog/test/active_workout_large_text_test.dart: ActiveWorkout large-text header pumps at 390x844 1.0x
00:08 +51: C:/Users/Atharva Patil/Documents/projects/gymlog/test/active_workout_large_text_test.dart: ActiveWorkout large-text header pumps at 390x844 1.0x
00:08 +52: C:/Users/Atharva Patil/Documents/projects/gymlog/test/active_workout_large_text_test.dart: ActiveWorkout large-text header pumps at 390x844 1.0x
00:08 +53: C:/Users/Atharva Patil/Documents/projects/gymlog/test/active_workout_large_text_test.dart: ActiveWorkout large-text header pumps at 390x844 1.0x
00:08 +54: C:/Users/Atharva Patil/Documents/projects/gymlog/test/active_workout_large_text_test.dart: ActiveWorkout large-text header pumps at 390x844 1.0x
00:08 +55: C:/Users/Atharva Patil/Documents/projects/gymlog/test/active_workout_large_text_test.dart: ActiveWorkout large-text header pumps at 390x844 1.0x
00:09 +56: C:/Users/Atharva Patil/Documents/projects/gymlog/test/active_workout_minimize_test.dart: ActiveWorkoutScreen minimize handle has tap gesture, semantics and pops router
00:09 +57: C:/Users/Atharva Patil/Documents/projects/gymlog/test/active_workout_minimize_test.dart: ActiveWorkoutScreen minimize handle has tap gesture, semantics and pops router
00:10 +58: C:/Users/Atharva Patil/Documents/projects/gymlog/test/active_workout_minimize_test.dart: ActiveWorkoutScreen minimize handle has tap gesture, semantics and pops router
00:10 +59: C:/Users/Atharva Patil/Documents/projects/gymlog/test/active_workout_minimize_test.dart: ActiveWorkoutScreen minimize handle has tap gesture, semantics and pops router
00:10 +59: C:/Users/Atharva Patil/Documents/projects/gymlog/test/active_workout_persistence_fail_closed_test.dart: ATOMIC-RC3-01 Persistence Fail Closed Suite 1. Transaction failure retains state and draft
[finishWorkout] transaction failed: Exception: Simulated database write error
00:10 +60: C:/Users/Atharva Patil/Documents/projects/gymlog/test/active_workout_minimize_test.dart: ActiveWorkoutScreen minimize handle has tap gesture, semantics and pops router
00:10 +61: C:/Users/Atharva Patil/Documents/projects/gymlog/test/active_workout_minimize_test.dart: ActiveWorkoutScreen minimize handle has tap gesture, semantics and pops router
00:10 +61: C:/Users/Atharva Patil/Documents/projects/gymlog/test/active_workout_persistence_fail_closed_test.dart: ATOMIC-RC3-01 Persistence Fail Closed Suite 3. Edited-workout failure retains state
[saveEditedWorkout] transaction failed: Exception: Simulated database edit error
00:10 +62: C:/Users/Atharva Patil/Documents/projects/gymlog/test/active_workout_minimize_test.dart: ActiveWorkoutScreen minimize handle has tap gesture, semantics and pops router
00:11 +63: C:/Users/Atharva Patil/Documents/projects/gymlog/test/active_workout_minimize_test.dart: ActiveWorkoutScreen minimize handle has tap gesture, semantics and pops router
00:11 +64: C:/Users/Atharva Patil/Documents/projects/gymlog/test/active_workout_minimize_test.dart: ActiveWorkoutScreen minimize handle has tap gesture, semantics and pops router
00:11 +65: C:/Users/Atharva Patil/Documents/projects/gymlog/test/active_workout_minimize_test.dart: ActiveWorkoutScreen minimize handle has tap gesture, semantics and pops router
00:11 +66: C:/Users/Atharva Patil/Documents/projects/gymlog/test/active_workout_minimize_test.dart: ActiveWorkoutScreen minimize handle has tap gesture, semantics and pops router
00:12 +67: C:/Users/Atharva Patil/Documents/projects/gymlog/test/active_workout_set_row_test.dart: PREVIOUS column shows "15kg x 12" when prior data exists
00:12 +67: C:/Users/Atharva Patil/Documents/projects/gymlog/test/active_workout_start_test.dart: startWorkout backfills unique ids for exercises passed without one
[WorkoutDraftStore] save failed: Binding has not yet been initialized.
The "instance" getter on the ServicesBinding binding mixin is only available once that binding has been initialized.
Typically, this is done by calling "WidgetsFlutterBinding.ensureInitialized()" or "runApp()" (the latter calls the former). Typically this call is done in the "void main()" method. The "ensureInitialized" method is idempotent; calling it multiple times is not harmful. After calling that method, the "instance" getter will return the binding.
In a test, one can call "TestWidgetsFlutterBinding.ensureInitialized()" as the first line in the test's "main()" method to initialize the binding.
If ServicesBinding is a custom binding mixin, there must also be a custom binding class, like WidgetsFlutterBinding, but that mixes in the selected binding, and that is the class that must be constructed before using the "instance" getter.
00:12 +68: C:/Users/Atharva Patil/Documents/projects/gymlog/test/active_workout_set_row_test.dart: PREVIOUS column shows "15kg x 12" when prior data exists
00:12 +68: C:/Users/Atharva Patil/Documents/projects/gymlog/test/active_workout_start_test.dart: startWorkout preserves ids that callers already set
[WorkoutDraftStore] save failed: Binding has not yet been initialized.
The "instance" getter on the ServicesBinding binding mixin is only available once that binding has been initialized.
Typically, this is done by calling "WidgetsFlutterBinding.ensureInitialized()" or "runApp()" (the latter calls the former). Typically this call is done in the "void main()" method. The "ensureInitialized" method is idempotent; calling it multiple times is not harmful. After calling that method, the "instance" getter will return the binding.
In a test, one can call "TestWidgetsFlutterBinding.ensureInitialized()" as the first line in the test's "main()" method to initialize the binding.
If ServicesBinding is a custom binding mixin, there must also be a custom binding class, like WidgetsFlutterBinding, but that mixes in the selected binding, and that is the class that must be constructed before using the "instance" getter.
00:12 +69: C:/Users/Atharva Patil/Documents/projects/gymlog/test/active_workout_set_row_test.dart: PREVIOUS column shows "15kg x 12" when prior data exists
00:13 +70: C:/Users/Atharva Patil/Documents/projects/gymlog/test/active_workout_set_row_test.dart: PREVIOUS column shows "15kg x 12" when prior data exists
00:13 +71: C:/Users/Atharva Patil/Documents/projects/gymlog/test/active_workout_set_row_test.dart: PREVIOUS column shows "15kg x 12" when prior data exists
00:13 +72: C:/Users/Atharva Patil/Documents/projects/gymlog/test/active_workout_set_row_test.dart: PREVIOUS column shows "15kg x 12" when prior data exists
00:13 +73: C:/Users/Atharva Patil/Documents/projects/gymlog/test/active_workout_set_row_test.dart: PREVIOUS column shows "15kg x 12" when prior data exists
00:13 +74: C:/Users/Atharva Patil/Documents/projects/gymlog/test/active_workout_set_row_test.dart: PREVIOUS column shows "15kg x 12" when prior data exists
00:13 +75: C:/Users/Atharva Patil/Documents/projects/gymlog/test/active_workout_set_row_test.dart: PREVIOUS column shows "15kg x 12" when prior data exists
00:13 +76: C:/Users/Atharva Patil/Documents/projects/gymlog/test/active_workout_set_row_test.dart: PREVIOUS column shows "15kg x 12" when prior data exists
00:13 +77: C:/Users/Atharva Patil/Documents/projects/gymlog/test/active_workout_set_row_test.dart: PREVIOUS column shows "15kg x 12" when prior data exists
00:13 +78: C:/Users/Atharva Patil/Documents/projects/gymlog/test/active_workout_set_row_test.dart: PREVIOUS column shows "15kg x 12" when prior data exists
00:13 +79: C:/Users/Atharva Patil/Documents/projects/gymlog/test/active_workout_set_row_test.dart: PREVIOUS shows blank when there is no prior data
00:13 +80: C:/Users/Atharva Patil/Documents/projects/gymlog/test/active_workout_set_row_test.dart: SET column renders the type letter, never a number, for warmup
00:13 +81: C:/Users/Atharva Patil/Documents/projects/gymlog/test/active_workout_set_row_test.dart: normal set shows its 1-based number in the SET column
00:14 +82: C:/Users/Atharva Patil/Documents/projects/gymlog/test/active_workout_set_row_test.dart: no inline "kg" label and no "×" divider on the row
00:14 +83: C:/Users/Atharva Patil/Documents/projects/gymlog/test/auth/account_isolation_test.dart: (setUpAll)
00:14 +83: C:/Users/Atharva Patil/Documents/projects/gymlog/test/auth/account_isolation_test.dart: account A workouts hidden from account B
00:14 +84: C:/Users/Atharva Patil/Documents/projects/gymlog/test/auth/account_isolation_test.dart: account A drafts hidden from B
[WorkoutDraftStore] Ignoring draft from different user (user-a vs user-b)
00:14 +85: C:/Users/Atharva Patil/Documents/projects/gymlog/test/auth/account_isolation_test.dart: account A sync queue not uploaded as B
00:14 +86: C:/Users/Atharva Patil/Documents/projects/gymlog/test/auth/account_isolation_test.dart: custom exercises isolation policy
00:14 +87: C:/Users/Atharva Patil/Documents/projects/gymlog/test/auth/account_isolation_test.dart: pending sync warning and offline sign-out / restart flow
00:14 +88: C:/Users/Atharva Patil/Documents/projects/gymlog/test/auth/account_isolation_test.dart: (tearDownAll)
00:14 +88: C:/Users/Atharva Patil/Documents/projects/gymlog/test/auth/auth_screen_behavior_test.dart: AuthScreen Behavior Tests (AUTH-01 to AUTH-20) AUTH-01: Initial screen contains one primary CTA
00:15 +89: C:/Users/Atharva Patil/Documents/projects/gymlog/test/auth/auth_screen_behavior_test.dart: AuthScreen Behavior Tests (AUTH-01 to AUTH-20) AUTH-01: Initial screen contains one primary CTA
00:15 +90: C:/Users/Atharva Patil/Documents/projects/gymlog/test/auth/auth_screen_behavior_test.dart: AuthScreen Behavior Tests (AUTH-01 to AUTH-20) AUTH-01: Initial screen contains one primary CTA
00:15 +91: C:/Users/Atharva Patil/Documents/projects/gymlog/test/auth/auth_screen_behavior_test.dart: AuthScreen Behavior Tests (AUTH-01 to AUTH-20) AUTH-01: Initial screen contains one primary CTA
00:15 +92: C:/Users/Atharva Patil/Documents/projects/gymlog/test/auth/auth_screen_behavior_test.dart: AuthScreen Behavior Tests (AUTH-01 to AUTH-20) AUTH-01: Initial screen contains one primary CTA
00:15 +93: C:/Users/Atharva Patil/Documents/projects/gymlog/test/auth/auth_screen_behavior_test.dart: AuthScreen Behavior Tests (AUTH-01 to AUTH-20) AUTH-01: Initial screen contains one primary CTA
00:15 +94: C:/Users/Atharva Patil/Documents/projects/gymlog/test/auth/auth_screen_behavior_test.dart: AuthScreen Behavior Tests (AUTH-01 to AUTH-20) AUTH-01: Initial screen contains one primary CTA
00:15 +95: C:/Users/Atharva Patil/Documents/projects/gymlog/test/auth/auth_screen_behavior_test.dart: AuthScreen Behavior Tests (AUTH-01 to AUTH-20) AUTH-01: Initial screen contains one primary CTA
00:15 +96: C:/Users/Atharva Patil/Documents/projects/gymlog/test/auth/auth_screen_behavior_test.dart: AuthScreen Behavior Tests (AUTH-01 to AUTH-20) AUTH-01: Initial screen contains one primary CTA
00:15 +97: C:/Users/Atharva Patil/Documents/projects/gymlog/test/auth/auth_screen_behavior_test.dart: AuthScreen Behavior Tests (AUTH-01 to AUTH-20) AUTH-01: Initial screen contains one primary CTA
00:15 +98: C:/Users/Atharva Patil/Documents/projects/gymlog/test/auth/auth_screen_behavior_test.dart: AuthScreen Behavior Tests (AUTH-01 to AUTH-20) AUTH-01: Initial screen contains one primary CTA
00:15 +99: C:/Users/Atharva Patil/Documents/projects/gymlog/test/auth/auth_screen_behavior_test.dart: AuthScreen Behavior Tests (AUTH-01 to AUTH-20) AUTH-01: Initial screen contains one primary CTA
00:15 +100: C:/Users/Atharva Patil/Documents/projects/gymlog/test/auth/auth_screen_behavior_test.dart: AuthScreen Behavior Tests (AUTH-01 to AUTH-20) AUTH-01: Initial screen contains one primary CTA
00:15 +101: C:/Users/Atharva Patil/Documents/projects/gymlog/test/auth/auth_screen_behavior_test.dart: AuthScreen Behavior Tests (AUTH-01 to AUTH-20) AUTH-01: Initial screen contains one primary CTA
00:15 +102: C:/Users/Atharva Patil/Documents/projects/gymlog/test/auth/auth_screen_behavior_test.dart: AuthScreen Behavior Tests (AUTH-01 to AUTH-20) AUTH-01: Initial screen contains one primary CTA
00:15 +103: C:/Users/Atharva Patil/Documents/projects/gymlog/test/auth/auth_screen_behavior_test.dart: AuthScreen Behavior Tests (AUTH-01 to AUTH-20) AUTH-01: Initial screen contains one primary CTA
00:15 +104: C:/Users/Atharva Patil/Documents/projects/gymlog/test/auth/auth_screen_behavior_test.dart: AuthScreen Behavior Tests (AUTH-01 to AUTH-20) AUTH-01: Initial screen contains one primary CTA
00:15 +105: C:/Users/Atharva Patil/Documents/projects/gymlog/test/auth/auth_screen_behavior_test.dart: AuthScreen Behavior Tests (AUTH-01 to AUTH-20) AUTH-01: Initial screen contains one primary CTA
00:15 +106: C:/Users/Atharva Patil/Documents/projects/gymlog/test/auth/auth_screen_behavior_test.dart: AuthScreen Behavior Tests (AUTH-01 to AUTH-20) AUTH-01: Initial screen contains one primary CTA
00:15 +107: C:/Users/Atharva Patil/Documents/projects/gymlog/test/auth/auth_screen_behavior_test.dart: AuthScreen Behavior Tests (AUTH-01 to AUTH-20) AUTH-01: Initial screen contains one primary CTA
00:15 +108: C:/Users/Atharva Patil/Documents/projects/gymlog/test/auth/auth_screen_behavior_test.dart: AuthScreen Behavior Tests (AUTH-01 to AUTH-20) AUTH-01: Initial screen contains one primary CTA
00:15 +109: C:/Users/Atharva Patil/Documents/projects/gymlog/test/auth/auth_screen_behavior_test.dart: AuthScreen Behavior Tests (AUTH-01 to AUTH-20) AUTH-01: Initial screen contains one primary CTA
00:15 +110: C:/Users/Atharva Patil/Documents/projects/gymlog/test/auth/auth_screen_behavior_test.dart: AuthScreen Behavior Tests (AUTH-01 to AUTH-20) AUTH-01: Initial screen contains one primary CTA
00:15 +111: C:/Users/Atharva Patil/Documents/projects/gymlog/test/auth/auth_screen_behavior_test.dart: AuthScreen Behavior Tests (AUTH-01 to AUTH-20) AUTH-01: Initial screen contains one primary CTA
00:15 +112: C:/Users/Atharva Patil/Documents/projects/gymlog/test/auth/auth_screen_behavior_test.dart: AuthScreen Behavior Tests (AUTH-01 to AUTH-20) AUTH-01: Initial screen contains one primary CTA
00:15 +113: C:/Users/Atharva Patil/Documents/projects/gymlog/test/auth/auth_screen_behavior_test.dart: AuthScreen Behavior Tests (AUTH-01 to AUTH-20) AUTH-01: Initial screen contains one primary CTA
00:15 +114: C:/Users/Atharva Patil/Documents/projects/gymlog/test/auth/auth_screen_behavior_test.dart: AuthScreen Behavior Tests (AUTH-01 to AUTH-20) AUTH-01: Initial screen contains one primary CTA
00:16 +115: C:/Users/Atharva Patil/Documents/projects/gymlog/test/auth/auth_screen_behavior_test.dart: AuthScreen Behavior Tests (AUTH-01 to AUTH-20) AUTH-01: Initial screen contains one primary CTA
00:16 +116: C:/Users/Atharva Patil/Documents/projects/gymlog/test/auth/auth_screen_behavior_test.dart: AuthScreen Behavior Tests (AUTH-01 to AUTH-20) AUTH-01: Initial screen contains one primary CTA
00:16 +117: C:/Users/Atharva Patil/Documents/projects/gymlog/test/auth/auth_screen_behavior_test.dart: AuthScreen Behavior Tests (AUTH-01 to AUTH-20) AUTH-01: Initial screen contains one primary CTA
00:16 +118: C:/Users/Atharva Patil/Documents/projects/gymlog/test/chart_axis_format_test.dart: BrandedLineChart.yAxisUnit renders unit suffix on both Y axes
00:16 +119: C:/Users/Atharva Patil/Documents/projects/gymlog/test/chart_axis_format_test.dart: BrandedLineChart.yAxisUnit renders unit suffix on both Y axes
00:16 +120: C:/Users/Atharva Patil/Documents/projects/gymlog/test/chart_axis_format_test.dart: BrandedLineChart.yAxisUnit renders unit suffix on both Y axes
00:17 +121: C:/Users/Atharva Patil/Documents/projects/gymlog/test/chart_axis_format_test.dart: BrandedLineChart.yAxisUnit renders unit suffix on both Y axes
00:17 +122: C:/Users/Atharva Patil/Documents/projects/gymlog/test/chart_axis_format_test.dart: BrandedLineChart.yAxisUnit renders unit suffix on both Y axes
00:17 +123: C:/Users/Atharva Patil/Documents/projects/gymlog/test/chart_axis_format_test.dart: BrandedLineChart.yAxisUnit renders unit suffix on both Y axes
00:17 +124: C:/Users/Atharva Patil/Documents/projects/gymlog/test/chart_density_test.dart: BrandedLineChart 300-point performance and grid density vertical grid interval scales with labelStep rather than 1 per point
00:17 +124: C:/Users/Atharva Patil/Documents/projects/gymlog/test/auth/auth_screen_behavior_test.dart: AuthScreen Behavior Tests (AUTH-01 to AUTH-20) AUTH-07: Network failure shows recovery copy
[Auth] failure=network
00:17 +125: C:/Users/Atharva Patil/Documents/projects/gymlog/test/chart_density_test.dart: BrandedLineChart 300-point performance and grid density vertical grid interval scales with labelStep rather than 1 per point
00:17 +125: C:/Users/Atharva Patil/Documents/projects/gymlog/test/auth/auth_screen_behavior_test.dart: AuthScreen Behavior Tests (AUTH-01 to AUTH-20) AUTH-08: Configuration failure does not expose SHA-1 or ApiException 10
[Auth] failure=configuration code=google_android_configuration
00:17 +126: C:/Users/Atharva Patil/Documents/projects/gymlog/test/chart_density_test.dart: BrandedLineChart 300-point performance and grid density vertical grid interval scales with labelStep rather than 1 per point
00:17 +126: C:/Users/Atharva Patil/Documents/projects/gymlog/test/auth/auth_screen_behavior_test.dart: AuthScreen Behavior Tests (AUTH-01 to AUTH-20) AUTH-09: Unknown error shows generic safe copy
[Auth] failure=unknown
00:17 +127: C:/Users/Atharva Patil/Documents/projects/gymlog/test/chart_density_test.dart: BrandedLineChart 300-point performance and grid density vertical grid interval scales with labelStep rather than 1 per point
00:17 +128: C:/Users/Atharva Patil/Documents/projects/gymlog/test/chart_density_test.dart: BrandedLineChart 300-point performance and grid density vertical grid interval scales with labelStep rather than 1 per point
00:17 +129: C:/Users/Atharva Patil/Documents/projects/gymlog/test/chart_density_test.dart: BrandedLineChart 300-point performance and grid density vertical grid interval scales with labelStep rather than 1 per point
00:17 +130: C:/Users/Atharva Patil/Documents/projects/gymlog/test/chart_density_test.dart: BrandedLineChart 300-point performance and grid density vertical grid interval scales with labelStep rather than 1 per point
00:18 +131: C:/Users/Atharva Patil/Documents/projects/gymlog/test/chart_density_test.dart: BrandedLineChart 300-point performance and grid density vertical grid interval scales with labelStep rather than 1 per point
00:18 +132: C:/Users/Atharva Patil/Documents/projects/gymlog/test/chart_density_test.dart: BrandedLineChart 300-point performance and grid density vertical grid interval scales with labelStep rather than 1 per point
00:18 +133: C:/Users/Atharva Patil/Documents/projects/gymlog/test/chart_density_test.dart: BrandedLineChart 300-point performance and grid density vertical grid interval scales with labelStep rather than 1 per point
00:18 +134: C:/Users/Atharva Patil/Documents/projects/gymlog/test/commerce_and_deletion_test.dart: Account Deletion Service & UI Guidance Idempotency — wipes local storage and finishes safely even when user is null (signed out)
00:18 +135: C:/Users/Atharva Patil/Documents/projects/gymlog/test/commerce_and_deletion_test.dart: Account Deletion Service & UI Guidance Idempotency — wipes local storage and finishes safely even when user is null (signed out)
[ExercisesDao] Hydration v9 complete: 822 exercises.
00:18 +136: C:/Users/Atharva Patil/Documents/projects/gymlog/test/auth/auth_screen_behavior_test.dart: AuthScreen Behavior Tests (AUTH-01 to AUTH-20) AUTH-04 (AU-B): Re-press during in-flight sign-in gives feedback, not a dead tap
00:18 +137: C:/Users/Atharva Patil/Documents/projects/gymlog/test/commerce_and_deletion_test.dart: Account Deletion Service & UI Guidance Wipes local databases, secure preferences and settings on deletion
00:18 +138: C:/Users/Atharva Patil/Documents/projects/gymlog/test/commerce_and_deletion_test.dart: Account Deletion Service & UI Guidance Wipes local databases, secure preferences and settings on deletion
00:18 +138: C:/Users/Atharva Patil/Documents/projects/gymlog/test/auth/auth_screen_behavior_test.dart: AuthScreen Behavior Tests (AUTH-01 to AUTH-20) AUTH-22 (AU-C): Timeout failure surfaces honest recovery copy
[Auth] failure=timeout
00:18 +139: C:/Users/Atharva Patil/Documents/projects/gymlog/test/commerce_and_deletion_test.dart: Account Deletion Service & UI Guidance Wipes local databases, secure preferences and settings on deletion
[ExercisesDao] Hydration v9 complete: 822 exercises.
00:18 +140: C:/Users/Atharva Patil/Documents/projects/gymlog/test/commerce_and_deletion_test.dart: Premium Service Entitlements & Caching isPremiumProvider returns false when no user is signed in
00:18 +141: C:/Users/Atharva Patil/Documents/projects/gymlog/test/commerce_and_deletion_test.dart: Premium Service Entitlements & Caching isPremiumProvider falls back to local user profile when CustomerInfo stream has no value (offline launch)
00:18 +142: C:/Users/Atharva Patil/Documents/projects/gymlog/test/commerce_and_deletion_test.dart: Premium Service Entitlements & Caching isPremiumProvider respects active entitlements from CustomerInfo over local SQLite profile
00:18 +143: C:/Users/Atharva Patil/Documents/projects/gymlog/test/commerce_and_deletion_test.dart: (tearDownAll)
00:19 +143: C:/Users/Atharva Patil/Documents/projects/gymlog/test/compile_surface_test.dart: full app graph compiles
00:20 +144: C:/Users/Atharva Patil/Documents/projects/gymlog/test/core/app_startup_test.dart: GymLogApp builds without throwing when cloud is not ready
00:20 +145: C:/Users/Atharva Patil/Documents/projects/gymlog/test/core/app_startup_test.dart: GymLogApp builds without throwing when cloud is not ready
00:20 +146: C:/Users/Atharva Patil/Documents/projects/gymlog/test/core/app_startup_test.dart: GymLogApp builds without throwing when cloud is not ready
00:20 +147: C:/Users/Atharva Patil/Documents/projects/gymlog/test/core/app_startup_test.dart: GymLogApp builds without throwing when cloud is not ready
00:20 +148: C:/Users/Atharva Patil/Documents/projects/gymlog/test/core/app_startup_test.dart: GymLogApp builds without throwing when cloud is not ready
00:20 +149: C:/Users/Atharva Patil/Documents/projects/gymlog/test/core/app_startup_test.dart: GymLogApp builds without throwing when cloud is not ready
00:20 +150: C:/Users/Atharva Patil/Documents/projects/gymlog/test/core/app_startup_test.dart: GymLogApp builds without throwing when cloud is not ready
00:20 +151: C:/Users/Atharva Patil/Documents/projects/gymlog/test/core/app_startup_test.dart: GymLogApp builds without throwing when cloud is not ready
00:20 +152: C:/Users/Atharva Patil/Documents/projects/gymlog/test/core/app_startup_test.dart: GymLogApp builds without throwing when cloud is not ready
00:20 +153: C:/Users/Atharva Patil/Documents/projects/gymlog/test/core/app_startup_test.dart: GymLogApp builds without throwing when cloud is not ready
00:20 +154: C:/Users/Atharva Patil/Documents/projects/gymlog/test/core/app_startup_test.dart: GymLogApp builds without throwing when cloud is not ready
00:20 +155: C:/Users/Atharva Patil/Documents/projects/gymlog/test/core/app_startup_test.dart: GymLogApp builds without throwing when cloud is not ready
00:20 +156: C:/Users/Atharva Patil/Documents/projects/gymlog/test/core/app_startup_test.dart: GymLogApp builds without throwing when cloud is not ready
00:20 +157: C:/Users/Atharva Patil/Documents/projects/gymlog/test/core/app_startup_test.dart: GymLogApp builds without throwing when cloud is not ready
00:20 +158: C:/Users/Atharva Patil/Documents/projects/gymlog/test/core/app_startup_test.dart: GymLogApp builds without throwing when cloud is not ready
00:21 +159: C:/Users/Atharva Patil/Documents/projects/gymlog/test/core/app_startup_test.dart: GymLogApp builds without throwing when cloud is not ready
00:21 +160: C:/Users/Atharva Patil/Documents/projects/gymlog/test/core/app_startup_test.dart: GymLogApp builds without throwing when cloud is not ready
00:21 +161: C:/Users/Atharva Patil/Documents/projects/gymlog/test/core/app_startup_test.dart: GymLogApp builds without throwing when cloud is not ready
00:21 +162: C:/Users/Atharva Patil/Documents/projects/gymlog/test/core/app_startup_test.dart: GymLogApp builds without throwing when cloud is not ready
00:21 +163: C:/Users/Atharva Patil/Documents/projects/gymlog/test/core/app_startup_test.dart: GymLogApp builds without throwing when cloud is not ready
00:21 +164: C:/Users/Atharva Patil/Documents/projects/gymlog/test/core/app_startup_test.dart: GymLogApp builds without throwing when cloud is not ready
00:22 +165: C:/Users/Atharva Patil/Documents/projects/gymlog/test/core/app_startup_test.dart: GymLogApp builds without throwing when cloud is not ready
00:22 +166: C:/Users/Atharva Patil/Documents/projects/gymlog/test/core/app_startup_test.dart: GymLogApp builds without throwing when cloud is not ready
00:22 +167: C:/Users/Atharva Patil/Documents/projects/gymlog/test/core/app_startup_test.dart: GymLogApp builds without throwing when cloud is not ready
00:22 +168: C:/Users/Atharva Patil/Documents/projects/gymlog/test/core/app_startup_test.dart: GymLogApp builds without throwing when cloud is not ready
00:22 +169: C:/Users/Atharva Patil/Documents/projects/gymlog/test/core/app_startup_test.dart: GymLogApp builds without throwing when cloud is not ready
00:22 +170: C:/Users/Atharva Patil/Documents/projects/gymlog/test/core/app_startup_test.dart: GymLogApp builds without throwing when cloud is not ready
00:22 +171: C:/Users/Atharva Patil/Documents/projects/gymlog/test/core/app_startup_test.dart: GymLogApp builds without throwing when cloud is not ready
00:22 +172: C:/Users/Atharva Patil/Documents/projects/gymlog/test/core/app_startup_test.dart: GymLogApp builds without throwing when cloud is not ready
00:22 +173: C:/Users/Atharva Patil/Documents/projects/gymlog/test/core/app_startup_test.dart: GymLogApp builds without throwing when cloud is not ready
00:22 +174: C:/Users/Atharva Patil/Documents/projects/gymlog/test/core/app_startup_test.dart: GymLogApp builds without throwing when cloud is not ready
00:22 +175: C:/Users/Atharva Patil/Documents/projects/gymlog/test/core/app_startup_test.dart: GymLogApp builds without throwing when cloud is not ready
00:22 +176: C:/Users/Atharva Patil/Documents/projects/gymlog/test/core/app_startup_test.dart: GymLogApp builds without throwing when cloud is not ready
00:22 +177: C:/Users/Atharva Patil/Documents/projects/gymlog/test/core/app_startup_test.dart: router is constructable without Supabase being initialized
00:22 +178: C:/Users/Atharva Patil/Documents/projects/gymlog/test/core/router_deeplink_test.dart: deep link without extra loads the exercise by id instead of crashing
00:22 +179: C:/Users/Atharva Patil/Documents/projects/gymlog/test/core/router_deeplink_test.dart: deep link without extra loads the exercise by id instead of crashing
00:22 +180: C:/Users/Atharva Patil/Documents/projects/gymlog/test/core/router_deeplink_test.dart: deep link without extra loads the exercise by id instead of crashing
00:22 +181: C:/Users/Atharva Patil/Documents/projects/gymlog/test/core/router_deeplink_test.dart: deep link without extra loads the exercise by id instead of crashing
00:22 +182: C:/Users/Atharva Patil/Documents/projects/gymlog/test/core/router_deeplink_test.dart: deep link without extra loads the exercise by id instead of crashing
00:22 +183: C:/Users/Atharva Patil/Documents/projects/gymlog/test/core/router_deeplink_test.dart: deep link without extra loads the exercise by id instead of crashing
00:22 +184: C:/Users/Atharva Patil/Documents/projects/gymlog/test/core/router_deeplink_test.dart: deep link without extra loads the exercise by id instead of crashing
00:22 +185: C:/Users/Atharva Patil/Documents/projects/gymlog/test/core/router_deeplink_test.dart: deep link without extra loads the exercise by id instead of crashing
00:23 +186: C:/Users/Atharva Patil/Documents/projects/gymlog/test/core/router_deeplink_test.dart: deep link without extra loads the exercise by id instead of crashing
00:23 +187: C:/Users/Atharva Patil/Documents/projects/gymlog/test/core/router_deeplink_test.dart: deep link without extra loads the exercise by id instead of crashing
00:23 +188: C:/Users/Atharva Patil/Documents/projects/gymlog/test/core/router_deeplink_test.dart: deep link without extra loads the exercise by id instead of crashing
00:23 +189: C:/Users/Atharva Patil/Documents/projects/gymlog/test/core/router_deeplink_test.dart: deep link without extra loads the exercise by id instead of crashing
00:23 +190: C:/Users/Atharva Patil/Documents/projects/gymlog/test/core/router_deeplink_test.dart: deep link without extra loads the exercise by id instead of crashing
00:23 +191: C:/Users/Atharva Patil/Documents/projects/gymlog/test/core/router_deeplink_test.dart: deep link without extra loads the exercise by id instead of crashing
00:23 +192: C:/Users/Atharva Patil/Documents/projects/gymlog/test/core/router_deeplink_test.dart: deep link without extra loads the exercise by id instead of crashing
00:23 +193: C:/Users/Atharva Patil/Documents/projects/gymlog/test/core/router_deeplink_test.dart: deep link without extra loads the exercise by id instead of crashing
00:23 +194: C:/Users/Atharva Patil/Documents/projects/gymlog/test/core/router_deeplink_test.dart: deep link without extra loads the exercise by id instead of crashing
00:23 +195: C:/Users/Atharva Patil/Documents/projects/gymlog/test/core/router_deeplink_test.dart: deep link without extra loads the exercise by id instead of crashing
00:23 +196: C:/Users/Atharva Patil/Documents/projects/gymlog/test/core/router_deeplink_test.dart: deep link without extra loads the exercise by id instead of crashing
00:24 +197: C:/Users/Atharva Patil/Documents/projects/gymlog/test/core/theme/border_affordance_test.dart: Three-Tier Visual Grammar Affordance Tests AppStatusTag strictly renders NO border under any configuration
00:24 +198: C:/Users/Atharva Patil/Documents/projects/gymlog/test/core/theme/border_affordance_test.dart: Three-Tier Visual Grammar Affordance Tests AppStatusTag strictly renders NO border under any configuration
00:24 +199: C:/Users/Atharva Patil/Documents/projects/gymlog/test/core/theme/border_affordance_test.dart: Three-Tier Visual Grammar Affordance Tests AppStatusTag strictly renders NO border under any configuration
00:24 +200: C:/Users/Atharva Patil/Documents/projects/gymlog/test/core/theme/border_affordance_test.dart: Three-Tier Visual Grammar Affordance Tests AppStatusTag strictly renders NO border under any configuration
00:25 +201: C:/Users/Atharva Patil/Documents/projects/gymlog/test/core/theme/border_affordance_test.dart: Three-Tier Visual Grammar Affordance Tests AppStatusTag strictly renders NO border under any configuration
00:25 +202: C:/Users/Atharva Patil/Documents/projects/gymlog/test/core/theme/border_affordance_test.dart: Three-Tier Visual Grammar Affordance Tests AppStatusTag strictly renders NO border under any configuration
00:25 +203: C:/Users/Atharva Patil/Documents/projects/gymlog/test/core/theme/border_affordance_test.dart: Three-Tier Visual Grammar Affordance Tests AppStatusTag strictly renders NO border under any configuration
00:25 +204: C:/Users/Atharva Patil/Documents/projects/gymlog/test/core/theme/border_affordance_test.dart: Three-Tier Visual Grammar Affordance Tests AppStatusTag strictly renders NO border under any configuration
00:25 +205: C:/Users/Atharva Patil/Documents/projects/gymlog/test/core/theme/border_affordance_test.dart: Three-Tier Visual Grammar Affordance Tests AppStatusTag strictly renders NO border under any configuration
00:25 +206: C:/Users/Atharva Patil/Documents/projects/gymlog/test/core/theme/border_affordance_test.dart: Three-Tier Visual Grammar Affordance Tests AppStatusTag strictly renders NO border under any configuration
00:25 +207: C:/Users/Atharva Patil/Documents/projects/gymlog/test/core/theme/border_affordance_test.dart: Three-Tier Visual Grammar Affordance Tests AppStatusTag strictly renders NO border under any configuration
00:25 +208: C:/Users/Atharva Patil/Documents/projects/gymlog/test/core/theme/border_affordance_test.dart: Three-Tier Visual Grammar Affordance Tests AppStatusTag strictly renders NO border under any configuration
00:25 +209: C:/Users/Atharva Patil/Documents/projects/gymlog/test/core/theme/border_affordance_test.dart: Three-Tier Visual Grammar Affordance Tests AppStatusTag strictly renders NO border under any configuration
00:25 +210: C:/Users/Atharva Patil/Documents/projects/gymlog/test/dao_integration_test.dart: session and routine restore-after-delete (SYS-3)
00:25 +211: C:/Users/Atharva Patil/Documents/projects/gymlog/test/core/theme/border_affordance_test.dart: Three-Tier Visual Grammar Affordance Tests AppActionChip always renders a border and fires onTap with haptics
00:25 +212: C:/Users/Atharva Patil/Documents/projects/gymlog/test/core/theme/border_affordance_test.dart: Three-Tier Visual Grammar Affordance Tests AppActionChip always renders a border and fires onTap with haptics
00:25 +213: C:/Users/Atharva Patil/Documents/projects/gymlog/test/core/theme/border_affordance_test.dart: Three-Tier Visual Grammar Affordance Tests AppActionChip disabled state renders muted styling and disables interaction
00:25 +214: C:/Users/Atharva Patil/Documents/projects/gymlog/test/core/theme/border_affordance_test.dart: Three-Tier Visual Grammar Affordance Tests AppActionChip.compactSquare maintains 28x28 visual size and touch target
00:25 +215: C:/Users/Atharva Patil/Documents/projects/gymlog/test/core/theme/border_affordance_test.dart: Three-Tier Visual Grammar Affordance Tests AppInfoText formats multiple items with typographic separator
00:25 +216: C:/Users/Atharva Patil/Documents/projects/gymlog/test/core/theme/border_affordance_test.dart: Three-Tier Visual Grammar Affordance Tests AppInfoText filters empty or whitespace strings
00:25 +217: C:/Users/Atharva Patil/Documents/projects/gymlog/test/das1_delete_completion_test.dart: DAS-1 Delete Account Completion Honesty full success shows permanent-deletion copy and routes to auth
00:27 +218: C:/Users/Atharva Patil/Documents/projects/gymlog/test/das1_delete_completion_test.dart: DAS-1 Delete Account Completion Honesty full success shows permanent-deletion copy and routes to auth
00:27 +219: C:/Users/Atharva Patil/Documents/projects/gymlog/test/database_migration_test.dart: Database v4 to v5 migration adds measurement_type column, backfills bodyweight exercises, and makes weight_kg nullable
00:28 +220: C:/Users/Atharva Patil/Documents/projects/gymlog/test/das1_delete_completion_test.dart: DAS-1 Delete Account Completion Honesty cloud-failure deletion shows honest partial copy, not success
00:28 +221: C:/Users/Atharva Patil/Documents/projects/gymlog/test/delivery_diagnostics_test.dart: Tapping Version AppActionRow 5 times throws controlled StateError
00:28 +222: C:/Users/Atharva Patil/Documents/projects/gymlog/test/delivery_diagnostics_test.dart: Tapping Version AppActionRow 5 times throws controlled StateError
00:28 +223: C:/Users/Atharva Patil/Documents/projects/gymlog/test/delivery_diagnostics_test.dart: Tapping Version AppActionRow 5 times throws controlled StateError
00:28 +224: C:/Users/Atharva Patil/Documents/projects/gymlog/test/delivery_diagnostics_test.dart: Tapping Version AppActionRow 5 times throws controlled StateError
00:28 +225: C:/Users/Atharva Patil/Documents/projects/gymlog/test/delivery_diagnostics_test.dart: Tapping Version AppActionRow 5 times throws controlled StateError
00:28 +226: C:/Users/Atharva Patil/Documents/projects/gymlog/test/delivery_diagnostics_test.dart: Tapping Version AppActionRow 5 times throws controlled StateError
00:30 +227: C:/Users/Atharva Patil/Documents/projects/gymlog/test/delivery_diagnostics_test.dart: Tapping Version AppActionRow 5 times throws controlled StateError
00:30 +228: C:/Users/Atharva Patil/Documents/projects/gymlog/test/delivery_diagnostics_test.dart: Tapping Version AppActionRow 5 times throws controlled StateError
00:31 +229: C:/Users/Atharva Patil/Documents/projects/gymlog/test/delivery_diagnostics_test.dart: Tapping Version AppActionRow 5 times throws controlled StateError
00:31 +230: C:/Users/Atharva Patil/Documents/projects/gymlog/test/delivery_diagnostics_test.dart: Tapping Version AppActionRow 5 times throws controlled StateError
00:31 +231: C:/Users/Atharva Patil/Documents/projects/gymlog/test/delivery_diagnostics_test.dart: Tapping Version AppActionRow 5 times throws controlled StateError
00:31 +232: C:/Users/Atharva Patil/Documents/projects/gymlog/test/delivery_diagnostics_test.dart: Tapping Version AppActionRow 5 times throws controlled StateError
00:32 +232: C:/Users/Atharva Patil/Documents/projects/gymlog/test/exercises_hydration_test.dart: ATOMIC-RC3-04 Exercises Hydration Engine v9 1. Runs hydration and converts raw types when v9 key is missing
[ExercisesDao] Hydration v9 complete: 822 exercises.
00:32 +233: C:/Users/Atharva Patil/Documents/projects/gymlog/test/delivery_diagnostics_test.dart: Tapping Version AppActionRow 5 times throws controlled StateError
00:32 +234: C:/Users/Atharva Patil/Documents/projects/gymlog/test/delivery_diagnostics_test.dart: Tapping Version AppActionRow 5 times throws controlled StateError
00:32 +235: C:/Users/Atharva Patil/Documents/projects/gymlog/test/delivery_diagnostics_test.dart: Tapping Version AppActionRow 5 times throws controlled StateError
00:33 +236: C:/Users/Atharva Patil/Documents/projects/gymlog/test/exercise_detail_polish_test.dart: worked-muscle chips distinguish primary and secondary targets
00:34 +237: C:/Users/Atharva Patil/Documents/projects/gymlog/test/exercise_hero_transition_test.dart: Library(browse:true) row renders a Hero with tag exercise-hero-<id>
00:34 +238: C:/Users/Atharva Patil/Documents/projects/gymlog/test/exercise_hero_transition_test.dart: Library(browse:true) row renders a Hero with tag exercise-hero-<id>
00:35 +239: C:/Users/Atharva Patil/Documents/projects/gymlog/test/exercise_hero_transition_test.dart: Library(browse:true) row renders a Hero with tag exercise-hero-<id>
00:35 +240: C:/Users/Atharva Patil/Documents/projects/gymlog/test/exercise_selection_polish_test.dart: ExerciseSelectionScreen filters catalog and handles caching correctly
00:35 +241: C:/Users/Atharva Patil/Documents/projects/gymlog/test/exercise_selection_polish_test.dart: ExerciseSelectionScreen filters catalog and handles caching correctly
00:35 +242: C:/Users/Atharva Patil/Documents/projects/gymlog/test/exercise_selection_polish_test.dart: ExerciseSelectionScreen filters catalog and handles caching correctly
00:36 +243: C:/Users/Atharva Patil/Documents/projects/gymlog/test/exercise_selection_polish_test.dart: ExerciseSelectionScreen filters catalog and handles caching correctly
00:36 +244: C:/Users/Atharva Patil/Documents/projects/gymlog/test/exercise_selection_polish_test.dart: ExerciseSelectionScreen filters catalog and handles caching correctly
00:37 +245: C:/Users/Atharva Patil/Documents/projects/gymlog/test/expiry_symptom_test.dart: timer expiry does not trigger Set removed snackbar
00:37 +246: C:/Users/Atharva Patil/Documents/projects/gymlog/test/expiry_symptom_test.dart: timer expiry does not trigger Set removed snackbar
00:37 +247: C:/Users/Atharva Patil/Documents/projects/gymlog/test/expiry_symptom_test.dart: timer expiry does not trigger Set removed snackbar
00:37 +248: C:/Users/Atharva Patil/Documents/projects/gymlog/test/expiry_symptom_test.dart: timer expiry does not trigger Set removed snackbar
00:37 +249: C:/Users/Atharva Patil/Documents/projects/gymlog/test/expiry_symptom_test.dart: timer expiry does not trigger Set removed snackbar
00:38 +250: C:/Users/Atharva Patil/Documents/projects/gymlog/test/explore_contrast_guard_test.dart: dark surface text tokens meet WCAG AA (4.5:1) on their surfaces
00:38 +251: C:/Users/Atharva Patil/Documents/projects/gymlog/test/explore_contrast_guard_test.dart: intermediate levelColor is never the brand accent hue
00:38 +252: C:/Users/Atharva Patil/Documents/projects/gymlog/test/export_share_previews_test.dart: (setUpAll)
00:38 +252: C:/Users/Atharva Patil/Documents/projects/gymlog/test/export_share_previews_test.dart: Export 1080x1920 preview PNGs for visual inspection
00:40 +253: C:/Users/Atharva Patil/Documents/projects/gymlog/test/export_share_previews_test.dart: Export 1080x1920 preview PNGs for visual inspection
00:40 +254: C:/Users/Atharva Patil/Documents/projects/gymlog/test/export_share_previews_test.dart: Export 1080x1920 preview PNGs for visual inspection
00:40 +255: C:/Users/Atharva Patil/Documents/projects/gymlog/test/export_share_previews_test.dart: Export 1080x1920 preview PNGs for visual inspection
00:41 +256: C:/Users/Atharva Patil/Documents/projects/gymlog/test/export_share_previews_test.dart: Export 1080x1920 preview PNGs for visual inspection
00:41 +257: C:/Users/Atharva Patil/Documents/projects/gymlog/test/features/auth/onboarding_age_step_test.dart: StepAge age 100 stays on one line at every viewport and text scale
00:41 +258: C:/Users/Atharva Patil/Documents/projects/gymlog/test/features/auth/onboarding_weekly_goal_step_test.dart: StepWeeklyGoal preview consistency goal 1 previews 1 of 1 workout completed at 100%
00:42 +259: C:/Users/Atharva Patil/Documents/projects/gymlog/test/features/auth/onboarding_weekly_goal_step_test.dart: StepWeeklyGoal preview consistency goal 1 previews 1 of 1 workout completed at 100%
00:42 +260: C:/Users/Atharva Patil/Documents/projects/gymlog/test/features/auth/onboarding_weekly_goal_step_test.dart: StepWeeklyGoal preview consistency goal 1 previews 1 of 1 workout completed at 100%
00:42 +261: C:/Users/Atharva Patil/Documents/projects/gymlog/test/features/auth/onboarding_weekly_goal_step_test.dart: StepWeeklyGoal preview consistency goal 1 previews 1 of 1 workout completed at 100%
00:42 +262: C:/Users/Atharva Patil/Documents/projects/gymlog/test/features/auth/onboarding_weekly_goal_step_test.dart: StepWeeklyGoal preview consistency goal 1 previews 1 of 1 workout completed at 100%
00:43 +263: C:/Users/Atharva Patil/Documents/projects/gymlog/test/features/auth/onboarding_weekly_goal_step_test.dart: StepWeeklyGoal preview consistency goal 2 previews 2 of 2 workouts completed
00:43 +264: C:/Users/Atharva Patil/Documents/projects/gymlog/test/features/auth/onboarding_weekly_goal_step_test.dart: StepWeeklyGoal preview consistency goal 3 previews 2 of 3 workouts completed
00:43 +265: C:/Users/Atharva Patil/Documents/projects/gymlog/test/features/auth/onboarding_weekly_goal_step_test.dart: StepWeeklyGoal preview consistency goal 7 previews 2 of 7 workouts completed
00:43 +266: C:/Users/Atharva Patil/Documents/projects/gymlog/test/features/auth/onboarding_weekly_goal_step_test.dart: StepWeeklyGoal preview consistency tapping goal 1 updates caption and ring together
00:43 +267: C:/Users/Atharva Patil/Documents/projects/gymlog/test/features/auth/onboarding_weekly_goal_step_test.dart: StepWeeklyGoal preview consistency tapping goal 1 updates caption and ring together
00:43 +268: C:/Users/Atharva Patil/Documents/projects/gymlog/test/features/auth/onboarding_weekly_goal_step_test.dart: StepWeeklyGoal preview consistency tapping goal 1 updates caption and ring together
00:43 +269: C:/Users/Atharva Patil/Documents/projects/gymlog/test/features/auth/onboarding_weekly_goal_step_test.dart: StepWeeklyGoal preview consistency tapping goal 1 updates caption and ring together
00:43 +270: C:/Users/Atharva Patil/Documents/projects/gymlog/test/features/auth/onboarding_weekly_goal_step_test.dart: StepWeeklyGoal preview consistency tapping goal 1 updates caption and ring together
00:43 +271: C:/Users/Atharva Patil/Documents/projects/gymlog/test/features/auth/onboarding_weekly_goal_step_test.dart: StepWeeklyGoal preview consistency tapping goal 1 updates caption and ring together
00:43 +272: C:/Users/Atharva Patil/Documents/projects/gymlog/test/features/auth/onboarding_weekly_goal_step_test.dart: StepWeeklyGoal preview consistency tapping goal 1 updates caption and ring together
00:43 +273: C:/Users/Atharva Patil/Documents/projects/gymlog/test/features/auth/onboarding_weekly_goal_step_test.dart: StepWeeklyGoal preview consistency tapping goal 1 updates caption and ring together
00:43 +274: C:/Users/Atharva Patil/Documents/projects/gymlog/test/features/auth/onboarding_weekly_goal_step_test.dart: StepWeeklyGoal preview consistency tapping goal 1 updates caption and ring together
00:43 +275: C:/Users/Atharva Patil/Documents/projects/gymlog/test/features/auth/onboarding_weekly_goal_step_test.dart: StepWeeklyGoal preview consistency tapping goal 1 updates caption and ring together
00:43 +276: C:/Users/Atharva Patil/Documents/projects/gymlog/test/features/auth/onboarding_weekly_goal_step_test.dart: StepWeeklyGoal preview consistency tapping goal 1 updates caption and ring together
00:43 +277: C:/Users/Atharva Patil/Documents/projects/gymlog/test/features/auth/onboarding_weekly_goal_step_test.dart: StepWeeklyGoal preview consistency tapping goal 1 updates caption and ring together
00:43 +278: C:/Users/Atharva Patil/Documents/projects/gymlog/test/features/auth/onboarding_weekly_goal_step_test.dart: StepWeeklyGoal preview consistency tapping goal 1 updates caption and ring together
00:43 +279: C:/Users/Atharva Patil/Documents/projects/gymlog/test/features/auth/onboarding_weekly_goal_step_test.dart: StepWeeklyGoal preview consistency tapping goal 1 updates caption and ring together
00:43 +280: C:/Users/Atharva Patil/Documents/projects/gymlog/test/features/routines/domain/exercise_resolver_test.dart: normalisation lowercases and strips punctuation
00:44 +281: C:/Users/Atharva Patil/Documents/projects/gymlog/test/features/routines/domain/exercise_resolver_test.dart: normalisation base form drops the equipment parenthetical
00:44 +282: C:/Users/Atharva Patil/Documents/projects/gymlog/test/features/routines/domain/exercise_resolver_test.dart: resolve matches an exact name
00:44 +283: C:/Users/Atharva Patil/Documents/projects/gymlog/test/features/routines/domain/exercise_resolver_test.dart: resolve matches regardless of case and punctuation
00:44 +284: C:/Users/Atharva Patil/Documents/projects/gymlog/test/features/routines/domain/exercise_resolver_test.dart: resolve matches across an equipment parenthetical
00:44 +285: C:/Users/Atharva Patil/Documents/projects/gymlog/test/features/routines/domain/exercise_resolver_test.dart: resolve prefers the shortest qualifying candidate
00:44 +286: C:/Users/Atharva Patil/Documents/projects/gymlog/test/features/routines/domain/exercise_resolver_test.dart: resolve returns null rather than guessing wrong
00:44 +287: C:/Users/Atharva Patil/Documents/projects/gymlog/test/features/routines/domain/exercise_resolver_test.dart: resolve a single shared word is not enough to match
00:44 +288: C:/Users/Atharva Patil/Documents/projects/gymlog/test/features/routines/domain/exercise_resolver_test.dart: resolve known aliases collapse onto one exercise
00:44 +289: C:/Users/Atharva Patil/Documents/projects/gymlog/test/features/routines/domain/exercise_resolver_test.dart: resolve an alias pointing at nothing is ignored, not fatal
00:44 +290: C:/Users/Atharva Patil/Documents/projects/gymlog/test/features/routines/domain/exercise_resolver_test.dart: resolve repeat lookups are memoised to the same instance
00:44 +291: C:/Users/Atharva Patil/Documents/projects/gymlog/test/features/routines/domain/exercise_resolver_test.dart: resolve an empty catalog resolves nothing without throwing
00:44 +292: C:/Users/Atharva Patil/Documents/projects/gymlog/test/features/routines/domain/exercise_resolver_test.dart: unresolvedNames reports only the gaps
00:44 +293: C:/Users/Atharva Patil/Documents/projects/gymlog/test/features/routines/domain/exercise_resolver_test.dart: muscleProfileFor a push day does not report leg muscles
00:44 +294: C:/Users/Atharva Patil/Documents/projects/gymlog/test/features/routines/domain/exercise_resolver_test.dart: muscleProfileFor secondary never duplicates a primary group
00:44 +295: C:/Users/Atharva Patil/Documents/projects/gymlog/test/features/routines/domain/exercise_resolver_test.dart: muscleProfileFor unresolvable slots are skipped, not fatal
00:44 +296: C:/Users/Atharva Patil/Documents/projects/gymlog/test/features/routines/domain/exercise_resolver_test.dart: muscleProfileFor an all-unresolvable day yields an empty profile
00:44 +297: C:/Users/Atharva Patil/Documents/projects/gymlog/test/features/routines/domain/exercise_resolver_test.dart: muscleProfileFor two different days produce different profiles
00:44 +298: C:/Users/Atharva Patil/Documents/projects/gymlog/test/features/routines/domain/exercise_resolver_test.dart: exerciseIdsFor returns ids in slot order and skips gaps
00:44 +299: C:/Users/Atharva Patil/Documents/projects/gymlog/test/features/routines/presentation/ai_routine_import_screen_test.dart: AiRoutineImportScreen renders segmented control and photo mode initially
00:45 +300: C:/Users/Atharva Patil/Documents/projects/gymlog/test/features/routines/presentation/ai_routine_import_screen_test.dart: AiRoutineImportScreen switches to Paste Text mode and shows text field
00:45 +301: C:/Users/Atharva Patil/Documents/projects/gymlog/test/features/routines/presentation/ai_routine_review_screen_test.dart: AiRoutineReviewScreen renders reconciled exercises and badges
00:46 +302: C:/Users/Atharva Patil/Documents/projects/gymlog/test/features/routines/presentation/ai_routine_review_screen_test.dart: AiRoutineReviewScreen renders reconciled exercises and badges
00:46 +303: C:/Users/Atharva Patil/Documents/projects/gymlog/test/features/routines/presentation/ai_routine_review_screen_test.dart: AiRoutineReviewScreen renders reconciled exercises and badges
00:46 +304: C:/Users/Atharva Patil/Documents/projects/gymlog/test/features/routines/presentation/ai_routine_review_screen_test.dart: AiRoutineReviewScreen renders reconciled exercises and badges
00:46 +305: C:/Users/Atharva Patil/Documents/projects/gymlog/test/features/routines/presentation/ai_routine_review_screen_test.dart: AiRoutineReviewScreen renders reconciled exercises and badges
00:46 +306: C:/Users/Atharva Patil/Documents/projects/gymlog/test/features/routines/presentation/ai_routine_review_screen_test.dart: AiRoutineReviewScreen renders reconciled exercises and badges
00:46 +307: C:/Users/Atharva Patil/Documents/projects/gymlog/test/features/routines/presentation/ai_routine_review_screen_test.dart: AiRoutineReviewScreen renders reconciled exercises and badges
00:46 +308: C:/Users/Atharva Patil/Documents/projects/gymlog/test/features/routines/presentation/ai_routine_review_screen_test.dart: AiRoutineReviewScreen renders reconciled exercises and badges
00:46 +309: C:/Users/Atharva Patil/Documents/projects/gymlog/test/features/routines/presentation/ai_routine_review_screen_test.dart: AiRoutineReviewScreen renders reconciled exercises and badges
00:46 +310: C:/Users/Atharva Patil/Documents/projects/gymlog/test/features/routines/presentation/ai_routine_review_screen_test.dart: AiRoutineReviewScreen renders reconciled exercises and badges
00:46 +311: C:/Users/Atharva Patil/Documents/projects/gymlog/test/features/routines/presentation/ai_routine_review_screen_test.dart: AiRoutineReviewScreen renders reconciled exercises and badges
00:46 +312: C:/Users/Atharva Patil/Documents/projects/gymlog/test/features/routines/presentation/ai_routine_review_screen_test.dart: AiRoutineReviewScreen renders reconciled exercises and badges
00:46 +313: C:/Users/Atharva Patil/Documents/projects/gymlog/test/features/routines/presentation/ai_routine_review_screen_test.dart: AiRoutineReviewScreen renders reconciled exercises and badges
00:46 +314: C:/Users/Atharva Patil/Documents/projects/gymlog/test/features/routines/presentation/ai_routine_review_screen_test.dart: AiRoutineReviewScreen renders reconciled exercises and badges
00:46 +315: C:/Users/Atharva Patil/Documents/projects/gymlog/test/features/routines/presentation/ai_routine_review_screen_test.dart: AiRoutineReviewScreen renders reconciled exercises and badges
00:46 +316: C:/Users/Atharva Patil/Documents/projects/gymlog/test/features/routines/presentation/ai_routine_review_screen_test.dart: AiRoutineReviewScreen renders reconciled exercises and badges
00:46 +317: C:/Users/Atharva Patil/Documents/projects/gymlog/test/features/routines/presentation/ai_routine_review_screen_test.dart: AiRoutineReviewScreen renders reconciled exercises and badges
00:46 +318: C:/Users/Atharva Patil/Documents/projects/gymlog/test/features/routines/presentation/ai_routine_review_screen_test.dart: AiRoutineReviewScreen renders reconciled exercises and badges
00:46 +319: C:/Users/Atharva Patil/Documents/projects/gymlog/test/features/routines/presentation/ai_routine_review_screen_test.dart: AiRoutineReviewScreen renders reconciled exercises and badges
00:46 +320: C:/Users/Atharva Patil/Documents/projects/gymlog/test/features/routines/presentation/ai_routine_review_screen_test.dart: AiRoutineReviewScreen renders reconciled exercises and badges
00:46 +321: C:/Users/Atharva Patil/Documents/projects/gymlog/test/features/routines/presentation/ai_routine_review_screen_test.dart: AiRoutineReviewScreen renders reconciled exercises and badges
00:46 +322: C:/Users/Atharva Patil/Documents/projects/gymlog/test/features/routines/presentation/ai_routine_review_screen_test.dart: AiRoutineReviewScreen renders reconciled exercises and badges
00:46 +323: C:/Users/Atharva Patil/Documents/projects/gymlog/test/features/routines/presentation/ai_routine_review_screen_test.dart: AiRoutineReviewScreen renders reconciled exercises and badges
00:46 +324: C:/Users/Atharva Patil/Documents/projects/gymlog/test/features/routines/presentation/ai_routine_review_screen_test.dart: AiRoutineReviewScreen renders reconciled exercises and badges
00:46 +325: C:/Users/Atharva Patil/Documents/projects/gymlog/test/features/routines/presentation/ai_routine_review_screen_test.dart: AiRoutineReviewScreen renders reconciled exercises and badges
00:46 +326: C:/Users/Atharva Patil/Documents/projects/gymlog/test/features/routines/presentation/ai_routine_review_screen_test.dart: AiRoutineReviewScreen renders reconciled exercises and badges
00:46 +327: C:/Users/Atharva Patil/Documents/projects/gymlog/test/features/routines/presentation/ai_routine_review_screen_test.dart: AiRoutineReviewScreen renders reconciled exercises and badges
00:46 +328: C:/Users/Atharva Patil/Documents/projects/gymlog/test/features/routines/presentation/ai_routine_review_screen_test.dart: AiRoutineReviewScreen renders reconciled exercises and badges
00:46 +329: C:/Users/Atharva Patil/Documents/projects/gymlog/test/features/routines/presentation/ai_routine_review_screen_test.dart: AiRoutineReviewScreen renders reconciled exercises and badges
00:46 +330: C:/Users/Atharva Patil/Documents/projects/gymlog/test/features/routines/presentation/ai_routine_review_screen_test.dart: AiRoutineReviewScreen renders reconciled exercises and badges
00:46 +331: C:/Users/Atharva Patil/Documents/projects/gymlog/test/features/routines/presentation/ai_routine_review_screen_test.dart: AiRoutineReviewScreen renders reconciled exercises and badges
00:46 +332: C:/Users/Atharva Patil/Documents/projects/gymlog/test/features/routines/presentation/ai_routine_review_screen_test.dart: AiRoutineReviewScreen renders reconciled exercises and badges
00:46 +333: C:/Users/Atharva Patil/Documents/projects/gymlog/test/features/routines/presentation/ai_routine_review_screen_test.dart: AiRoutineReviewScreen renders reconciled exercises and badges
00:47 +334: C:/Users/Atharva Patil/Documents/projects/gymlog/test/features/routines/presentation/ai_routine_review_screen_test.dart: AiRoutineReviewScreen stepper increments set count
00:47 +335: C:/Users/Atharva Patil/Documents/projects/gymlog/test/features/routines/presentation/ai_routine_review_screen_test.dart: AiRoutineReviewScreen stepper increments set count
00:47 +336: C:/Users/Atharva Patil/Documents/projects/gymlog/test/features/routines/presentation/ai_routine_review_screen_test.dart: AiRoutineReviewScreen stepper increments set count
00:47 +337: C:/Users/Atharva Patil/Documents/projects/gymlog/test/features/routines/presentation/ai_routine_review_screen_test.dart: AiRoutineReviewScreen stepper increments set count
00:47 +338: C:/Users/Atharva Patil/Documents/projects/gymlog/test/features/routines/presentation/ai_routine_review_screen_test.dart: AiRoutineReviewScreen stepper increments set count
00:47 +339: C:/Users/Atharva Patil/Documents/projects/gymlog/test/features/routines/presentation/ai_routine_review_screen_test.dart: AiRoutineReviewScreen stepper increments set count
00:47 +340: C:/Users/Atharva Patil/Documents/projects/gymlog/test/features/routines/presentation/ai_routine_review_screen_test.dart: AiRoutineReviewScreen stepper increments set count
00:47 +341: C:/Users/Atharva Patil/Documents/projects/gymlog/test/features/routines/presentation/providers/explore_filters_test.dart: applyExploreFilters search finds routines by exercise name
00:47 +342: C:/Users/Atharva Patil/Documents/projects/gymlog/test/features/routines/presentation/providers/explore_filters_test.dart: applyExploreFilters a nonsense query returns nothing rather than everything
00:47 +343: C:/Users/Atharva Patil/Documents/projects/gymlog/test/features/routines/presentation/providers/explore_filters_test.dart: applyExploreFilters level filter keeps only matching routines
00:47 +344: C:/Users/Atharva Patil/Documents/projects/gymlog/test/features/routines/presentation/providers/explore_filters_test.dart: applyExploreFilters duration filter keeps only matching bands
00:47 +345: C:/Users/Atharva Patil/Documents/projects/gymlog/test/features/routines/presentation/providers/explore_filters_test.dart: applyExploreFilters filters compose
00:47 +346: C:/Users/Atharva Patil/Documents/projects/gymlog/test/features/routines/presentation/providers/explore_filters_test.dart: applyExploreFilters activeCount tracks how many constraints are on
00:47 +347: C:/Users/Atharva Patil/Documents/projects/gymlog/test/features/routines/presentation/providers/explore_filters_test.dart: applyExploreFilters clearing equipment removes the constraint
00:48 +348: C:/Users/Atharva Patil/Documents/projects/gymlog/test/features/routines/presentation/widgets/explore_preview_sheet_test.dart: RoutinePreviewSheet renders routine details, exercises, and muscle map
00:48 +349: C:/Users/Atharva Patil/Documents/projects/gymlog/test/features/routines/presentation/widgets/explore_preview_sheet_test.dart: RoutinePreviewSheet renders routine details, exercises, and muscle map
00:48 +350: C:/Users/Atharva Patil/Documents/projects/gymlog/test/features/routines/presentation/widgets/explore_preview_sheet_test.dart: RoutinePreviewSheet renders routine details, exercises, and muscle map
00:48 +351: C:/Users/Atharva Patil/Documents/projects/gymlog/test/features/routines/presentation/widgets/explore_preview_sheet_test.dart: RoutinePreviewSheet renders routine details, exercises, and muscle map
00:48 +352: C:/Users/Atharva Patil/Documents/projects/gymlog/test/features/routines/presentation/widgets/explore_preview_sheet_test.dart: RoutinePreviewSheet renders routine details, exercises, and muscle map
00:48 +353: C:/Users/Atharva Patil/Documents/projects/gymlog/test/features/routines/presentation/widgets/explore_preview_sheet_test.dart: RoutinePreviewSheet renders routine details, exercises, and muscle map
00:48 +354: C:/Users/Atharva Patil/Documents/projects/gymlog/test/features/routines/presentation/widgets/explore_preview_sheet_test.dart: RoutinePreviewSheet renders routine details, exercises, and muscle map
00:48 +355: C:/Users/Atharva Patil/Documents/projects/gymlog/test/features/routines/presentation/widgets/explore_preview_sheet_test.dart: RoutinePreviewSheet renders routine details, exercises, and muscle map
00:48 +356: C:/Users/Atharva Patil/Documents/projects/gymlog/test/features/routines/presentation/widgets/explore_preview_sheet_test.dart: RoutinePreviewSheet renders routine details, exercises, and muscle map
00:48 +357: C:/Users/Atharva Patil/Documents/projects/gymlog/test/features/routines/presentation/widgets/explore_preview_sheet_test.dart: RoutinePreviewSheet renders routine details, exercises, and muscle map
00:48 +358: C:/Users/Atharva Patil/Documents/projects/gymlog/test/features/routines/presentation/widgets/explore_preview_sheet_test.dart: RoutinePreviewSheet renders routine details, exercises, and muscle map
00:48 +359: C:/Users/Atharva Patil/Documents/projects/gymlog/test/features/routines/presentation/widgets/explore_preview_sheet_test.dart: RoutinePreviewSheet renders routine details, exercises, and muscle map
00:48 +360: C:/Users/Atharva Patil/Documents/projects/gymlog/test/features/routines/presentation/widgets/explore_preview_sheet_test.dart: RoutinePreviewSheet renders routine details, exercises, and muscle map
00:48 +361: C:/Users/Atharva Patil/Documents/projects/gymlog/test/features/routines/presentation/widgets/explore_preview_sheet_test.dart: RoutinePreviewSheet renders routine details, exercises, and muscle map
00:48 +362: C:/Users/Atharva Patil/Documents/projects/gymlog/test/features/routines/presentation/widgets/explore_preview_sheet_test.dart: RoutinePreviewSheet renders routine details, exercises, and muscle map
00:48 +363: C:/Users/Atharva Patil/Documents/projects/gymlog/test/features/routines/presentation/widgets/explore_preview_sheet_test.dart: RoutinePreviewSheet renders routine details, exercises, and muscle map
00:48 +364: C:/Users/Atharva Patil/Documents/projects/gymlog/test/features/routines/presentation/widgets/explore_preview_sheet_test.dart: RoutinePreviewSheet renders routine details, exercises, and muscle map
00:48 +365: C:/Users/Atharva Patil/Documents/projects/gymlog/test/features/routines/presentation/widgets/explore_preview_sheet_test.dart: RoutinePreviewSheet renders routine details, exercises, and muscle map
00:48 +366: C:/Users/Atharva Patil/Documents/projects/gymlog/test/features/routines/presentation/widgets/explore_preview_sheet_test.dart: RoutinePreviewSheet renders routine details, exercises, and muscle map
00:48 +367: C:/Users/Atharva Patil/Documents/projects/gymlog/test/features/routines/presentation/widgets/explore_preview_sheet_test.dart: RoutinePreviewSheet renders routine details, exercises, and muscle map
00:48 +368: C:/Users/Atharva Patil/Documents/projects/gymlog/test/features/routines/presentation/widgets/explore_preview_sheet_test.dart: RoutinePreviewSheet renders routine details, exercises, and muscle map
00:48 +369: C:/Users/Atharva Patil/Documents/projects/gymlog/test/features/routines/presentation/widgets/explore_preview_sheet_test.dart: RoutinePreviewSheet renders routine details, exercises, and muscle map
00:48 +370: C:/Users/Atharva Patil/Documents/projects/gymlog/test/features/routines/presentation/widgets/explore_preview_sheet_test.dart: RoutinePreviewSheet renders routine details, exercises, and muscle map
00:48 +371: C:/Users/Atharva Patil/Documents/projects/gymlog/test/features/routines/presentation/widgets/explore_preview_sheet_test.dart: RoutinePreviewSheet renders routine details, exercises, and muscle map
00:48 +372: C:/Users/Atharva Patil/Documents/projects/gymlog/test/features/routines/presentation/widgets/explore_preview_sheet_test.dart: RoutinePreviewSheet renders routine details, exercises, and muscle map
00:48 +373: C:/Users/Atharva Patil/Documents/projects/gymlog/test/features/routines/presentation/widgets/explore_preview_sheet_test.dart: RoutinePreviewSheet renders routine details, exercises, and muscle map
00:48 +374: C:/Users/Atharva Patil/Documents/projects/gymlog/test/features/routines/presentation/widgets/explore_preview_sheet_test.dart: RoutinePreviewSheet renders routine details, exercises, and muscle map
00:48 +375: C:/Users/Atharva Patil/Documents/projects/gymlog/test/features/routines/presentation/widgets/explore_preview_sheet_test.dart: RoutinePreviewSheet renders routine details, exercises, and muscle map
00:48 +376: C:/Users/Atharva Patil/Documents/projects/gymlog/test/features/routines/presentation/widgets/explore_preview_sheet_test.dart: RoutinePreviewSheet renders routine details, exercises, and muscle map
00:48 +377: C:/Users/Atharva Patil/Documents/projects/gymlog/test/features/routines/presentation/widgets/explore_preview_sheet_test.dart: RoutinePreviewSheet renders routine details, exercises, and muscle map
00:49 +378: C:/Users/Atharva Patil/Documents/projects/gymlog/test/features/routines/presentation/widgets/explore_preview_sheet_test.dart: RoutinePreviewSheet renders routine details, exercises, and muscle map
00:49 +379: C:/Users/Atharva Patil/Documents/projects/gymlog/test/features/routines/presentation/widgets/explore_preview_sheet_test.dart: RoutinePreviewSheet renders routine details, exercises, and muscle map
00:49 +380: C:/Users/Atharva Patil/Documents/projects/gymlog/test/features/routines/presentation/widgets/explore_preview_sheet_test.dart: RoutinePreviewSheet renders routine details, exercises, and muscle map
unhandled element <style/>; Picture key: Svg loader
00:49 +381: C:/Users/Atharva Patil/Documents/projects/gymlog/test/features/routines/presentation/widgets/explore_preview_sheet_test.dart: RoutinePreviewSheet shows View in My Routines when isOwned is true
00:50 +382: C:/Users/Atharva Patil/Documents/projects/gymlog/test/features/routines/presentation/widgets/explore_preview_sheet_test.dart: RoutinePreviewSheet shows View in My Routines when isOwned is true
00:50 +383: C:/Users/Atharva Patil/Documents/projects/gymlog/test/features/routines/presentation/widgets/explore_preview_sheet_test.dart: RoutinePreviewSheet shows View in My Routines when isOwned is true
00:50 +384: C:/Users/Atharva Patil/Documents/projects/gymlog/test/features/routines/presentation/widgets/explore_preview_sheet_test.dart: RoutinePreviewSheet shows View in My Routines when isOwned is true
00:50 +385: C:/Users/Atharva Patil/Documents/projects/gymlog/test/features/routines/presentation/widgets/explore_preview_sheet_test.dart: RoutinePreviewSheet shows View in My Routines when isOwned is true
00:50 +386: C:/Users/Atharva Patil/Documents/projects/gymlog/test/features/routines/presentation/widgets/explore_preview_sheet_test.dart: RoutinePreviewSheet shows View in My Routines when isOwned is true
00:50 +387: C:/Users/Atharva Patil/Documents/projects/gymlog/test/features/routines/presentation/widgets/explore_preview_sheet_test.dart: RoutinePreviewSheet shows View in My Routines when isOwned is true
00:50 +388: C:/Users/Atharva Patil/Documents/projects/gymlog/test/features/routines/presentation/widgets/explore_preview_sheet_test.dart: ExploreRoutineCard tapping card triggers onTap preview callback
00:50 +389: C:/Users/Atharva Patil/Documents/projects/gymlog/test/features/workout/presentation/screens/active_workout_hold_timer_integration_test.dart: ExerciseBlock renders TIMER column and triggers HoldTimer
00:52 +390: C:/Users/Atharva Patil/Documents/projects/gymlog/test/features/workout/presentation/screens/active_workout_hold_timer_integration_test.dart: ExerciseBlock renders TIMER column and triggers HoldTimer
00:52 +391: C:/Users/Atharva Patil/Documents/projects/gymlog/test/features/workout/presentation/screens/active_workout_hold_timer_integration_test.dart: ExerciseBlock renders TIMER column and triggers HoldTimer
00:52 +392: C:/Users/Atharva Patil/Documents/projects/gymlog/test/features/workout/presentation/screens/active_workout_hold_timer_integration_test.dart: ExerciseBlock renders TIMER column and triggers HoldTimer
00:53 +393: C:/Users/Atharva Patil/Documents/projects/gymlog/test/features/workout/presentation/widgets/set_row_hold_timer_test.dart: SetRow Hold Timer Integration Tests renders play icon trigger and TextField for duration measurementType
00:53 +394: C:/Users/Atharva Patil/Documents/projects/gymlog/test/features/workout/pr_celebration_overlay_test.dart: PR celebration overlay share action opens the editor with the originating set
00:53 +395: C:/Users/Atharva Patil/Documents/projects/gymlog/test/features/workout/pr_celebration_overlay_test.dart: PR celebration overlay share action opens the editor with the originating set
00:53 +396: C:/Users/Atharva Patil/Documents/projects/gymlog/test/features/workout/pr_celebration_overlay_test.dart: PR celebration overlay share action opens the editor with the originating set
00:53 +397: C:/Users/Atharva Patil/Documents/projects/gymlog/test/features/workout/pr_celebration_overlay_test.dart: PR celebration overlay share action opens the editor with the originating set
00:53 +398: C:/Users/Atharva Patil/Documents/projects/gymlog/test/features/workout/pr_celebration_overlay_test.dart: PR celebration overlay share action opens the editor with the originating set
00:53 +399: C:/Users/Atharva Patil/Documents/projects/gymlog/test/features/workout/pr_celebration_overlay_test.dart: PR celebration overlay share action opens the editor with the originating set
00:53 +400: C:/Users/Atharva Patil/Documents/projects/gymlog/test/features/workout/pr_celebration_overlay_test.dart: PR celebration overlay share action opens the editor with the originating set
00:53 +400: loading C:/Users/Atharva Patil/Documents/projects/gymlog/test/golden/active_workout_header_golden_test.dart
Warning: A tag was used that wasn't specified in dart_test.yaml.
  golden was used in the suite itself

00:53 +401: C:/Users/Atharva Patil/Documents/projects/gymlog/test/features/workout/pr_celebration_overlay_test.dart: PR celebration overlay share action opens the editor with the originating set
00:54 +402: C:/Users/Atharva Patil/Documents/projects/gymlog/test/golden/active_workout_header_golden_test.dart: ActiveWorkoutHeader renders correctly per theme (normal layout) (variant: Windows)
00:54 +403: C:/Users/Atharva Patil/Documents/projects/gymlog/test/golden/active_workout_header_golden_test.dart: ActiveWorkoutHeader renders correctly per theme (normal layout) (variant: Windows)
00:54 +404: C:/Users/Atharva Patil/Documents/projects/gymlog/test/golden/active_workout_header_golden_test.dart: ActiveWorkoutHeader renders correctly per theme (normal layout) (variant: Windows)
00:54 +405: C:/Users/Atharva Patil/Documents/projects/gymlog/test/golden/active_workout_header_golden_test.dart: ActiveWorkoutHeader renders correctly per theme (normal layout) (variant: Windows)
00:55 +406: C:/Users/Atharva Patil/Documents/projects/gymlog/test/golden/active_workout_header_golden_test.dart: ActiveWorkoutHeader renders correctly per theme (normal layout) (variant: Windows)
00:55 +407: C:/Users/Atharva Patil/Documents/projects/gymlog/test/golden/active_workout_header_golden_test.dart: ActiveWorkoutHeader renders correctly per theme (normal layout) (variant: Windows)
00:55 +408: C:/Users/Atharva Patil/Documents/projects/gymlog/test/golden/auth_screen_golden_test.dart: AuthScreen Golden Tests 1. Dark Purple Palette 390x844
00:55 +409: C:/Users/Atharva Patil/Documents/projects/gymlog/test/golden/auth_screen_golden_test.dart: AuthScreen Golden Tests 1. Dark Purple Palette 390x844
00:55 +409: loading C:/Users/Atharva Patil/Documents/projects/gymlog/test/golden/muscle_load_bar_golden_test.dart
Warning: A tag was used that wasn't specified in dart_test.yaml.
  golden was used in the suite itself

00:56 +410: C:/Users/Atharva Patil/Documents/projects/gymlog/test/golden/auth_screen_golden_test.dart: AuthScreen Golden Tests 1. Dark Purple Palette 390x844
00:56 +411: C:/Users/Atharva Patil/Documents/projects/gymlog/test/golden/auth_screen_golden_test.dart: AuthScreen Golden Tests 1. Dark Purple Palette 390x844
00:56 +412: C:/Users/Atharva Patil/Documents/projects/gymlog/test/golden/muscle_load_bar_golden_test.dart: MuscleLoadBar renders in all six accent palettes (variant: Windows)
00:56 +413: C:/Users/Atharva Patil/Documents/projects/gymlog/test/golden/muscle_load_bar_golden_test.dart: MuscleLoadBar renders in all six accent palettes (variant: Windows)
00:56 +414: C:/Users/Atharva Patil/Documents/projects/gymlog/test/golden/muscle_load_bar_golden_test.dart: MuscleLoadBar renders in all six accent palettes (variant: Windows)
00:57 +415: C:/Users/Atharva Patil/Documents/projects/gymlog/test/golden/muscle_load_bar_golden_test.dart: MuscleLoadBar renders in all six accent palettes (variant: Windows)
00:57 +416: C:/Users/Atharva Patil/Documents/projects/gymlog/test/golden/active_workout_header_golden_test.dart: ActiveWorkoutHeader renders correctly per theme (status-bar inset) (variant: CI)
00:57 +417: C:/Users/Atharva Patil/Documents/projects/gymlog/test/golden/auth_screen_golden_test.dart: AuthScreen Golden Tests 4. Electric Indigo Palette 390x844
00:57 +418: C:/Users/Atharva Patil/Documents/projects/gymlog/test/golden/muscle_load_bar_golden_test.dart: MuscleLoadBar renders in all six accent palettes (variant: CI)
00:57 +419: C:/Users/Atharva Patil/Documents/projects/gymlog/test/golden/muscle_load_bar_golden_test.dart: MuscleLoadBar renders in all six accent palettes (variant: CI)
00:57 +419: loading C:/Users/Atharva Patil/Documents/projects/gymlog/test/golden/muscle_map_golden_test.dart
Warning: A tag was used that wasn't specified in dart_test.yaml.
  golden was used in the suite itself

00:57 +420: C:/Users/Atharva Patil/Documents/projects/gymlog/test/golden/auth_screen_golden_test.dart: AuthScreen Golden Tests 6. White Palette 390x844
00:57 +421: C:/Users/Atharva Patil/Documents/projects/gymlog/test/golden/muscle_map_golden_test.dart: MuscleMap front-only male highlights Chest and Triceps (variant: Windows)
00:57 +422: C:/Users/Atharva Patil/Documents/projects/gymlog/test/golden/muscle_map_golden_test.dart: MuscleMap front-only male highlights Chest and Triceps (variant: Windows)
00:57 +423: C:/Users/Atharva Patil/Documents/projects/gymlog/test/golden/muscle_map_golden_test.dart: MuscleMap front-only male highlights Chest and Triceps (variant: Windows)
00:57 +424: C:/Users/Atharva Patil/Documents/projects/gymlog/test/golden/muscle_map_golden_test.dart: MuscleMap front-only male highlights Chest and Triceps (variant: Windows)
00:57 +425: C:/Users/Atharva Patil/Documents/projects/gymlog/test/golden/muscle_map_golden_test.dart: MuscleMap front-only male highlights Chest and Triceps (variant: Windows)
00:58 +426: C:/Users/Atharva Patil/Documents/projects/gymlog/test/golden/muscle_map_golden_test.dart: MuscleMap front-only male highlights Chest and Triceps (variant: Windows)
00:58 +427: C:/Users/Atharva Patil/Documents/projects/gymlog/test/golden/muscle_map_golden_test.dart: MuscleMap front-only male highlights Chest and Triceps (variant: Windows)
00:58 +427: C:/Users/Atharva Patil/Documents/projects/gymlog/test/golden/auth_screen_golden_test.dart: AuthScreen Golden Tests 13. Offline Snackbar
[Auth] failure=network
00:58 +428: C:/Users/Atharva Patil/Documents/projects/gymlog/test/golden/muscle_map_golden_test.dart: MuscleMap front-only male highlights Chest and Triceps (variant: Windows)
00:58 +428: C:/Users/Atharva Patil/Documents/projects/gymlog/test/golden/auth_screen_golden_test.dart: AuthScreen Golden Tests 14. Configuration-error Snackbar
[Auth] failure=configuration code=google_android_configuration
00:58 +429: C:/Users/Atharva Patil/Documents/projects/gymlog/test/golden/muscle_map_golden_test.dart: MuscleMap front-only male highlights Chest and Triceps (variant: Windows)
00:58 +429: loading C:/Users/Atharva Patil/Documents/projects/gymlog/test/golden/nav_bar_golden_test.dart
Warning: A tag was used that wasn't specified in dart_test.yaml.
  golden was used in the suite itself

00:58 +429: C:/Users/Atharva Patil/Documents/projects/gymlog/test/golden/muscle_map_golden_test.dart: MuscleMap front-only male highlights Chest and Triceps (variant: Windows)
unhandled element <style/>; Picture key: Svg loader
00:58 +430: C:/Users/Atharva Patil/Documents/projects/gymlog/test/golden/nav_bar_golden_test.dart: BottomNavBar — all palettes, tab 0 selected, standard sizes (variant: Windows)
00:59 +431: C:/Users/Atharva Patil/Documents/projects/gymlog/test/golden/nav_bar_golden_test.dart: BottomNavBar — all palettes, tab 0 selected, standard sizes (variant: Windows)
00:59 +431: loading C:/Users/Atharva Patil/Documents/projects/gymlog/test/golden/onboarding_steps_golden_test.dart
Warning: A tag was used that wasn't specified in dart_test.yaml.
  golden was used in the suite itself

00:59 +432: C:/Users/Atharva Patil/Documents/projects/gymlog/test/golden/nav_bar_golden_test.dart: BottomNavBar — all palettes, tab 0 selected, standard sizes (variant: Windows)
01:00 +433: C:/Users/Atharva Patil/Documents/projects/gymlog/test/golden/nav_bar_golden_test.dart: BottomNavBar — all palettes, tab 0 selected, standard sizes (variant: Windows)
01:00 +434: C:/Users/Atharva Patil/Documents/projects/gymlog/test/golden/onboarding_steps_golden_test.dart: StepAge renders per theme (variant: Windows)
01:00 +434: loading C:/Users/Atharva Patil/Documents/projects/gymlog/test/golden/pr_celebration_golden_test.dart
Warning: A tag was used that wasn't specified in dart_test.yaml.
  golden was used in the suite itself

01:00 +435: C:/Users/Atharva Patil/Documents/projects/gymlog/test/golden/onboarding_steps_golden_test.dart: StepAge renders per theme (variant: Windows)
01:00 +436: C:/Users/Atharva Patil/Documents/projects/gymlog/test/golden/onboarding_steps_golden_test.dart: StepAge renders per theme (variant: Windows)
01:00 +437: C:/Users/Atharva Patil/Documents/projects/gymlog/test/golden/onboarding_steps_golden_test.dart: StepAge renders per theme (variant: Windows)
01:01 +438: C:/Users/Atharva Patil/Documents/projects/gymlog/test/golden/pr_celebration_golden_test.dart: PrCelebrationCard renders per theme (variant: Windows)
01:01 +439: C:/Users/Atharva Patil/Documents/projects/gymlog/test/golden/pr_celebration_golden_test.dart: PrCelebrationCard renders per theme (variant: Windows)
01:01 +440: C:/Users/Atharva Patil/Documents/projects/gymlog/test/golden/pr_celebration_golden_test.dart: PrCelebrationCard renders per theme (variant: Windows)
01:01 +441: C:/Users/Atharva Patil/Documents/projects/gymlog/test/golden/pr_celebration_golden_test.dart: PrCelebrationCard renders per theme (variant: Windows)
01:02 +442: C:/Users/Atharva Patil/Documents/projects/gymlog/test/golden/pr_celebration_golden_test.dart: PrCelebrationCard renders per theme (variant: Windows)
01:02 +442: loading C:/Users/Atharva Patil/Documents/projects/gymlog/test/golden/pr_flex_golden_test.dart
Warning: A tag was used that wasn't specified in dart_test.yaml.
  golden was used in the suite itself

01:02 +443: C:/Users/Atharva Patil/Documents/projects/gymlog/test/golden/pr_celebration_golden_test.dart: PrCelebrationCard renders per theme (variant: Windows)
01:02 +444: C:/Users/Atharva Patil/Documents/projects/gymlog/test/golden/pr_celebration_golden_test.dart: PrCelebrationCard renders per theme (variant: Windows)
01:02 +445: C:/Users/Atharva Patil/Documents/projects/gymlog/test/golden/onboarding_steps_golden_test.dart: StepAge at 100 renders per theme (regression: 3 digits must not wrap) (variant: CI)
01:02 +446: C:/Users/Atharva Patil/Documents/projects/gymlog/test/golden/onboarding_steps_golden_test.dart: StepAge at 100 renders per theme (regression: 3 digits must not wrap) (variant: CI)
01:02 +447: C:/Users/Atharva Patil/Documents/projects/gymlog/test/golden/pr_flex_golden_test.dart: PR Flex black, all six app accents (variant: Windows)
01:03 +448: C:/Users/Atharva Patil/Documents/projects/gymlog/test/golden/pr_flex_golden_test.dart: PR Flex black, all six app accents (variant: Windows)
01:03 +449: C:/Users/Atharva Patil/Documents/projects/gymlog/test/golden/pr_flex_golden_test.dart: PR Flex black, all six app accents (variant: Windows)
01:03 +450: C:/Users/Atharva Patil/Documents/projects/gymlog/test/golden/pr_flex_golden_test.dart: PR Flex black, all six app accents (variant: Windows)
01:03 +451: C:/Users/Atharva Patil/Documents/projects/gymlog/test/golden/pr_flex_golden_test.dart: PR Flex black, all six app accents (variant: Windows)
01:03 +452: C:/Users/Atharva Patil/Documents/projects/gymlog/test/golden/pr_flex_golden_test.dart: PR Flex black, all six app accents (variant: Windows)
01:03 +453: C:/Users/Atharva Patil/Documents/projects/gymlog/test/golden/pr_flex_golden_test.dart: PR Flex black, all six app accents (variant: Windows)
01:04 +454: C:/Users/Atharva Patil/Documents/projects/gymlog/test/golden/pr_flex_golden_test.dart: PR Flex black, all six app accents (variant: Windows)
01:04 +455: C:/Users/Atharva Patil/Documents/projects/gymlog/test/golden/pr_flex_golden_test.dart: PR Flex black, all six app accents (variant: Windows)
01:04 +456: C:/Users/Atharva Patil/Documents/projects/gymlog/test/golden/pr_flex_golden_test.dart: PR Flex black, all six app accents (variant: Windows)
01:04 +457: C:/Users/Atharva Patil/Documents/projects/gymlog/test/golden/nav_bar_golden_test.dart: BottomNavBar — landscape 800x360 (variant: CI)
01:04 +458: C:/Users/Atharva Patil/Documents/projects/gymlog/test/golden/pr_flex_golden_test.dart: PR Flex black, all six app accents (variant: CI)
01:05 +459: C:/Users/Atharva Patil/Documents/projects/gymlog/test/golden/pr_flex_golden_test.dart: PR Flex black, all six app accents (variant: CI)
01:05 +460: C:/Users/Atharva Patil/Documents/projects/gymlog/test/golden/pr_flex_golden_test.dart: PR Flex black, all six app accents (variant: CI)
01:05 +461: C:/Users/Atharva Patil/Documents/projects/gymlog/test/golden/nav_bar_golden_test.dart: BottomNavBar — geometry and layout nav bar has 72px height
01:05 +462: C:/Users/Atharva Patil/Documents/projects/gymlog/test/golden/pr_flex_golden_test.dart: PR Flex accent, all six app accents (variant: Windows)
01:05 +463: C:/Users/Atharva Patil/Documents/projects/gymlog/test/golden/pr_flex_golden_test.dart: PR Flex accent, all six app accents (variant: Windows)
01:06 +464: C:/Users/Atharva Patil/Documents/projects/gymlog/test/golden/pr_flex_golden_test.dart: PR Flex accent, all six app accents (variant: CI)
01:06 +465: C:/Users/Atharva Patil/Documents/projects/gymlog/test/golden/pr_flex_golden_test.dart: PR Flex photo, all six app accents (variant: Windows)
01:07 +465: loading C:/Users/Atharva Patil/Documents/projects/gymlog/test/golden/segmented_control_golden_test.dart
Warning: A tag was used that wasn't specified in dart_test.yaml.
  golden was used in the suite itself

01:07 +465: loading C:/Users/Atharva Patil/Documents/projects/gymlog/test/golden/share_cards_golden_test.dart
Warning: A tag was used that wasn't specified in dart_test.yaml.
  golden was used in the suite itself

01:07 +466: C:/Users/Atharva Patil/Documents/projects/gymlog/test/golden/segmented_control_golden_test.dart: SegmentedControl renders correctly per theme (variant: Windows)
01:08 +467: C:/Users/Atharva Patil/Documents/projects/gymlog/test/golden/segmented_control_golden_test.dart: SegmentedControl renders correctly per theme (variant: Windows)
01:08 +468: C:/Users/Atharva Patil/Documents/projects/gymlog/test/golden/segmented_control_golden_test.dart: SegmentedControl renders correctly per theme (variant: Windows)
01:08 +469: C:/Users/Atharva Patil/Documents/projects/gymlog/test/golden/segmented_control_golden_test.dart: SegmentedControl renders correctly per theme (variant: Windows)
01:08 +470: C:/Users/Atharva Patil/Documents/projects/gymlog/test/golden/segmented_control_golden_test.dart: SegmentedControl renders correctly per theme (variant: Windows)
01:08 +471: C:/Users/Atharva Patil/Documents/projects/gymlog/test/golden/segmented_control_golden_test.dart: SegmentedControl renders correctly per theme (variant: Windows)
01:08 +472: C:/Users/Atharva Patil/Documents/projects/gymlog/test/golden/segmented_control_golden_test.dart: SegmentedControl renders correctly per theme (variant: Windows)
01:08 +473: C:/Users/Atharva Patil/Documents/projects/gymlog/test/golden/segmented_control_golden_test.dart: SegmentedControl renders correctly per theme (variant: Windows)
01:08 +474: C:/Users/Atharva Patil/Documents/projects/gymlog/test/golden/segmented_control_golden_test.dart: SegmentedControl renders correctly per theme (variant: Windows)
01:08 +475: C:/Users/Atharva Patil/Documents/projects/gymlog/test/golden/segmented_control_golden_test.dart: SegmentedControl renders correctly per theme (variant: Windows)
01:08 +476: C:/Users/Atharva Patil/Documents/projects/gymlog/test/golden/segmented_control_golden_test.dart: SegmentedControl renders correctly per theme (variant: Windows)
01:08 +477: C:/Users/Atharva Patil/Documents/projects/gymlog/test/golden/segmented_control_golden_test.dart: SegmentedControl renders correctly per theme (variant: Windows)
01:08 +478: C:/Users/Atharva Patil/Documents/projects/gymlog/test/golden/segmented_control_golden_test.dart: SegmentedControl renders correctly per theme (variant: Windows)
01:09 +479: C:/Users/Atharva Patil/Documents/projects/gymlog/test/golden/segmented_control_golden_test.dart: SegmentedControl renders correctly per theme (variant: Windows)
01:09 +480: C:/Users/Atharva Patil/Documents/projects/gymlog/test/golden/segmented_control_golden_test.dart: SegmentedControl renders correctly per theme (variant: Windows)
01:09 +481: C:/Users/Atharva Patil/Documents/projects/gymlog/test/golden/segmented_control_golden_test.dart: SegmentedControl renders correctly per theme (variant: Windows)
01:09 +482: C:/Users/Atharva Patil/Documents/projects/gymlog/test/golden/segmented_control_golden_test.dart: SegmentedControl renders correctly per theme (variant: Windows)
01:09 +483: C:/Users/Atharva Patil/Documents/projects/gymlog/test/golden/pr_flex_golden_test.dart: Story editor follows every app accent (variant: Windows)
01:10 +484: C:/Users/Atharva Patil/Documents/projects/gymlog/test/golden/pr_flex_golden_test.dart: Story editor follows every app accent (variant: Windows)
01:10 +485: C:/Users/Atharva Patil/Documents/projects/gymlog/test/golden/pr_flex_golden_test.dart: Story editor follows every app accent (variant: Windows)
01:10 +486: C:/Users/Atharva Patil/Documents/projects/gymlog/test/golden/pr_flex_golden_test.dart: Story editor follows every app accent (variant: Windows)
01:10 +487: C:/Users/Atharva Patil/Documents/projects/gymlog/test/golden/pr_flex_golden_test.dart: Story editor follows every app accent (variant: Windows)
01:11 +488: C:/Users/Atharva Patil/Documents/projects/gymlog/test/golden/share_cards_golden_test.dart: DELT Share Card - Sticker Variant (Alpha Background) (variant: Windows)
01:11 +489: C:/Users/Atharva Patil/Documents/projects/gymlog/test/golden/pr_flex_golden_test.dart: Story editor follows every app accent (variant: CI)
01:11 +490: C:/Users/Atharva Patil/Documents/projects/gymlog/test/golden/pr_flex_golden_test.dart: Story editor follows every app accent (variant: CI)
01:11 +491: C:/Users/Atharva Patil/Documents/projects/gymlog/test/golden/pr_flex_golden_test.dart: Story editor follows every app accent (variant: CI)
01:11 +492: C:/Users/Atharva Patil/Documents/projects/gymlog/test/golden/pr_flex_golden_test.dart: Story editor follows every app accent (variant: CI)
01:11 +493: C:/Users/Atharva Patil/Documents/projects/gymlog/test/golden/pr_flex_golden_test.dart: Story editor follows every app accent (variant: CI)
01:11 +494: C:/Users/Atharva Patil/Documents/projects/gymlog/test/golden/pr_flex_golden_test.dart: Story editor follows every app accent (variant: CI)
01:11 +495: C:/Users/Atharva Patil/Documents/projects/gymlog/test/golden/pr_flex_golden_test.dart: Story editor follows every app accent (variant: CI)
01:12 +496: C:/Users/Atharva Patil/Documents/projects/gymlog/test/golden/pr_flex_golden_test.dart: (tearDownAll)
01:13 +496: C:/Users/Atharva Patil/Documents/projects/gymlog/test/import/csv_codec_test.dart: CsvCodec.detectDelimiter picks comma for a Hevy-style header
01:13 +497: C:/Users/Atharva Patil/Documents/projects/gymlog/test/import/csv_codec_test.dart: CsvCodec.detectDelimiter picks semicolon for a Strong-style header
01:13 +498: C:/Users/Atharva Patil/Documents/projects/gymlog/test/import/csv_codec_test.dart: CsvCodec.detectDelimiter picks tab for a TSV header (Hevy Pro)
01:13 +499: C:/Users/Atharva Patil/Documents/projects/gymlog/test/import/csv_codec_test.dart: CsvCodec.detectDelimiter ignores delimiters that appear only inside quotes
01:13 +500: C:/Users/Atharva Patil/Documents/projects/gymlog/test/import/csv_codec_test.dart: CsvCodec.parse strips a leading UTF-8 BOM
01:13 +501: C:/Users/Atharva Patil/Documents/projects/gymlog/test/import/csv_codec_test.dart: CsvCodec.parse keeps commas inside quoted fields
01:13 +502: C:/Users/Atharva Patil/Documents/projects/gymlog/test/import/csv_codec_test.dart: CsvCodec.parse unescapes doubled quotes
01:13 +503: C:/Users/Atharva Patil/Documents/projects/gymlog/test/import/csv_codec_test.dart: CsvCodec.parse handles embedded newlines within quotes
01:13 +504: C:/Users/Atharva Patil/Documents/projects/gymlog/test/import/csv_codec_test.dart: CsvCodec.parse handles CRLF line endings and drops blank lines
01:13 +505: C:/Users/Atharva Patil/Documents/projects/gymlog/test/import/csv_codec_test.dart: CsvCodec.parse parses empty trailing cells
01:13 +506: C:/Users/Atharva Patil/Documents/projects/gymlog/test/import/exercise_matcher_test.dart: exact match (case-insensitive)
01:13 +507: C:/Users/Atharva Patil/Documents/projects/gymlog/test/import/exercise_matcher_test.dart: word-order independent: parenthetical ↔ prefixed equipment
01:13 +508: C:/Users/Atharva Patil/Documents/projects/gymlog/test/import/exercise_matcher_test.dart: equipment is preserved (no cross-equipment link)
01:13 +509: C:/Users/Atharva Patil/Documents/projects/gymlog/test/import/exercise_matcher_test.dart: equipment-less import name links to the single movement match
01:13 +510: C:/Users/Atharva Patil/Documents/projects/gymlog/test/import/exercise_matcher_test.dart: returns null when the movement is unknown
01:13 +511: C:/Users/Atharva Patil/Documents/projects/gymlog/test/import/exercise_matcher_test.dart: movementKey strips equipment and ignores word order
01:13 +512: C:/Users/Atharva Patil/Documents/projects/gymlog/test/import/exercise_matcher_test.dart: equipFromName reads parenthetical or prefixed equipment
01:14 +513: C:/Users/Atharva Patil/Documents/projects/gymlog/test/import/export_roundtrip_test.dart: (setUpAll)
01:14 +513: C:/Users/Atharva Patil/Documents/projects/gymlog/test/import/export_roundtrip_test.dart: ATOMIC-06: Lossless GymLog v2 Import/Export Round-Trip Round-trip invariant: decode(encode(workout)) preserves full history
WARNING (drift): It looks like you've created the database class AppDatabase multiple times. When these two databases use the same QueryExecutor, race conditions will occur and might corrupt the database. 
Try to follow the advice at https://drift.simonbinder.eu/faq/#using-the-database or, if you know what you're doing, set driftRuntimeOptions.dontWarnAboutMultipleDatabases = true
Here is the stacktrace from when the database was opened a second time:
#0      GeneratedDatabase._handleInstantiated (package:drift/src/runtime/api/db_base.dart:96:30)
#1      GeneratedDatabase._whenConstructed (package:drift/src/runtime/api/db_base.dart:73:12)
#2      new GeneratedDatabase (package:drift/src/runtime/api/db_base.dart:64:5)
#3      new _$AppDatabase (package:gymlog/core/database/database.g.dart:4170:36)
#4      new AppDatabase.forTesting (package:gymlog/core/database/database.dart)
#5      main.<anonymous closure>.<anonymous closure> (file:///C:/Users/Atharva%20Patil/Documents/projects/gymlog/test/import/export_roundtrip_test.dart:199:31)
<asynchronous suspension>
#6      Declarer.test.<anonymous closure>.<anonymous closure> (package:test_api/src/backend/declarer.dart:253:15)
<asynchronous suspension>
#7      Declarer.test.<anonymous closure> (package:test_api/src/backend/declarer.dart:250:11)
<asynchronous suspension>
#8      Invoker._waitForOutstandingCallbacks.<anonymous closure> (package:test_api/src/backend/invoker.dart:318:9)
<asynchronous suspension>
This warning will only appear on debug builds.
01:14 +514: C:/Users/Atharva Patil/Documents/projects/gymlog/test/import/export_roundtrip_test.dart: ATOMIC-06: Lossless GymLog v2 Import/Export Round-Trip v1 GymLog CSV remains readable
01:14 +515: C:/Users/Atharva Patil/Documents/projects/gymlog/test/import/export_roundtrip_test.dart: ATOMIC-06: Lossless GymLog v2 Import/Export Round-Trip unsupported future version throws explicit ImportException
01:14 +516: C:/Users/Atharva Patil/Documents/projects/gymlog/test/import/export_roundtrip_test.dart: ATOMIC-06: Lossless GymLog v2 Import/Export Round-Trip missing required v2 columns throws explicit ImportException
01:14 +517: C:/Users/Atharva Patil/Documents/projects/gymlog/test/import/export_roundtrip_test.dart: (tearDownAll)
01:15 +517: C:/Users/Atharva Patil/Documents/projects/gymlog/test/import/import_cluster_regression_test.dart: (setUpAll)
01:15 +517: C:/Users/Atharva Patil/Documents/projects/gymlog/test/import/import_cluster_regression_test.dart: CP-A: GymLog v2 rows are metric-validated (no silent garbage) a weight_and_reps row missing weight warns and skips
01:15 +518: C:/Users/Atharva Patil/Documents/projects/gymlog/test/import/import_cluster_regression_test.dart: CP-A: GymLog v2 rows are metric-validated (no silent garbage) a reps_only row missing reps warns and skips
01:15 +519: C:/Users/Atharva Patil/Documents/projects/gymlog/test/import/import_cluster_regression_test.dart: CP-B: UTC export dates come back as local wall-clock UTC-suffixed startedAt is converted to local on parse
01:15 +520: C:/Users/Atharva Patil/Documents/projects/gymlog/test/import/import_cluster_regression_test.dart: CP-C: case-insensitive session grouping same workout name in different case collapses to one session
01:15 +521: C:/Users/Atharva Patil/Documents/projects/gymlog/test/import/import_cluster_regression_test.dart: IM-A: kg is the default assumed unit parser defaults a unitless Strong file to kg
01:15 +522: C:/Users/Atharva Patil/Documents/projects/gymlog/test/import/import_cluster_regression_test.dart: IM-B: progress counts only importable sessions a duplicate does not move the progress counter
01:15 +523: C:/Users/Atharva Patil/Documents/projects/gymlog/test/import/import_cluster_regression_test.dart: IM-B: progress counts only importable sessions two fresh sessions report 2 of 2
01:15 +524: C:/Users/Atharva Patil/Documents/projects/gymlog/test/import/import_cluster_regression_test.dart: IM-C: cancel mid-import returns partial result isCancelled after the first session stops the rest
01:15 +525: C:/Users/Atharva Patil/Documents/projects/gymlog/test/import/import_cluster_regression_test.dart: IM-H: custom exercises roll back with a failing session a failed session transaction leaves no orphan custom exercise
01:15 +526: C:/Users/Atharva Patil/Documents/projects/gymlog/test/import/import_cluster_regression_test.dart: IM-I: honest partial-import reporting first session commits, second fails, partial result kept
01:15 +527: C:/Users/Atharva Patil/Documents/projects/gymlog/test/import/import_cluster_regression_test.dart: IM-2: template CSV round-trips template parses as GymLog v2 with one weight_and_reps set
01:15 +528: C:/Users/Atharva Patil/Documents/projects/gymlog/test/import/import_cluster_regression_test.dart: (tearDownAll)
01:16 +528: C:/Users/Atharva Patil/Documents/projects/gymlog/test/import/import_screen_polish_test.dart: _Banner renders with AppRadius.cardAll and semantic label
01:16 +529: C:/Users/Atharva Patil/Documents/projects/gymlog/test/import/import_screen_polish_test.dart: _Banner renders with AppRadius.cardAll and semantic label
01:17 +530: C:/Users/Atharva Patil/Documents/projects/gymlog/test/import/import_service_test.dart: stores weights in kilograms when importing a Strong (lbs) export
01:17 +531: C:/Users/Atharva Patil/Documents/projects/gymlog/test/import/import_screen_polish_test.dart: _StatRow renders with semantic label
01:17 +532: C:/Users/Atharva Patil/Documents/projects/gymlog/test/import/import_service_test.dart: re-importing the same file is idempotent
01:17 +533: C:/Users/Atharva Patil/Documents/projects/gymlog/test/import/import_screen_polish_test.dart: _UnitChooser renders with custom height, color tokens, and semantics
01:17 +534: C:/Users/Atharva Patil/Documents/projects/gymlog/test/import/import_screen_polish_test.dart: _UnitChooser renders with custom height, color tokens, and semantics
01:17 +535: C:/Users/Atharva Patil/Documents/projects/gymlog/test/import/muscle_taxonomy_test.dart: parent groups exist and are ordered
01:17 +536: C:/Users/Atharva Patil/Documents/projects/gymlog/test/import/muscle_taxonomy_test.dart: specific muscle resolves to its parent group
01:17 +537: C:/Users/Atharva Patil/Documents/projects/gymlog/test/import/muscle_taxonomy_test.dart: specific muscle resolves to its coarse region
01:17 +538: C:/Users/Atharva Patil/Documents/projects/gymlog/test/import/muscle_taxonomy_test.dart: parent → child lists are populated (e.g. Back)
01:17 +539: C:/Users/Atharva Patil/Documents/projects/gymlog/test/import/muscle_taxonomy_test.dart: unknown muscle falls back gracefully
01:17 +540: C:/Users/Atharva Patil/Documents/projects/gymlog/test/import/workout_csv_parser_test.dart: Hevy parses sessions, sets, and kg volume from a real export
01:17 +541: C:/Users/Atharva Patil/Documents/projects/gymlog/test/import/workout_csv_parser_test.dart: Hevy respects the explicit set_type column (no warmups here)
01:17 +542: C:/Users/Atharva Patil/Documents/projects/gymlog/test/import/workout_csv_parser_test.dart: Hevy orders sets 0-based and contiguous within each exercise
01:17 +543: C:/Users/Atharva Patil/Documents/projects/gymlog/test/import/workout_csv_parser_test.dart: Hevy reads weight_lbs header variant and converts to kg
01:17 +544: C:/Users/Atharva Patil/Documents/projects/gymlog/test/import/workout_csv_parser_test.dart: Strong parses semicolon export and converts lbs → kg
01:17 +545: C:/Users/Atharva Patil/Documents/projects/gymlog/test/import/workout_csv_parser_test.dart: Strong infers warmups from the Notes column
01:17 +546: C:/Users/Atharva Patil/Documents/projects/gymlog/test/import/workout_csv_parser_test.dart: Strong derives session end time from Workout Duration
01:17 +547: C:/Users/Atharva Patil/Documents/projects/gymlog/test/import/workout_csv_parser_test.dart: Strong flags an assumed unit when Weight Unit column is missing
01:17 +548: C:/Users/Atharva Patil/Documents/projects/gymlog/test/import/workout_csv_parser_test.dart: cross-check Hevy and Strong files describe the same training volume
01:17 +549: C:/Users/Atharva Patil/Documents/projects/gymlog/test/import/workout_csv_parser_test.dart: errors throws on an unrecognised header
01:17 +550: C:/Users/Atharva Patil/Documents/projects/gymlog/test/import/workout_csv_parser_test.dart: errors throws on an empty file
01:18 +551: C:/Users/Atharva Patil/Documents/projects/gymlog/test/instagram_story_service_test.dart: hands Instagram both layers and the registered source ID
01:18 +552: C:/Users/Atharva Patil/Documents/projects/gymlog/test/instagram_story_service_test.dart: missing registration does not make a fake successful handoff
01:18 +553: C:/Users/Atharva Patil/Documents/projects/gymlog/test/instagram_story_service_test.dart: uninstalled and unsupported platforms remain recoverable
01:19 +554: C:/Users/Atharva Patil/Documents/projects/gymlog/test/legal_consistency_test.dart: Legal URLs are valid and secure HTTPS links
01:20 +555: C:/Users/Atharva Patil/Documents/projects/gymlog/test/muscle_load_bar_accent_test.dart: legend dots equal the higgsfield (Volt, app default) ramp
01:20 +556: C:/Users/Atharva Patil/Documents/projects/gymlog/test/no_ai_slop_copy_test.dart: no em/en dashes in lib copy (comments stripped)
01:20 +557: C:/Users/Atharva Patil/Documents/projects/gymlog/test/no_ai_slop_copy_test.dart: no em/en dashes in lib copy (comments stripped)
01:20 +558: C:/Users/Atharva Patil/Documents/projects/gymlog/test/no_ai_slop_copy_test.dart: no em/en dashes in lib copy (comments stripped)
01:20 +559: C:/Users/Atharva Patil/Documents/projects/gymlog/test/no_ai_slop_copy_test.dart: no em/en dashes in lib copy (comments stripped)
01:21 +560: C:/Users/Atharva Patil/Documents/projects/gymlog/test/no_ai_slop_copy_test.dart: no em/en dashes in lib copy (comments stripped)
01:21 +561: C:/Users/Atharva Patil/Documents/projects/gymlog/test/no_equipment_logging_certification_test.dart: ATOMIC-RC3-06 No-Equipment Logging End-to-End Certification Logs push-up and pull-up exercises without weight and exports cleanly
01:23 +562: C:/Users/Atharva Patil/Documents/projects/gymlog/test/performance/bounded_cache_and_startup_test.dart: (setUpAll)
01:23 +562: C:/Users/Atharva Patil/Documents/projects/gymlog/test/performance/bounded_cache_and_startup_test.dart: ATOMIC-11: Bounded Exercise Media Cache & Nonblocking Startup 1. Cache object limit is configured to 160 objects
01:23 +563: C:/Users/Atharva Patil/Documents/projects/gymlog/test/premium/strict_entitlement_verification_test.dart: ATOMIC-08: Strict Premium Entitlement Verification 1. Required entitlement ("premium") active returns true
01:23 +563: C:/Users/Atharva Patil/Documents/projects/gymlog/test/performance/bounded_cache_and_startup_test.dart: ATOMIC-11: Bounded Exercise Media Cache & Nonblocking Startup 2. Maintenance policy runs safely
[ExerciseMediaCacheManager] cache dir resolve error: MissingPluginException(No implementation found for method getTemporaryDirectory on channel plugins.flutter.io/path_provider)
01:23 +564: C:/Users/Atharva Patil/Documents/projects/gymlog/test/premium/strict_entitlement_verification_test.dart: ATOMIC-08: Strict Premium Entitlement Verification 1. Required entitlement ("premium") active returns true
01:23 +565: C:/Users/Atharva Patil/Documents/projects/gymlog/test/performance/bounded_cache_and_startup_test.dart: ATOMIC-11: Bounded Exercise Media Cache & Nonblocking Startup 3. Reduced-motion GIF behavior renders static poster/frame
01:23 +566: C:/Users/Atharva Patil/Documents/projects/gymlog/test/performance/bounded_cache_and_startup_test.dart: ATOMIC-11: Bounded Exercise Media Cache & Nonblocking Startup 3. Reduced-motion GIF behavior renders static poster/frame
01:23 +567: C:/Users/Atharva Patil/Documents/projects/gymlog/test/performance/bounded_cache_and_startup_test.dart: ATOMIC-11: Bounded Exercise Media Cache & Nonblocking Startup 3. Reduced-motion GIF behavior renders static poster/frame
01:23 +568: C:/Users/Atharva Patil/Documents/projects/gymlog/test/performance/bounded_cache_and_startup_test.dart: ATOMIC-11: Bounded Exercise Media Cache & Nonblocking Startup 3. Reduced-motion GIF behavior renders static poster/frame
01:23 +569: C:/Users/Atharva Patil/Documents/projects/gymlog/test/performance/bounded_cache_and_startup_test.dart: ATOMIC-11: Bounded Exercise Media Cache & Nonblocking Startup 3. Reduced-motion GIF behavior renders static poster/frame
01:23 +570: C:/Users/Atharva Patil/Documents/projects/gymlog/test/performance/bounded_cache_and_startup_test.dart: ATOMIC-11: Bounded Exercise Media Cache & Nonblocking Startup 3. Reduced-motion GIF behavior renders static poster/frame
01:23 +571: C:/Users/Atharva Patil/Documents/projects/gymlog/test/performance/bounded_cache_and_startup_test.dart: ATOMIC-11: Bounded Exercise Media Cache & Nonblocking Startup 3. Reduced-motion GIF behavior renders static poster/frame
01:24 +572: C:/Users/Atharva Patil/Documents/projects/gymlog/test/pressable_scale_test.dart: forwards taps to the child (does not steal the gesture)
01:24 +573: C:/Users/Atharva Patil/Documents/projects/gymlog/test/pressable_scale_test.dart: forwards taps to the child (does not steal the gesture)
01:24 +574: C:/Users/Atharva Patil/Documents/projects/gymlog/test/pressable_scale_test.dart: forwards taps to the child (does not steal the gesture)
01:24 +575: C:/Users/Atharva Patil/Documents/projects/gymlog/test/pressable_scale_test.dart: forwards taps to the child (does not steal the gesture)
01:24 +576: C:/Users/Atharva Patil/Documents/projects/gymlog/test/pressable_scale_test.dart: forwards taps to the child (does not steal the gesture)
01:24 +577: C:/Users/Atharva Patil/Documents/projects/gymlog/test/pressable_scale_test.dart: forwards taps to the child (does not steal the gesture)
01:24 +578: C:/Users/Atharva Patil/Documents/projects/gymlog/test/pressable_scale_test.dart: forwards taps to the child (does not steal the gesture)
01:24 +579: C:/Users/Atharva Patil/Documents/projects/gymlog/test/pressable_scale_test.dart: forwards taps to the child (does not steal the gesture)
01:24 +580: C:/Users/Atharva Patil/Documents/projects/gymlog/test/pressable_scale_test.dart: press squeezes, release springs back
01:24 +581: C:/Users/Atharva Patil/Documents/projects/gymlog/test/pressable_scale_test.dart: reduce motion → no squeeze
01:25 +582: C:/Users/Atharva Patil/Documents/projects/gymlog/test/profile/help_report_form_test.dart: UX-95-03 — Adaptive Help report form renders fields at default text scale
01:26 +583: C:/Users/Atharva Patil/Documents/projects/gymlog/test/profile_cluster_polish_test.dart: ProfileAvatar fallback displays display name letter
01:27 +584: C:/Users/Atharva Patil/Documents/projects/gymlog/test/profile/help_report_form_test.dart: UX-95-03 — Adaptive Help report form renders at max text scale in scrollable container
01:27 +585: C:/Users/Atharva Patil/Documents/projects/gymlog/test/profile_cluster_polish_test.dart: WeeklyBarChart low-data comparison view dynamic colors
01:27 +586: C:/Users/Atharva Patil/Documents/projects/gymlog/test/profile_sync_service_test.dart: submitDisplayName writes local immediately and pushes to remote on success
01:27 +587: C:/Users/Atharva Patil/Documents/projects/gymlog/test/profile_cluster_polish_test.dart: PremiumPaywall UI headline resolves and sheet themes dynamically
01:27 +588: C:/Users/Atharva Patil/Documents/projects/gymlog/test/profile_cluster_polish_test.dart: PremiumPaywall UI headline resolves and sheet themes dynamically
01:27 +588: C:/Users/Atharva Patil/Documents/projects/gymlog/test/profile_sync_service_test.dart: submitDisplayName keeps local + queues when remote is offline, retry delivers later
[ProfileSyncService] Remote sync failed: Exception: offline
#0      FakeRemote.upsert (file:///C:/Users/Atharva%20Patil/Documents/projects/gymlog/test/profile_sync_service_test.dart:38:19)
#1      ProfileSyncService._flushPendingOrThrow (package:gymlog/core/services/profile_sync_service.dart:195:10)
<asynchronous suspension>
#2      ProfileSyncService.submitDisplayName (package:gymlog/core/services/profile_sync_service.dart:80:7)
<asynchronous suspension>
#3      main.<anonymous closure>.<anonymous closure> (file:///C:/Users/Atharva%20Patil/Documents/projects/gymlog/test/profile_sync_service_test.dart:101:7)
<asynchronous suspension>
#4      Declarer.test.<anonymous closure>.<anonymous closure> (package:test_api/src/backend/declarer.dart:253:15)
<asynchronous suspension>
#5      Declarer.test.<anonymous closure> (package:test_api/src/backend/declarer.dart:250:11)
<asynchronous suspension>
#6      Invoker._waitForOutstandingCallbacks.<anonymous closure> (package:test_api/src/backend/invoker.dart:318:9)
<asynchronous suspension>

01:27 +589: C:/Users/Atharva Patil/Documents/projects/gymlog/test/profile_cluster_polish_test.dart: PremiumPaywall UI headline resolves and sheet themes dynamically
01:27 +590: C:/Users/Atharva Patil/Documents/projects/gymlog/test/profile_cluster_polish_test.dart: PremiumPaywall UI headline resolves and sheet themes dynamically
01:27 +591: C:/Users/Atharva Patil/Documents/projects/gymlog/test/profile_cluster_polish_test.dart: PremiumPaywall UI headline resolves and sheet themes dynamically
01:27 +592: C:/Users/Atharva Patil/Documents/projects/gymlog/test/profile_cluster_polish_test.dart: PremiumPaywall UI headline resolves and sheet themes dynamically
01:27 +593: C:/Users/Atharva Patil/Documents/projects/gymlog/test/profile_cluster_polish_test.dart: PremiumPaywall UI headline resolves and sheet themes dynamically
01:27 +594: C:/Users/Atharva Patil/Documents/projects/gymlog/test/profile_cluster_polish_test.dart: PremiumPaywall UI headline resolves and sheet themes dynamically
01:27 +595: C:/Users/Atharva Patil/Documents/projects/gymlog/test/profile_cluster_polish_test.dart: PremiumPaywall UI headline resolves and sheet themes dynamically
01:27 +596: C:/Users/Atharva Patil/Documents/projects/gymlog/test/profile_cluster_polish_test.dart: PremiumPaywall UI headline resolves and sheet themes dynamically
01:27 +597: C:/Users/Atharva Patil/Documents/projects/gymlog/test/profile_cluster_polish_test.dart: PremiumPaywall UI headline resolves and sheet themes dynamically
01:27 +598: C:/Users/Atharva Patil/Documents/projects/gymlog/test/profile_cluster_polish_test.dart: OnboardingScreen resolves colors and borders under dark theme
01:28 +599: C:/Users/Atharva Patil/Documents/projects/gymlog/test/profile_weekly_bar_chart_test.dart: ProfileGraphEmptyState renders title, subtitle and CTA
01:28 +600: C:/Users/Atharva Patil/Documents/projects/gymlog/test/profile_weekly_bar_chart_test.dart: ProfileGraphEmptyState renders title, subtitle and CTA
01:28 +601: C:/Users/Atharva Patil/Documents/projects/gymlog/test/profile_weekly_bar_chart_test.dart: ProfileGraphEmptyState renders title, subtitle and CTA
01:29 +602: C:/Users/Atharva Patil/Documents/projects/gymlog/test/pr_detection_defects_test.dart: PR detection defects audit DEFECT: warm-up set must NOT be marked as a PR
01:29 +603: C:/Users/Atharva Patil/Documents/projects/gymlog/test/pr_detection_defects_test.dart: PR detection defects audit DEFECT: warm-up set must NOT be marked as a PR
01:29 +604: C:/Users/Atharva Patil/Documents/projects/gymlog/test/profile_weekly_bar_chart_test.dart: GraphKpiHeader hides delta pill when fewer than 4 filled weeks have data
01:29 +605: C:/Users/Atharva Patil/Documents/projects/gymlog/test/profile_weekly_bar_chart_test.dart: GraphKpiHeader hides delta pill when fewer than 4 filled weeks have data
01:29 +606: C:/Users/Atharva Patil/Documents/projects/gymlog/test/pr_detection_defects_test.dart: PR detection defects audit DEFECT: high-rep endurance set (reps > 15) must NOT award inflated Epley 1RM PR
01:29 +607: C:/Users/Atharva Patil/Documents/projects/gymlog/test/profile_weekly_bar_chart_test.dart: GraphKpiHeader shows delta pill once 4+ filled weeks have data
01:29 +608: C:/Users/Atharva Patil/Documents/projects/gymlog/test/profile_weekly_bar_chart_test.dart: GraphKpiHeader shows neutral dash in delta pill when previous week value is zero
01:29 +609: C:/Users/Atharva Patil/Documents/projects/gymlog/test/profile_weekly_bar_chart_test.dart: WeeklyBarChart renders 8 weekly x-axis labels
01:29 +610: C:/Users/Atharva Patil/Documents/projects/gymlog/test/profile_weekly_bar_chart_test.dart: WeeklyBarChart uses duration unit on Y-axis for duration metric
01:29 +611: C:/Users/Atharva Patil/Documents/projects/gymlog/test/profile_weekly_bar_chart_test.dart: WeeklyBarChart uses compact numbers on Y-axis for volume metric
01:29 +612: C:/Users/Atharva Patil/Documents/projects/gymlog/test/profile_weekly_bar_chart_test.dart: WeeklyBarChart shows comparison view when fewer than 4 filled weeks
01:29 +613: C:/Users/Atharva Patil/Documents/projects/gymlog/test/profile_weekly_bar_chart_test.dart: ProfileGraphLowDataBanner renders info message
01:29 +614: C:/Users/Atharva Patil/Documents/projects/gymlog/test/pr_flex_card_test.dart: share keeps its source and compares the same metric
01:29 +615: C:/Users/Atharva Patil/Documents/projects/gymlog/test/pr_flex_card_test.dart: rep comparison includes its load, without converting reps
01:29 +616: C:/Users/Atharva Patil/Documents/projects/gymlog/test/pr_flex_card_test.dart: estimate carries the actual set and has an estimate comparison
01:29 +617: C:/Users/Atharva Patil/Documents/projects/gymlog/test/pr_flex_card_test.dart: first result cannot pretend to beat a previous best
01:29 +618: C:/Users/Atharva Patil/Documents/projects/gymlog/test/pr_flex_card_test.dart: imperial conversion is applied only at the display boundary
01:30 +619: C:/Users/Atharva Patil/Documents/projects/gymlog/test/pr_flex_render_test.dart: (setUpAll)
01:30 +619: C:/Users/Atharva Patil/Documents/projects/gymlog/test/pr_flex_render_test.dart: all values and photo placements stay in the Story safe area without collisions
01:31 +620: C:/Users/Atharva Patil/Documents/projects/gymlog/test/pr_share_editor_test.dart: theme-linked preview keeps Instagram guides out of export and controls accessible
01:33 +620: C:/Users/Atharva Patil/Documents/projects/gymlog/test/reorder_exercise_test.dart: move first item down (A→index 2): B, C, A, D
[WorkoutDraftStore] save failed: Binding has not yet been initialized.
The "instance" getter on the ServicesBinding binding mixin is only available once that binding has been initialized.
Typically, this is done by calling "WidgetsFlutterBinding.ensureInitialized()" or "runApp()" (the latter calls the former). Typically this call is done in the "void main()" method. The "ensureInitialized" method is idempotent; calling it multiple times is not harmful. After calling that method, the "instance" getter will return the binding.
In a test, one can call "TestWidgetsFlutterBinding.ensureInitialized()" as the first line in the test's "main()" method to initialize the binding.
If ServicesBinding is a custom binding mixin, there must also be a custom binding class, like WidgetsFlutterBinding, but that mixes in the selected binding, and that is the class that must be constructed before using the "instance" getter.
01:33 +621: C:/Users/Atharva Patil/Documents/projects/gymlog/test/pr_flex_render_test.dart: export actual Flutter renders and separate transparent Story layers
01:33 +621: C:/Users/Atharva Patil/Documents/projects/gymlog/test/reorder_exercise_test.dart: move first item down (A→index 2): B, C, A, D
[WorkoutDraftStore] save failed: Binding has not yet been initialized.
The "instance" getter on the ServicesBinding binding mixin is only available once that binding has been initialized.
Typically, this is done by calling "WidgetsFlutterBinding.ensureInitialized()" or "runApp()" (the latter calls the former). Typically this call is done in the "void main()" method. The "ensureInitialized" method is idempotent; calling it multiple times is not harmful. After calling that method, the "instance" getter will return the binding.
In a test, one can call "TestWidgetsFlutterBinding.ensureInitialized()" as the first line in the test's "main()" method to initialize the binding.
If ServicesBinding is a custom binding mixin, there must also be a custom binding class, like WidgetsFlutterBinding, but that mixes in the selected binding, and that is the class that must be constructed before using the "instance" getter.
01:33 +622: C:/Users/Atharva Patil/Documents/projects/gymlog/test/pr_flex_render_test.dart: export actual Flutter renders and separate transparent Story layers
01:33 +622: C:/Users/Atharva Patil/Documents/projects/gymlog/test/reorder_exercise_test.dart: move last item to front (D→index 0): D, A, B, C
[WorkoutDraftStore] save failed: Binding has not yet been initialized.
The "instance" getter on the ServicesBinding binding mixin is only available once that binding has been initialized.
Typically, this is done by calling "WidgetsFlutterBinding.ensureInitialized()" or "runApp()" (the latter calls the former). Typically this call is done in the "void main()" method. The "ensureInitialized" method is idempotent; calling it multiple times is not harmful. After calling that method, the "instance" getter will return the binding.
In a test, one can call "TestWidgetsFlutterBinding.ensureInitialized()" as the first line in the test's "main()" method to initialize the binding.
If ServicesBinding is a custom binding mixin, there must also be a custom binding class, like WidgetsFlutterBinding, but that mixes in the selected binding, and that is the class that must be constructed before using the "instance" getter.
[WorkoutDraftStore] save failed: Binding has not yet been initialized.
The "instance" getter on the ServicesBinding binding mixin is only available once that binding has been initialized.
Typically, this is done by calling "WidgetsFlutterBinding.ensureInitialized()" or "runApp()" (the latter calls the former). Typically this call is done in the "void main()" method. The "ensureInitialized" method is idempotent; calling it multiple times is not harmful. After calling that method, the "instance" getter will return the binding.
In a test, one can call "TestWidgetsFlutterBinding.ensureInitialized()" as the first line in the test's "main()" method to initialize the binding.
If ServicesBinding is a custom binding mixin, there must also be a custom binding class, like WidgetsFlutterBinding, but that mixes in the selected binding, and that is the class that must be constructed before using the "instance" getter.
01:33 +623: C:/Users/Atharva Patil/Documents/projects/gymlog/test/pr_flex_render_test.dart: export actual Flutter renders and separate transparent Story layers
01:33 +623: C:/Users/Atharva Patil/Documents/projects/gymlog/test/reorder_exercise_test.dart: move middle up (C→index 1): A, C, B, D
[WorkoutDraftStore] save failed: Binding has not yet been initialized.
The "instance" getter on the ServicesBinding binding mixin is only available once that binding has been initialized.
Typically, this is done by calling "WidgetsFlutterBinding.ensureInitialized()" or "runApp()" (the latter calls the former). Typically this call is done in the "void main()" method. The "ensureInitialized" method is idempotent; calling it multiple times is not harmful. After calling that method, the "instance" getter will return the binding.
In a test, one can call "TestWidgetsFlutterBinding.ensureInitialized()" as the first line in the test's "main()" method to initialize the binding.
If ServicesBinding is a custom binding mixin, there must also be a custom binding class, like WidgetsFlutterBinding, but that mixes in the selected binding, and that is the class that must be constructed before using the "instance" getter.
[WorkoutDraftStore] save failed: Binding has not yet been initialized.
The "instance" getter on the ServicesBinding binding mixin is only available once that binding has been initialized.
Typically, this is done by calling "WidgetsFlutterBinding.ensureInitialized()" or "runApp()" (the latter calls the former). Typically this call is done in the "void main()" method. The "ensureInitialized" method is idempotent; calling it multiple times is not harmful. After calling that method, the "instance" getter will return the binding.
In a test, one can call "TestWidgetsFlutterBinding.ensureInitialized()" as the first line in the test's "main()" method to initialize the binding.
If ServicesBinding is a custom binding mixin, there must also be a custom binding class, like WidgetsFlutterBinding, but that mixes in the selected binding, and that is the class that must be constructed before using the "instance" getter.
01:33 +624: C:/Users/Atharva Patil/Documents/projects/gymlog/test/pr_flex_render_test.dart: export actual Flutter renders and separate transparent Story layers
01:33 +624: C:/Users/Atharva Patil/Documents/projects/gymlog/test/reorder_exercise_test.dart: out-of-range oldIndex is ignored (no throw, order intact)
[WorkoutDraftStore] save failed: Binding has not yet been initialized.
The "instance" getter on the ServicesBinding binding mixin is only available once that binding has been initialized.
Typically, this is done by calling "WidgetsFlutterBinding.ensureInitialized()" or "runApp()" (the latter calls the former). Typically this call is done in the "void main()" method. The "ensureInitialized" method is idempotent; calling it multiple times is not harmful. After calling that method, the "instance" getter will return the binding.
In a test, one can call "TestWidgetsFlutterBinding.ensureInitialized()" as the first line in the test's "main()" method to initialize the binding.
If ServicesBinding is a custom binding mixin, there must also be a custom binding class, like WidgetsFlutterBinding, but that mixes in the selected binding, and that is the class that must be constructed before using the "instance" getter.
01:33 +625: C:/Users/Atharva Patil/Documents/projects/gymlog/test/pr_flex_render_test.dart: export actual Flutter renders and separate transparent Story layers
01:34 +626: C:/Users/Atharva Patil/Documents/projects/gymlog/test/pr_flex_render_test.dart: export actual Flutter renders and separate transparent Story layers
01:34 +627: C:/Users/Atharva Patil/Documents/projects/gymlog/test/pr_flex_render_test.dart: export actual Flutter renders and separate transparent Story layers
01:34 +628: C:/Users/Atharva Patil/Documents/projects/gymlog/test/pr_flex_render_test.dart: export actual Flutter renders and separate transparent Story layers
01:34 +629: C:/Users/Atharva Patil/Documents/projects/gymlog/test/pr_flex_render_test.dart: export actual Flutter renders and separate transparent Story layers
01:34 +630: C:/Users/Atharva Patil/Documents/projects/gymlog/test/pr_flex_render_test.dart: export actual Flutter renders and separate transparent Story layers
01:34 +631: C:/Users/Atharva Patil/Documents/projects/gymlog/test/pr_flex_render_test.dart: export actual Flutter renders and separate transparent Story layers
01:34 +632: C:/Users/Atharva Patil/Documents/projects/gymlog/test/pr_flex_render_test.dart: export actual Flutter renders and separate transparent Story layers
01:35 +633: C:/Users/Atharva Patil/Documents/projects/gymlog/test/pr_flex_render_test.dart: export actual Flutter renders and separate transparent Story layers
01:35 +633: C:/Users/Atharva Patil/Documents/projects/gymlog/test/reps_only_exercise_test.dart: ActiveWorkoutNotifier Reps-Only & Switching Logic adding reps-only exercise initializes weightKg to null
[WorkoutDraftStore] save failed: Binding has not yet been initialized.
The "instance" getter on the ServicesBinding binding mixin is only available once that binding has been initialized.
Typically, this is done by calling "WidgetsFlutterBinding.ensureInitialized()" or "runApp()" (the latter calls the former). Typically this call is done in the "void main()" method. The "ensureInitialized" method is idempotent; calling it multiple times is not harmful. After calling that method, the "instance" getter will return the binding.
In a test, one can call "TestWidgetsFlutterBinding.ensureInitialized()" as the first line in the test's "main()" method to initialize the binding.
If ServicesBinding is a custom binding mixin, there must also be a custom binding class, like WidgetsFlutterBinding, but that mixes in the selected binding, and that is the class that must be constructed before using the "instance" getter.
[WorkoutDraftStore] save failed: Binding has not yet been initialized.
The "instance" getter on the ServicesBinding binding mixin is only available once that binding has been initialized.
Typically, this is done by calling "WidgetsFlutterBinding.ensureInitialized()" or "runApp()" (the latter calls the former). Typically this call is done in the "void main()" method. The "ensureInitialized" method is idempotent; calling it multiple times is not harmful. After calling that method, the "instance" getter will return the binding.
In a test, one can call "TestWidgetsFlutterBinding.ensureInitialized()" as the first line in the test's "main()" method to initialize the binding.
If ServicesBinding is a custom binding mixin, there must also be a custom binding class, like WidgetsFlutterBinding, but that mixes in the selected binding, and that is the class that must be constructed before using the "instance" getter.
01:35 +634: C:/Users/Atharva Patil/Documents/projects/gymlog/test/pr_flex_render_test.dart: export actual Flutter renders and separate transparent Story layers
01:35 +634: C:/Users/Atharva Patil/Documents/projects/gymlog/test/reps_only_exercise_test.dart: ActiveWorkoutNotifier Reps-Only & Switching Logic adding weighted exercise initializes weightKg to 0.0
[WorkoutDraftStore] save failed: Binding has not yet been initialized.
The "instance" getter on the ServicesBinding binding mixin is only available once that binding has been initialized.
Typically, this is done by calling "WidgetsFlutterBinding.ensureInitialized()" or "runApp()" (the latter calls the former). Typically this call is done in the "void main()" method. The "ensureInitialized" method is idempotent; calling it multiple times is not harmful. After calling that method, the "instance" getter will return the binding.
In a test, one can call "TestWidgetsFlutterBinding.ensureInitialized()" as the first line in the test's "main()" method to initialize the binding.
If ServicesBinding is a custom binding mixin, there must also be a custom binding class, like WidgetsFlutterBinding, but that mixes in the selected binding, and that is the class that must be constructed before using the "instance" getter.
[WorkoutDraftStore] save failed: Binding has not yet been initialized.
The "instance" getter on the ServicesBinding binding mixin is only available once that binding has been initialized.
Typically, this is done by calling "WidgetsFlutterBinding.ensureInitialized()" or "runApp()" (the latter calls the former). Typically this call is done in the "void main()" method. The "ensureInitialized" method is idempotent; calling it multiple times is not harmful. After calling that method, the "instance" getter will return the binding.
In a test, one can call "TestWidgetsFlutterBinding.ensureInitialized()" as the first line in the test's "main()" method to initialize the binding.
If ServicesBinding is a custom binding mixin, there must also be a custom binding class, like WidgetsFlutterBinding, but that mixes in the selected binding, and that is the class that must be constructed before using the "instance" getter.
01:35 +635: C:/Users/Atharva Patil/Documents/projects/gymlog/test/pr_flex_render_test.dart: export actual Flutter renders and separate transparent Story layers
01:35 +635: C:/Users/Atharva Patil/Documents/projects/gymlog/test/reps_only_exercise_test.dart: ActiveWorkoutNotifier Reps-Only & Switching Logic switching between weighted and reps-only respects target measurementType
[WorkoutDraftStore] save failed: Binding has not yet been initialized.
The "instance" getter on the ServicesBinding binding mixin is only available once that binding has been initialized.
Typically, this is done by calling "WidgetsFlutterBinding.ensureInitialized()" or "runApp()" (the latter calls the former). Typically this call is done in the "void main()" method. The "ensureInitialized" method is idempotent; calling it multiple times is not harmful. After calling that method, the "instance" getter will return the binding.
In a test, one can call "TestWidgetsFlutterBinding.ensureInitialized()" as the first line in the test's "main()" method to initialize the binding.
If ServicesBinding is a custom binding mixin, there must also be a custom binding class, like WidgetsFlutterBinding, but that mixes in the selected binding, and that is the class that must be constructed before using the "instance" getter.
[WorkoutDraftStore] save failed: Binding has not yet been initialized.
The "instance" getter on the ServicesBinding binding mixin is only available once that binding has been initialized.
Typically, this is done by calling "WidgetsFlutterBinding.ensureInitialized()" or "runApp()" (the latter calls the former). Typically this call is done in the "void main()" method. The "ensureInitialized" method is idempotent; calling it multiple times is not harmful. After calling that method, the "instance" getter will return the binding.
In a test, one can call "TestWidgetsFlutterBinding.ensureInitialized()" as the first line in the test's "main()" method to initialize the binding.
If ServicesBinding is a custom binding mixin, there must also be a custom binding class, like WidgetsFlutterBinding, but that mixes in the selected binding, and that is the class that must be constructed before using the "instance" getter.
[WorkoutDraftStore] save failed: Binding has not yet been initialized.
The "instance" getter on the ServicesBinding binding mixin is only available once that binding has been initialized.
Typically, this is done by calling "WidgetsFlutterBinding.ensureInitialized()" or "runApp()" (the latter calls the former). Typically this call is done in the "void main()" method. The "ensureInitialized" method is idempotent; calling it multiple times is not harmful. After calling that method, the "instance" getter will return the binding.
In a test, one can call "TestWidgetsFlutterBinding.ensureInitialized()" as the first line in the test's "main()" method to initialize the binding.
If ServicesBinding is a custom binding mixin, there must also be a custom binding class, like WidgetsFlutterBinding, but that mixes in the selected binding, and that is the class that must be constructed before using the "instance" getter.
[WorkoutDraftStore] save failed: Binding has not yet been initialized.
The "instance" getter on the ServicesBinding binding mixin is only available once that binding has been initialized.
Typically, this is done by calling "WidgetsFlutterBinding.ensureInitialized()" or "runApp()" (the latter calls the former). Typically this call is done in the "void main()" method. The "ensureInitialized" method is idempotent; calling it multiple times is not harmful. After calling that method, the "instance" getter will return the binding.
In a test, one can call "TestWidgetsFlutterBinding.ensureInitialized()" as the first line in the test's "main()" method to initialize the binding.
If ServicesBinding is a custom binding mixin, there must also be a custom binding class, like WidgetsFlutterBinding, but that mixes in the selected binding, and that is the class that must be constructed before using the "instance" getter.
01:35 +636: C:/Users/Atharva Patil/Documents/projects/gymlog/test/pr_flex_render_test.dart: export actual Flutter renders and separate transparent Story layers
01:35 +636: C:/Users/Atharva Patil/Documents/projects/gymlog/test/reps_only_exercise_test.dart: ActiveWorkoutNotifier Reps-Only & Switching Logic sessionTotals volume calculation ignores null weights
[WorkoutDraftStore] save failed: Binding has not yet been initialized.
The "instance" getter on the ServicesBinding binding mixin is only available once that binding has been initialized.
Typically, this is done by calling "WidgetsFlutterBinding.ensureInitialized()" or "runApp()" (the latter calls the former). Typically this call is done in the "void main()" method. The "ensureInitialized" method is idempotent; calling it multiple times is not harmful. After calling that method, the "instance" getter will return the binding.
In a test, one can call "TestWidgetsFlutterBinding.ensureInitialized()" as the first line in the test's "main()" method to initialize the binding.
If ServicesBinding is a custom binding mixin, there must also be a custom binding class, like WidgetsFlutterBinding, but that mixes in the selected binding, and that is the class that must be constructed before using the "instance" getter.
[WorkoutDraftStore] save failed: Binding has not yet been initialized.
The "instance" getter on the ServicesBinding binding mixin is only available once that binding has been initialized.
Typically, this is done by calling "WidgetsFlutterBinding.ensureInitialized()" or "runApp()" (the latter calls the former). Typically this call is done in the "void main()" method. The "ensureInitialized" method is idempotent; calling it multiple times is not harmful. After calling that method, the "instance" getter will return the binding.
In a test, one can call "TestWidgetsFlutterBinding.ensureInitialized()" as the first line in the test's "main()" method to initialize the binding.
If ServicesBinding is a custom binding mixin, there must also be a custom binding class, like WidgetsFlutterBinding, but that mixes in the selected binding, and that is the class that must be constructed before using the "instance" getter.
[WorkoutDraftStore] save failed: Binding has not yet been initialized.
The "instance" getter on the ServicesBinding binding mixin is only available once that binding has been initialized.
Typically, this is done by calling "WidgetsFlutterBinding.ensureInitialized()" or "runApp()" (the latter calls the former). Typically this call is done in the "void main()" method. The "ensureInitialized" method is idempotent; calling it multiple times is not harmful. After calling that method, the "instance" getter will return the binding.
In a test, one can call "TestWidgetsFlutterBinding.ensureInitialized()" as the first line in the test's "main()" method to initialize the binding.
If ServicesBinding is a custom binding mixin, there must also be a custom binding class, like WidgetsFlutterBinding, but that mixes in the selected binding, and that is the class that must be constructed before using the "instance" getter.
[WorkoutDraftStore] save failed: Binding has not yet been initialized.
The "instance" getter on the ServicesBinding binding mixin is only available once that binding has been initialized.
Typically, this is done by calling "WidgetsFlutterBinding.ensureInitialized()" or "runApp()" (the latter calls the former). Typically this call is done in the "void main()" method. The "ensureInitialized" method is idempotent; calling it multiple times is not harmful. After calling that method, the "instance" getter will return the binding.
In a test, one can call "TestWidgetsFlutterBinding.ensureInitialized()" as the first line in the test's "main()" method to initialize the binding.
If ServicesBinding is a custom binding mixin, there must also be a custom binding class, like WidgetsFlutterBinding, but that mixes in the selected binding, and that is the class that must be constructed before using the "instance" getter.
[WorkoutDraftStore] save failed: Binding has not yet been initialized.
The "instance" getter on the ServicesBinding binding mixin is only available once that binding has been initialized.
Typically, this is done by calling "WidgetsFlutterBinding.ensureInitialized()" or "runApp()" (the latter calls the former). Typically this call is done in the "void main()" method. The "ensureInitialized" method is idempotent; calling it multiple times is not harmful. After calling that method, the "instance" getter will return the binding.
In a test, one can call "TestWidgetsFlutterBinding.ensureInitialized()" as the first line in the test's "main()" method to initialize the binding.
If ServicesBinding is a custom binding mixin, there must also be a custom binding class, like WidgetsFlutterBinding, but that mixes in the selected binding, and that is the class that must be constructed before using the "instance" getter.
[WorkoutDraftStore] save failed: Binding has not yet been initialized.
The "instance" getter on the ServicesBinding binding mixin is only available once that binding has been initialized.
Typically, this is done by calling "WidgetsFlutterBinding.ensureInitialized()" or "runApp()" (the latter calls the former). Typically this call is done in the "void main()" method. The "ensureInitialized" method is idempotent; calling it multiple times is not harmful. After calling that method, the "instance" getter will return the binding.
01:35 +637: C:/Users/Atharva Patil/Documents/projects/gymlog/test/pr_flex_render_test.dart: export actual Flutter renders and separate transparent Story layers
01:35 +638: C:/Users/Atharva Patil/Documents/projects/gymlog/test/pr_flex_render_test.dart: export actual Flutter renders and separate transparent Story layers
01:35 +639: C:/Users/Atharva Patil/Documents/projects/gymlog/test/pr_flex_render_test.dart: export actual Flutter renders and separate transparent Story layers
01:35 +640: C:/Users/Atharva Patil/Documents/projects/gymlog/test/pr_flex_render_test.dart: export actual Flutter renders and separate transparent Story layers
01:35 +641: C:/Users/Atharva Patil/Documents/projects/gymlog/test/pr_flex_render_test.dart: export actual Flutter renders and separate transparent Story layers
01:35 +642: C:/Users/Atharva Patil/Documents/projects/gymlog/test/pr_flex_render_test.dart: export actual Flutter renders and separate transparent Story layers
01:35 +643: C:/Users/Atharva Patil/Documents/projects/gymlog/test/pr_flex_render_test.dart: export actual Flutter renders and separate transparent Story layers
01:35 +644: C:/Users/Atharva Patil/Documents/projects/gymlog/test/pr_flex_render_test.dart: export actual Flutter renders and separate transparent Story layers
01:35 +645: C:/Users/Atharva Patil/Documents/projects/gymlog/test/pr_flex_render_test.dart: export actual Flutter renders and separate transparent Story layers
01:37 +646: C:/Users/Atharva Patil/Documents/projects/gymlog/test/rest_preference_atomic_test.dart: ATOMIC-01 RestPreference & Normalization Suite 8. No production widget contains visible text None
01:37 +647: C:/Users/Atharva Patil/Documents/projects/gymlog/test/rest_timer_bar_test.dart: RestTimerBar stays compact in a bottomNavigationBar
01:37 +648: C:/Users/Atharva Patil/Documents/projects/gymlog/test/rest_timer_bar_test.dart: RestTimerBar stays compact in a bottomNavigationBar
01:37 +649: C:/Users/Atharva Patil/Documents/projects/gymlog/test/rest_timer_bar_test.dart: RestTimerBar stays compact in a bottomNavigationBar
01:38 +650: C:/Users/Atharva Patil/Documents/projects/gymlog/test/rest_timer_expired_resume_test.dart: resumeFromEndTime with an expired endTime fires TimerExpiredEvent
01:39 +651: C:/Users/Atharva Patil/Documents/projects/gymlog/test/rest_timer_override_test.dart: GymLog P0-04 Rest Timer Override & Precedence Suite precedence: override > global setting default > safe fallback (90s)
01:39 +652: C:/Users/Atharva Patil/Documents/projects/gymlog/test/rest_timer_override_test.dart: GymLog P0-04 Rest Timer Override & Precedence Suite override scope: override on exercise A does not leak to exercise B
01:39 +653: C:/Users/Atharva Patil/Documents/projects/gymlog/test/rest_timer_override_test.dart: GymLog P0-04 Rest Timer Override & Precedence Suite new-workout starts without copying previous workout overrides
01:39 +654: C:/Users/Atharva Patil/Documents/projects/gymlog/test/rest_timer_override_test.dart: GymLog P0-04 Rest Timer Override & Precedence Suite background/resume: timer expired while backgrounded triggers finish on sync
01:39 +655: C:/Users/Atharva Patil/Documents/projects/gymlog/test/rest_timer_override_test.dart: GymLog P0-04 Rest Timer Override & Precedence Suite active timer change rule: mutating override does not alter already-running timer deadline
01:39 +656: C:/Users/Atharva Patil/Documents/projects/gymlog/test/rest_timer_override_test.dart: GymLog P0-04 Rest Timer Override & Precedence Suite process-death: restores override and running timer context successfully
01:39 +657: C:/Users/Atharva Patil/Documents/projects/gymlog/test/rest_timer_override_test.dart: GymLog P0-04 Rest Timer Override & Precedence Suite idempotency: multiple start, cancel, and skip calls behave predictably
01:39 +658: C:/Users/Atharva Patil/Documents/projects/gymlog/test/rest_timer_override_test.dart: GymLog P0-04 Rest Timer Override & Precedence Suite boundaries: custom overrides are clamped inside user UI picker sheets
01:40 +659: C:/Users/Atharva Patil/Documents/projects/gymlog/test/rest_time_sheet_atomic_test.dart: ATOMIC-02 RestTimeSheet Suite 1. no None or Matches default in sheet
01:40 +660: C:/Users/Atharva Patil/Documents/projects/gymlog/test/rest_time_sheet_atomic_test.dart: ATOMIC-02 RestTimeSheet Suite 1. no None or Matches default in sheet
01:40 +661: C:/Users/Atharva Patil/Documents/projects/gymlog/test/rest_time_sheet_atomic_test.dart: ATOMIC-02 RestTimeSheet Suite 1. no None or Matches default in sheet
01:40 +662: C:/Users/Atharva Patil/Documents/projects/gymlog/test/rest_time_sheet_atomic_test.dart: ATOMIC-02 RestTimeSheet Suite 2. option buttons replace preset chips; steppers + slider used
01:41 +663: C:/Users/Atharva Patil/Documents/projects/gymlog/test/rest_time_sheet_atomic_test.dart: ATOMIC-02 RestTimeSheet Suite 3. sheet below 72% height at normal scale
01:41 +664: C:/Users/Atharva Patil/Documents/projects/gymlog/test/rest_time_sheet_atomic_test.dart: ATOMIC-02 RestTimeSheet Suite 4. 200% text scale remains scrollable and does not overflow
01:41 +665: C:/Users/Atharva Patil/Documents/projects/gymlog/test/rest_time_sheet_atomic_test.dart: ATOMIC-02 RestTimeSheet Suite 5. Cancel returns null
01:41 +666: C:/Users/Atharva Patil/Documents/projects/gymlog/test/rest_time_sheet_atomic_test.dart: ATOMIC-02 RestTimeSheet Suite 6. Save returns normalized preference
01:41 +667: C:/Users/Atharva Patil/Documents/projects/gymlog/test/rest_time_sheet_atomic_test.dart: ATOMIC-02 RestTimeSheet Suite 7. Custom equal to global normalizes to Default on Save
01:42 +668: C:/Users/Atharva Patil/Documents/projects/gymlog/test/routine_detail_scroll_and_loading_test.dart: RoutineDetailScreen loaded view uses AlwaysScrollableScrollPhysics
01:43 +669: C:/Users/Atharva Patil/Documents/projects/gymlog/test/routine_detail_scroll_and_loading_test.dart: RoutineDetailScreen loaded view uses AlwaysScrollableScrollPhysics
01:43 +670: C:/Users/Atharva Patil/Documents/projects/gymlog/test/routine_volume_error_state_test.dart: failed volume stream renders error+retry, never a zeroed volume graph
01:43 +671: C:/Users/Atharva Patil/Documents/projects/gymlog/test/routine_volume_error_state_test.dart: failed volume stream renders error+retry, never a zeroed volume graph
01:45 +672: C:/Users/Atharva Patil/Documents/projects/gymlog/test/routine_volume_error_state_test.dart: failed volume stream renders error+retry, never a zeroed volume graph
01:45 +673: C:/Users/Atharva Patil/Documents/projects/gymlog/test/screens_theme_test.dart: Screens Theme Verification Tests HomeScreen renders under multiple accents
01:45 +674: C:/Users/Atharva Patil/Documents/projects/gymlog/test/screens_theme_test.dart: Screens Theme Verification Tests WorkoutDetailScreen renders under multiple accents
01:46 +675: C:/Users/Atharva Patil/Documents/projects/gymlog/test/screens_theme_test.dart: Screens Theme Verification Tests RoutineDetailScreen renders under multiple accents
01:46 +676: C:/Users/Atharva Patil/Documents/projects/gymlog/test/screens_theme_test.dart: Screens Theme Verification Tests ExerciseDetailScreen renders under multiple accents
01:46 +677: C:/Users/Atharva Patil/Documents/projects/gymlog/test/screens_typography_test.dart: AuthScreen renders without exceptions and key text is present
01:47 +678: C:/Users/Atharva Patil/Documents/projects/gymlog/test/screens_typography_test.dart: AuthScreen renders without exceptions and key text is present
01:47 +679: C:/Users/Atharva Patil/Documents/projects/gymlog/test/screens_typography_test.dart: AuthScreen renders without exceptions and key text is present
01:47 +680: C:/Users/Atharva Patil/Documents/projects/gymlog/test/screens_typography_test.dart: AuthScreen renders without exceptions and key text is present
01:48 +681: C:/Users/Atharva Patil/Documents/projects/gymlog/test/set_row_debounce_persistence_test.dart: dispose mid-debounce flushes the in-flight weight (navigate-away gate)
01:48 +682: C:/Users/Atharva Patil/Documents/projects/gymlog/test/set_row_debounce_persistence_test.dart: dispose mid-debounce flushes the in-flight weight (navigate-away gate)
01:48 +683: C:/Users/Atharva Patil/Documents/projects/gymlog/test/set_row_focus_test.dart: SetRow keeps focus + value across an ancestor rebuild
01:49 +684: C:/Users/Atharva Patil/Documents/projects/gymlog/test/set_row_focus_test.dart: SetRow keeps focus + value across an ancestor rebuild
01:49 +685: C:/Users/Atharva Patil/Documents/projects/gymlog/test/set_row_focus_test.dart: SetRow keeps focus + value across an ancestor rebuild
01:49 +686: C:/Users/Atharva Patil/Documents/projects/gymlog/test/set_row_focus_test.dart: SetRow keeps focus + value across an ancestor rebuild
01:49 +687: C:/Users/Atharva Patil/Documents/projects/gymlog/test/set_row_focus_test.dart: SetRow keeps focus + value across an ancestor rebuild
01:49 +688: C:/Users/Atharva Patil/Documents/projects/gymlog/test/set_row_measurement_types_test.dart: R1 — Field visibility weightAndReps: both weight and reps fields visible
01:51 +689: C:/Users/Atharva Patil/Documents/projects/gymlog/test/shared/adaptive_layout_test.dart: AdaptiveContext compact screen (<360) returns compact class
01:51 +690: C:/Users/Atharva Patil/Documents/projects/gymlog/test/shared/adaptive_layout_test.dart: AdaptiveContext compact screen (<360) returns compact class
01:51 +691: C:/Users/Atharva Patil/Documents/projects/gymlog/test/shared/adaptive_layout_test.dart: AdaptiveContext compact screen (<360) returns compact class
01:51 +692: C:/Users/Atharva Patil/Documents/projects/gymlog/test/shared/adaptive_layout_test.dart: AdaptiveContext compact screen (<360) returns compact class
01:51 +693: C:/Users/Atharva Patil/Documents/projects/gymlog/test/shared/adaptive_layout_test.dart: AdaptiveContext compact screen (<360) returns compact class
01:51 +694: C:/Users/Atharva Patil/Documents/projects/gymlog/test/shared/adaptive_layout_test.dart: AdaptiveContext compact screen (<360) returns compact class
01:51 +695: C:/Users/Atharva Patil/Documents/projects/gymlog/test/set_row_measurement_types_test.dart: R2 — Stable completion action tapping check never throws — even with empty required fields
01:51 +696: C:/Users/Atharva Patil/Documents/projects/gymlog/test/set_row_measurement_types_test.dart: R2 — Stable completion action tapping check never throws — even with empty required fields
01:51 +697: C:/Users/Atharva Patil/Documents/projects/gymlog/test/set_row_measurement_types_test.dart: R2 — Stable completion action tapping check never throws — even with empty required fields
01:51 +698: C:/Users/Atharva Patil/Documents/projects/gymlog/test/set_row_measurement_types_test.dart: R2 — Stable completion action tapping check never throws — even with empty required fields
01:51 +699: C:/Users/Atharva Patil/Documents/projects/gymlog/test/set_row_measurement_types_test.dart: R2 — Stable completion action tapping check never throws — even with empty required fields
01:51 +700: C:/Users/Atharva Patil/Documents/projects/gymlog/test/set_row_measurement_types_test.dart: R2 — Stable completion action tapping check never throws — even with empty required fields
01:51 +701: C:/Users/Atharva Patil/Documents/projects/gymlog/test/set_row_measurement_types_test.dart: R2 — Stable completion action tapping check never throws — even with empty required fields
01:51 +702: C:/Users/Atharva Patil/Documents/projects/gymlog/test/shared/chrome_tokens_test.dart: ChromeContextX context.chrome returns ChromeTokens in dark theme
01:51 +703: C:/Users/Atharva Patil/Documents/projects/gymlog/test/shared/chrome_tokens_test.dart: ChromeContextX context.chrome returns ChromeTokens in dark theme
01:51 +704: C:/Users/Atharva Patil/Documents/projects/gymlog/test/shared/chrome_tokens_test.dart: ChromeContextX context.chrome returns ChromeTokens in dark theme
01:51 +704: C:/Users/Atharva Patil/Documents/projects/gymlog/test/shared/draft_recovery_test.dart: UX-95-02 — Safe Draft Recovery store.loadSnapshot handles corrupted payload internally
[WorkoutDraftStore] Corrupted or invalid draft payload: FormatException: Unterminated string (at character 30)
{"corrupted: no closing brace
                             ^
. Clearing draft.
01:51 +705: C:/Users/Atharva Patil/Documents/projects/gymlog/test/shared/chrome_tokens_test.dart: ChromeContextX context.chrome returns ChromeTokens in dark theme
01:51 +706: C:/Users/Atharva Patil/Documents/projects/gymlog/test/shared/chrome_tokens_test.dart: ChromeContextX context.chrome returns ChromeTokens in dark theme
01:51 +707: C:/Users/Atharva Patil/Documents/projects/gymlog/test/shared/chrome_tokens_test.dart: ChromeContextX context.chrome returns ChromeTokens in dark theme
01:51 +708: C:/Users/Atharva Patil/Documents/projects/gymlog/test/shared/chrome_tokens_test.dart: ChromeContextX context.chrome returns ChromeTokens in dark theme
01:52 +709: C:/Users/Atharva Patil/Documents/projects/gymlog/test/shared/chrome_tokens_test.dart: ChromeContextX context.chrome returns ChromeTokens in dark theme
01:52 +710: C:/Users/Atharva Patil/Documents/projects/gymlog/test/shared/chrome_tokens_test.dart: ChromeContextX context.chrome returns ChromeTokens in dark theme
01:52 +711: C:/Users/Atharva Patil/Documents/projects/gymlog/test/shared/chrome_tokens_test.dart: ChromeContextX context.chrome returns ChromeTokens in dark theme
01:52 +712: C:/Users/Atharva Patil/Documents/projects/gymlog/test/set_row_measurement_types_test.dart: R4 — weightAndReps requires weight AND reps cannot complete with reps only (no weight, no previous)
01:52 +713: C:/Users/Atharva Patil/Documents/projects/gymlog/test/set_row_measurement_types_test.dart: R4 — weightAndReps requires weight AND reps cannot complete with reps only (no weight, no previous)
01:52 +714: C:/Users/Atharva Patil/Documents/projects/gymlog/test/set_row_measurement_types_test.dart: R4 — weightAndReps requires weight AND reps cannot complete with weight only (no reps, no previous)
01:52 +715: C:/Users/Atharva Patil/Documents/projects/gymlog/test/set_row_measurement_types_test.dart: R4 — weightAndReps requires weight AND reps completes with both weight and reps present
01:52 +716: C:/Users/Atharva Patil/Documents/projects/gymlog/test/set_row_measurement_types_test.dart: R4 — weightAndReps requires weight AND reps completes when previousWeight satisfies the weight requirement
01:52 +717: C:/Users/Atharva Patil/Documents/projects/gymlog/test/set_row_measurement_types_test.dart: R5 — Exercise type switch switching from weightAndReps to repsOnly hides the weight field
01:52 +718: C:/Users/Atharva Patil/Documents/projects/gymlog/test/set_row_measurement_types_test.dart: R5 — Exercise type switch switching from repsOnly to distance hides reps field
01:52 +719: C:/Users/Atharva Patil/Documents/projects/gymlog/test/set_row_measurement_types_test.dart: R6 — Inline validation tapping check with empty required fields does NOT call onToggleComplete
01:52 +720: C:/Users/Atharva Patil/Documents/projects/gymlog/test/set_row_measurement_types_test.dart: R6 — Inline validation widget survives validation tap without throwing
01:52 +721: C:/Users/Atharva Patil/Documents/projects/gymlog/test/set_row_measurement_types_test.dart: R7 — Double-tap prevention double-tap on completable set fires onToggleComplete once
01:53 +722: C:/Users/Atharva Patil/Documents/projects/gymlog/test/set_row_measurement_types_test.dart: R8 — Focus order and keyboard actions weightAndReps: weight has TextInputAction.next, reps has .next
01:53 +723: C:/Users/Atharva Patil/Documents/projects/gymlog/test/set_row_measurement_types_test.dart: R8 — Focus order and keyboard actions repsOnly: the single field has TextInputAction.next
01:53 +724: C:/Users/Atharva Patil/Documents/projects/gymlog/test/set_row_measurement_types_test.dart: R8 — Focus order and keyboard actions duration: the single field has TextInputAction.next
01:53 +725: C:/Users/Atharva Patil/Documents/projects/gymlog/test/set_row_measurement_types_test.dart: R8 — Focus order and keyboard actions distance: the single (weight-slot) field has TextInputAction.next
01:53 +726: C:/Users/Atharva Patil/Documents/projects/gymlog/test/set_row_measurement_types_test.dart: Previous label formatting weightAndReps shows "15kg x 12"
01:53 +727: C:/Users/Atharva Patil/Documents/projects/gymlog/test/set_row_measurement_types_test.dart: Previous label formatting repsOnly shows "12 reps"
01:53 +728: C:/Users/Atharva Patil/Documents/projects/gymlog/test/shared/widgets/body/routine_muscle_glyph_test.dart: routineGlyphZonesFor a push routine lights chest, shoulders and arms -- not legs
01:53 +729: C:/Users/Atharva Patil/Documents/projects/gymlog/test/set_row_measurement_types_test.dart: Previous label formatting duration shows "60s"
01:53 +730: C:/Users/Atharva Patil/Documents/projects/gymlog/test/set_row_measurement_types_test.dart: Previous label formatting duration shows "60s"
01:53 +731: C:/Users/Atharva Patil/Documents/projects/gymlog/test/set_row_measurement_types_test.dart: Previous label formatting duration shows "60s"
01:53 +732: C:/Users/Atharva Patil/Documents/projects/gymlog/test/set_row_measurement_types_test.dart: Previous label formatting duration shows "60s"
01:53 +733: C:/Users/Atharva Patil/Documents/projects/gymlog/test/set_row_measurement_types_test.dart: Previous label formatting duration shows "60s"
01:53 +734: C:/Users/Atharva Patil/Documents/projects/gymlog/test/shared/widgets/body/routine_muscle_glyph_test.dart: integration with body_map every mappable group name is a real body_map group
01:53 +735: C:/Users/Atharva Patil/Documents/projects/gymlog/test/set_row_measurement_types_test.dart: Previous label formatting distance shows "400m"
01:53 +736: C:/Users/Atharva Patil/Documents/projects/gymlog/test/set_row_measurement_types_test.dart: Previous label formatting distance shows "400m"
01:53 +737: C:/Users/Atharva Patil/Documents/projects/gymlog/test/set_row_measurement_types_test.dart: Previous label formatting distance shows "400m"
01:53 +738: C:/Users/Atharva Patil/Documents/projects/gymlog/test/set_row_measurement_types_test.dart: Previous label formatting distance shows "400m"
01:53 +739: C:/Users/Atharva Patil/Documents/projects/gymlog/test/set_row_measurement_types_test.dart: Previous label formatting no previous data renders empty string in PREVIOUS column
01:53 +740: C:/Users/Atharva Patil/Documents/projects/gymlog/test/set_row_measurement_types_test.dart: Previous-session backfill on complete repsOnly: backfills previousReps into state
01:53 +741: C:/Users/Atharva Patil/Documents/projects/gymlog/test/set_row_measurement_types_test.dart: Previous-session backfill on complete weightAndReps: backfills both weight and reps
01:54 +742: C:/Users/Atharva Patil/Documents/projects/gymlog/test/sign_out_outcome_test.dart: SignOutCoordinator.execute outcome reports cloudSignOutFailed when the Supabase sign-out throws
01:54 +743: C:/Users/Atharva Patil/Documents/projects/gymlog/test/sign_out_outcome_test.dart: SignOutCoordinator.execute outcome reports complete when both cloud sign-outs succeed
01:54 +744: C:/Users/Atharva Patil/Documents/projects/gymlog/test/sign_out_outcome_test.dart: SignOutCoordinator.execute outcome returns complete without touching cloud when no user is signed in
01:54 +745: C:/Users/Atharva Patil/Documents/projects/gymlog/test/skeleton_radii_test.dart: WorkoutHistoryCardSkeleton thumbnail uses AppRadius.thumbnail
01:55 +746: C:/Users/Atharva Patil/Documents/projects/gymlog/test/skeleton_radii_test.dart: WorkoutHistoryCardSkeleton thumbnail uses AppRadius.thumbnail
01:55 +747: C:/Users/Atharva Patil/Documents/projects/gymlog/test/skeleton_radii_test.dart: WorkoutHistoryCardSkeleton thumbnail uses AppRadius.thumbnail
01:55 +748: C:/Users/Atharva Patil/Documents/projects/gymlog/test/skeleton_radii_test.dart: WorkoutHistoryCardSkeleton thumbnail uses AppRadius.thumbnail
01:55 +749: C:/Users/Atharva Patil/Documents/projects/gymlog/test/sync/sync_quarantine_and_monotonic_test.dart: corrupt payload is quarantined and does not abort pull of good objects
[SyncEngine] Quarantined object session:corrupt (reason: decodeFailure)
01:56 +750: C:/Users/Atharva Patil/Documents/projects/gymlog/test/skeleton_radii_test.dart: RoutineDetailScreen skeleton uses correct tokenized radii
01:56 +751: C:/Users/Atharva Patil/Documents/projects/gymlog/test/sync/sync_quarantine_and_monotonic_test.dart: unsupported schema version is quarantined
[SyncEngine] Quarantined object session:s_future (reason: unsupportedVersion)
[SyncEngine] Quarantined object session:s_future (reason: unsupportedVersion)
01:56 +752: C:/Users/Atharva Patil/Documents/projects/gymlog/test/skeleton_radii_test.dart: WorkoutScreen routines skeleton uses correct tokenized radii
01:56 +752: C:/Users/Atharva Patil/Documents/projects/gymlog/test/sync/sync_quarantine_and_monotonic_test.dart: quarantined object is removed from outbox and does not retry on every sync
[SyncEngine] Quarantined object session:bad_obj (reason: decodeFailure)
01:56 +753: C:/Users/Atharva Patil/Documents/projects/gymlog/test/skeleton_radii_test.dart: WorkoutScreen routines skeleton uses correct tokenized radii
01:56 +754: C:/Users/Atharva Patil/Documents/projects/gymlog/test/skeleton_radii_test.dart: WorkoutScreen routines skeleton uses correct tokenized radii
01:56 +754: C:/Users/Atharva Patil/Documents/projects/gymlog/test/sync/sync_quarantine_and_monotonic_test.dart: duplicate operation is idempotent
[SyncEngine] Quarantined object session:s1 (reason: localConstraintFailure)
01:56 +755: C:/Users/Atharva Patil/Documents/projects/gymlog/test/skeleton_radii_test.dart: WorkoutScreen routines skeleton uses correct tokenized radii
01:56 +755: C:/Users/Atharva Patil/Documents/projects/gymlog/test/sync/sync_quarantine_and_monotonic_test.dart: stale revision reports conflict and clock skew does not decide winner
[SyncEngine] Quarantined object session:s1 (reason: localConstraintFailure)
01:56 +756: C:/Users/Atharva Patil/Documents/projects/gymlog/test/skeleton_radii_test.dart: WorkoutScreen routines skeleton uses correct tokenized radii
01:56 +756: C:/Users/Atharva Patil/Documents/projects/gymlog/test/sync/sync_quarantine_and_monotonic_test.dart: account ownership mismatch is quarantined
[SyncEngine] Quarantined object session:s1 (reason: ownershipMismatch)
[SyncEngine] Quarantined object session:s1 (reason: ownershipMismatch)
01:56 +757: C:/Users/Atharva Patil/Documents/projects/gymlog/test/skeleton_radii_test.dart: WorkoutScreen routines skeleton uses correct tokenized radii
01:56 +758: C:/Users/Atharva Patil/Documents/projects/gymlog/test/skeleton_radii_test.dart: WorkoutScreen routines skeleton uses correct tokenized radii
01:56 +759: C:/Users/Atharva Patil/Documents/projects/gymlog/test/skeleton_radii_test.dart: WorkoutScreen routines skeleton uses correct tokenized radii
01:56 +760: C:/Users/Atharva Patil/Documents/projects/gymlog/test/sync_engine_test.dart: codec round-trips and actually compresses repetitive JSON
01:56 +761: C:/Users/Atharva Patil/Documents/projects/gymlog/test/sync_engine_test.dart: enqueueSession queues one row; syncNow uploads and clears it
01:56 +762: C:/Users/Atharva Patil/Documents/projects/gymlog/test/sync_engine_test.dart: offline keeps the queue; a later retry delivers it
[SyncEngine] push failed: Exception: offline
01:56 +763: C:/Users/Atharva Patil/Documents/projects/gymlog/test/sync_engine_test.dart: re-enqueuing the same session coalesces to one queued row
01:56 +764: C:/Users/Atharva Patil/Documents/projects/gymlog/test/sync_engine_test.dart: session round-trip: push, wipe local, pull, rehydrate
01:56 +765: C:/Users/Atharva Patil/Documents/projects/gymlog/test/sync_engine_test.dart: batches large queues across multiple push calls
01:56 +766: C:/Users/Atharva Patil/Documents/projects/gymlog/test/sync_engine_test.dart: batches large queues across multiple push calls
01:58 +767: C:/Users/Atharva Patil/Documents/projects/gymlog/test/sync_engine_test.dart: batches large queues across multiple push calls
01:58 +768: C:/Users/Atharva Patil/Documents/projects/gymlog/test/sync_engine_test.dart: batches large queues across multiple push calls
01:58 +769: C:/Users/Atharva Patil/Documents/projects/gymlog/test/sync_engine_test.dart: batches large queues across multiple push calls
01:58 +770: C:/Users/Atharva Patil/Documents/projects/gymlog/test/sync_engine_test.dart: batches large queues across multiple push calls
01:58 +771: C:/Users/Atharva Patil/Documents/projects/gymlog/test/sync_engine_test.dart: batches large queues across multiple push calls
01:58 +772: C:/Users/Atharva Patil/Documents/projects/gymlog/test/sync_engine_test.dart: batches large queues across multiple push calls
01:58 +773: C:/Users/Atharva Patil/Documents/projects/gymlog/test/sync_engine_test.dart: batches large queues across multiple push calls
01:58 +774: C:/Users/Atharva Patil/Documents/projects/gymlog/test/sync_engine_test.dart: batches large queues across multiple push calls
01:58 +775: C:/Users/Atharva Patil/Documents/projects/gymlog/test/sync_engine_test.dart: batches large queues across multiple push calls
01:58 +776: C:/Users/Atharva Patil/Documents/projects/gymlog/test/sync_engine_test.dart: batches large queues across multiple push calls
01:58 +777: C:/Users/Atharva Patil/Documents/projects/gymlog/test/sync_engine_test.dart: batches large queues across multiple push calls
01:58 +778: C:/Users/Atharva Patil/Documents/projects/gymlog/test/sync_engine_test.dart: batches large queues across multiple push calls
01:58 +779: C:/Users/Atharva Patil/Documents/projects/gymlog/test/sync_engine_test.dart: batches large queues across multiple push calls
01:58 +780: C:/Users/Atharva Patil/Documents/projects/gymlog/test/sync_engine_test.dart: batches large queues across multiple push calls
01:58 +781: C:/Users/Atharva Patil/Documents/projects/gymlog/test/sync_engine_test.dart: batches large queues across multiple push calls
01:58 +782: C:/Users/Atharva Patil/Documents/projects/gymlog/test/sync_engine_test.dart: batches large queues across multiple push calls
01:58 +783: C:/Users/Atharva Patil/Documents/projects/gymlog/test/sync_engine_test.dart: batches large queues across multiple push calls
01:58 +784: C:/Users/Atharva Patil/Documents/projects/gymlog/test/sync_engine_test.dart: batches large queues across multiple push calls
01:58 +785: C:/Users/Atharva Patil/Documents/projects/gymlog/test/sync_engine_test.dart: batches large queues across multiple push calls
01:58 +786: C:/Users/Atharva Patil/Documents/projects/gymlog/test/sync_engine_test.dart: batches large queues across multiple push calls
01:58 +787: C:/Users/Atharva Patil/Documents/projects/gymlog/test/sync_engine_test.dart: batches large queues across multiple push calls
01:58 +788: C:/Users/Atharva Patil/Documents/projects/gymlog/test/sync_engine_test.dart: routines creating a routine auto-enqueues it (DAO-level coverage)
01:58 +789: C:/Users/Atharva Patil/Documents/projects/gymlog/test/sync_engine_test.dart: routines routine round-trip: push, wipe local, pull, rehydrate
01:58 +790: C:/Users/Atharva Patil/Documents/projects/gymlog/test/sync_engine_test.dart: routines deleting a routine queues a tombstone
01:58 +791: C:/Users/Atharva Patil/Documents/projects/gymlog/test/sync_engine_test.dart: routines pulling a deleted routine deletes it locally without re-enqueuing tombstone
01:58 +792: C:/Users/Atharva Patil/Documents/projects/gymlog/test/sync_engine_test.dart: preferences round-trip restores weight unit + rest seconds
01:58 +793: C:/Users/Atharva Patil/Documents/projects/gymlog/test/sync_engine_test.dart: (tearDownAll)
01:59 +793: C:/Users/Atharva Patil/Documents/projects/gymlog/test/ui_p0_01_device_acceptance_test.dart: UI-P0-01 Complete Device Acceptance & Geometry Test Suite DEV-01 & DEV-03: No-equipment vs Assisted Machine layout
01:59 +794: C:/Users/Atharva Patil/Documents/projects/gymlog/test/ui_p0_01_device_acceptance_test.dart: UI-P0-01 Complete Device Acceptance & Geometry Test Suite Finish button is disabled until first set completion
02:00 +795: C:/Users/Atharva Patil/Documents/projects/gymlog/test/undoable_delete_test.dart: showUndoableDelete shows snackbar, handles Undo, and commits on expire/hide
02:00 +796: C:/Users/Atharva Patil/Documents/projects/gymlog/test/undoable_delete_test.dart: showUndoableDelete shows snackbar, handles Undo, and commits on expire/hide
02:00 +797: C:/Users/Atharva Patil/Documents/projects/gymlog/test/undoable_delete_test.dart: showUndoableDelete shows snackbar, handles Undo, and commits on expire/hide
02:01 +798: C:/Users/Atharva Patil/Documents/projects/gymlog/test/upgrade/error_reassurance_render_test.dart: async-error-higgsfield-1.0x-synthetic
02:01 +799: C:/Users/Atharva Patil/Documents/projects/gymlog/test/upgrade/error_reassurance_render_test.dart: async-error-higgsfield-1.0x-synthetic
02:01 +800: C:/Users/Atharva Patil/Documents/projects/gymlog/test/upgrade/error_reassurance_render_test.dart: async-error-higgsfield-1.0x-synthetic
02:01 +801: C:/Users/Atharva Patil/Documents/projects/gymlog/test/upgrade/error_reassurance_render_test.dart: async-error-higgsfield-1.0x-synthetic
02:01 +802: C:/Users/Atharva Patil/Documents/projects/gymlog/test/upgrade/error_reassurance_render_test.dart: async-error-higgsfield-1.0x-synthetic
02:01 +803: C:/Users/Atharva Patil/Documents/projects/gymlog/test/upgrade/error_reassurance_render_test.dart: async-error-higgsfield-1.0x-synthetic
02:01 +804: C:/Users/Atharva Patil/Documents/projects/gymlog/test/upgrade/error_reassurance_render_test.dart: async-error-higgsfield-1.0x-synthetic
02:01 +805: C:/Users/Atharva Patil/Documents/projects/gymlog/test/upgrade/error_reassurance_render_test.dart: async-error-higgsfield-1.0x-synthetic
02:01 +806: C:/Users/Atharva Patil/Documents/projects/gymlog/test/upgrade/error_reassurance_render_test.dart: async-error-higgsfield-1.0x-synthetic
02:01 +807: C:/Users/Atharva Patil/Documents/projects/gymlog/test/upgrade/error_reassurance_render_test.dart: async-error-higgsfield-1.0x-synthetic
02:01 +808: C:/Users/Atharva Patil/Documents/projects/gymlog/test/upgrade/error_reassurance_render_test.dart: async-error-higgsfield-1.0x-synthetic
02:01 +809: C:/Users/Atharva Patil/Documents/projects/gymlog/test/upgrade/error_reassurance_render_test.dart: async-error-higgsfield-1.0x-synthetic
02:01 +810: C:/Users/Atharva Patil/Documents/projects/gymlog/test/upgrade/error_reassurance_render_test.dart: async-error-higgsfield-1.0x-synthetic
02:01 +811: C:/Users/Atharva Patil/Documents/projects/gymlog/test/upgrade/error_reassurance_render_test.dart: async-error-higgsfield-1.0x-synthetic
02:01 +812: C:/Users/Atharva Patil/Documents/projects/gymlog/test/upgrade/error_reassurance_render_test.dart: async-error-higgsfield-1.0x-synthetic
02:01 +813: C:/Users/Atharva Patil/Documents/projects/gymlog/test/upgrade/error_reassurance_render_test.dart: async-error-higgsfield-1.0x-synthetic
02:01 +814: C:/Users/Atharva Patil/Documents/projects/gymlog/test/upgrade/error_reassurance_render_test.dart: async-error-higgsfield-1.0x-synthetic
02:01 +815: C:/Users/Atharva Patil/Documents/projects/gymlog/test/upgrade/error_reassurance_render_test.dart: async-error-higgsfield-1.0x-synthetic
02:01 +816: C:/Users/Atharva Patil/Documents/projects/gymlog/test/upgrade/error_reassurance_render_test.dart: async-error-higgsfield-1.0x-synthetic
02:01 +817: C:/Users/Atharva Patil/Documents/projects/gymlog/test/upgrade/error_reassurance_render_test.dart: async-error-higgsfield-1.0x-synthetic
02:01 +818: C:/Users/Atharva Patil/Documents/projects/gymlog/test/upgrade/error_reassurance_render_test.dart: async-error-higgsfield-1.0x-synthetic
02:01 +819: C:/Users/Atharva Patil/Documents/projects/gymlog/test/upgrade/error_reassurance_render_test.dart: async-error-higgsfield-1.0x-synthetic
02:01 +820: C:/Users/Atharva Patil/Documents/projects/gymlog/test/upgrade/error_reassurance_test.dart: async-error does not guarantee storage integrity on an error
02:02 +821: C:/Users/Atharva Patil/Documents/projects/gymlog/test/upgrade/error_reassurance_test.dart: async-error does not guarantee storage integrity on an error
02:02 +822: C:/Users/Atharva Patil/Documents/projects/gymlog/test/upgrade/session_1_correctness_test.dart: pace celebration converts current and previous spoken pace
02:02 +823: C:/Users/Atharva Patil/Documents/projects/gymlog/test/upgrade/session_1_correctness_test.dart: pace celebration converts current and previous spoken pace
02:02 +824: C:/Users/Atharva Patil/Documents/projects/gymlog/test/upgrade/session_1_correctness_test.dart: pace celebration converts current and previous spoken pace
02:02 +825: C:/Users/Atharva Patil/Documents/projects/gymlog/test/upgrade/session_1_correctness_test.dart: pace celebration converts current and previous spoken pace
02:02 +826: C:/Users/Atharva Patil/Documents/projects/gymlog/test/upgrade/session_1_correctness_test.dart: pace celebration converts current and previous spoken pace
02:02 +827: C:/Users/Atharva Patil/Documents/projects/gymlog/test/upgrade/error_reassurance_render_test.dart: roles-higgsfield-1.0x-synthetic
02:03 +828: C:/Users/Atharva Patil/Documents/projects/gymlog/test/upgrade/error_reassurance_test.dart: offline sync status does not claim a completed save or guaranteed backup
02:03 +829: C:/Users/Atharva Patil/Documents/projects/gymlog/test/upgrade/error_reassurance_test.dart: offline sync status does not claim a completed save or guaranteed backup
02:03 +830: C:/Users/Atharva Patil/Documents/projects/gymlog/test/upgrade/error_reassurance_render_test.dart: offline-higgsfield-1.0x-synthetic
02:03 +831: C:/Users/Atharva Patil/Documents/projects/gymlog/test/upgrade/error_reassurance_render_test.dart: offline-higgsfield-1.0x-synthetic
02:03 +832: C:/Users/Atharva Patil/Documents/projects/gymlog/test/upgrade/session_1_render_test.dart: header-weighted-higgsfield-1.0x-synthetic
02:03 +833: C:/Users/Atharva Patil/Documents/projects/gymlog/test/upgrade/session_1_render_test.dart: header-weighted-higgsfield-1.0x-synthetic
02:04 +834: C:/Users/Atharva Patil/Documents/projects/gymlog/test/upgrade/session_1_render_test.dart: header-weighted-higgsfield-1.0x-synthetic
02:04 +835: C:/Users/Atharva Patil/Documents/projects/gymlog/test/upgrade/session_1_render_test.dart: header-weighted-higgsfield-1.0x-synthetic
02:04 +836: C:/Users/Atharva Patil/Documents/projects/gymlog/test/upgrade/session_1_render_test.dart: header-weighted-higgsfield-1.0x-synthetic
02:04 +837: C:/Users/Atharva Patil/Documents/projects/gymlog/test/upgrade/session_1_render_test.dart: header-weighted-higgsfield-1.0x-synthetic
02:04 +838: C:/Users/Atharva Patil/Documents/projects/gymlog/test/upgrade/session_1_render_test.dart: header-weighted-higgsfield-1.0x-synthetic
02:04 +839: C:/Users/Atharva Patil/Documents/projects/gymlog/test/upgrade/session_1_render_test.dart: header-weighted-higgsfield-1.0x-synthetic
02:04 +840: C:/Users/Atharva Patil/Documents/projects/gymlog/test/upgrade/error_reassurance_render_test.dart: storage-free-higgsfield-1.0x-synthetic
02:04 +841: C:/Users/Atharva Patil/Documents/projects/gymlog/test/upgrade/session_1_correctness_test.dart: finish review does not announce completion before save
02:04 +842: C:/Users/Atharva Patil/Documents/projects/gymlog/test/upgrade/session_1_correctness_test.dart: finish review does not announce completion before save
02:04 +843: C:/Users/Atharva Patil/Documents/projects/gymlog/test/upgrade/session_1_render_test.dart: header-reps-higgsfield-1.0x-synthetic
02:04 +844: C:/Users/Atharva Patil/Documents/projects/gymlog/test/upgrade/error_reassurance_render_test.dart: storage-pro-higgsfield-1.0x-synthetic
02:04 +845: C:/Users/Atharva Patil/Documents/projects/gymlog/test/upgrade/error_reassurance_render_test.dart: storage-pro-higgsfield-1.0x-synthetic
02:04 +846: C:/Users/Atharva Patil/Documents/projects/gymlog/test/upgrade/error_reassurance_render_test.dart: storage-pro-higgsfield-1.0x-synthetic
02:04 +847: C:/Users/Atharva Patil/Documents/projects/gymlog/test/upgrade/error_reassurance_render_test.dart: storage-pro-higgsfield-1.0x-synthetic
02:05 +848: C:/Users/Atharva Patil/Documents/projects/gymlog/test/upgrade/error_reassurance_render_test.dart: storage-pro-higgsfield-1.0x-synthetic
02:05 +849: C:/Users/Atharva Patil/Documents/projects/gymlog/test/upgrade/error_reassurance_render_test.dart: storage-pro-higgsfield-1.0x-synthetic
02:05 +850: C:/Users/Atharva Patil/Documents/projects/gymlog/test/upgrade/session_1_render_test.dart: finish-weighted-higgsfield-1.0x-synthetic
02:05 +851: C:/Users/Atharva Patil/Documents/projects/gymlog/test/upgrade/session_1_render_test.dart: finish-weighted-higgsfield-1.0x-synthetic
02:05 +852: C:/Users/Atharva Patil/Documents/projects/gymlog/test/upgrade/session_1_render_test.dart: finish-weighted-higgsfield-1.0x-synthetic
02:05 +853: C:/Users/Atharva Patil/Documents/projects/gymlog/test/upgrade/session_1_render_test.dart: finish-weighted-higgsfield-1.0x-synthetic
02:05 +854: C:/Users/Atharva Patil/Documents/projects/gymlog/test/upgrade/error_reassurance_render_test.dart: routine-error-higgsfield-1.6x-synthetic
02:05 +855: C:/Users/Atharva Patil/Documents/projects/gymlog/test/upgrade/session_1_render_test.dart: finish-reps-higgsfield-1.0x-synthetic
02:05 +856: C:/Users/Atharva Patil/Documents/projects/gymlog/test/upgrade/session_1_render_test.dart: finish-reps-higgsfield-1.0x-synthetic
02:05 +857: C:/Users/Atharva Patil/Documents/projects/gymlog/test/upgrade/error_reassurance_render_test.dart: offline-higgsfield-1.6x-synthetic
02:05 +858: C:/Users/Atharva Patil/Documents/projects/gymlog/test/upgrade/error_reassurance_render_test.dart: offline-higgsfield-1.6x-synthetic
02:06 +859: C:/Users/Atharva Patil/Documents/projects/gymlog/test/upgrade/session_1_render_test.dart: finish-distance-higgsfield-1.0x-synthetic
02:06 +860: C:/Users/Atharva Patil/Documents/projects/gymlog/test/upgrade/error_reassurance_render_test.dart: sync-error-higgsfield-1.6x-synthetic
02:06 +861: C:/Users/Atharva Patil/Documents/projects/gymlog/test/upgrade/error_reassurance_render_test.dart: sync-error-higgsfield-1.6x-synthetic
02:06 +862: C:/Users/Atharva Patil/Documents/projects/gymlog/test/upgrade/session_1_render_test.dart: pr-pace-higgsfield-1.0x-synthetic
02:06 +863: C:/Users/Atharva Patil/Documents/projects/gymlog/test/upgrade/error_reassurance_render_test.dart: storage-free-higgsfield-1.6x-synthetic
02:06 +864: C:/Users/Atharva Patil/Documents/projects/gymlog/test/upgrade/error_reassurance_render_test.dart: storage-free-higgsfield-1.6x-synthetic
02:06 +865: C:/Users/Atharva Patil/Documents/projects/gymlog/test/upgrade/error_reassurance_render_test.dart: storage-free-higgsfield-1.6x-synthetic
02:06 +866: C:/Users/Atharva Patil/Documents/projects/gymlog/test/upgrade/session_1_render_test.dart: share-sticker-higgsfield-1.0x-synthetic
02:06 +867: C:/Users/Atharva Patil/Documents/projects/gymlog/test/upgrade/error_reassurance_render_test.dart: storage-pro-higgsfield-1.6x-synthetic
02:06 +868: C:/Users/Atharva Patil/Documents/projects/gymlog/test/upgrade/error_reassurance_render_test.dart: storage-pro-higgsfield-1.6x-synthetic
02:06 +869: C:/Users/Atharva Patil/Documents/projects/gymlog/test/upgrade/error_reassurance_render_test.dart: storage-pro-higgsfield-1.6x-synthetic
02:06 +870: C:/Users/Atharva Patil/Documents/projects/gymlog/test/upgrade/error_reassurance_render_test.dart: storage-pro-higgsfield-1.6x-synthetic
02:07 +871: C:/Users/Atharva Patil/Documents/projects/gymlog/test/upgrade/session_2_acceptance_render_test.dart: home-chosen-higgsfield-1.0x-synthetic
02:07 +872: C:/Users/Atharva Patil/Documents/projects/gymlog/test/upgrade/session_2_acceptance_render_test.dart: home-chosen-higgsfield-1.0x-synthetic
02:07 +873: C:/Users/Atharva Patil/Documents/projects/gymlog/test/upgrade/session_2_acceptance_render_test.dart: home-chosen-higgsfield-1.0x-synthetic
02:07 +874: C:/Users/Atharva Patil/Documents/projects/gymlog/test/upgrade/session_2_acceptance_render_test.dart: home-chosen-higgsfield-1.0x-synthetic
02:07 +875: C:/Users/Atharva Patil/Documents/projects/gymlog/test/upgrade/session_2_acceptance_render_test.dart: home-chosen-higgsfield-1.0x-synthetic
02:07 +876: C:/Users/Atharva Patil/Documents/projects/gymlog/test/upgrade/session_2_acceptance_render_test.dart: home-chosen-higgsfield-1.0x-synthetic
02:07 +877: C:/Users/Atharva Patil/Documents/projects/gymlog/test/upgrade/session_2_acceptance_render_test.dart: home-chosen-higgsfield-1.0x-synthetic
02:07 +878: C:/Users/Atharva Patil/Documents/projects/gymlog/test/upgrade/session_2_acceptance_render_test.dart: home-chosen-higgsfield-1.0x-synthetic
02:07 +879: C:/Users/Atharva Patil/Documents/projects/gymlog/test/upgrade/session_2_acceptance_render_test.dart: home-chosen-higgsfield-1.0x-synthetic
02:07 +880: C:/Users/Atharva Patil/Documents/projects/gymlog/test/upgrade/session_2_acceptance_render_test.dart: home-chosen-higgsfield-1.0x-synthetic
02:07 +881: C:/Users/Atharva Patil/Documents/projects/gymlog/test/upgrade/session_2_acceptance_render_test.dart: home-chosen-higgsfield-1.0x-synthetic
02:07 +882: C:/Users/Atharva Patil/Documents/projects/gymlog/test/upgrade/session_2_acceptance_render_test.dart: home-chosen-higgsfield-1.0x-synthetic
02:07 +883: C:/Users/Atharva Patil/Documents/projects/gymlog/test/upgrade/session_2_acceptance_render_test.dart: home-chosen-higgsfield-1.0x-synthetic
02:07 +884: C:/Users/Atharva Patil/Documents/projects/gymlog/test/upgrade/session_2_acceptance_render_test.dart: home-chosen-higgsfield-1.0x-synthetic
02:08 +885: C:/Users/Atharva Patil/Documents/projects/gymlog/test/upgrade/session_2_acceptance_render_test.dart: home-chosen-higgsfield-1.0x-synthetic
02:08 +886: C:/Users/Atharva Patil/Documents/projects/gymlog/test/upgrade/session_2_acceptance_render_test.dart: home-chosen-higgsfield-1.0x-synthetic
02:08 +887: C:/Users/Atharva Patil/Documents/projects/gymlog/test/upgrade/session_2_acceptance_render_test.dart: home-chosen-higgsfield-1.0x-synthetic
02:08 +888: C:/Users/Atharva Patil/Documents/projects/gymlog/test/upgrade/session_2_acceptance_render_test.dart: home-chosen-higgsfield-1.0x-synthetic
02:08 +889: C:/Users/Atharva Patil/Documents/projects/gymlog/test/upgrade/session_2_acceptance_render_test.dart: home-chosen-higgsfield-1.0x-synthetic
02:08 +890: C:/Users/Atharva Patil/Documents/projects/gymlog/test/upgrade/session_2_acceptance_render_test.dart: home-chosen-higgsfield-1.0x-synthetic
02:08 +891: C:/Users/Atharva Patil/Documents/projects/gymlog/test/upgrade/session_2_acceptance_render_test.dart: home-chosen-higgsfield-1.0x-synthetic
02:08 +892: C:/Users/Atharva Patil/Documents/projects/gymlog/test/upgrade/session_2_acceptance_render_test.dart: home-chosen-higgsfield-1.0x-synthetic
02:08 +893: C:/Users/Atharva Patil/Documents/projects/gymlog/test/upgrade/session_2_acceptance_render_test.dart: home-chosen-higgsfield-1.0x-synthetic
02:08 +894: C:/Users/Atharva Patil/Documents/projects/gymlog/test/upgrade/session_2_acceptance_render_test.dart: home-chosen-higgsfield-1.0x-synthetic
02:08 +895: C:/Users/Atharva Patil/Documents/projects/gymlog/test/upgrade/session_2_acceptance_render_test.dart: home-chosen-higgsfield-1.0x-synthetic
02:08 +896: C:/Users/Atharva Patil/Documents/projects/gymlog/test/upgrade/session_2_acceptance_render_test.dart: home-chosen-higgsfield-1.0x-synthetic
02:09 +897: C:/Users/Atharva Patil/Documents/projects/gymlog/test/upgrade/session_2_acceptance_render_test.dart: home-chosen-higgsfield-1.0x-synthetic
02:09 +898: C:/Users/Atharva Patil/Documents/projects/gymlog/test/upgrade/session_2_acceptance_render_test.dart: home-chosen-higgsfield-1.0x-synthetic
02:09 +899: C:/Users/Atharva Patil/Documents/projects/gymlog/test/upgrade/session_2_acceptance_render_test.dart: home-chosen-higgsfield-1.0x-synthetic
02:09 +900: C:/Users/Atharva Patil/Documents/projects/gymlog/test/upgrade/session_2_acceptance_render_test.dart: home-chosen-higgsfield-1.0x-synthetic
02:09 +901: C:/Users/Atharva Patil/Documents/projects/gymlog/test/upgrade/session_2_acceptance_render_test.dart: home-chosen-higgsfield-1.0x-synthetic
02:09 +902: C:/Users/Atharva Patil/Documents/projects/gymlog/test/upgrade/session_2_acceptance_render_test.dart: home-chosen-higgsfield-1.0x-synthetic
02:09 +903: C:/Users/Atharva Patil/Documents/projects/gymlog/test/upgrade/session_2_acceptance_render_test.dart: home-chosen-higgsfield-1.0x-synthetic
02:09 +904: C:/Users/Atharva Patil/Documents/projects/gymlog/test/upgrade/session_2_acceptance_render_test.dart: home-chosen-higgsfield-1.0x-synthetic
02:09 +905: C:/Users/Atharva Patil/Documents/projects/gymlog/test/upgrade/session_2_acceptance_render_test.dart: home-chosen-higgsfield-1.0x-synthetic
02:09 +906: C:/Users/Atharva Patil/Documents/projects/gymlog/test/upgrade/session_2_acceptance_render_test.dart: home-chosen-higgsfield-1.0x-synthetic
02:09 +907: C:/Users/Atharva Patil/Documents/projects/gymlog/test/upgrade/session_2_acceptance_render_test.dart: home-chosen-higgsfield-1.0x-synthetic
02:09 +908: C:/Users/Atharva Patil/Documents/projects/gymlog/test/upgrade/session_2_acceptance_render_test.dart: home-chosen-higgsfield-1.0x-synthetic
02:09 +909: C:/Users/Atharva Patil/Documents/projects/gymlog/test/upgrade/session_2_acceptance_render_test.dart: home-chosen-higgsfield-1.0x-synthetic
02:10 +910: C:/Users/Atharva Patil/Documents/projects/gymlog/test/upgrade/session_2_acceptance_render_test.dart: home-chosen-higgsfield-1.0x-synthetic
02:10 +911: C:/Users/Atharva Patil/Documents/projects/gymlog/test/upgrade/session_2_acceptance_render_test.dart: home-chosen-higgsfield-1.0x-synthetic
02:10 +912: C:/Users/Atharva Patil/Documents/projects/gymlog/test/upgrade/session_2_acceptance_render_test.dart: home-chosen-higgsfield-1.0x-synthetic
02:10 +913: C:/Users/Atharva Patil/Documents/projects/gymlog/test/upgrade/session_2_acceptance_render_test.dart: home-chosen-higgsfield-1.0x-synthetic
02:10 +914: C:/Users/Atharva Patil/Documents/projects/gymlog/test/upgrade/session_2_acceptance_render_test.dart: home-chosen-higgsfield-1.0x-synthetic
02:10 +915: C:/Users/Atharva Patil/Documents/projects/gymlog/test/upgrade/session_2_acceptance_render_test.dart: home-chosen-higgsfield-1.0x-synthetic
02:10 +916: C:/Users/Atharva Patil/Documents/projects/gymlog/test/upgrade/session_2_acceptance_render_test.dart: home-chosen-higgsfield-1.0x-synthetic
02:10 +917: C:/Users/Atharva Patil/Documents/projects/gymlog/test/upgrade/session_2_acceptance_render_test.dart: home-chosen-higgsfield-1.0x-synthetic
02:10 +918: C:/Users/Atharva Patil/Documents/projects/gymlog/test/upgrade/session_2_launchpad_test.dart: Library has no second routine chooser in ready or recovery states
02:10 +919: C:/Users/Atharva Patil/Documents/projects/gymlog/test/upgrade/session_2_launchpad_test.dart: Library has no second routine chooser in ready or recovery states
02:10 +920: C:/Users/Atharva Patil/Documents/projects/gymlog/test/upgrade/session_2_launchpad_test.dart: Library has no second routine chooser in ready or recovery states
02:10 +921: C:/Users/Atharva Patil/Documents/projects/gymlog/test/upgrade/session_2_launchpad_test.dart: Library has no second routine chooser in ready or recovery states
02:10 +922: C:/Users/Atharva Patil/Documents/projects/gymlog/test/upgrade/session_2_launchpad_test.dart: Library has no second routine chooser in ready or recovery states
02:10 +923: C:/Users/Atharva Patil/Documents/projects/gymlog/test/upgrade/session_2_launchpad_test.dart: Library has no second routine chooser in ready or recovery states
02:10 +924: C:/Users/Atharva Patil/Documents/projects/gymlog/test/upgrade/session_2_launchpad_test.dart: Library has no second routine chooser in ready or recovery states
02:10 +925: C:/Users/Atharva Patil/Documents/projects/gymlog/test/upgrade/session_2_launchpad_test.dart: Library has no second routine chooser in ready or recovery states
02:10 +926: C:/Users/Atharva Patil/Documents/projects/gymlog/test/upgrade/session_2_launchpad_test.dart: Library has no second routine chooser in ready or recovery states
02:10 +927: C:/Users/Atharva Patil/Documents/projects/gymlog/test/upgrade/session_2_launchpad_test.dart: Library has no second routine chooser in ready or recovery states
02:10 +928: C:/Users/Atharva Patil/Documents/projects/gymlog/test/upgrade/session_2_launchpad_test.dart: Library has no second routine chooser in ready or recovery states
02:10 +929: C:/Users/Atharva Patil/Documents/projects/gymlog/test/upgrade/session_2_launchpad_test.dart: Library has no second routine chooser in ready or recovery states
02:10 +930: C:/Users/Atharva Patil/Documents/projects/gymlog/test/upgrade/session_2_launchpad_test.dart: Library has no second routine chooser in ready or recovery states
02:10 +931: C:/Users/Atharva Patil/Documents/projects/gymlog/test/upgrade/session_2_launchpad_test.dart: Library has no second routine chooser in ready or recovery states
02:10 +932: C:/Users/Atharva Patil/Documents/projects/gymlog/test/upgrade/session_2_launchpad_test.dart: Library has no second routine chooser in ready or recovery states
02:11 +933: C:/Users/Atharva Patil/Documents/projects/gymlog/test/upgrade/session_2_launchpad_test.dart: Library has no second routine chooser in ready or recovery states
02:11 +934: C:/Users/Atharva Patil/Documents/projects/gymlog/test/upgrade/session_2_launchpad_test.dart: Library has no second routine chooser in ready or recovery states
02:11 +935: C:/Users/Atharva Patil/Documents/projects/gymlog/test/upgrade/session_2_launchpad_test.dart: Library has no second routine chooser in ready or recovery states
02:11 +936: C:/Users/Atharva Patil/Documents/projects/gymlog/test/upgrade/session_2_launchpad_test.dart: Library has no second routine chooser in ready or recovery states
02:11 +937: C:/Users/Atharva Patil/Documents/projects/gymlog/test/upgrade/session_2_launchpad_test.dart: Library has no second routine chooser in ready or recovery states
02:11 +938: C:/Users/Atharva Patil/Documents/projects/gymlog/test/upgrade/session_2_launchpad_test.dart: Library has no second routine chooser in ready or recovery states
02:11 +939: C:/Users/Atharva Patil/Documents/projects/gymlog/test/upgrade/session_2_launchpad_test.dart: Library has no second routine chooser in ready or recovery states
02:11 +940: C:/Users/Atharva Patil/Documents/projects/gymlog/test/upgrade/session_2_launchpad_test.dart: Library has no second routine chooser in ready or recovery states
02:11 +941: C:/Users/Atharva Patil/Documents/projects/gymlog/test/upgrade/session_2_launchpad_test.dart: Library has no second routine chooser in ready or recovery states
02:11 +942: C:/Users/Atharva Patil/Documents/projects/gymlog/test/upgrade/session_2_launchpad_test.dart: Library has no second routine chooser in ready or recovery states
02:11 +943: C:/Users/Atharva Patil/Documents/projects/gymlog/test/upgrade/session_2_launchpad_test.dart: Library has no second routine chooser in ready or recovery states
02:11 +944: C:/Users/Atharva Patil/Documents/projects/gymlog/test/upgrade/session_2_launchpad_test.dart: Library has no second routine chooser in ready or recovery states
02:11 +945: C:/Users/Atharva Patil/Documents/projects/gymlog/test/upgrade/error_reassurance_render_test.dart: storage-pro-white-1.0x-synthetic
02:11 +946: C:/Users/Atharva Patil/Documents/projects/gymlog/test/upgrade/session_2_acceptance_render_test.dart: library-deleted-choice-higgsfield-1.0x-synthetic
02:11 +947: C:/Users/Atharva Patil/Documents/projects/gymlog/test/upgrade/session_2_acceptance_render_test.dart: library-deleted-choice-higgsfield-1.0x-synthetic
02:11 +948: C:/Users/Atharva Patil/Documents/projects/gymlog/test/upgrade/session_2_launchpad_test.dart: Home selection updates the same read-only Library marker without remounting state
02:11 +949: C:/Users/Atharva Patil/Documents/projects/gymlog/test/upgrade/session_2_launchpad_test.dart: Home selection updates the same read-only Library marker without remounting state
02:11 +950: C:/Users/Atharva Patil/Documents/projects/gymlog/test/upgrade/session_2_launchpad_test.dart: Home selection updates the same read-only Library marker without remounting state
02:11 +951: C:/Users/Atharva Patil/Documents/projects/gymlog/test/upgrade/session_2_launchpad_test.dart: Home selection updates the same read-only Library marker without remounting state
02:11 +952: C:/Users/Atharva Patil/Documents/projects/gymlog/test/upgrade/session_2_launchpad_test.dart: Home selection updates the same read-only Library marker without remounting state
02:11 +953: C:/Users/Atharva Patil/Documents/projects/gymlog/test/upgrade/session_2_launchpad_test.dart: Home selection updates the same read-only Library marker without remounting state
02:11 +954: C:/Users/Atharva Patil/Documents/projects/gymlog/test/upgrade/session_2_launchpad_test.dart: Home selection updates the same read-only Library marker without remounting state
02:12 +955: C:/Users/Atharva Patil/Documents/projects/gymlog/test/upgrade/session_2_launchpad_test.dart: Home selection updates the same read-only Library marker without remounting state
02:12 +956: C:/Users/Atharva Patil/Documents/projects/gymlog/test/upgrade/session_2_launchpad_test.dart: Home selection updates the same read-only Library marker without remounting state
02:12 +957: C:/Users/Atharva Patil/Documents/projects/gymlog/test/upgrade/session_2_launchpad_test.dart: Home selection updates the same read-only Library marker without remounting state
02:12 +958: C:/Users/Atharva Patil/Documents/projects/gymlog/test/upgrade/session_2_launchpad_test.dart: Home selection updates the same read-only Library marker without remounting state
02:12 +959: C:/Users/Atharva Patil/Documents/projects/gymlog/test/upgrade/session_2_launchpad_test.dart: Home selection updates the same read-only Library marker without remounting state
02:12 +960: C:/Users/Atharva Patil/Documents/projects/gymlog/test/upgrade/session_2_launchpad_test.dart: Home selection updates the same read-only Library marker without remounting state
02:12 +961: C:/Users/Atharva Patil/Documents/projects/gymlog/test/upgrade/session_2_launchpad_test.dart: Home selection updates the same read-only Library marker without remounting state
02:12 +962: C:/Users/Atharva Patil/Documents/projects/gymlog/test/upgrade/session_2_launchpad_test.dart: Home selection updates the same read-only Library marker without remounting state
02:12 +963: C:/Users/Atharva Patil/Documents/projects/gymlog/test/upgrade/session_2_launchpad_test.dart: Home selection updates the same read-only Library marker without remounting state
02:12 +964: C:/Users/Atharva Patil/Documents/projects/gymlog/test/upgrade/session_2_launchpad_test.dart: Home selection updates the same read-only Library marker without remounting state
02:12 +965: C:/Users/Atharva Patil/Documents/projects/gymlog/test/upgrade/session_2_launchpad_test.dart: Home selection updates the same read-only Library marker without remounting state
02:12 +966: C:/Users/Atharva Patil/Documents/projects/gymlog/test/upgrade/session_2_acceptance_render_test.dart: library-new-user-higgsfield-1.0x-synthetic
02:12 +967: C:/Users/Atharva Patil/Documents/projects/gymlog/test/upgrade/session_1_render_test.dart: header-distance-neonPurple-1.0x-synthetic
02:12 +968: C:/Users/Atharva Patil/Documents/projects/gymlog/test/upgrade/error_reassurance_render_test.dart: sync-error-white-1.6x-synthetic
02:12 +969: C:/Users/Atharva Patil/Documents/projects/gymlog/test/upgrade/error_reassurance_render_test.dart: sync-error-white-1.6x-synthetic
02:12 +970: C:/Users/Atharva Patil/Documents/projects/gymlog/test/upgrade/error_reassurance_render_test.dart: sync-error-white-1.6x-synthetic
02:12 +971: C:/Users/Atharva Patil/Documents/projects/gymlog/test/upgrade/session_2_acceptance_render_test.dart: home-no-routine-higgsfield-1.0x-synthetic
02:12 +972: C:/Users/Atharva Patil/Documents/projects/gymlog/test/upgrade/session_1_render_test.dart: finish-weighted-neonPurple-1.0x-synthetic
02:12 +973: C:/Users/Atharva Patil/Documents/projects/gymlog/test/upgrade/session_2_launchpad_test.dart: home prioritizes the actual active workout in fallback states
02:12 +974: C:/Users/Atharva Patil/Documents/projects/gymlog/test/upgrade/session_2_launchpad_test.dart: home prioritizes the actual active workout in fallback states
02:12 +975: C:/Users/Atharva Patil/Documents/projects/gymlog/test/upgrade/session_2_launchpad_test.dart: home prioritizes the actual active workout in fallback states
02:12 +976: C:/Users/Atharva Patil/Documents/projects/gymlog/test/upgrade/session_2_launchpad_test.dart: home prioritizes the actual active workout in fallback states
02:12 +977: C:/Users/Atharva Patil/Documents/projects/gymlog/test/upgrade/session_1_render_test.dart: finish-timed-neonPurple-1.0x-synthetic
02:12 +978: C:/Users/Atharva Patil/Documents/projects/gymlog/test/upgrade/session_2_acceptance_render_test.dart: home-inactive-return-higgsfield-1.0x-synthetic
02:13 +979: C:/Users/Atharva Patil/Documents/projects/gymlog/test/upgrade/error_reassurance_render_test.dart: storage-pro-white-1.6x-synthetic
02:13 +980: C:/Users/Atharva Patil/Documents/projects/gymlog/test/upgrade/error_reassurance_render_test.dart: storage-pro-white-1.6x-synthetic
02:13 +981: C:/Users/Atharva Patil/Documents/projects/gymlog/test/upgrade/error_reassurance_render_test.dart: storage-pro-white-1.6x-synthetic
02:13 +982: C:/Users/Atharva Patil/Documents/projects/gymlog/test/upgrade/error_reassurance_render_test.dart: storage-pro-white-1.6x-synthetic
02:13 +983: C:/Users/Atharva Patil/Documents/projects/gymlog/test/upgrade/session_2_acceptance_render_test.dart: library-inactive-return-higgsfield-1.0x-synthetic
02:13 +984: C:/Users/Atharva Patil/Documents/projects/gymlog/test/upgrade/session_2_acceptance_render_test.dart: library-inactive-return-higgsfield-1.0x-synthetic
02:13 +985: C:/Users/Atharva Patil/Documents/projects/gymlog/test/upgrade/session_2_acceptance_render_test.dart: library-inactive-return-higgsfield-1.0x-synthetic
02:13 +986: C:/Users/Atharva Patil/Documents/projects/gymlog/test/upgrade/session_2_acceptance_render_test.dart: library-inactive-return-higgsfield-1.0x-synthetic
02:13 +987: C:/Users/Atharva Patil/Documents/projects/gymlog/test/upgrade/session_1_render_test.dart: share-monument-neonPurple-1.0x-synthetic
02:13 +988: C:/Users/Atharva Patil/Documents/projects/gymlog/test/upgrade/error_reassurance_render_test.dart: app-error-neonCyan-1.0x-synthetic
02:13 +989: C:/Users/Atharva Patil/Documents/projects/gymlog/test/upgrade/session_2_launchpad_test.dart: home choice read failure is distinct from no choice
02:13 +990: C:/Users/Atharva Patil/Documents/projects/gymlog/test/upgrade/session_2_launchpad_test.dart: home choice read failure is distinct from no choice
02:13 +991: C:/Users/Atharva Patil/Documents/projects/gymlog/test/upgrade/session_2_launchpad_test.dart: home choice read failure is distinct from no choice
02:13 +992: C:/Users/Atharva Patil/Documents/projects/gymlog/test/upgrade/session_2_acceptance_render_test.dart: home-low-data-higgsfield-1.0x-synthetic
02:13 +993: C:/Users/Atharva Patil/Documents/projects/gymlog/test/upgrade/session_2_acceptance_render_test.dart: home-low-data-higgsfield-1.0x-synthetic
02:13 +994: C:/Users/Atharva Patil/Documents/projects/gymlog/test/upgrade/error_reassurance_render_test.dart: routine-error-neonCyan-1.0x-synthetic
02:13 +995: C:/Users/Atharva Patil/Documents/projects/gymlog/test/upgrade/session_2_launchpad_test.dart: home repairs a damaged saved choice through explicit selection
02:13 +996: C:/Users/Atharva Patil/Documents/projects/gymlog/test/upgrade/session_2_launchpad_test.dart: home repairs a damaged saved choice through explicit selection
02:13 +997: C:/Users/Atharva Patil/Documents/projects/gymlog/test/upgrade/session_2_launchpad_test.dart: home repairs a damaged saved choice through explicit selection
02:13 +998: C:/Users/Atharva Patil/Documents/projects/gymlog/test/upgrade/session_2_launchpad_test.dart: home repairs a damaged saved choice through explicit selection
02:13 +999: C:/Users/Atharva Patil/Documents/projects/gymlog/test/upgrade/session_2_launchpad_test.dart: home repairs a damaged saved choice through explicit selection
02:13 +1000: C:/Users/Atharva Patil/Documents/projects/gymlog/test/upgrade/session_2_launchpad_test.dart: home repairs a damaged saved choice through explicit selection
02:13 +1001: C:/Users/Atharva Patil/Documents/projects/gymlog/test/upgrade/session_2_launchpad_test.dart: home repairs a damaged saved choice through explicit selection
02:13 +1002: C:/Users/Atharva Patil/Documents/projects/gymlog/test/upgrade/session_2_launchpad_test.dart: home repairs a damaged saved choice through explicit selection
02:13 +1003: C:/Users/Atharva Patil/Documents/projects/gymlog/test/upgrade/session_2_launchpad_test.dart: home repairs a damaged saved choice through explicit selection
02:13 +1004: C:/Users/Atharva Patil/Documents/projects/gymlog/test/upgrade/session_1_render_test.dart: share-distance-technical-neonPurple-1.0x-synthetic
02:13 +1005: C:/Users/Atharva Patil/Documents/projects/gymlog/test/upgrade/session_2_acceptance_render_test.dart: library-error-higgsfield-1.0x-synthetic
02:13 +1006: C:/Users/Atharva Patil/Documents/projects/gymlog/test/upgrade/session_2_acceptance_render_test.dart: library-error-higgsfield-1.0x-synthetic
02:13 +1007: C:/Users/Atharva Patil/Documents/projects/gymlog/test/upgrade/error_reassurance_render_test.dart: sync-error-neonCyan-1.0x-synthetic
02:13 +1008: C:/Users/Atharva Patil/Documents/projects/gymlog/test/upgrade/error_reassurance_render_test.dart: sync-error-neonCyan-1.0x-synthetic
02:14 +1009: C:/Users/Atharva Patil/Documents/projects/gymlog/test/upgrade/session_2_launchpad_test.dart: home keeps Resume primary when choice is missing or damaged
02:14 +1010: C:/Users/Atharva Patil/Documents/projects/gymlog/test/upgrade/session_2_launchpad_test.dart: home keeps Resume primary when choice is missing or damaged
02:14 +1011: C:/Users/Atharva Patil/Documents/projects/gymlog/test/upgrade/session_2_launchpad_test.dart: home keeps Resume primary when choice is missing or damaged
02:14 +1012: C:/Users/Atharva Patil/Documents/projects/gymlog/test/upgrade/session_2_launchpad_test.dart: home keeps Resume primary when choice is missing or damaged
02:14 +1013: C:/Users/Atharva Patil/Documents/projects/gymlog/test/upgrade/error_reassurance_render_test.dart: storage-free-neonCyan-1.0x-synthetic
02:14 +1014: C:/Users/Atharva Patil/Documents/projects/gymlog/test/upgrade/error_reassurance_render_test.dart: storage-free-neonCyan-1.0x-synthetic
02:14 +1015: C:/Users/Atharva Patil/Documents/projects/gymlog/test/upgrade/session_2_acceptance_render_test.dart: library-previous-error-higgsfield-1.0x-synthetic
02:14 +1016: C:/Users/Atharva Patil/Documents/projects/gymlog/test/upgrade/session_2_acceptance_render_test.dart: library-previous-error-higgsfield-1.0x-synthetic
02:14 +1017: C:/Users/Atharva Patil/Documents/projects/gymlog/test/upgrade/session_2_launchpad_test.dart: home uses explicit choice and one-tap Change
02:14 +1018: C:/Users/Atharva Patil/Documents/projects/gymlog/test/upgrade/session_2_launchpad_test.dart: home uses explicit choice and one-tap Change
02:14 +1019: C:/Users/Atharva Patil/Documents/projects/gymlog/test/upgrade/error_reassurance_render_test.dart: storage-pro-neonCyan-1.0x-synthetic
02:14 +1020: C:/Users/Atharva Patil/Documents/projects/gymlog/test/upgrade/session_2_acceptance_render_test.dart: home-choice-error-higgsfield-1.0x-synthetic
02:14 +1021: C:/Users/Atharva Patil/Documents/projects/gymlog/test/upgrade/session_2_acceptance_render_test.dart: home-choice-error-higgsfield-1.0x-synthetic
02:14 +1022: C:/Users/Atharva Patil/Documents/projects/gymlog/test/upgrade/session_2_acceptance_render_test.dart: home-choice-error-higgsfield-1.0x-synthetic
02:14 +1023: C:/Users/Atharva Patil/Documents/projects/gymlog/test/upgrade/session_2_launchpad_test.dart: home never chooses the first routine by inference
02:14 +1024: C:/Users/Atharva Patil/Documents/projects/gymlog/test/upgrade/session_2_launchpad_test.dart: home never chooses the first routine by inference
02:14 +1025: C:/Users/Atharva Patil/Documents/projects/gymlog/test/upgrade/session_1_render_test.dart: exercise-no-estimate-neonPurple-1.0x-synthetic
02:14 +1026: C:/Users/Atharva Patil/Documents/projects/gymlog/test/upgrade/session_2_acceptance_render_test.dart: library-choice-error-higgsfield-1.0x-synthetic
02:14 +1027: C:/Users/Atharva Patil/Documents/projects/gymlog/test/upgrade/session_2_acceptance_render_test.dart: library-choice-error-higgsfield-1.0x-synthetic
02:14 +1028: C:/Users/Atharva Patil/Documents/projects/gymlog/test/upgrade/session_2_acceptance_render_test.dart: library-choice-error-higgsfield-1.0x-synthetic
02:14 +1029: C:/Users/Atharva Patil/Documents/projects/gymlog/test/upgrade/session_2_acceptance_render_test.dart: library-choice-error-higgsfield-1.0x-synthetic
02:14 +1030: C:/Users/Atharva Patil/Documents/projects/gymlog/test/upgrade/session_1_render_test.dart: progress-low-neonPurple-1.0x-synthetic
02:14 +1031: C:/Users/Atharva Patil/Documents/projects/gymlog/test/upgrade/error_reassurance_render_test.dart: routine-error-neonCyan-1.6x-synthetic
02:14 +1032: C:/Users/Atharva Patil/Documents/projects/gymlog/test/upgrade/session_2_launchpad_test.dart: home new user has a designed first-session entry
02:14 +1033: C:/Users/Atharva Patil/Documents/projects/gymlog/test/upgrade/session_2_acceptance_render_test.dart: home-loading-higgsfield-1.0x-synthetic
02:14 +1034: C:/Users/Atharva Patil/Documents/projects/gymlog/test/upgrade/session_2_acceptance_render_test.dart: home-loading-higgsfield-1.0x-synthetic
02:15 +1035: C:/Users/Atharva Patil/Documents/projects/gymlog/test/upgrade/session_2_acceptance_render_test.dart: home-loading-higgsfield-1.0x-synthetic
02:15 +1036: C:/Users/Atharva Patil/Documents/projects/gymlog/test/upgrade/session_2_acceptance_render_test.dart: home-loading-higgsfield-1.0x-synthetic
02:15 +1037: C:/Users/Atharva Patil/Documents/projects/gymlog/test/upgrade/session_2_acceptance_render_test.dart: home-loading-higgsfield-1.0x-synthetic
02:15 +1038: C:/Users/Atharva Patil/Documents/projects/gymlog/test/upgrade/error_reassurance_render_test.dart: offline-neonCyan-1.6x-synthetic
02:15 +1039: C:/Users/Atharva Patil/Documents/projects/gymlog/test/upgrade/error_reassurance_render_test.dart: offline-neonCyan-1.6x-synthetic
02:15 +1040: C:/Users/Atharva Patil/Documents/projects/gymlog/test/upgrade/error_reassurance_render_test.dart: offline-neonCyan-1.6x-synthetic
02:15 +1041: C:/Users/Atharva Patil/Documents/projects/gymlog/test/upgrade/error_reassurance_render_test.dart: offline-neonCyan-1.6x-synthetic
02:15 +1042: C:/Users/Atharva Patil/Documents/projects/gymlog/test/upgrade/session_2_launchpad_test.dart: library prioritizes the actual active workout in fallback states
02:15 +1043: C:/Users/Atharva Patil/Documents/projects/gymlog/test/upgrade/session_2_launchpad_test.dart: library prioritizes the actual active workout in fallback states
02:15 +1044: C:/Users/Atharva Patil/Documents/projects/gymlog/test/upgrade/session_2_launchpad_test.dart: library prioritizes the actual active workout in fallback states
02:15 +1045: C:/Users/Atharva Patil/Documents/projects/gymlog/test/upgrade/session_2_acceptance_render_test.dart: home-active-chosen-higgsfield-1.0x-synthetic
02:15 +1046: C:/Users/Atharva Patil/Documents/projects/gymlog/test/upgrade/error_reassurance_render_test.dart: sync-error-neonCyan-1.6x-synthetic
02:15 +1047: C:/Users/Atharva Patil/Documents/projects/gymlog/test/upgrade/error_reassurance_render_test.dart: sync-error-neonCyan-1.6x-synthetic
02:15 +1048: C:/Users/Atharva Patil/Documents/projects/gymlog/test/upgrade/session_2_launchpad_test.dart: library labels a one-set plan in the singular
02:15 +1049: C:/Users/Atharva Patil/Documents/projects/gymlog/test/upgrade/session_2_acceptance_render_test.dart: library-active-chosen-higgsfield-1.0x-synthetic
02:15 +1050: C:/Users/Atharva Patil/Documents/projects/gymlog/test/upgrade/session_2_acceptance_render_test.dart: library-active-chosen-higgsfield-1.0x-synthetic
02:15 +1051: C:/Users/Atharva Patil/Documents/projects/gymlog/test/upgrade/session_2_acceptance_render_test.dart: library-active-chosen-higgsfield-1.0x-synthetic
02:15 +1052: C:/Users/Atharva Patil/Documents/projects/gymlog/test/upgrade/error_reassurance_render_test.dart: storage-free-neonCyan-1.6x-synthetic
02:15 +1053: C:/Users/Atharva Patil/Documents/projects/gymlog/test/upgrade/error_reassurance_render_test.dart: storage-free-neonCyan-1.6x-synthetic
02:15 +1054: C:/Users/Atharva Patil/Documents/projects/gymlog/test/upgrade/session_2_launchpad_test.dart: library choice read failure is distinct from no choice
02:15 +1055: C:/Users/Atharva Patil/Documents/projects/gymlog/test/upgrade/session_2_acceptance_render_test.dart: home-active-no-choice-higgsfield-1.0x-synthetic
02:15 +1056: C:/Users/Atharva Patil/Documents/projects/gymlog/test/upgrade/session_2_acceptance_render_test.dart: home-active-no-choice-higgsfield-1.0x-synthetic
02:15 +1057: C:/Users/Atharva Patil/Documents/projects/gymlog/test/upgrade/error_reassurance_render_test.dart: storage-pro-neonCyan-1.6x-synthetic
02:15 +1058: C:/Users/Atharva Patil/Documents/projects/gymlog/test/upgrade/error_reassurance_render_test.dart: storage-pro-neonCyan-1.6x-synthetic
02:15 +1059: C:/Users/Atharva Patil/Documents/projects/gymlog/test/upgrade/error_reassurance_render_test.dart: storage-pro-neonCyan-1.6x-synthetic
02:16 +1060: C:/Users/Atharva Patil/Documents/projects/gymlog/test/upgrade/session_2_acceptance_render_test.dart: library-active-no-choice-higgsfield-1.0x-synthetic
02:16 +1061: C:/Users/Atharva Patil/Documents/projects/gymlog/test/upgrade/session_2_acceptance_render_test.dart: library-active-no-choice-higgsfield-1.0x-synthetic
02:16 +1062: C:/Users/Atharva Patil/Documents/projects/gymlog/test/upgrade/session_2_acceptance_render_test.dart: library-active-no-choice-higgsfield-1.0x-synthetic
02:16 +1063: C:/Users/Atharva Patil/Documents/projects/gymlog/test/upgrade/session_2_launchpad_test.dart: library keeps Resume primary when choice is missing or damaged
02:16 +1064: C:/Users/Atharva Patil/Documents/projects/gymlog/test/upgrade/session_2_launchpad_test.dart: library keeps Resume primary when choice is missing or damaged
02:16 +1065: C:/Users/Atharva Patil/Documents/projects/gymlog/test/upgrade/session_2_launchpad_test.dart: library keeps Resume primary when choice is missing or damaged
02:16 +1066: C:/Users/Atharva Patil/Documents/projects/gymlog/test/upgrade/session_2_launchpad_test.dart: library keeps Resume primary when choice is missing or damaged
02:16 +1067: C:/Users/Atharva Patil/Documents/projects/gymlog/test/upgrade/session_2_launchpad_test.dart: library keeps Resume primary when choice is missing or damaged
02:16 +1068: C:/Users/Atharva Patil/Documents/projects/gymlog/test/upgrade/session_2_launchpad_test.dart: library keeps Resume primary when choice is missing or damaged
02:16 +1069: C:/Users/Atharva Patil/Documents/projects/gymlog/test/upgrade/session_2_launchpad_test.dart: library keeps Resume primary when choice is missing or damaged
02:16 +1070: C:/Users/Atharva Patil/Documents/projects/gymlog/test/upgrade/session_2_launchpad_test.dart: library keeps Resume primary when choice is missing or damaged
02:16 +1071: C:/Users/Atharva Patil/Documents/projects/gymlog/test/upgrade/session_2_acceptance_render_test.dart: library-active-no-routine-higgsfield-1.0x-synthetic
02:16 +1072: C:/Users/Atharva Patil/Documents/projects/gymlog/test/upgrade/session_1_render_test.dart: share-sticker-neonPurple-1.6x-synthetic
02:16 +1073: C:/Users/Atharva Patil/Documents/projects/gymlog/test/upgrade/error_reassurance_render_test.dart: roles-neonMagenta-1.0x-synthetic
02:16 +1074: C:/Users/Atharva Patil/Documents/projects/gymlog/test/upgrade/session_2_launchpad_test.dart: library uses explicit choice and one-tap Change
02:16 +1075: C:/Users/Atharva Patil/Documents/projects/gymlog/test/upgrade/session_2_launchpad_test.dart: library uses explicit choice and one-tap Change
02:16 +1076: C:/Users/Atharva Patil/Documents/projects/gymlog/test/upgrade/session_2_launchpad_test.dart: library uses explicit choice and one-tap Change
02:16 +1077: C:/Users/Atharva Patil/Documents/projects/gymlog/test/upgrade/error_reassurance_render_test.dart: offline-neonMagenta-1.0x-synthetic
02:16 +1078: C:/Users/Atharva Patil/Documents/projects/gymlog/test/upgrade/error_reassurance_render_test.dart: offline-neonMagenta-1.0x-synthetic
02:16 +1079: C:/Users/Atharva Patil/Documents/projects/gymlog/test/upgrade/error_reassurance_render_test.dart: offline-neonMagenta-1.0x-synthetic
02:16 +1080: C:/Users/Atharva Patil/Documents/projects/gymlog/test/upgrade/error_reassurance_render_test.dart: offline-neonMagenta-1.0x-synthetic
02:16 +1081: C:/Users/Atharva Patil/Documents/projects/gymlog/test/upgrade/error_reassurance_render_test.dart: offline-neonMagenta-1.0x-synthetic
02:16 +1082: C:/Users/Atharva Patil/Documents/projects/gymlog/test/upgrade/session_2_acceptance_render_test.dart: home-active-deleted-choice-higgsfield-1.0x-synthetic
02:16 +1083: C:/Users/Atharva Patil/Documents/projects/gymlog/test/upgrade/session_2_acceptance_render_test.dart: home-active-deleted-choice-higgsfield-1.0x-synthetic
02:16 +1084: C:/Users/Atharva Patil/Documents/projects/gymlog/test/upgrade/session_2_acceptance_render_test.dart: home-active-deleted-choice-higgsfield-1.0x-synthetic
02:16 +1085: C:/Users/Atharva Patil/Documents/projects/gymlog/test/upgrade/session_2_acceptance_render_test.dart: home-active-deleted-choice-higgsfield-1.0x-synthetic
02:16 +1086: C:/Users/Atharva Patil/Documents/projects/gymlog/test/upgrade/error_reassurance_render_test.dart: sync-error-neonMagenta-1.0x-synthetic
02:16 +1087: C:/Users/Atharva Patil/Documents/projects/gymlog/test/upgrade/error_reassurance_render_test.dart: sync-error-neonMagenta-1.0x-synthetic
02:16 +1088: C:/Users/Atharva Patil/Documents/projects/gymlog/test/upgrade/session_2_launchpad_test.dart: library new user has a designed first-session entry
02:16 +1089: C:/Users/Atharva Patil/Documents/projects/gymlog/test/upgrade/session_2_acceptance_render_test.dart: library-active-deleted-choice-higgsfield-1.0x-synthetic
02:16 +1090: C:/Users/Atharva Patil/Documents/projects/gymlog/test/upgrade/session_2_acceptance_render_test.dart: library-active-deleted-choice-higgsfield-1.0x-synthetic
02:17 +1091: C:/Users/Atharva Patil/Documents/projects/gymlog/test/upgrade/error_reassurance_render_test.dart: storage-free-neonMagenta-1.0x-synthetic
02:17 +1092: C:/Users/Atharva Patil/Documents/projects/gymlog/test/upgrade/error_reassurance_render_test.dart: storage-free-neonMagenta-1.0x-synthetic
02:17 +1093: C:/Users/Atharva Patil/Documents/projects/gymlog/test/upgrade/error_reassurance_render_test.dart: storage-free-neonMagenta-1.0x-synthetic
02:17 +1094: C:/Users/Atharva Patil/Documents/projects/gymlog/test/upgrade/error_reassurance_render_test.dart: storage-free-neonMagenta-1.0x-synthetic
02:17 +1095: C:/Users/Atharva Patil/Documents/projects/gymlog/test/upgrade/session_2_acceptance_render_test.dart: home-active-empty-choice-higgsfield-1.0x-synthetic
02:17 +1096: C:/Users/Atharva Patil/Documents/projects/gymlog/test/upgrade/session_2_acceptance_render_test.dart: home-active-empty-choice-higgsfield-1.0x-synthetic
02:17 +1097: C:/Users/Atharva Patil/Documents/projects/gymlog/test/upgrade/session_2_launchpad_test.dart: Library recovery null keeps saved Start visible at 1.6x
02:17 +1098: C:/Users/Atharva Patil/Documents/projects/gymlog/test/upgrade/error_reassurance_render_test.dart: storage-pro-neonMagenta-1.0x-synthetic
02:17 +1099: C:/Users/Atharva Patil/Documents/projects/gymlog/test/upgrade/error_reassurance_render_test.dart: storage-pro-neonMagenta-1.0x-synthetic
02:17 +1100: C:/Users/Atharva Patil/Documents/projects/gymlog/test/upgrade/error_reassurance_render_test.dart: storage-pro-neonMagenta-1.0x-synthetic
02:17 +1101: C:/Users/Atharva Patil/Documents/projects/gymlog/test/upgrade/session_2_acceptance_render_test.dart: library-active-empty-choice-higgsfield-1.0x-synthetic
02:17 +1102: C:/Users/Atharva Patil/Documents/projects/gymlog/test/upgrade/session_1_render_test.dart: detail-empty-neonPurple-1.6x-synthetic
02:17 +1103: C:/Users/Atharva Patil/Documents/projects/gymlog/test/upgrade/session_2_launchpad_test.dart: Library recovery 7 keeps saved Start visible at 1.6x
02:17 +1104: C:/Users/Atharva Patil/Documents/projects/gymlog/test/upgrade/session_2_launchpad_test.dart: Library recovery 7 keeps saved Start visible at 1.6x
02:17 +1105: C:/Users/Atharva Patil/Documents/projects/gymlog/test/upgrade/session_1_render_test.dart: exercise-neonPurple-1.6x-synthetic
02:17 +1106: C:/Users/Atharva Patil/Documents/projects/gymlog/test/upgrade/session_1_render_test.dart: exercise-neonPurple-1.6x-synthetic
02:17 +1107: C:/Users/Atharva Patil/Documents/projects/gymlog/test/upgrade/session_2_acceptance_render_test.dart: home-active-choice-error-higgsfield-1.0x-synthetic
02:17 +1108: C:/Users/Atharva Patil/Documents/projects/gymlog/test/upgrade/session_2_launchpad_test.dart: Deleted Library choice exposes the logging action it describes
02:17 +1109: C:/Users/Atharva Patil/Documents/projects/gymlog/test/upgrade/session_2_launchpad_test.dart: Deleted Library choice exposes the logging action it describes
02:17 +1110: C:/Users/Atharva Patil/Documents/projects/gymlog/test/upgrade/session_1_render_test.dart: exercise-no-estimate-neonPurple-1.6x-synthetic
02:17 +1111: C:/Users/Atharva Patil/Documents/projects/gymlog/test/upgrade/session_2_acceptance_render_test.dart: library-active-choice-error-higgsfield-1.0x-synthetic
02:17 +1112: C:/Users/Atharva Patil/Documents/projects/gymlog/test/upgrade/session_2_acceptance_render_test.dart: library-active-choice-error-higgsfield-1.0x-synthetic
02:17 +1113: C:/Users/Atharva Patil/Documents/projects/gymlog/test/upgrade/session_2_acceptance_render_test.dart: library-active-choice-error-higgsfield-1.0x-synthetic
02:17 +1114: C:/Users/Atharva Patil/Documents/projects/gymlog/test/upgrade/session_2_acceptance_render_test.dart: library-active-choice-error-higgsfield-1.0x-synthetic
02:17 +1115: C:/Users/Atharva Patil/Documents/projects/gymlog/test/upgrade/error_reassurance_render_test.dart: roles-neonMagenta-1.6x-synthetic
02:17 +1116: C:/Users/Atharva Patil/Documents/projects/gymlog/test/upgrade/error_reassurance_render_test.dart: roles-neonMagenta-1.6x-synthetic
02:17 +1117: C:/Users/Atharva Patil/Documents/projects/gymlog/test/upgrade/session_2_launchpad_test.dart: Library announces arriving read errors
02:17 +1118: C:/Users/Atharva Patil/Documents/projects/gymlog/test/upgrade/session_2_acceptance_render_test.dart: home-chosen-higgsfield-1.6x-synthetic
02:17 +1119: C:/Users/Atharva Patil/Documents/projects/gymlog/test/upgrade/session_2_acceptance_render_test.dart: home-chosen-higgsfield-1.6x-synthetic
02:18 +1120: C:/Users/Atharva Patil/Documents/projects/gymlog/test/upgrade/session_2_acceptance_render_test.dart: home-chosen-higgsfield-1.6x-synthetic
02:18 +1121: C:/Users/Atharva Patil/Documents/projects/gymlog/test/upgrade/session_2_acceptance_render_test.dart: home-chosen-higgsfield-1.6x-synthetic
02:18 +1122: C:/Users/Atharva Patil/Documents/projects/gymlog/test/upgrade/session_2_acceptance_render_test.dart: home-chosen-higgsfield-1.6x-synthetic
02:18 +1123: C:/Users/Atharva Patil/Documents/projects/gymlog/test/upgrade/session_2_acceptance_render_test.dart: home-chosen-higgsfield-1.6x-synthetic
02:18 +1124: C:/Users/Atharva Patil/Documents/projects/gymlog/test/upgrade/session_2_acceptance_render_test.dart: home-chosen-higgsfield-1.6x-synthetic
02:18 +1125: C:/Users/Atharva Patil/Documents/projects/gymlog/test/upgrade/session_2_acceptance_render_test.dart: home-chosen-higgsfield-1.6x-synthetic
02:18 +1126: C:/Users/Atharva Patil/Documents/projects/gymlog/test/upgrade/session_2_acceptance_render_test.dart: home-chosen-higgsfield-1.6x-synthetic
02:18 +1127: C:/Users/Atharva Patil/Documents/projects/gymlog/test/upgrade/session_2_acceptance_render_test.dart: home-chosen-higgsfield-1.6x-synthetic
02:18 +1128: C:/Users/Atharva Patil/Documents/projects/gymlog/test/upgrade/session_2_acceptance_render_test.dart: home-chosen-higgsfield-1.6x-synthetic
02:18 +1129: C:/Users/Atharva Patil/Documents/projects/gymlog/test/upgrade/session_2_acceptance_render_test.dart: home-chosen-higgsfield-1.6x-synthetic
02:18 +1130: C:/Users/Atharva Patil/Documents/projects/gymlog/test/upgrade/session_2_acceptance_render_test.dart: home-chosen-higgsfield-1.6x-synthetic
02:18 +1131: C:/Users/Atharva Patil/Documents/projects/gymlog/test/upgrade/session_2_acceptance_render_test.dart: home-chosen-higgsfield-1.6x-synthetic
02:18 +1132: C:/Users/Atharva Patil/Documents/projects/gymlog/test/upgrade/session_2_acceptance_render_test.dart: home-chosen-higgsfield-1.6x-synthetic
02:18 +1133: C:/Users/Atharva Patil/Documents/projects/gymlog/test/upgrade/session_2_acceptance_render_test.dart: home-chosen-higgsfield-1.6x-synthetic
02:18 +1134: C:/Users/Atharva Patil/Documents/projects/gymlog/test/upgrade/session_2_acceptance_render_test.dart: home-chosen-higgsfield-1.6x-synthetic
02:18 +1135: C:/Users/Atharva Patil/Documents/projects/gymlog/test/upgrade/error_reassurance_render_test.dart: storage-pro-neonMagenta-1.6x-synthetic
02:18 +1136: C:/Users/Atharva Patil/Documents/projects/gymlog/test/upgrade/session_2_launchpad_test.dart: Change uses bounded searchable choices and preserves choice on read failure
02:18 +1137: C:/Users/Atharva Patil/Documents/projects/gymlog/test/upgrade/session_2_launchpad_test.dart: Change uses bounded searchable choices and preserves choice on read failure
02:18 +1138: C:/Users/Atharva Patil/Documents/projects/gymlog/test/upgrade/session_2_launchpad_test.dart: Change uses bounded searchable choices and preserves choice on read failure
02:18 +1139: C:/Users/Atharva Patil/Documents/projects/gymlog/test/upgrade/session_2_launchpad_test.dart: Change uses bounded searchable choices and preserves choice on read failure
02:18 +1140: C:/Users/Atharva Patil/Documents/projects/gymlog/test/upgrade/session_2_launchpad_test.dart: Change uses bounded searchable choices and preserves choice on read failure
02:18 +1141: C:/Users/Atharva Patil/Documents/projects/gymlog/test/upgrade/session_2_launchpad_test.dart: Change uses bounded searchable choices and preserves choice on read failure
02:18 +1142: C:/Users/Atharva Patil/Documents/projects/gymlog/test/upgrade/session_2_launchpad_test.dart: Change uses bounded searchable choices and preserves choice on read failure
02:18 +1143: C:/Users/Atharva Patil/Documents/projects/gymlog/test/upgrade/session_2_launchpad_test.dart: Change uses bounded searchable choices and preserves choice on read failure
02:18 +1144: C:/Users/Atharva Patil/Documents/projects/gymlog/test/upgrade/session_1_render_test.dart: pr-pace-white-1.0x-synthetic
02:18 +1145: C:/Users/Atharva Patil/Documents/projects/gymlog/test/upgrade/error_reassurance_render_test.dart: routine-error-blazeOrange-1.0x-synthetic
02:19 +1146: C:/Users/Atharva Patil/Documents/projects/gymlog/test/upgrade/session_2_acceptance_render_test.dart: home-no-choice-higgsfield-1.6x-synthetic
02:19 +1147: C:/Users/Atharva Patil/Documents/projects/gymlog/test/upgrade/session_2_acceptance_render_test.dart: home-no-choice-higgsfield-1.6x-synthetic
02:19 +1148: C:/Users/Atharva Patil/Documents/projects/gymlog/test/upgrade/session_2_launchpad_test.dart: Previous-set read failure does not invent no history or block Start
02:19 +1149: C:/Users/Atharva Patil/Documents/projects/gymlog/test/upgrade/session_2_launchpad_test.dart: Previous-set read failure does not invent no history or block Start
02:19 +1150: C:/Users/Atharva Patil/Documents/projects/gymlog/test/upgrade/session_1_render_test.dart: share-technical-white-1.0x-synthetic
02:19 +1151: C:/Users/Atharva Patil/Documents/projects/gymlog/test/upgrade/session_2_acceptance_render_test.dart: library-no-choice-higgsfield-1.6x-synthetic
02:19 +1152: C:/Users/Atharva Patil/Documents/projects/gymlog/test/upgrade/session_2_acceptance_render_test.dart: library-no-choice-higgsfield-1.6x-synthetic
02:19 +1153: C:/Users/Atharva Patil/Documents/projects/gymlog/test/upgrade/session_2_acceptance_render_test.dart: library-no-choice-higgsfield-1.6x-synthetic
02:19 +1154: C:/Users/Atharva Patil/Documents/projects/gymlog/test/upgrade/error_reassurance_render_test.dart: offline-blazeOrange-1.0x-synthetic
02:19 +1155: C:/Users/Atharva Patil/Documents/projects/gymlog/test/upgrade/error_reassurance_render_test.dart: offline-blazeOrange-1.0x-synthetic
02:19 +1156: C:/Users/Atharva Patil/Documents/projects/gymlog/test/upgrade/session_2_launchpad_test.dart: Home has no guilt language on an inactive return
02:19 +1157: C:/Users/Atharva Patil/Documents/projects/gymlog/test/upgrade/session_2_launchpad_test.dart: Home has no guilt language on an inactive return
02:19 +1158: C:/Users/Atharva Patil/Documents/projects/gymlog/test/upgrade/session_2_acceptance_render_test.dart: home-deleted-choice-higgsfield-1.6x-synthetic
02:19 +1159: C:/Users/Atharva Patil/Documents/projects/gymlog/test/upgrade/session_2_acceptance_render_test.dart: home-deleted-choice-higgsfield-1.6x-synthetic
02:19 +1160: C:/Users/Atharva Patil/Documents/projects/gymlog/test/upgrade/error_reassurance_render_test.dart: sync-error-blazeOrange-1.0x-synthetic
02:19 +1161: C:/Users/Atharva Patil/Documents/projects/gymlog/test/upgrade/error_reassurance_render_test.dart: sync-error-blazeOrange-1.0x-synthetic
02:19 +1162: C:/Users/Atharva Patil/Documents/projects/gymlog/test/upgrade/session_2_launchpad_test.dart: Change selection updates both launch surfaces and persists
02:19 +1163: C:/Users/Atharva Patil/Documents/projects/gymlog/test/upgrade/session_2_launchpad_test.dart: Change selection updates both launch surfaces and persists
02:19 +1164: C:/Users/Atharva Patil/Documents/projects/gymlog/test/upgrade/session_2_launchpad_test.dart: Change selection updates both launch surfaces and persists
02:19 +1165: C:/Users/Atharva Patil/Documents/projects/gymlog/test/upgrade/session_2_launchpad_test.dart: Change selection updates both launch surfaces and persists
02:19 +1166: C:/Users/Atharva Patil/Documents/projects/gymlog/test/upgrade/session_2_launchpad_test.dart: Change selection updates both launch surfaces and persists
02:19 +1167: C:/Users/Atharva Patil/Documents/projects/gymlog/test/upgrade/session_2_launchpad_test.dart: Change selection updates both launch surfaces and persists
02:19 +1168: C:/Users/Atharva Patil/Documents/projects/gymlog/test/upgrade/session_2_acceptance_render_test.dart: home-empty-choice-higgsfield-1.6x-synthetic
02:19 +1169: C:/Users/Atharva Patil/Documents/projects/gymlog/test/upgrade/session_1_render_test.dart: share-pace-technical-white-1.0x-synthetic
02:19 +1170: C:/Users/Atharva Patil/Documents/projects/gymlog/test/upgrade/error_reassurance_render_test.dart: storage-pro-blazeOrange-1.0x-synthetic
02:19 +1171: C:/Users/Atharva Patil/Documents/projects/gymlog/test/upgrade/error_reassurance_render_test.dart: storage-pro-blazeOrange-1.0x-synthetic
02:19 +1172: C:/Users/Atharva Patil/Documents/projects/gymlog/test/upgrade/error_reassurance_render_test.dart: storage-pro-blazeOrange-1.0x-synthetic
02:19 +1173: C:/Users/Atharva Patil/Documents/projects/gymlog/test/upgrade/error_reassurance_render_test.dart: storage-pro-blazeOrange-1.0x-synthetic
02:19 +1174: C:/Users/Atharva Patil/Documents/projects/gymlog/test/upgrade/error_reassurance_render_test.dart: storage-pro-blazeOrange-1.0x-synthetic
02:19 +1175: C:/Users/Atharva Patil/Documents/projects/gymlog/test/upgrade/session_2_acceptance_render_test.dart: home-new-user-higgsfield-1.6x-synthetic
02:19 +1176: C:/Users/Atharva Patil/Documents/projects/gymlog/test/upgrade/session_2_acceptance_render_test.dart: home-new-user-higgsfield-1.6x-synthetic
02:19 +1177: C:/Users/Atharva Patil/Documents/projects/gymlog/test/upgrade/session_2_acceptance_render_test.dart: home-new-user-higgsfield-1.6x-synthetic
02:19 +1178: C:/Users/Atharva Patil/Documents/projects/gymlog/test/upgrade/error_reassurance_render_test.dart: app-error-blazeOrange-1.6x-synthetic
02:19 +1179: C:/Users/Atharva Patil/Documents/projects/gymlog/test/upgrade/session_1_render_test.dart: detail-empty-white-1.0x-synthetic
02:20 +1180: C:/Users/Atharva Patil/Documents/projects/gymlog/test/upgrade/session_2_acceptance_render_test.dart: library-new-user-higgsfield-1.6x-synthetic
02:20 +1181: C:/Users/Atharva Patil/Documents/projects/gymlog/test/upgrade/session_2_acceptance_render_test.dart: library-new-user-higgsfield-1.6x-synthetic
02:20 +1182: C:/Users/Atharva Patil/Documents/projects/gymlog/test/upgrade/session_1_render_test.dart: exercise-white-1.0x-synthetic
02:20 +1183: C:/Users/Atharva Patil/Documents/projects/gymlog/test/upgrade/error_reassurance_render_test.dart: routine-error-blazeOrange-1.6x-synthetic
02:20 +1184: C:/Users/Atharva Patil/Documents/projects/gymlog/test/upgrade/session_2_acceptance_render_test.dart: home-no-routine-higgsfield-1.6x-synthetic
02:20 +1185: C:/Users/Atharva Patil/Documents/projects/gymlog/test/upgrade/session_1_render_test.dart: exercise-no-estimate-white-1.0x-synthetic
02:20 +1186: C:/Users/Atharva Patil/Documents/projects/gymlog/test/upgrade/session_1_render_test.dart: exercise-no-estimate-white-1.0x-synthetic
02:20 +1187: C:/Users/Atharva Patil/Documents/projects/gymlog/test/upgrade/session_2_acceptance_render_test.dart: library-no-routine-higgsfield-1.6x-synthetic
02:20 +1188: C:/Users/Atharva Patil/Documents/projects/gymlog/test/upgrade/session_2_acceptance_render_test.dart: library-no-routine-higgsfield-1.6x-synthetic
02:20 +1189: C:/Users/Atharva Patil/Documents/projects/gymlog/test/upgrade/error_reassurance_render_test.dart: offline-blazeOrange-1.6x-synthetic
02:20 +1190: C:/Users/Atharva Patil/Documents/projects/gymlog/test/upgrade/error_reassurance_render_test.dart: offline-blazeOrange-1.6x-synthetic
02:20 +1191: C:/Users/Atharva Patil/Documents/projects/gymlog/test/upgrade/session_2_acceptance_render_test.dart: home-inactive-return-higgsfield-1.6x-synthetic
02:20 +1192: C:/Users/Atharva Patil/Documents/projects/gymlog/test/upgrade/session_2_acceptance_render_test.dart: home-inactive-return-higgsfield-1.6x-synthetic
02:20 +1193: C:/Users/Atharva Patil/Documents/projects/gymlog/test/upgrade/error_reassurance_render_test.dart: sync-error-blazeOrange-1.6x-synthetic
02:20 +1194: C:/Users/Atharva Patil/Documents/projects/gymlog/test/upgrade/error_reassurance_render_test.dart: sync-error-blazeOrange-1.6x-synthetic
02:20 +1195: C:/Users/Atharva Patil/Documents/projects/gymlog/test/upgrade/error_reassurance_render_test.dart: sync-error-blazeOrange-1.6x-synthetic
02:20 +1196: C:/Users/Atharva Patil/Documents/projects/gymlog/test/upgrade/session_2_acceptance_render_test.dart: library-inactive-return-higgsfield-1.6x-synthetic
02:20 +1197: C:/Users/Atharva Patil/Documents/projects/gymlog/test/upgrade/session_2_acceptance_render_test.dart: library-inactive-return-higgsfield-1.6x-synthetic
02:20 +1198: C:/Users/Atharva Patil/Documents/projects/gymlog/test/upgrade/error_reassurance_render_test.dart: storage-free-blazeOrange-1.6x-synthetic
02:20 +1199: C:/Users/Atharva Patil/Documents/projects/gymlog/test/upgrade/error_reassurance_render_test.dart: storage-free-blazeOrange-1.6x-synthetic
02:20 +1200: C:/Users/Atharva Patil/Documents/projects/gymlog/test/upgrade/error_reassurance_render_test.dart: storage-free-blazeOrange-1.6x-synthetic
02:20 +1201: C:/Users/Atharva Patil/Documents/projects/gymlog/test/upgrade/error_reassurance_render_test.dart: storage-free-blazeOrange-1.6x-synthetic
02:20 +1202: C:/Users/Atharva Patil/Documents/projects/gymlog/test/upgrade/session_1_render_test.dart: header-empty-white-1.6x-synthetic
02:20 +1203: C:/Users/Atharva Patil/Documents/projects/gymlog/test/upgrade/session_2_acceptance_render_test.dart: library-low-data-higgsfield-1.6x-synthetic
02:20 +1204: C:/Users/Atharva Patil/Documents/projects/gymlog/test/upgrade/error_reassurance_render_test.dart: storage-pro-blazeOrange-1.6x-synthetic
02:20 +1205: C:/Users/Atharva Patil/Documents/projects/gymlog/test/upgrade/error_reassurance_render_test.dart: storage-pro-blazeOrange-1.6x-synthetic
02:20 +1206: C:/Users/Atharva Patil/Documents/projects/gymlog/test/upgrade/session_2_acceptance_render_test.dart: home-error-higgsfield-1.6x-synthetic
02:20 +1207: C:/Users/Atharva Patil/Documents/projects/gymlog/test/upgrade/session_1_render_test.dart: finish-reps-white-1.6x-synthetic
02:20 +1208: C:/Users/Atharva Patil/Documents/projects/gymlog/test/upgrade/session_2_acceptance_render_test.dart: library-error-higgsfield-1.6x-synthetic
02:21 +1209: C:/Users/Atharva Patil/Documents/projects/gymlog/test/upgrade/session_1_render_test.dart: finish-timed-white-1.6x-synthetic
02:21 +1210: C:/Users/Atharva Patil/Documents/projects/gymlog/test/upgrade/session_2_acceptance_render_test.dart: home-previous-error-higgsfield-1.6x-synthetic
02:21 +1211: C:/Users/Atharva Patil/Documents/projects/gymlog/test/upgrade/session_2_acceptance_render_test.dart: home-previous-error-higgsfield-1.6x-synthetic
02:21 +1212: C:/Users/Atharva Patil/Documents/projects/gymlog/test/upgrade/session_1_render_test.dart: pr-white-1.6x-synthetic
02:21 +1213: C:/Users/Atharva Patil/Documents/projects/gymlog/test/upgrade/session_2_acceptance_render_test.dart: library-previous-error-higgsfield-1.6x-synthetic
02:21 +1214: C:/Users/Atharva Patil/Documents/projects/gymlog/test/upgrade/session_2_acceptance_render_test.dart: library-previous-error-higgsfield-1.6x-synthetic
02:21 +1215: C:/Users/Atharva Patil/Documents/projects/gymlog/test/upgrade/session_2_launch_actions_test.dart: account switch during routine lookup cannot launch old-account content
02:21 +1216: C:/Users/Atharva Patil/Documents/projects/gymlog/test/upgrade/session_1_render_test.dart: share-monument-white-1.6x-synthetic
02:21 +1217: C:/Users/Atharva Patil/Documents/projects/gymlog/test/upgrade/session_2_acceptance_render_test.dart: home-choice-error-higgsfield-1.6x-synthetic
02:21 +1218: C:/Users/Atharva Patil/Documents/projects/gymlog/test/upgrade/session_2_acceptance_render_test.dart: home-choice-error-higgsfield-1.6x-synthetic
02:21 +1219: C:/Users/Atharva Patil/Documents/projects/gymlog/test/upgrade/session_2_acceptance_render_test.dart: home-choice-error-higgsfield-1.6x-synthetic
02:21 +1220: C:/Users/Atharva Patil/Documents/projects/gymlog/test/upgrade/session_2_acceptance_render_test.dart: home-choice-error-higgsfield-1.6x-synthetic
02:21 +1221: C:/Users/Atharva Patil/Documents/projects/gymlog/test/upgrade/session_2_acceptance_render_test.dart: home-choice-error-higgsfield-1.6x-synthetic
02:21 +1222: C:/Users/Atharva Patil/Documents/projects/gymlog/test/upgrade/session_2_acceptance_render_test.dart: home-choice-error-higgsfield-1.6x-synthetic
02:21 +1223: C:/Users/Atharva Patil/Documents/projects/gymlog/test/upgrade/session_2_acceptance_render_test.dart: home-choice-error-higgsfield-1.6x-synthetic
02:21 +1224: C:/Users/Atharva Patil/Documents/projects/gymlog/test/upgrade/session_1_render_test.dart: share-sticker-white-1.6x-synthetic
02:21 +1225: C:/Users/Atharva Patil/Documents/projects/gymlog/test/upgrade/session_2_acceptance_render_test.dart: library-choice-error-higgsfield-1.6x-synthetic
02:21 +1226: C:/Users/Atharva Patil/Documents/projects/gymlog/test/upgrade/session_2_acceptance_render_test.dart: library-choice-error-higgsfield-1.6x-synthetic
02:21 +1227: C:/Users/Atharva Patil/Documents/projects/gymlog/test/upgrade/session_2_acceptance_render_test.dart: library-choice-error-higgsfield-1.6x-synthetic
02:21 +1228: C:/Users/Atharva Patil/Documents/projects/gymlog/test/upgrade/session_1_render_test.dart: share-duration-sticker-white-1.6x-synthetic
02:21 +1229: C:/Users/Atharva Patil/Documents/projects/gymlog/test/upgrade/session_2_acceptance_render_test.dart: home-loading-higgsfield-1.6x-synthetic
02:21 +1230: C:/Users/Atharva Patil/Documents/projects/gymlog/test/upgrade/session_2_acceptance_render_test.dart: home-loading-higgsfield-1.6x-synthetic
02:21 +1231: C:/Users/Atharva Patil/Documents/projects/gymlog/test/upgrade/session_1_render_test.dart: share-distance-technical-white-1.6x-synthetic
02:21 +1232: C:/Users/Atharva Patil/Documents/projects/gymlog/test/upgrade/session_2_acceptance_render_test.dart: library-loading-higgsfield-1.6x-synthetic
02:21 +1233: C:/Users/Atharva Patil/Documents/projects/gymlog/test/upgrade/session_2_acceptance_render_test.dart: library-loading-higgsfield-1.6x-synthetic
02:21 +1234: C:/Users/Atharva Patil/Documents/projects/gymlog/test/upgrade/session_1_render_test.dart: share-pace-monument-white-1.6x-synthetic
02:21 +1235: C:/Users/Atharva Patil/Documents/projects/gymlog/test/upgrade/session_2_acceptance_render_test.dart: home-active-chosen-higgsfield-1.6x-synthetic
02:21 +1236: C:/Users/Atharva Patil/Documents/projects/gymlog/test/upgrade/session_2_acceptance_render_test.dart: home-active-chosen-higgsfield-1.6x-synthetic
02:22 +1237: C:/Users/Atharva Patil/Documents/projects/gymlog/test/upgrade/session_1_render_test.dart: share-pace-sticker-white-1.6x-synthetic
02:22 +1238: C:/Users/Atharva Patil/Documents/projects/gymlog/test/upgrade/session_2_acceptance_render_test.dart: library-active-chosen-higgsfield-1.6x-synthetic
02:22 +1239: C:/Users/Atharva Patil/Documents/projects/gymlog/test/upgrade/session_2_acceptance_render_test.dart: library-active-chosen-higgsfield-1.6x-synthetic
02:22 +1240: C:/Users/Atharva Patil/Documents/projects/gymlog/test/upgrade/session_1_render_test.dart: detail-error-white-1.6x-synthetic
02:22 +1241: C:/Users/Atharva Patil/Documents/projects/gymlog/test/upgrade/session_2_acceptance_render_test.dart: home-active-no-choice-higgsfield-1.6x-synthetic
02:22 +1242: C:/Users/Atharva Patil/Documents/projects/gymlog/test/upgrade/session_1_render_test.dart: detail-empty-white-1.6x-synthetic
02:22 +1243: C:/Users/Atharva Patil/Documents/projects/gymlog/test/upgrade/session_2_acceptance_render_test.dart: library-active-no-choice-higgsfield-1.6x-synthetic
02:22 +1244: C:/Users/Atharva Patil/Documents/projects/gymlog/test/upgrade/session_2_acceptance_render_test.dart: library-active-no-choice-higgsfield-1.6x-synthetic
02:22 +1245: C:/Users/Atharva Patil/Documents/projects/gymlog/test/upgrade/session_1_render_test.dart: exercise-no-estimate-white-1.6x-synthetic
02:22 +1246: C:/Users/Atharva Patil/Documents/projects/gymlog/test/upgrade/session_2_acceptance_render_test.dart: home-active-no-routine-higgsfield-1.6x-synthetic
02:22 +1247: C:/Users/Atharva Patil/Documents/projects/gymlog/test/upgrade/session_1_render_test.dart: progress-white-1.6x-synthetic
02:22 +1248: C:/Users/Atharva Patil/Documents/projects/gymlog/test/upgrade/session_2_render_test.dart: (setUpAll)
02:22 +1248: C:/Users/Atharva Patil/Documents/projects/gymlog/test/upgrade/session_2_acceptance_render_test.dart: library-active-no-routine-higgsfield-1.6x-synthetic
02:22 +1249: C:/Users/Atharva Patil/Documents/projects/gymlog/test/upgrade/session_2_acceptance_render_test.dart: library-active-no-routine-higgsfield-1.6x-synthetic
02:22 +1250: C:/Users/Atharva Patil/Documents/projects/gymlog/test/upgrade/session_2_render_test.dart: before/home-returning-higgsfield-1.0x-synthetic
02:22 +1251: C:/Users/Atharva Patil/Documents/projects/gymlog/test/upgrade/session_2_render_test.dart: before/home-returning-higgsfield-1.0x-synthetic
02:22 +1252: C:/Users/Atharva Patil/Documents/projects/gymlog/test/upgrade/session_2_render_test.dart: before/home-returning-higgsfield-1.0x-synthetic
02:22 +1253: C:/Users/Atharva Patil/Documents/projects/gymlog/test/upgrade/session_2_render_test.dart: before/home-returning-higgsfield-1.0x-synthetic
02:22 +1254: C:/Users/Atharva Patil/Documents/projects/gymlog/test/upgrade/session_2_render_test.dart: before/home-returning-higgsfield-1.0x-synthetic
02:22 +1255: C:/Users/Atharva Patil/Documents/projects/gymlog/test/upgrade/session_2_render_test.dart: before/home-returning-higgsfield-1.0x-synthetic
02:22 +1256: C:/Users/Atharva Patil/Documents/projects/gymlog/test/upgrade/session_2_render_test.dart: before/home-returning-higgsfield-1.0x-synthetic
02:22 +1257: C:/Users/Atharva Patil/Documents/projects/gymlog/test/upgrade/session_2_render_test.dart: before/home-returning-higgsfield-1.0x-synthetic
02:22 +1258: C:/Users/Atharva Patil/Documents/projects/gymlog/test/upgrade/session_2_render_test.dart: before/home-returning-higgsfield-1.0x-synthetic
02:22 +1259: C:/Users/Atharva Patil/Documents/projects/gymlog/test/upgrade/session_2_render_test.dart: before/home-returning-higgsfield-1.0x-synthetic
02:22 +1260: C:/Users/Atharva Patil/Documents/projects/gymlog/test/upgrade/session_2_render_test.dart: before/home-returning-higgsfield-1.0x-synthetic
02:22 +1261: C:/Users/Atharva Patil/Documents/projects/gymlog/test/upgrade/session_2_render_test.dart: before/home-returning-higgsfield-1.0x-synthetic
02:22 +1262: C:/Users/Atharva Patil/Documents/projects/gymlog/test/upgrade/session_2_render_test.dart: before/home-returning-higgsfield-1.0x-synthetic
02:22 +1263: C:/Users/Atharva Patil/Documents/projects/gymlog/test/upgrade/session_2_render_test.dart: before/home-returning-higgsfield-1.0x-synthetic
02:22 +1264: C:/Users/Atharva Patil/Documents/projects/gymlog/test/upgrade/session_2_render_test.dart: before/home-returning-higgsfield-1.0x-synthetic
02:22 +1265: C:/Users/Atharva Patil/Documents/projects/gymlog/test/upgrade/session_2_render_test.dart: before/home-returning-higgsfield-1.0x-synthetic
02:22 +1266: C:/Users/Atharva Patil/Documents/projects/gymlog/test/upgrade/session_2_render_test.dart: before/home-returning-higgsfield-1.0x-synthetic
02:22 +1267: C:/Users/Atharva Patil/Documents/projects/gymlog/test/upgrade/session_2_render_test.dart: before/home-returning-higgsfield-1.0x-synthetic
02:22 +1268: C:/Users/Atharva Patil/Documents/projects/gymlog/test/upgrade/session_2_render_test.dart: before/home-returning-higgsfield-1.0x-synthetic
02:22 +1269: C:/Users/Atharva Patil/Documents/projects/gymlog/test/upgrade/session_2_render_test.dart: before/home-returning-higgsfield-1.0x-synthetic
02:23 +1270: C:/Users/Atharva Patil/Documents/projects/gymlog/test/upgrade/session_2_render_test.dart: before/home-returning-higgsfield-1.0x-synthetic
02:23 +1271: C:/Users/Atharva Patil/Documents/projects/gymlog/test/upgrade/session_2_render_test.dart: before/home-returning-higgsfield-1.0x-synthetic
02:23 +1272: C:/Users/Atharva Patil/Documents/projects/gymlog/test/upgrade/session_2_render_test.dart: before/home-returning-higgsfield-1.0x-synthetic
02:23 +1273: C:/Users/Atharva Patil/Documents/projects/gymlog/test/upgrade/session_2_render_test.dart: before/home-returning-higgsfield-1.0x-synthetic
02:23 +1274: C:/Users/Atharva Patil/Documents/projects/gymlog/test/upgrade/session_2_render_test.dart: before/home-returning-higgsfield-1.0x-synthetic
02:23 +1275: C:/Users/Atharva Patil/Documents/projects/gymlog/test/upgrade/session_2_render_test.dart: before/home-returning-higgsfield-1.0x-synthetic
02:23 +1276: C:/Users/Atharva Patil/Documents/projects/gymlog/test/upgrade/session_2_render_test.dart: before/home-returning-higgsfield-1.0x-synthetic
02:23 +1277: C:/Users/Atharva Patil/Documents/projects/gymlog/test/upgrade/session_2_render_test.dart: before/home-returning-higgsfield-1.0x-synthetic
02:23 +1278: C:/Users/Atharva Patil/Documents/projects/gymlog/test/upgrade/session_2_render_test.dart: before/home-returning-higgsfield-1.0x-synthetic
02:23 +1279: C:/Users/Atharva Patil/Documents/projects/gymlog/test/upgrade/session_2_render_test.dart: before/home-returning-higgsfield-1.0x-synthetic
02:23 +1280: C:/Users/Atharva Patil/Documents/projects/gymlog/test/upgrade/session_2_render_test.dart: before/home-returning-higgsfield-1.0x-synthetic
02:23 +1281: C:/Users/Atharva Patil/Documents/projects/gymlog/test/upgrade/session_2_render_test.dart: before/home-returning-higgsfield-1.0x-synthetic
02:23 +1282: C:/Users/Atharva Patil/Documents/projects/gymlog/test/upgrade/session_2_render_test.dart: before/home-returning-higgsfield-1.0x-synthetic
02:23 +1283: C:/Users/Atharva Patil/Documents/projects/gymlog/test/upgrade/session_2_render_test.dart: before/home-returning-higgsfield-1.0x-synthetic
02:23 +1284: C:/Users/Atharva Patil/Documents/projects/gymlog/test/upgrade/session_2_render_test.dart: before/home-returning-higgsfield-1.0x-synthetic
02:23 +1285: C:/Users/Atharva Patil/Documents/projects/gymlog/test/upgrade/session_2_render_test.dart: before/home-returning-higgsfield-1.0x-synthetic
02:23 +1286: C:/Users/Atharva Patil/Documents/projects/gymlog/test/upgrade/session_2_render_test.dart: before/home-returning-higgsfield-1.0x-synthetic
02:23 +1287: C:/Users/Atharva Patil/Documents/projects/gymlog/test/upgrade/session_2_render_test.dart: before/home-returning-higgsfield-1.0x-synthetic
02:24 +1288: C:/Users/Atharva Patil/Documents/projects/gymlog/test/upgrade/session_2_render_test.dart: before/home-returning-higgsfield-1.0x-synthetic
02:24 +1289: C:/Users/Atharva Patil/Documents/projects/gymlog/test/upgrade/session_2_render_test.dart: before/home-returning-higgsfield-1.0x-synthetic
02:24 +1290: C:/Users/Atharva Patil/Documents/projects/gymlog/test/upgrade/session_2_render_test.dart: before/home-returning-higgsfield-1.0x-synthetic
02:24 +1291: C:/Users/Atharva Patil/Documents/projects/gymlog/test/upgrade/session_2_render_test.dart: before/home-returning-higgsfield-1.0x-synthetic
02:24 +1292: C:/Users/Atharva Patil/Documents/projects/gymlog/test/upgrade/session_2_render_test.dart: before/home-returning-higgsfield-1.0x-synthetic
02:24 +1293: C:/Users/Atharva Patil/Documents/projects/gymlog/test/upgrade/session_2_render_test.dart: before/home-returning-higgsfield-1.0x-synthetic
02:24 +1294: C:/Users/Atharva Patil/Documents/projects/gymlog/test/upgrade/session_2_acceptance_render_test.dart: library-chosen-neonPurple-1.0x-synthetic
02:24 +1295: C:/Users/Atharva Patil/Documents/projects/gymlog/test/upgrade/session_2_acceptance_render_test.dart: library-chosen-neonPurple-1.0x-synthetic
02:24 +1296: C:/Users/Atharva Patil/Documents/projects/gymlog/test/upgrade/session_2_render_test.dart: before/library-returning-higgsfield-1.0x-synthetic
02:24 +1297: C:/Users/Atharva Patil/Documents/projects/gymlog/test/upgrade/session_2_render_test.dart: before/library-returning-higgsfield-1.0x-synthetic
02:24 +1298: C:/Users/Atharva Patil/Documents/projects/gymlog/test/upgrade/session_2_render_test.dart: before/library-returning-higgsfield-1.0x-synthetic
02:24 +1299: C:/Users/Atharva Patil/Documents/projects/gymlog/test/upgrade/session_2_render_test.dart: before/library-returning-higgsfield-1.0x-synthetic
02:24 +1300: C:/Users/Atharva Patil/Documents/projects/gymlog/test/upgrade/session_2_render_test.dart: before/library-returning-higgsfield-1.0x-synthetic
02:24 +1301: C:/Users/Atharva Patil/Documents/projects/gymlog/test/upgrade/session_2_render_test.dart: before/library-returning-higgsfield-1.0x-synthetic
02:24 +1302: C:/Users/Atharva Patil/Documents/projects/gymlog/test/upgrade/session_2_render_test.dart: before/library-returning-higgsfield-1.0x-synthetic
02:24 +1303: C:/Users/Atharva Patil/Documents/projects/gymlog/test/upgrade/session_2_render_test.dart: before/library-returning-higgsfield-1.0x-synthetic
02:24 +1304: C:/Users/Atharva Patil/Documents/projects/gymlog/test/upgrade/session_2_acceptance_render_test.dart: library-no-choice-neonPurple-1.0x-synthetic
02:24 +1305: C:/Users/Atharva Patil/Documents/projects/gymlog/test/upgrade/session_1_render_test.dart: progress-neonCyan-1.0x-synthetic
02:24 +1306: C:/Users/Atharva Patil/Documents/projects/gymlog/test/upgrade/session_2_render_test.dart: before/home-inactive-higgsfield-1.0x-synthetic
02:24 +1307: C:/Users/Atharva Patil/Documents/projects/gymlog/test/upgrade/session_2_render_test.dart: before/home-inactive-higgsfield-1.0x-synthetic
02:24 +1308: C:/Users/Atharva Patil/Documents/projects/gymlog/test/upgrade/session_2_render_test.dart: before/home-inactive-higgsfield-1.0x-synthetic
02:24 +1309: C:/Users/Atharva Patil/Documents/projects/gymlog/test/upgrade/session_2_render_test.dart: before/home-inactive-higgsfield-1.0x-synthetic
02:24 +1310: C:/Users/Atharva Patil/Documents/projects/gymlog/test/upgrade/session_2_acceptance_render_test.dart: library-deleted-choice-neonPurple-1.0x-synthetic
02:24 +1311: C:/Users/Atharva Patil/Documents/projects/gymlog/test/upgrade/session_2_acceptance_render_test.dart: library-deleted-choice-neonPurple-1.0x-synthetic
02:24 +1312: C:/Users/Atharva Patil/Documents/projects/gymlog/test/upgrade/session_2_acceptance_render_test.dart: library-deleted-choice-neonPurple-1.0x-synthetic
02:24 +1313: C:/Users/Atharva Patil/Documents/projects/gymlog/test/upgrade/session_2_render_test.dart: before/library-inactive-higgsfield-1.0x-synthetic
02:25 +1314: C:/Users/Atharva Patil/Documents/projects/gymlog/test/upgrade/session_2_render_test.dart: before/library-inactive-higgsfield-1.0x-synthetic
02:25 +1315: C:/Users/Atharva Patil/Documents/projects/gymlog/test/upgrade/session_2_acceptance_render_test.dart: home-empty-choice-neonPurple-1.0x-synthetic
02:25 +1316: C:/Users/Atharva Patil/Documents/projects/gymlog/test/upgrade/session_2_acceptance_render_test.dart: home-empty-choice-neonPurple-1.0x-synthetic
02:25 +1317: C:/Users/Atharva Patil/Documents/projects/gymlog/test/upgrade/session_2_render_test.dart: before/home-empty-higgsfield-1.0x-synthetic
02:25 +1318: C:/Users/Atharva Patil/Documents/projects/gymlog/test/upgrade/session_2_render_test.dart: before/home-empty-higgsfield-1.0x-synthetic
02:25 +1319: C:/Users/Atharva Patil/Documents/projects/gymlog/test/upgrade/session_2_acceptance_render_test.dart: library-empty-choice-neonPurple-1.0x-synthetic
02:25 +1320: C:/Users/Atharva Patil/Documents/projects/gymlog/test/upgrade/session_2_acceptance_render_test.dart: library-empty-choice-neonPurple-1.0x-synthetic
02:25 +1321: C:/Users/Atharva Patil/Documents/projects/gymlog/test/upgrade/session_2_render_test.dart: before/library-empty-higgsfield-1.0x-synthetic
02:25 +1322: C:/Users/Atharva Patil/Documents/projects/gymlog/test/upgrade/session_1_render_test.dart: finish-weighted-neonCyan-1.6x-synthetic
02:25 +1323: C:/Users/Atharva Patil/Documents/projects/gymlog/test/upgrade/session_2_acceptance_render_test.dart: home-new-user-neonPurple-1.0x-synthetic
02:25 +1324: C:/Users/Atharva Patil/Documents/projects/gymlog/test/upgrade/session_2_render_test.dart: before/home-noRoutine-higgsfield-1.0x-synthetic
02:25 +1325: C:/Users/Atharva Patil/Documents/projects/gymlog/test/upgrade/session_2_render_test.dart: before/home-noRoutine-higgsfield-1.0x-synthetic
02:25 +1326: C:/Users/Atharva Patil/Documents/projects/gymlog/test/upgrade/session_2_acceptance_render_test.dart: library-new-user-neonPurple-1.0x-synthetic
02:25 +1327: C:/Users/Atharva Patil/Documents/projects/gymlog/test/upgrade/session_1_render_test.dart: finish-timed-neonCyan-1.6x-synthetic
02:25 +1328: C:/Users/Atharva Patil/Documents/projects/gymlog/test/upgrade/session_2_render_test.dart: before/library-noRoutine-higgsfield-1.0x-synthetic
02:25 +1329: C:/Users/Atharva Patil/Documents/projects/gymlog/test/upgrade/session_2_acceptance_render_test.dart: home-no-routine-neonPurple-1.0x-synthetic
02:25 +1330: C:/Users/Atharva Patil/Documents/projects/gymlog/test/upgrade/session_2_acceptance_render_test.dart: home-no-routine-neonPurple-1.0x-synthetic
02:25 +1331: C:/Users/Atharva Patil/Documents/projects/gymlog/test/upgrade/session_2_acceptance_render_test.dart: home-no-routine-neonPurple-1.0x-synthetic
02:25 +1332: C:/Users/Atharva Patil/Documents/projects/gymlog/test/upgrade/session_1_render_test.dart: pr-neonCyan-1.6x-synthetic
02:25 +1333: C:/Users/Atharva Patil/Documents/projects/gymlog/test/upgrade/session_2_render_test.dart: before/library-lowData-higgsfield-1.0x-synthetic
02:25 +1334: C:/Users/Atharva Patil/Documents/projects/gymlog/test/upgrade/session_2_render_test.dart: before/library-lowData-higgsfield-1.0x-synthetic
02:25 +1335: C:/Users/Atharva Patil/Documents/projects/gymlog/test/upgrade/session_2_render_test.dart: before/library-lowData-higgsfield-1.0x-synthetic
02:25 +1336: C:/Users/Atharva Patil/Documents/projects/gymlog/test/upgrade/session_2_acceptance_render_test.dart: home-inactive-return-neonPurple-1.0x-synthetic
02:25 +1337: C:/Users/Atharva Patil/Documents/projects/gymlog/test/upgrade/session_2_acceptance_render_test.dart: home-inactive-return-neonPurple-1.0x-synthetic
02:25 +1338: C:/Users/Atharva Patil/Documents/projects/gymlog/test/upgrade/session_2_acceptance_render_test.dart: home-inactive-return-neonPurple-1.0x-synthetic
02:25 +1339: C:/Users/Atharva Patil/Documents/projects/gymlog/test/upgrade/session_1_render_test.dart: share-technical-neonCyan-1.6x-synthetic
02:25 +1340: C:/Users/Atharva Patil/Documents/projects/gymlog/test/upgrade/session_2_render_test.dart: before/library-error-higgsfield-1.0x-synthetic
02:25 +1341: C:/Users/Atharva Patil/Documents/projects/gymlog/test/upgrade/session_2_render_test.dart: before/library-error-higgsfield-1.0x-synthetic
02:26 +1342: C:/Users/Atharva Patil/Documents/projects/gymlog/test/upgrade/session_2_acceptance_render_test.dart: library-inactive-return-neonPurple-1.0x-synthetic
02:26 +1343: C:/Users/Atharva Patil/Documents/projects/gymlog/test/upgrade/session_2_acceptance_render_test.dart: library-inactive-return-neonPurple-1.0x-synthetic
02:26 +1344: C:/Users/Atharva Patil/Documents/projects/gymlog/test/upgrade/session_2_render_test.dart: before/home-returning-higgsfield-1.6x-synthetic
02:26 +1345: C:/Users/Atharva Patil/Documents/projects/gymlog/test/upgrade/session_2_render_test.dart: before/home-returning-higgsfield-1.6x-synthetic
02:26 +1346: C:/Users/Atharva Patil/Documents/projects/gymlog/test/upgrade/session_2_render_test.dart: before/home-returning-higgsfield-1.6x-synthetic
02:26 +1347: C:/Users/Atharva Patil/Documents/projects/gymlog/test/upgrade/session_2_render_test.dart: before/home-returning-higgsfield-1.6x-synthetic
02:26 +1348: C:/Users/Atharva Patil/Documents/projects/gymlog/test/upgrade/session_2_render_test.dart: before/home-returning-higgsfield-1.6x-synthetic
02:26 +1349: C:/Users/Atharva Patil/Documents/projects/gymlog/test/weekly_goal_sheet_test.dart: showWeeklyGoalSheet selecting a day updates weeklyGoalProvider and closes sheet
02:26 +1350: C:/Users/Atharva Patil/Documents/projects/gymlog/test/weekly_goal_sheet_test.dart: showWeeklyGoalSheet selecting a day updates weeklyGoalProvider and closes sheet
02:26 +1351: C:/Users/Atharva Patil/Documents/projects/gymlog/test/weekly_goal_sheet_test.dart: showWeeklyGoalSheet selecting a day updates weeklyGoalProvider and closes sheet
02:26 +1352: C:/Users/Atharva Patil/Documents/projects/gymlog/test/weekly_goal_sheet_test.dart: showWeeklyGoalSheet selecting a day updates weeklyGoalProvider and closes sheet
02:26 +1353: C:/Users/Atharva Patil/Documents/projects/gymlog/test/weekly_goal_sheet_test.dart: showWeeklyGoalSheet selecting a day updates weeklyGoalProvider and closes sheet
02:26 +1354: C:/Users/Atharva Patil/Documents/projects/gymlog/test/weekly_goal_sheet_test.dart: showWeeklyGoalSheet selecting a day updates weeklyGoalProvider and closes sheet
02:26 +1355: C:/Users/Atharva Patil/Documents/projects/gymlog/test/weekly_goal_sheet_test.dart: showWeeklyGoalSheet selecting a day updates weeklyGoalProvider and closes sheet
02:26 +1356: C:/Users/Atharva Patil/Documents/projects/gymlog/test/weekly_goal_sheet_test.dart: showWeeklyGoalSheet selecting a day updates weeklyGoalProvider and closes sheet
02:26 +1357: C:/Users/Atharva Patil/Documents/projects/gymlog/test/weekly_goal_sheet_test.dart: showWeeklyGoalSheet selecting a day updates weeklyGoalProvider and closes sheet
02:26 +1358: C:/Users/Atharva Patil/Documents/projects/gymlog/test/weekly_goal_sheet_test.dart: showWeeklyGoalSheet selecting a day updates weeklyGoalProvider and closes sheet
02:26 +1359: C:/Users/Atharva Patil/Documents/projects/gymlog/test/weekly_goal_sheet_test.dart: showWeeklyGoalSheet selecting a day updates weeklyGoalProvider and closes sheet
02:26 +1360: C:/Users/Atharva Patil/Documents/projects/gymlog/test/weekly_goal_sheet_test.dart: showWeeklyGoalSheet selecting a day updates weeklyGoalProvider and closes sheet
02:26 +1361: C:/Users/Atharva Patil/Documents/projects/gymlog/test/weekly_goal_sheet_test.dart: showWeeklyGoalSheet selecting a day updates weeklyGoalProvider and closes sheet
02:26 +1362: C:/Users/Atharva Patil/Documents/projects/gymlog/test/weekly_goal_sheet_test.dart: showWeeklyGoalSheet selecting a day updates weeklyGoalProvider and closes sheet
02:26 +1363: C:/Users/Atharva Patil/Documents/projects/gymlog/test/weekly_goal_sheet_test.dart: showWeeklyGoalSheet selecting a day updates weeklyGoalProvider and closes sheet
02:26 +1364: C:/Users/Atharva Patil/Documents/projects/gymlog/test/weekly_goal_sheet_test.dart: showWeeklyGoalSheet selecting a day updates weeklyGoalProvider and closes sheet
02:26 +1365: C:/Users/Atharva Patil/Documents/projects/gymlog/test/weekly_goal_sheet_test.dart: showWeeklyGoalSheet selecting a day updates weeklyGoalProvider and closes sheet
02:26 +1366: C:/Users/Atharva Patil/Documents/projects/gymlog/test/weekly_goal_sheet_test.dart: showWeeklyGoalSheet selecting a day updates weeklyGoalProvider and closes sheet
02:26 +1367: C:/Users/Atharva Patil/Documents/projects/gymlog/test/weekly_goal_sheet_test.dart: showWeeklyGoalSheet selecting a day updates weeklyGoalProvider and closes sheet
02:26 +1368: C:/Users/Atharva Patil/Documents/projects/gymlog/test/weekly_goal_sheet_test.dart: showWeeklyGoalSheet selecting a day updates weeklyGoalProvider and closes sheet
02:26 +1369: C:/Users/Atharva Patil/Documents/projects/gymlog/test/weekly_goal_sheet_test.dart: showWeeklyGoalSheet selecting a day updates weeklyGoalProvider and closes sheet
02:26 +1370: C:/Users/Atharva Patil/Documents/projects/gymlog/test/weekly_goal_sheet_test.dart: showWeeklyGoalSheet selecting a day updates weeklyGoalProvider and closes sheet
02:27 +1371: C:/Users/Atharva Patil/Documents/projects/gymlog/test/weekly_goal_sheet_test.dart: showWeeklyGoalSheet selecting a day updates weeklyGoalProvider and closes sheet
02:27 +1372: C:/Users/Atharva Patil/Documents/projects/gymlog/test/weekly_goal_sheet_test.dart: showWeeklyGoalSheet selecting a day updates weeklyGoalProvider and closes sheet
02:27 +1373: C:/Users/Atharva Patil/Documents/projects/gymlog/test/weekly_goal_sheet_test.dart: showWeeklyGoalSheet selecting a day updates weeklyGoalProvider and closes sheet
02:27 +1374: C:/Users/Atharva Patil/Documents/projects/gymlog/test/weekly_goal_sheet_test.dart: showWeeklyGoalSheet selecting a day updates weeklyGoalProvider and closes sheet
02:27 +1375: C:/Users/Atharva Patil/Documents/projects/gymlog/test/weekly_goal_sheet_test.dart: showWeeklyGoalSheet selecting a day updates weeklyGoalProvider and closes sheet
02:27 +1376: C:/Users/Atharva Patil/Documents/projects/gymlog/test/weekly_goal_sheet_test.dart: showWeeklyGoalSheet selecting a day updates weeklyGoalProvider and closes sheet
02:27 +1377: C:/Users/Atharva Patil/Documents/projects/gymlog/test/weekly_goal_sheet_test.dart: showWeeklyGoalSheet selecting a day updates weeklyGoalProvider and closes sheet
02:27 +1378: C:/Users/Atharva Patil/Documents/projects/gymlog/test/weekly_goal_sheet_test.dart: showWeeklyGoalSheet selecting a day updates weeklyGoalProvider and closes sheet
02:27 +1379: C:/Users/Atharva Patil/Documents/projects/gymlog/test/weekly_goal_sheet_test.dart: showWeeklyGoalSheet selecting a day updates weeklyGoalProvider and closes sheet
02:27 +1380: C:/Users/Atharva Patil/Documents/projects/gymlog/test/weekly_goal_sheet_test.dart: showWeeklyGoalSheet selecting a day updates weeklyGoalProvider and closes sheet
02:27 +1381: C:/Users/Atharva Patil/Documents/projects/gymlog/test/weekly_goal_sheet_test.dart: showWeeklyGoalSheet selecting a day updates weeklyGoalProvider and closes sheet
02:27 +1382: C:/Users/Atharva Patil/Documents/projects/gymlog/test/weekly_goal_sheet_test.dart: showWeeklyGoalSheet selecting a day updates weeklyGoalProvider and closes sheet
02:27 +1383: C:/Users/Atharva Patil/Documents/projects/gymlog/test/weekly_goal_sheet_test.dart: showWeeklyGoalSheet selecting a day updates weeklyGoalProvider and closes sheet
02:27 +1384: C:/Users/Atharva Patil/Documents/projects/gymlog/test/weekly_goal_sheet_test.dart: showWeeklyGoalSheet selecting a day updates weeklyGoalProvider and closes sheet
02:27 +1385: C:/Users/Atharva Patil/Documents/projects/gymlog/test/weekly_goal_sheet_test.dart: showWeeklyGoalSheet selecting a day updates weeklyGoalProvider and closes sheet
02:27 +1386: C:/Users/Atharva Patil/Documents/projects/gymlog/test/weekly_goal_sheet_test.dart: showWeeklyGoalSheet selecting a day updates weeklyGoalProvider and closes sheet
02:27 +1387: C:/Users/Atharva Patil/Documents/projects/gymlog/test/weekly_goal_sheet_test.dart: showWeeklyGoalSheet selecting a day updates weeklyGoalProvider and closes sheet
02:27 +1388: C:/Users/Atharva Patil/Documents/projects/gymlog/test/weekly_goal_sheet_test.dart: showWeeklyGoalSheet selecting a day updates weeklyGoalProvider and closes sheet
02:27 +1389: C:/Users/Atharva Patil/Documents/projects/gymlog/test/weekly_goal_sheet_test.dart: showWeeklyGoalSheet selecting a day updates weeklyGoalProvider and closes sheet
02:27 +1390: C:/Users/Atharva Patil/Documents/projects/gymlog/test/weekly_goal_sheet_test.dart: showWeeklyGoalSheet selecting a day updates weeklyGoalProvider and closes sheet
02:27 +1391: C:/Users/Atharva Patil/Documents/projects/gymlog/test/upgrade/session_2_render_test.dart: before/home-returning-neonPurple-1.0x-synthetic
02:27 +1392: C:/Users/Atharva Patil/Documents/projects/gymlog/test/upgrade/session_2_render_test.dart: before/home-returning-neonPurple-1.0x-synthetic
02:27 +1393: C:/Users/Atharva Patil/Documents/projects/gymlog/test/upgrade/session_2_acceptance_render_test.dart: home-active-no-choice-neonPurple-1.0x-synthetic
02:27 +1394: C:/Users/Atharva Patil/Documents/projects/gymlog/test/upgrade/session_1_render_test.dart: finish-reps-neonMagenta-1.0x-synthetic
02:27 +1395: C:/Users/Atharva Patil/Documents/projects/gymlog/test/upgrade/session_2_render_test.dart: before/library-returning-neonPurple-1.0x-synthetic
02:27 +1396: C:/Users/Atharva Patil/Documents/projects/gymlog/test/upgrade/session_2_render_test.dart: before/library-returning-neonPurple-1.0x-synthetic
02:27 +1397: C:/Users/Atharva Patil/Documents/projects/gymlog/test/upgrade/session_2_render_test.dart: before/library-returning-neonPurple-1.0x-synthetic
02:27 +1398: C:/Users/Atharva Patil/Documents/projects/gymlog/test/upgrade/session_1_render_test.dart: finish-distance-neonMagenta-1.0x-synthetic
02:27 +1399: C:/Users/Atharva Patil/Documents/projects/gymlog/test/upgrade/session_2_acceptance_render_test.dart: home-active-no-routine-neonPurple-1.0x-synthetic
02:27 +1400: C:/Users/Atharva Patil/Documents/projects/gymlog/test/upgrade/session_2_render_test.dart: before/home-inactive-neonPurple-1.0x-synthetic
02:27 +1401: C:/Users/Atharva Patil/Documents/projects/gymlog/test/upgrade/session_2_render_test.dart: before/home-inactive-neonPurple-1.0x-synthetic
02:28 +1402: C:/Users/Atharva Patil/Documents/projects/gymlog/test/upgrade/session_2_acceptance_render_test.dart: library-active-no-routine-neonPurple-1.0x-synthetic
02:28 +1403: C:/Users/Atharva Patil/Documents/projects/gymlog/test/upgrade/session_2_acceptance_render_test.dart: library-active-no-routine-neonPurple-1.0x-synthetic
02:28 +1404: C:/Users/Atharva Patil/Documents/projects/gymlog/test/upgrade/session_2_render_test.dart: before/library-inactive-neonPurple-1.0x-synthetic
02:28 +1405: C:/Users/Atharva Patil/Documents/projects/gymlog/test/upgrade/session_2_render_test.dart: before/library-inactive-neonPurple-1.0x-synthetic
02:28 +1406: C:/Users/Atharva Patil/Documents/projects/gymlog/test/upgrade/session_2_render_test.dart: before/library-inactive-neonPurple-1.0x-synthetic
02:28 +1407: C:/Users/Atharva Patil/Documents/projects/gymlog/test/upgrade/session_1_render_test.dart: share-technical-neonMagenta-1.0x-synthetic
02:28 +1408: C:/Users/Atharva Patil/Documents/projects/gymlog/test/upgrade/session_2_acceptance_render_test.dart: library-active-error-neonPurple-1.0x-synthetic
02:28 +1409: C:/Users/Atharva Patil/Documents/projects/gymlog/test/upgrade/session_2_acceptance_render_test.dart: library-active-error-neonPurple-1.0x-synthetic
02:28 +1410: C:/Users/Atharva Patil/Documents/projects/gymlog/test/upgrade/session_2_acceptance_render_test.dart: library-active-error-neonPurple-1.0x-synthetic
02:28 +1411: C:/Users/Atharva Patil/Documents/projects/gymlog/test/upgrade/session_1_render_test.dart: share-duration-monument-neonMagenta-1.0x-synthetic
02:28 +1412: C:/Users/Atharva Patil/Documents/projects/gymlog/test/upgrade/session_2_render_test.dart: before/library-empty-neonPurple-1.0x-synthetic
02:28 +1413: C:/Users/Atharva Patil/Documents/projects/gymlog/test/upgrade/session_2_acceptance_render_test.dart: home-active-deleted-choice-neonPurple-1.0x-synthetic
02:28 +1414: C:/Users/Atharva Patil/Documents/projects/gymlog/test/upgrade/session_2_acceptance_render_test.dart: home-active-deleted-choice-neonPurple-1.0x-synthetic
02:28 +1415: C:/Users/Atharva Patil/Documents/projects/gymlog/test/upgrade/session_2_render_test.dart: before/home-noRoutine-neonPurple-1.0x-synthetic
02:28 +1416: C:/Users/Atharva Patil/Documents/projects/gymlog/test/upgrade/session_2_render_test.dart: before/home-noRoutine-neonPurple-1.0x-synthetic
02:28 +1417: C:/Users/Atharva Patil/Documents/projects/gymlog/test/upgrade/session_2_acceptance_render_test.dart: library-active-deleted-choice-neonPurple-1.0x-synthetic
02:28 +1418: C:/Users/Atharva Patil/Documents/projects/gymlog/test/upgrade/session_2_acceptance_render_test.dart: library-active-deleted-choice-neonPurple-1.0x-synthetic
02:28 +1419: C:/Users/Atharva Patil/Documents/projects/gymlog/test/upgrade/session_2_acceptance_render_test.dart: library-active-deleted-choice-neonPurple-1.0x-synthetic
02:28 +1420: C:/Users/Atharva Patil/Documents/projects/gymlog/test/upgrade/session_1_render_test.dart: share-distance-technical-neonMagenta-1.0x-synthetic
02:28 +1421: C:/Users/Atharva Patil/Documents/projects/gymlog/test/upgrade/session_2_render_test.dart: before/home-lowData-neonPurple-1.0x-synthetic
02:28 +1422: C:/Users/Atharva Patil/Documents/projects/gymlog/test/upgrade/session_2_acceptance_render_test.dart: home-active-empty-choice-neonPurple-1.0x-synthetic
02:28 +1423: C:/Users/Atharva Patil/Documents/projects/gymlog/test/upgrade/session_2_acceptance_render_test.dart: home-active-empty-choice-neonPurple-1.0x-synthetic
02:28 +1424: C:/Users/Atharva Patil/Documents/projects/gymlog/test/upgrade/session_2_render_test.dart: before/library-lowData-neonPurple-1.0x-synthetic
02:28 +1425: C:/Users/Atharva Patil/Documents/projects/gymlog/test/upgrade/session_2_render_test.dart: before/library-lowData-neonPurple-1.0x-synthetic
02:28 +1426: C:/Users/Atharva Patil/Documents/projects/gymlog/test/upgrade/session_2_acceptance_render_test.dart: library-active-empty-choice-neonPurple-1.0x-synthetic
02:28 +1427: C:/Users/Atharva Patil/Documents/projects/gymlog/test/upgrade/session_2_acceptance_render_test.dart: library-active-empty-choice-neonPurple-1.0x-synthetic
02:28 +1428: C:/Users/Atharva Patil/Documents/projects/gymlog/test/upgrade/session_2_acceptance_render_test.dart: library-active-empty-choice-neonPurple-1.0x-synthetic
02:28 +1429: C:/Users/Atharva Patil/Documents/projects/gymlog/test/upgrade/session_2_acceptance_render_test.dart: library-active-empty-choice-neonPurple-1.0x-synthetic
02:28 +1430: C:/Users/Atharva Patil/Documents/projects/gymlog/test/upgrade/session_2_render_test.dart: before/library-error-neonPurple-1.0x-synthetic
02:28 +1431: C:/Users/Atharva Patil/Documents/projects/gymlog/test/upgrade/session_1_render_test.dart: detail-neonMagenta-1.0x-synthetic
02:28 +1432: C:/Users/Atharva Patil/Documents/projects/gymlog/test/upgrade/session_2_acceptance_render_test.dart: home-active-choice-error-neonPurple-1.0x-synthetic
02:28 +1433: C:/Users/Atharva Patil/Documents/projects/gymlog/test/upgrade/session_2_render_test.dart: before/home-returning-neonPurple-1.6x-synthetic
02:28 +1434: C:/Users/Atharva Patil/Documents/projects/gymlog/test/upgrade/session_2_render_test.dart: before/home-returning-neonPurple-1.6x-synthetic
02:28 +1435: C:/Users/Atharva Patil/Documents/projects/gymlog/test/upgrade/session_2_render_test.dart: before/home-returning-neonPurple-1.6x-synthetic
02:28 +1436: C:/Users/Atharva Patil/Documents/projects/gymlog/test/upgrade/session_2_acceptance_render_test.dart: library-active-choice-error-neonPurple-1.0x-synthetic
02:28 +1437: C:/Users/Atharva Patil/Documents/projects/gymlog/test/upgrade/session_1_render_test.dart: exercise-neonMagenta-1.0x-synthetic
02:29 +1438: C:/Users/Atharva Patil/Documents/projects/gymlog/test/upgrade/session_2_render_test.dart: before/library-returning-neonPurple-1.6x-synthetic
02:29 +1439: C:/Users/Atharva Patil/Documents/projects/gymlog/test/upgrade/session_2_render_test.dart: before/library-returning-neonPurple-1.6x-synthetic
02:29 +1440: C:/Users/Atharva Patil/Documents/projects/gymlog/test/upgrade/session_2_acceptance_render_test.dart: home-chosen-neonPurple-1.6x-synthetic
02:29 +1441: C:/Users/Atharva Patil/Documents/projects/gymlog/test/upgrade/session_2_acceptance_render_test.dart: home-chosen-neonPurple-1.6x-synthetic
02:29 +1442: C:/Users/Atharva Patil/Documents/projects/gymlog/test/upgrade/session_2_acceptance_render_test.dart: home-chosen-neonPurple-1.6x-synthetic
02:29 +1443: C:/Users/Atharva Patil/Documents/projects/gymlog/test/upgrade/session_2_acceptance_render_test.dart: home-chosen-neonPurple-1.6x-synthetic
02:29 +1444: C:/Users/Atharva Patil/Documents/projects/gymlog/test/upgrade/session_2_acceptance_render_test.dart: home-chosen-neonPurple-1.6x-synthetic
02:29 +1445: C:/Users/Atharva Patil/Documents/projects/gymlog/test/upgrade/session_2_acceptance_render_test.dart: home-chosen-neonPurple-1.6x-synthetic
02:29 +1446: C:/Users/Atharva Patil/Documents/projects/gymlog/test/upgrade/session_2_acceptance_render_test.dart: home-chosen-neonPurple-1.6x-synthetic
02:29 +1447: C:/Users/Atharva Patil/Documents/projects/gymlog/test/upgrade/session_2_acceptance_render_test.dart: home-chosen-neonPurple-1.6x-synthetic
02:29 +1448: C:/Users/Atharva Patil/Documents/projects/gymlog/test/upgrade/session_2_acceptance_render_test.dart: home-chosen-neonPurple-1.6x-synthetic
02:29 +1449: C:/Users/Atharva Patil/Documents/projects/gymlog/test/upgrade/session_2_acceptance_render_test.dart: home-chosen-neonPurple-1.6x-synthetic
02:29 +1450: C:/Users/Atharva Patil/Documents/projects/gymlog/test/upgrade/session_2_acceptance_render_test.dart: home-chosen-neonPurple-1.6x-synthetic
02:29 +1451: C:/Users/Atharva Patil/Documents/projects/gymlog/test/upgrade/session_2_acceptance_render_test.dart: home-chosen-neonPurple-1.6x-synthetic
02:29 +1452: C:/Users/Atharva Patil/Documents/projects/gymlog/test/upgrade/session_2_acceptance_render_test.dart: home-chosen-neonPurple-1.6x-synthetic
02:29 +1453: C:/Users/Atharva Patil/Documents/projects/gymlog/test/upgrade/session_2_acceptance_render_test.dart: home-chosen-neonPurple-1.6x-synthetic
02:29 +1454: C:/Users/Atharva Patil/Documents/projects/gymlog/test/upgrade/session_2_acceptance_render_test.dart: home-chosen-neonPurple-1.6x-synthetic
02:29 +1455: C:/Users/Atharva Patil/Documents/projects/gymlog/test/upgrade/session_2_acceptance_render_test.dart: home-chosen-neonPurple-1.6x-synthetic
02:29 +1456: C:/Users/Atharva Patil/Documents/projects/gymlog/test/upgrade/session_2_acceptance_render_test.dart: home-chosen-neonPurple-1.6x-synthetic
02:29 +1457: C:/Users/Atharva Patil/Documents/projects/gymlog/test/upgrade/session_2_acceptance_render_test.dart: home-chosen-neonPurple-1.6x-synthetic
02:29 +1458: C:/Users/Atharva Patil/Documents/projects/gymlog/test/upgrade/session_2_acceptance_render_test.dart: home-chosen-neonPurple-1.6x-synthetic
02:29 +1459: C:/Users/Atharva Patil/Documents/projects/gymlog/test/upgrade/session_2_acceptance_render_test.dart: home-chosen-neonPurple-1.6x-synthetic
02:29 +1460: C:/Users/Atharva Patil/Documents/projects/gymlog/test/widget_test.dart: UI kit PrimaryButton renders label and fires onPressed
02:29 +1461: C:/Users/Atharva Patil/Documents/projects/gymlog/test/widget_test.dart: UI kit PrimaryButton renders label and fires onPressed
02:29 +1462: C:/Users/Atharva Patil/Documents/projects/gymlog/test/widget_test.dart: UI kit PrimaryButton renders label and fires onPressed
02:29 +1463: C:/Users/Atharva Patil/Documents/projects/gymlog/test/widget_test.dart: UI kit PrimaryButton renders label and fires onPressed
02:29 +1464: C:/Users/Atharva Patil/Documents/projects/gymlog/test/widget_test.dart: UI kit PrimaryButton renders label and fires onPressed
02:29 +1465: C:/Users/Atharva Patil/Documents/projects/gymlog/test/widget_test.dart: UI kit PrimaryButton renders label and fires onPressed
02:29 +1466: C:/Users/Atharva Patil/Documents/projects/gymlog/test/widget_test.dart: UI kit PrimaryButton renders label and fires onPressed
02:29 +1467: C:/Users/Atharva Patil/Documents/projects/gymlog/test/widget_test.dart: UI kit PrimaryButton renders label and fires onPressed
02:29 +1468: C:/Users/Atharva Patil/Documents/projects/gymlog/test/widget_test.dart: UI kit PrimaryButton renders label and fires onPressed
02:29 +1469: C:/Users/Atharva Patil/Documents/projects/gymlog/test/widget_test.dart: UI kit PrimaryButton renders label and fires onPressed
02:29 +1470: C:/Users/Atharva Patil/Documents/projects/gymlog/test/widget_test.dart: UI kit PrimaryButton renders label and fires onPressed
02:29 +1471: C:/Users/Atharva Patil/Documents/projects/gymlog/test/widget_test.dart: UI kit PrimaryButton renders label and fires onPressed
02:29 +1472: C:/Users/Atharva Patil/Documents/projects/gymlog/test/widget_test.dart: UI kit PrimaryButton renders label and fires onPressed
02:29 +1473: C:/Users/Atharva Patil/Documents/projects/gymlog/test/widget_test.dart: UI kit PrimaryButton renders label and fires onPressed
02:29 +1474: C:/Users/Atharva Patil/Documents/projects/gymlog/test/widget_test.dart: UI kit PrimaryButton renders label and fires onPressed
02:29 +1475: C:/Users/Atharva Patil/Documents/projects/gymlog/test/widget_test.dart: UI kit PrimaryButton renders label and fires onPressed
02:30 +1476: C:/Users/Atharva Patil/Documents/projects/gymlog/test/widget_test.dart: UI kit PrimaryButton renders label and fires onPressed
02:30 +1477: C:/Users/Atharva Patil/Documents/projects/gymlog/test/widget_test.dart: UI kit PrimaryButton renders label and fires onPressed
02:30 +1478: C:/Users/Atharva Patil/Documents/projects/gymlog/test/widget_test.dart: UI kit PrimaryButton renders label and fires onPressed
02:30 +1479: C:/Users/Atharva Patil/Documents/projects/gymlog/test/widget_test.dart: UI kit PrimaryButton renders label and fires onPressed
02:30 +1480: C:/Users/Atharva Patil/Documents/projects/gymlog/test/widget_test.dart: UI kit PrimaryButton renders label and fires onPressed
02:30 +1481: C:/Users/Atharva Patil/Documents/projects/gymlog/test/widget_test.dart: UI kit PrimaryButton renders label and fires onPressed
02:30 +1482: C:/Users/Atharva Patil/Documents/projects/gymlog/test/upgrade/session_2_acceptance_render_test.dart: library-deleted-choice-neonPurple-1.6x-synthetic
02:30 +1483: C:/Users/Atharva Patil/Documents/projects/gymlog/test/upgrade/session_2_acceptance_render_test.dart: library-deleted-choice-neonPurple-1.6x-synthetic
02:30 +1484: C:/Users/Atharva Patil/Documents/projects/gymlog/test/upgrade/session_2_acceptance_render_test.dart: library-deleted-choice-neonPurple-1.6x-synthetic
02:30 +1485: C:/Users/Atharva Patil/Documents/projects/gymlog/test/upgrade/session_2_acceptance_render_test.dart: library-deleted-choice-neonPurple-1.6x-synthetic
02:30 +1486: C:/Users/Atharva Patil/Documents/projects/gymlog/test/widget_test.dart: UI kit TogglePill reflects active state
02:30 +1487: C:/Users/Atharva Patil/Documents/projects/gymlog/test/upgrade/session_2_render_test.dart: chosen/library-inactive-higgsfield-1.0x-synthetic
02:30 +1488: C:/Users/Atharva Patil/Documents/projects/gymlog/test/upgrade/session_2_render_test.dart: chosen/library-inactive-higgsfield-1.0x-synthetic
02:30 +1489: C:/Users/Atharva Patil/Documents/projects/gymlog/test/upgrade/session_2_acceptance_render_test.dart: home-empty-choice-neonPurple-1.6x-synthetic
02:30 +1490: C:/Users/Atharva Patil/Documents/projects/gymlog/test/upgrade/session_1_render_test.dart: share-duration-technical-neonMagenta-1.6x-synthetic
02:30 +1491: C:/Users/Atharva Patil/Documents/projects/gymlog/test/upgrade/session_2_render_test.dart: chosen/home-empty-higgsfield-1.0x-synthetic
02:30 +1492: C:/Users/Atharva Patil/Documents/projects/gymlog/test/upgrade/session_2_acceptance_render_test.dart: library-empty-choice-neonPurple-1.6x-synthetic
02:30 +1493: C:/Users/Atharva Patil/Documents/projects/gymlog/test/upgrade/session_2_acceptance_render_test.dart: library-empty-choice-neonPurple-1.6x-synthetic
02:30 +1494: C:/Users/Atharva Patil/Documents/projects/gymlog/test/upgrade/session_2_acceptance_render_test.dart: library-empty-choice-neonPurple-1.6x-synthetic
02:30 +1495: C:/Users/Atharva Patil/Documents/projects/gymlog/test/upgrade/session_1_render_test.dart: share-distance-monument-neonMagenta-1.6x-synthetic
02:30 +1496: C:/Users/Atharva Patil/Documents/projects/gymlog/test/upgrade/session_2_render_test.dart: chosen/home-noRoutine-higgsfield-1.0x-synthetic
02:30 +1497: C:/Users/Atharva Patil/Documents/projects/gymlog/test/upgrade/session_2_acceptance_render_test.dart: home-new-user-neonPurple-1.6x-synthetic
02:30 +1498: C:/Users/Atharva Patil/Documents/projects/gymlog/test/upgrade/session_2_acceptance_render_test.dart: home-new-user-neonPurple-1.6x-synthetic
02:30 +1499: C:/Users/Atharva Patil/Documents/projects/gymlog/test/upgrade/session_2_acceptance_render_test.dart: home-new-user-neonPurple-1.6x-synthetic
02:30 +1500: C:/Users/Atharva Patil/Documents/projects/gymlog/test/upgrade/session_2_render_test.dart: chosen/home-lowData-higgsfield-1.0x-synthetic
02:30 +1501: C:/Users/Atharva Patil/Documents/projects/gymlog/test/upgrade/session_2_render_test.dart: chosen/home-lowData-higgsfield-1.0x-synthetic
02:30 +1502: C:/Users/Atharva Patil/Documents/projects/gymlog/test/upgrade/session_2_acceptance_render_test.dart: library-new-user-neonPurple-1.6x-synthetic
02:30 +1503: C:/Users/Atharva Patil/Documents/projects/gymlog/test/upgrade/session_2_acceptance_render_test.dart: library-new-user-neonPurple-1.6x-synthetic
02:30 +1504: C:/Users/Atharva Patil/Documents/projects/gymlog/test/upgrade/session_2_acceptance_render_test.dart: library-new-user-neonPurple-1.6x-synthetic
02:30 +1505: C:/Users/Atharva Patil/Documents/projects/gymlog/test/upgrade/session_1_render_test.dart: share-pace-technical-neonMagenta-1.6x-synthetic
02:30 +1506: C:/Users/Atharva Patil/Documents/projects/gymlog/test/upgrade/session_1_render_test.dart: share-pace-technical-neonMagenta-1.6x-synthetic
02:30 +1507: C:/Users/Atharva Patil/Documents/projects/gymlog/test/upgrade/session_2_acceptance_render_test.dart: home-no-routine-neonPurple-1.6x-synthetic
02:30 +1508: C:/Users/Atharva Patil/Documents/projects/gymlog/test/upgrade/session_2_acceptance_render_test.dart: home-no-routine-neonPurple-1.6x-synthetic
02:30 +1509: C:/Users/Atharva Patil/Documents/projects/gymlog/test/upgrade/session_2_acceptance_render_test.dart: home-no-routine-neonPurple-1.6x-synthetic
02:30 +1510: C:/Users/Atharva Patil/Documents/projects/gymlog/test/upgrade/session_2_render_test.dart: chosen/home-returning-higgsfield-1.6x-synthetic
02:30 +1511: C:/Users/Atharva Patil/Documents/projects/gymlog/test/upgrade/session_1_render_test.dart: detail-neonMagenta-1.6x-synthetic
02:30 +1512: C:/Users/Atharva Patil/Documents/projects/gymlog/test/upgrade/session_2_acceptance_render_test.dart: library-no-routine-neonPurple-1.6x-synthetic
02:30 +1513: C:/Users/Atharva Patil/Documents/projects/gymlog/test/upgrade/session_2_render_test.dart: chosen/library-returning-higgsfield-1.6x-synthetic
02:30 +1514: C:/Users/Atharva Patil/Documents/projects/gymlog/test/upgrade/session_2_render_test.dart: chosen/library-returning-higgsfield-1.6x-synthetic
02:31 +1515: C:/Users/Atharva Patil/Documents/projects/gymlog/test/upgrade/session_2_acceptance_render_test.dart: home-inactive-return-neonPurple-1.6x-synthetic
02:31 +1516: C:/Users/Atharva Patil/Documents/projects/gymlog/test/upgrade/session_2_acceptance_render_test.dart: home-inactive-return-neonPurple-1.6x-synthetic
02:31 +1517: C:/Users/Atharva Patil/Documents/projects/gymlog/test/upgrade/session_2_render_test.dart: chosen/home-inactive-higgsfield-1.6x-synthetic
02:31 +1518: C:/Users/Atharva Patil/Documents/projects/gymlog/test/upgrade/session_1_render_test.dart: exercise-neonMagenta-1.6x-synthetic
02:31 +1519: C:/Users/Atharva Patil/Documents/projects/gymlog/test/upgrade/session_2_acceptance_render_test.dart: library-inactive-return-neonPurple-1.6x-synthetic
02:31 +1520: C:/Users/Atharva Patil/Documents/projects/gymlog/test/upgrade/session_2_acceptance_render_test.dart: library-inactive-return-neonPurple-1.6x-synthetic
02:31 +1521: C:/Users/Atharva Patil/Documents/projects/gymlog/test/upgrade/session_1_render_test.dart: exercise-no-estimate-neonMagenta-1.6x-synthetic
02:31 +1522: C:/Users/Atharva Patil/Documents/projects/gymlog/test/upgrade/session_2_render_test.dart: chosen/home-empty-higgsfield-1.6x-synthetic
02:31 +1523: C:/Users/Atharva Patil/Documents/projects/gymlog/test/upgrade/session_2_acceptance_render_test.dart: home-low-data-neonPurple-1.6x-synthetic
02:31 +1524: C:/Users/Atharva Patil/Documents/projects/gymlog/test/upgrade/session_2_acceptance_render_test.dart: home-low-data-neonPurple-1.6x-synthetic
02:31 +1525: C:/Users/Atharva Patil/Documents/projects/gymlog/test/upgrade/session_2_acceptance_render_test.dart: home-low-data-neonPurple-1.6x-synthetic
02:31 +1526: C:/Users/Atharva Patil/Documents/projects/gymlog/test/upgrade/session_1_render_test.dart: progress-low-neonMagenta-1.6x-synthetic
02:31 +1527: C:/Users/Atharva Patil/Documents/projects/gymlog/test/upgrade/session_1_render_test.dart: progress-low-neonMagenta-1.6x-synthetic
02:31 +1528: C:/Users/Atharva Patil/Documents/projects/gymlog/test/upgrade/session_2_acceptance_render_test.dart: library-low-data-neonPurple-1.6x-synthetic
02:31 +1529: C:/Users/Atharva Patil/Documents/projects/gymlog/test/upgrade/session_2_acceptance_render_test.dart: library-low-data-neonPurple-1.6x-synthetic
02:31 +1530: C:/Users/Atharva Patil/Documents/projects/gymlog/test/upgrade/session_2_acceptance_render_test.dart: library-low-data-neonPurple-1.6x-synthetic
02:31 +1531: C:/Users/Atharva Patil/Documents/projects/gymlog/test/upgrade/session_2_render_test.dart: chosen/home-lowData-higgsfield-1.6x-synthetic
02:31 +1532: C:/Users/Atharva Patil/Documents/projects/gymlog/test/upgrade/session_1_render_test.dart: roles-neonMagenta-1.6x-synthetic
02:31 +1533: C:/Users/Atharva Patil/Documents/projects/gymlog/test/upgrade/session_2_acceptance_render_test.dart: home-error-neonPurple-1.6x-synthetic
02:31 +1534: C:/Users/Atharva Patil/Documents/projects/gymlog/test/upgrade/session_2_acceptance_render_test.dart: home-error-neonPurple-1.6x-synthetic
02:31 +1535: C:/Users/Atharva Patil/Documents/projects/gymlog/test/upgrade/session_1_render_test.dart: header-weighted-blazeOrange-1.0x-synthetic
02:31 +1536: C:/Users/Atharva Patil/Documents/projects/gymlog/test/upgrade/session_2_render_test.dart: chosen/home-error-higgsfield-1.6x-synthetic
02:31 +1537: C:/Users/Atharva Patil/Documents/projects/gymlog/test/upgrade/session_2_acceptance_render_test.dart: library-error-neonPurple-1.6x-synthetic
02:31 +1538: C:/Users/Atharva Patil/Documents/projects/gymlog/test/upgrade/session_2_acceptance_render_test.dart: library-error-neonPurple-1.6x-synthetic
02:31 +1539: C:/Users/Atharva Patil/Documents/projects/gymlog/test/upgrade/session_2_acceptance_render_test.dart: library-error-neonPurple-1.6x-synthetic
02:31 +1540: C:/Users/Atharva Patil/Documents/projects/gymlog/test/upgrade/session_2_render_test.dart: chosen/home-returning-neonPurple-1.0x-synthetic
02:31 +1541: C:/Users/Atharva Patil/Documents/projects/gymlog/test/upgrade/session_2_render_test.dart: chosen/home-returning-neonPurple-1.0x-synthetic
02:31 +1542: C:/Users/Atharva Patil/Documents/projects/gymlog/test/upgrade/session_2_acceptance_render_test.dart: home-previous-error-neonPurple-1.6x-synthetic
02:31 +1543: C:/Users/Atharva Patil/Documents/projects/gymlog/test/upgrade/session_2_acceptance_render_test.dart: home-previous-error-neonPurple-1.6x-synthetic
02:31 +1544: C:/Users/Atharva Patil/Documents/projects/gymlog/test/upgrade/session_2_render_test.dart: chosen/library-returning-neonPurple-1.0x-synthetic
02:31 +1545: C:/Users/Atharva Patil/Documents/projects/gymlog/test/upgrade/session_2_render_test.dart: chosen/library-returning-neonPurple-1.0x-synthetic
02:31 +1546: C:/Users/Atharva Patil/Documents/projects/gymlog/test/upgrade/session_2_acceptance_render_test.dart: library-previous-error-neonPurple-1.6x-synthetic
02:31 +1547: C:/Users/Atharva Patil/Documents/projects/gymlog/test/upgrade/session_2_acceptance_render_test.dart: library-previous-error-neonPurple-1.6x-synthetic
02:31 +1548: C:/Users/Atharva Patil/Documents/projects/gymlog/test/upgrade/session_2_acceptance_render_test.dart: library-previous-error-neonPurple-1.6x-synthetic
02:31 +1549: C:/Users/Atharva Patil/Documents/projects/gymlog/test/upgrade/session_2_acceptance_render_test.dart: library-previous-error-neonPurple-1.6x-synthetic
02:31 +1550: C:/Users/Atharva Patil/Documents/projects/gymlog/test/upgrade/session_2_acceptance_render_test.dart: library-previous-error-neonPurple-1.6x-synthetic
02:31 +1551: C:/Users/Atharva Patil/Documents/projects/gymlog/test/upgrade/session_2_acceptance_render_test.dart: library-previous-error-neonPurple-1.6x-synthetic
02:31 +1552: C:/Users/Atharva Patil/Documents/projects/gymlog/test/upgrade/session_2_acceptance_render_test.dart: library-previous-error-neonPurple-1.6x-synthetic
02:31 +1553: C:/Users/Atharva Patil/Documents/projects/gymlog/test/upgrade/session_2_acceptance_render_test.dart: library-previous-error-neonPurple-1.6x-synthetic
02:31 +1554: C:/Users/Atharva Patil/Documents/projects/gymlog/test/upgrade/session_2_acceptance_render_test.dart: library-previous-error-neonPurple-1.6x-synthetic
02:31 +1555: C:/Users/Atharva Patil/Documents/projects/gymlog/test/upgrade/session_2_render_test.dart: chosen/library-returning-neonPurple-1.6x-synthetic
02:31 +1555: C:/Users/Atharva Patil/Documents/projects/gymlog/test/workout_draft_store_test.dart: WorkoutDraftStore P0-03 Resilience & Persistence Suite corrupt JSON payload fails safely, clears storage, and returns null
[WorkoutDraftStore] Corrupted or invalid draft payload: FormatException: Unexpected character (at character 2)
{invalid_json_payload: [incomplete
 ^
. Clearing draft.
02:31 +1556: C:/Users/Atharva Patil/Documents/projects/gymlog/test/upgrade/session_2_render_test.dart: chosen/library-returning-neonPurple-1.6x-synthetic
02:31 +1557: C:/Users/Atharva Patil/Documents/projects/gymlog/test/upgrade/session_2_render_test.dart: chosen/library-returning-neonPurple-1.6x-synthetic
02:31 +1557: C:/Users/Atharva Patil/Documents/projects/gymlog/test/workout_draft_store_test.dart: WorkoutDraftStore P0-03 Resilience & Persistence Suite draft belonging to user_A cannot be loaded by user_B
[WorkoutDraftStore] Ignoring draft from different user (user-A vs user-B)
02:31 +1558: C:/Users/Atharva Patil/Documents/projects/gymlog/test/upgrade/session_2_render_test.dart: chosen/library-returning-neonPurple-1.6x-synthetic
02:31 +1558: C:/Users/Atharva Patil/Documents/projects/gymlog/test/workout_draft_store_test.dart: WorkoutDraftStore P0-03 Resilience & Persistence Suite draft older than 24 hours is treated as stale and auto-cleared
[WorkoutDraftStore] Draft expired (>24h), clearing.
02:31 +1559: C:/Users/Atharva Patil/Documents/projects/gymlog/test/upgrade/session_2_render_test.dart: chosen/library-returning-neonPurple-1.6x-synthetic
02:31 +1560: C:/Users/Atharva Patil/Documents/projects/gymlog/test/upgrade/session_2_render_test.dart: chosen/library-returning-neonPurple-1.6x-synthetic
02:31 +1561: C:/Users/Atharva Patil/Documents/projects/gymlog/test/upgrade/session_2_acceptance_render_test.dart: home-choice-error-neonPurple-1.6x-synthetic
02:31 +1562: C:/Users/Atharva Patil/Documents/projects/gymlog/test/upgrade/session_1_render_test.dart: finish-timed-blazeOrange-1.0x-synthetic
02:32 +1563: C:/Users/Atharva Patil/Documents/projects/gymlog/test/upgrade/session_2_render_test.dart: sequence/home-returning-higgsfield-1.0x-synthetic
02:32 +1564: C:/Users/Atharva Patil/Documents/projects/gymlog/test/upgrade/session_2_acceptance_render_test.dart: library-choice-error-neonPurple-1.6x-synthetic
02:32 +1565: C:/Users/Atharva Patil/Documents/projects/gymlog/test/upgrade/session_1_render_test.dart: finish-distance-blazeOrange-1.0x-synthetic
02:32 +1566: C:/Users/Atharva Patil/Documents/projects/gymlog/test/upgrade/session_2_render_test.dart: sequence/library-returning-higgsfield-1.0x-synthetic
02:32 +1567: C:/Users/Atharva Patil/Documents/projects/gymlog/test/upgrade/session_2_acceptance_render_test.dart: home-loading-neonPurple-1.6x-synthetic
02:32 +1568: C:/Users/Atharva Patil/Documents/projects/gymlog/test/upgrade/session_2_acceptance_render_test.dart: home-loading-neonPurple-1.6x-synthetic
02:32 +1569: C:/Users/Atharva Patil/Documents/projects/gymlog/test/upgrade/session_2_acceptance_render_test.dart: home-loading-neonPurple-1.6x-synthetic
02:32 +1570: C:/Users/Atharva Patil/Documents/projects/gymlog/test/upgrade/session_1_render_test.dart: pr-pace-blazeOrange-1.0x-synthetic
02:32 +1571: C:/Users/Atharva Patil/Documents/projects/gymlog/test/upgrade/session_2_render_test.dart: sequence/library-inactive-higgsfield-1.0x-synthetic
02:32 +1572: C:/Users/Atharva Patil/Documents/projects/gymlog/test/upgrade/session_2_acceptance_render_test.dart: library-loading-neonPurple-1.6x-synthetic
02:32 +1573: C:/Users/Atharva Patil/Documents/projects/gymlog/test/upgrade/session_2_acceptance_render_test.dart: library-loading-neonPurple-1.6x-synthetic
02:32 +1574: C:/Users/Atharva Patil/Documents/projects/gymlog/test/upgrade/session_2_acceptance_render_test.dart: library-loading-neonPurple-1.6x-synthetic
02:32 +1575: C:/Users/Atharva Patil/Documents/projects/gymlog/test/upgrade/session_1_render_test.dart: share-technical-blazeOrange-1.0x-synthetic
02:32 +1576: C:/Users/Atharva Patil/Documents/projects/gymlog/test/upgrade/session_2_render_test.dart: sequence/library-empty-higgsfield-1.0x-synthetic
02:32 +1577: C:/Users/Atharva Patil/Documents/projects/gymlog/test/upgrade/session_2_acceptance_render_test.dart: home-active-chosen-neonPurple-1.6x-synthetic
02:32 +1578: C:/Users/Atharva Patil/Documents/projects/gymlog/test/upgrade/session_2_acceptance_render_test.dart: home-active-chosen-neonPurple-1.6x-synthetic
02:32 +1579: C:/Users/Atharva Patil/Documents/projects/gymlog/test/upgrade/session_2_acceptance_render_test.dart: home-active-chosen-neonPurple-1.6x-synthetic
02:32 +1580: C:/Users/Atharva Patil/Documents/projects/gymlog/test/upgrade/session_1_render_test.dart: share-duration-monument-blazeOrange-1.0x-synthetic
02:32 +1581: C:/Users/Atharva Patil/Documents/projects/gymlog/test/upgrade/session_1_render_test.dart: share-duration-monument-blazeOrange-1.0x-synthetic
02:32 +1582: C:/Users/Atharva Patil/Documents/projects/gymlog/test/upgrade/session_2_acceptance_render_test.dart: library-active-chosen-neonPurple-1.6x-synthetic
02:32 +1583: C:/Users/Atharva Patil/Documents/projects/gymlog/test/upgrade/session_2_acceptance_render_test.dart: library-active-chosen-neonPurple-1.6x-synthetic
02:32 +1584: C:/Users/Atharva Patil/Documents/projects/gymlog/test/upgrade/session_2_acceptance_render_test.dart: library-active-chosen-neonPurple-1.6x-synthetic
02:32 +1585: C:/Users/Atharva Patil/Documents/projects/gymlog/test/upgrade/session_2_acceptance_render_test.dart: library-active-chosen-neonPurple-1.6x-synthetic
02:32 +1586: C:/Users/Atharva Patil/Documents/projects/gymlog/test/upgrade/session_2_acceptance_render_test.dart: library-active-chosen-neonPurple-1.6x-synthetic
02:32 +1587: C:/Users/Atharva Patil/Documents/projects/gymlog/test/upgrade/session_2_render_test.dart: sequence/home-error-higgsfield-1.0x-synthetic
02:32 +1588: C:/Users/Atharva Patil/Documents/projects/gymlog/test/upgrade/session_1_render_test.dart: share-distance-monument-blazeOrange-1.0x-synthetic
02:32 +1589: C:/Users/Atharva Patil/Documents/projects/gymlog/test/upgrade/session_2_acceptance_render_test.dart: home-active-no-choice-neonPurple-1.6x-synthetic
02:32 +1590: C:/Users/Atharva Patil/Documents/projects/gymlog/test/upgrade/session_2_acceptance_render_test.dart: home-active-no-choice-neonPurple-1.6x-synthetic
02:32 +1591: C:/Users/Atharva Patil/Documents/projects/gymlog/test/upgrade/session_1_render_test.dart: share-distance-technical-blazeOrange-1.0x-synthetic
02:32 +1592: C:/Users/Atharva Patil/Documents/projects/gymlog/test/upgrade/session_2_render_test.dart: sequence/home-returning-higgsfield-1.6x-synthetic
02:32 +1593: C:/Users/Atharva Patil/Documents/projects/gymlog/test/upgrade/session_2_acceptance_render_test.dart: library-active-no-choice-neonPurple-1.6x-synthetic
02:32 +1594: C:/Users/Atharva Patil/Documents/projects/gymlog/test/upgrade/session_2_acceptance_render_test.dart: library-active-no-choice-neonPurple-1.6x-synthetic
02:32 +1595: C:/Users/Atharva Patil/Documents/projects/gymlog/test/upgrade/session_2_acceptance_render_test.dart: library-active-no-choice-neonPurple-1.6x-synthetic
02:32 +1596: C:/Users/Atharva Patil/Documents/projects/gymlog/test/upgrade/session_2_acceptance_render_test.dart: library-active-no-choice-neonPurple-1.6x-synthetic
02:32 +1597: C:/Users/Atharva Patil/Documents/projects/gymlog/test/upgrade/session_2_render_test.dart: sequence/home-inactive-higgsfield-1.6x-synthetic
02:32 +1598: C:/Users/Atharva Patil/Documents/projects/gymlog/test/upgrade/session_1_render_test.dart: share-pace-technical-blazeOrange-1.0x-synthetic
02:32 +1599: C:/Users/Atharva Patil/Documents/projects/gymlog/test/upgrade/session_2_acceptance_render_test.dart: home-active-no-routine-neonPurple-1.6x-synthetic
02:32 +1600: C:/Users/Atharva Patil/Documents/projects/gymlog/test/upgrade/session_2_render_test.dart: sequence/library-inactive-higgsfield-1.6x-synthetic
02:32 +1601: C:/Users/Atharva Patil/Documents/projects/gymlog/test/upgrade/session_2_render_test.dart: sequence/library-inactive-higgsfield-1.6x-synthetic
02:32 +1602: C:/Users/Atharva Patil/Documents/projects/gymlog/test/upgrade/session_2_acceptance_render_test.dart: library-active-no-routine-neonPurple-1.6x-synthetic
02:32 +1603: C:/Users/Atharva Patil/Documents/projects/gymlog/test/upgrade/session_2_acceptance_render_test.dart: library-active-no-routine-neonPurple-1.6x-synthetic
02:33 +1604: C:/Users/Atharva Patil/Documents/projects/gymlog/test/upgrade/session_1_render_test.dart: detail-blazeOrange-1.0x-synthetic
02:33 +1605: C:/Users/Atharva Patil/Documents/projects/gymlog/test/upgrade/session_2_render_test.dart: sequence/library-empty-higgsfield-1.6x-synthetic
02:33 +1606: C:/Users/Atharva Patil/Documents/projects/gymlog/test/upgrade/session_2_acceptance_render_test.dart: home-active-error-neonPurple-1.6x-synthetic
02:33 +1607: C:/Users/Atharva Patil/Documents/projects/gymlog/test/upgrade/session_2_acceptance_render_test.dart: home-active-error-neonPurple-1.6x-synthetic
02:33 +1608: C:/Users/Atharva Patil/Documents/projects/gymlog/test/upgrade/session_2_acceptance_render_test.dart: home-active-error-neonPurple-1.6x-synthetic
02:33 +1609: C:/Users/Atharva Patil/Documents/projects/gymlog/test/upgrade/session_2_acceptance_render_test.dart: home-active-error-neonPurple-1.6x-synthetic
02:33 +1610: C:/Users/Atharva Patil/Documents/projects/gymlog/test/upgrade/session_1_render_test.dart: detail-empty-blazeOrange-1.0x-synthetic
02:33 +1611: C:/Users/Atharva Patil/Documents/projects/gymlog/test/upgrade/session_1_render_test.dart: detail-empty-blazeOrange-1.0x-synthetic
02:33 +1612: C:/Users/Atharva Patil/Documents/projects/gymlog/test/upgrade/session_2_acceptance_render_test.dart: library-active-error-neonPurple-1.6x-synthetic
02:33 +1613: C:/Users/Atharva Patil/Documents/projects/gymlog/test/upgrade/session_2_acceptance_render_test.dart: library-active-error-neonPurple-1.6x-synthetic
02:33 +1614: C:/Users/Atharva Patil/Documents/projects/gymlog/test/upgrade/session_1_render_test.dart: exercise-blazeOrange-1.0x-synthetic
02:33 +1615: C:/Users/Atharva Patil/Documents/projects/gymlog/test/upgrade/session_1_render_test.dart: exercise-blazeOrange-1.0x-synthetic
02:33 +1616: C:/Users/Atharva Patil/Documents/projects/gymlog/test/upgrade/session_2_acceptance_render_test.dart: home-active-deleted-choice-neonPurple-1.6x-synthetic
02:33 +1617: C:/Users/Atharva Patil/Documents/projects/gymlog/test/upgrade/session_2_acceptance_render_test.dart: home-active-deleted-choice-neonPurple-1.6x-synthetic
02:33 +1618: C:/Users/Atharva Patil/Documents/projects/gymlog/test/upgrade/session_1_render_test.dart: exercise-no-estimate-blazeOrange-1.0x-synthetic
02:33 +1619: C:/Users/Atharva Patil/Documents/projects/gymlog/test/upgrade/session_2_render_test.dart: sequence/home-returning-neonPurple-1.0x-synthetic
02:33 +1620: C:/Users/Atharva Patil/Documents/projects/gymlog/test/upgrade/session_2_acceptance_render_test.dart: library-active-deleted-choice-neonPurple-1.6x-synthetic
02:33 +1621: C:/Users/Atharva Patil/Documents/projects/gymlog/test/upgrade/session_2_acceptance_render_test.dart: library-active-deleted-choice-neonPurple-1.6x-synthetic
02:33 +1622: C:/Users/Atharva Patil/Documents/projects/gymlog/test/upgrade/session_2_acceptance_render_test.dart: library-active-deleted-choice-neonPurple-1.6x-synthetic
02:33 +1623: C:/Users/Atharva Patil/Documents/projects/gymlog/test/workout_export_test.dart: exports v2 schema with 20 columns for completed sessions only
02:33 +1624: C:/Users/Atharva Patil/Documents/projects/gymlog/test/workout_export_test.dart: exports v2 schema with 20 columns for completed sessions only
02:33 +1625: C:/Users/Atharva Patil/Documents/projects/gymlog/test/workout_export_test.dart: exports v2 schema with 20 columns for completed sessions only
02:33 +1626: C:/Users/Atharva Patil/Documents/projects/gymlog/test/workout_export_test.dart: exports v2 schema with 20 columns for completed sessions only
02:33 +1627: C:/Users/Atharva Patil/Documents/projects/gymlog/test/workout_export_test.dart: exports v2 schema with 20 columns for completed sessions only
02:33 +1628: C:/Users/Atharva Patil/Documents/projects/gymlog/test/workout_export_test.dart: exports v2 schema with 20 columns for completed sessions only
02:33 +1629: C:/Users/Atharva Patil/Documents/projects/gymlog/test/upgrade/session_2_render_test.dart: sequence/library-returning-neonPurple-1.6x-synthetic
02:33 +1630: C:/Users/Atharva Patil/Documents/projects/gymlog/test/upgrade/session_2_acceptance_render_test.dart: library-active-empty-choice-neonPurple-1.6x-synthetic
02:33 +1631: C:/Users/Atharva Patil/Documents/projects/gymlog/test/upgrade/session_2_acceptance_render_test.dart: library-active-empty-choice-neonPurple-1.6x-synthetic
02:33 +1632: C:/Users/Atharva Patil/Documents/projects/gymlog/test/upgrade/session_2_acceptance_render_test.dart: library-active-empty-choice-neonPurple-1.6x-synthetic
02:33 +1633: C:/Users/Atharva Patil/Documents/projects/gymlog/test/upgrade/session_2_acceptance_render_test.dart: library-active-empty-choice-neonPurple-1.6x-synthetic
02:33 +1634: C:/Users/Atharva Patil/Documents/projects/gymlog/test/upgrade/session_2_acceptance_render_test.dart: library-active-empty-choice-neonPurple-1.6x-synthetic
02:33 +1635: C:/Users/Atharva Patil/Documents/projects/gymlog/test/upgrade/session_2_acceptance_render_test.dart: library-active-empty-choice-neonPurple-1.6x-synthetic
02:33 +1636: C:/Users/Atharva Patil/Documents/projects/gymlog/test/upgrade/session_2_acceptance_render_test.dart: library-active-empty-choice-neonPurple-1.6x-synthetic
02:33 +1637: C:/Users/Atharva Patil/Documents/projects/gymlog/test/upgrade/session_1_render_test.dart: header-timed-blazeOrange-1.6x-synthetic
02:33 +1638: C:/Users/Atharva Patil/Documents/projects/gymlog/test/upgrade/session_2_render_test.dart: chooser/library-returning-higgsfield-1.0x-synthetic
02:33 +1639: C:/Users/Atharva Patil/Documents/projects/gymlog/test/upgrade/session_2_acceptance_render_test.dart: home-active-choice-error-neonPurple-1.6x-synthetic
02:33 +1640: C:/Users/Atharva Patil/Documents/projects/gymlog/test/upgrade/session_2_acceptance_render_test.dart: home-active-choice-error-neonPurple-1.6x-synthetic
02:33 +1641: C:/Users/Atharva Patil/Documents/projects/gymlog/test/upgrade/session_2_render_test.dart: chooser/home-inactive-higgsfield-1.0x-synthetic
02:33 +1642: C:/Users/Atharva Patil/Documents/projects/gymlog/test/upgrade/session_1_render_test.dart: header-empty-blazeOrange-1.6x-synthetic
02:33 +1643: C:/Users/Atharva Patil/Documents/projects/gymlog/test/upgrade/session_2_acceptance_render_test.dart: library-active-choice-error-neonPurple-1.6x-synthetic
02:33 +1644: C:/Users/Atharva Patil/Documents/projects/gymlog/test/upgrade/session_2_acceptance_render_test.dart: library-active-choice-error-neonPurple-1.6x-synthetic
02:33 +1645: C:/Users/Atharva Patil/Documents/projects/gymlog/test/upgrade/session_1_render_test.dart: finish-weighted-blazeOrange-1.6x-synthetic
02:33 +1646: C:/Users/Atharva Patil/Documents/projects/gymlog/test/upgrade/session_1_render_test.dart: finish-weighted-blazeOrange-1.6x-synthetic
02:33 +1647: C:/Users/Atharva Patil/Documents/projects/gymlog/test/upgrade/session_2_acceptance_render_test.dart: home-chosen-white-1.0x-synthetic
02:33 +1648: C:/Users/Atharva Patil/Documents/projects/gymlog/test/upgrade/session_2_acceptance_render_test.dart: home-chosen-white-1.0x-synthetic
02:34 +1649: C:/Users/Atharva Patil/Documents/projects/gymlog/test/upgrade/session_2_acceptance_render_test.dart: home-chosen-white-1.0x-synthetic
02:34 +1650: C:/Users/Atharva Patil/Documents/projects/gymlog/test/upgrade/session_2_acceptance_render_test.dart: home-chosen-white-1.0x-synthetic
02:34 +1651: C:/Users/Atharva Patil/Documents/projects/gymlog/test/upgrade/session_2_acceptance_render_test.dart: home-chosen-white-1.0x-synthetic
02:34 +1652: C:/Users/Atharva Patil/Documents/projects/gymlog/test/upgrade/session_2_acceptance_render_test.dart: home-chosen-white-1.0x-synthetic
02:34 +1653: C:/Users/Atharva Patil/Documents/projects/gymlog/test/upgrade/session_2_acceptance_render_test.dart: home-chosen-white-1.0x-synthetic
02:34 +1654: C:/Users/Atharva Patil/Documents/projects/gymlog/test/upgrade/session_2_acceptance_render_test.dart: home-chosen-white-1.0x-synthetic
02:34 +1655: C:/Users/Atharva Patil/Documents/projects/gymlog/test/upgrade/session_2_acceptance_render_test.dart: home-chosen-white-1.0x-synthetic
02:34 +1656: C:/Users/Atharva Patil/Documents/projects/gymlog/test/upgrade/session_2_acceptance_render_test.dart: home-chosen-white-1.0x-synthetic
02:34 +1657: C:/Users/Atharva Patil/Documents/projects/gymlog/test/upgrade/session_2_acceptance_render_test.dart: home-chosen-white-1.0x-synthetic
02:34 +1658: C:/Users/Atharva Patil/Documents/projects/gymlog/test/upgrade/session_2_acceptance_render_test.dart: home-chosen-white-1.0x-synthetic
02:34 +1659: C:/Users/Atharva Patil/Documents/projects/gymlog/test/upgrade/session_2_acceptance_render_test.dart: home-chosen-white-1.0x-synthetic
02:34 +1660: C:/Users/Atharva Patil/Documents/projects/gymlog/test/upgrade/session_2_acceptance_render_test.dart: home-chosen-white-1.0x-synthetic
02:34 +1661: C:/Users/Atharva Patil/Documents/projects/gymlog/test/upgrade/session_2_acceptance_render_test.dart: home-chosen-white-1.0x-synthetic
02:34 +1662: C:/Users/Atharva Patil/Documents/projects/gymlog/test/upgrade/session_2_acceptance_render_test.dart: home-chosen-white-1.0x-synthetic
02:34 +1663: C:/Users/Atharva Patil/Documents/projects/gymlog/test/upgrade/session_2_acceptance_render_test.dart: home-chosen-white-1.0x-synthetic
02:34 +1664: C:/Users/Atharva Patil/Documents/projects/gymlog/test/upgrade/session_2_acceptance_render_test.dart: home-chosen-white-1.0x-synthetic
02:34 +1665: C:/Users/Atharva Patil/Documents/projects/gymlog/test/upgrade/session_2_render_test.dart: chooser/library-inactive-higgsfield-1.6x-synthetic
02:34 +1666: C:/Users/Atharva Patil/Documents/projects/gymlog/test/upgrade/session_1_render_test.dart: share-sticker-blazeOrange-1.6x-synthetic
02:34 +1667: C:/Users/Atharva Patil/Documents/projects/gymlog/test/upgrade/session_2_acceptance_render_test.dart: library-chosen-white-1.0x-synthetic
02:34 +1668: C:/Users/Atharva Patil/Documents/projects/gymlog/test/upgrade/session_2_acceptance_render_test.dart: library-chosen-white-1.0x-synthetic
02:34 +1669: C:/Users/Atharva Patil/Documents/projects/gymlog/test/upgrade/session_2_acceptance_render_test.dart: library-chosen-white-1.0x-synthetic
02:34 +1670: C:/Users/Atharva Patil/Documents/projects/gymlog/test/upgrade/session_2_acceptance_render_test.dart: library-chosen-white-1.0x-synthetic
02:34 +1671: C:/Users/Atharva Patil/Documents/projects/gymlog/test/upgrade/session_2_acceptance_render_test.dart: library-chosen-white-1.0x-synthetic
02:34 +1672: C:/Users/Atharva Patil/Documents/projects/gymlog/test/upgrade/session_2_acceptance_render_test.dart: library-chosen-white-1.0x-synthetic
02:34 +1673: C:/Users/Atharva Patil/Documents/projects/gymlog/test/upgrade/session_1_render_test.dart: share-duration-sticker-blazeOrange-1.6x-synthetic
02:34 +1674: C:/Users/Atharva Patil/Documents/projects/gymlog/test/upgrade/session_1_render_test.dart: share-duration-sticker-blazeOrange-1.6x-synthetic
02:34 +1675: C:/Users/Atharva Patil/Documents/projects/gymlog/test/upgrade/session_2_acceptance_render_test.dart: home-no-choice-white-1.0x-synthetic
02:34 +1676: C:/Users/Atharva Patil/Documents/projects/gymlog/test/upgrade/session_2_acceptance_render_test.dart: home-no-choice-white-1.0x-synthetic
02:34 +1677: C:/Users/Atharva Patil/Documents/projects/gymlog/test/upgrade/session_2_acceptance_render_test.dart: home-no-choice-white-1.0x-synthetic
02:34 +1678: C:/Users/Atharva Patil/Documents/projects/gymlog/test/upgrade/session_2_acceptance_render_test.dart: home-no-choice-white-1.0x-synthetic
02:34 +1679: C:/Users/Atharva Patil/Documents/projects/gymlog/test/upgrade/session_1_render_test.dart: share-distance-technical-blazeOrange-1.6x-synthetic
02:34 +1680: C:/Users/Atharva Patil/Documents/projects/gymlog/test/upgrade/session_2_render_test.dart: chooser/home-error-higgsfield-1.6x-synthetic
02:34 +1681: C:/Users/Atharva Patil/Documents/projects/gymlog/test/upgrade/session_2_acceptance_render_test.dart: library-no-choice-white-1.0x-synthetic
02:34 +1682: C:/Users/Atharva Patil/Documents/projects/gymlog/test/upgrade/session_2_acceptance_render_test.dart: library-no-choice-white-1.0x-synthetic
02:34 +1683: C:/Users/Atharva Patil/Documents/projects/gymlog/test/upgrade/session_2_acceptance_render_test.dart: library-no-choice-white-1.0x-synthetic
02:34 +1684: C:/Users/Atharva Patil/Documents/projects/gymlog/test/upgrade/session_2_acceptance_render_test.dart: library-no-choice-white-1.0x-synthetic
02:34 +1685: C:/Users/Atharva Patil/Documents/projects/gymlog/test/upgrade/session_2_acceptance_render_test.dart: library-no-choice-white-1.0x-synthetic
02:34 +1686: C:/Users/Atharva Patil/Documents/projects/gymlog/test/upgrade/session_1_render_test.dart: share-pace-technical-blazeOrange-1.6x-synthetic
02:34 +1687: C:/Users/Atharva Patil/Documents/projects/gymlog/test/upgrade/session_2_render_test.dart: chooser/library-returning-neonPurple-1.0x-synthetic
02:34 +1688: C:/Users/Atharva Patil/Documents/projects/gymlog/test/upgrade/session_2_acceptance_render_test.dart: home-deleted-choice-white-1.0x-synthetic
02:35 +1689: C:/Users/Atharva Patil/Documents/projects/gymlog/test/upgrade/session_2_acceptance_render_test.dart: home-deleted-choice-white-1.0x-synthetic
02:35 +1690: C:/Users/Atharva Patil/Documents/projects/gymlog/test/upgrade/session_2_render_test.dart: chooser/home-returning-neonPurple-1.6x-synthetic
02:35 +1691: C:/Users/Atharva Patil/Documents/projects/gymlog/test/upgrade/session_1_render_test.dart: detail-blazeOrange-1.6x-synthetic
02:35 +1692: C:/Users/Atharva Patil/Documents/projects/gymlog/test/upgrade/session_2_acceptance_render_test.dart: library-deleted-choice-white-1.0x-synthetic
02:35 +1693: C:/Users/Atharva Patil/Documents/projects/gymlog/test/upgrade/session_2_acceptance_render_test.dart: library-deleted-choice-white-1.0x-synthetic
02:35 +1694: C:/Users/Atharva Patil/Documents/projects/gymlog/test/upgrade/session_2_acceptance_render_test.dart: library-deleted-choice-white-1.0x-synthetic
02:35 +1695: C:/Users/Atharva Patil/Documents/projects/gymlog/test/workout_hero_transition_test.dart: WorkoutHistoryCard renders Hero when enableHero is true and animations enabled
02:35 +1696: C:/Users/Atharva Patil/Documents/projects/gymlog/test/workout_hero_transition_test.dart: WorkoutHistoryCard renders Hero when enableHero is true and animations enabled
02:35 +1697: C:/Users/Atharva Patil/Documents/projects/gymlog/test/workout_hero_transition_test.dart: WorkoutHistoryCard renders Hero when enableHero is true and animations enabled
02:35 +1698: C:/Users/Atharva Patil/Documents/projects/gymlog/test/workout_hero_transition_test.dart: WorkoutHistoryCard renders Hero when enableHero is true and animations enabled
02:35 +1699: C:/Users/Atharva Patil/Documents/projects/gymlog/test/workout_hero_transition_test.dart: WorkoutHistoryCard renders Hero when enableHero is true and animations enabled
02:35 +1700: C:/Users/Atharva Patil/Documents/projects/gymlog/test/workout_hero_transition_test.dart: WorkoutHistoryCard renders Hero when enableHero is true and animations enabled
02:35 +1701: C:/Users/Atharva Patil/Documents/projects/gymlog/test/workout_hero_transition_test.dart: WorkoutHistoryCard renders Hero when enableHero is true and animations enabled
02:35 +1702: C:/Users/Atharva Patil/Documents/projects/gymlog/test/workout_hero_transition_test.dart: WorkoutHistoryCard renders Hero when enableHero is true and animations enabled
02:35 +1703: C:/Users/Atharva Patil/Documents/projects/gymlog/test/workout_hero_transition_test.dart: WorkoutHistoryCard renders Hero when enableHero is true and animations enabled
02:35 +1704: C:/Users/Atharva Patil/Documents/projects/gymlog/test/workout_hero_transition_test.dart: WorkoutHistoryCard renders Hero when enableHero is true and animations enabled
02:35 +1705: C:/Users/Atharva Patil/Documents/projects/gymlog/test/workout_hero_transition_test.dart: WorkoutHistoryCard renders Hero when enableHero is true and animations enabled
02:35 +1706: C:/Users/Atharva Patil/Documents/projects/gymlog/test/workout_hero_transition_test.dart: WorkoutHistoryCard renders Hero when enableHero is true and animations enabled
02:35 +1707: C:/Users/Atharva Patil/Documents/projects/gymlog/test/workout_hero_transition_test.dart: WorkoutHistoryCard renders Hero when enableHero is true and animations enabled
02:35 +1708: C:/Users/Atharva Patil/Documents/projects/gymlog/test/workout_hero_transition_test.dart: WorkoutHistoryCard renders Hero when enableHero is true and animations enabled
02:35 +1709: C:/Users/Atharva Patil/Documents/projects/gymlog/test/workout_hero_transition_test.dart: WorkoutHistoryCard renders Hero when enableHero is true and animations enabled
02:36 +1710: C:/Users/Atharva Patil/Documents/projects/gymlog/test/workout_hero_transition_test.dart: WorkoutHistoryCard renders Hero when enableHero is true and animations enabled
02:36 +1711: C:/Users/Atharva Patil/Documents/projects/gymlog/test/upgrade/session_2_acceptance_render_test.dart: home-low-data-white-1.0x-synthetic
02:36 +1712: C:/Users/Atharva Patil/Documents/projects/gymlog/test/upgrade/session_2_acceptance_render_test.dart: home-low-data-white-1.0x-synthetic
02:36 +1713: C:/Users/Atharva Patil/Documents/projects/gymlog/test/workout_hero_transition_test.dart: WorkoutHeroSliver renders Hero when workoutId is present and animations enabled
02:36 +1714: C:/Users/Atharva Patil/Documents/projects/gymlog/test/workout_hero_transition_test.dart: WorkoutHeroSliver renders Hero when workoutId is present and animations enabled
02:36 +1715: C:/Users/Atharva Patil/Documents/projects/gymlog/test/workout_hero_transition_test.dart: WorkoutHeroSliver renders Hero when workoutId is present and animations enabled
02:36 +1716: C:/Users/Atharva Patil/Documents/projects/gymlog/test/workout_hero_transition_test.dart: WorkoutHeroSliver renders Hero when workoutId is present and animations enabled
02:36 +1717: C:/Users/Atharva Patil/Documents/projects/gymlog/test/workout_hero_transition_test.dart: WorkoutHeroSliver renders Hero when workoutId is present and animations enabled
02:36 +1718: C:/Users/Atharva Patil/Documents/projects/gymlog/test/workout_hero_transition_test.dart: WorkoutHeroSliver renders Hero when workoutId is present and animations enabled
02:36 +1719: C:/Users/Atharva Patil/Documents/projects/gymlog/test/workout_hero_transition_test.dart: WorkoutHeroSliver renders Hero when workoutId is present and animations enabled
02:36 +1720: C:/Users/Atharva Patil/Documents/projects/gymlog/test/upgrade/session_2_acceptance_render_test.dart: library-error-white-1.0x-synthetic
02:36 +1721: C:/Users/Atharva Patil/Documents/projects/gymlog/test/workout_hero_transition_test.dart: WorkoutHeroSliver does NOT render Hero when workoutId is null
02:36 +1722: C:/Users/Atharva Patil/Documents/projects/gymlog/test/upgrade/session_2_acceptance_render_test.dart: home-previous-error-white-1.0x-synthetic
02:36 +1723: C:/Users/Atharva Patil/Documents/projects/gymlog/test/upgrade/session_2_acceptance_render_test.dart: library-previous-error-white-1.0x-synthetic
02:36 +1724: C:/Users/Atharva Patil/Documents/projects/gymlog/test/upgrade/session_2_acceptance_render_test.dart: home-choice-error-white-1.0x-synthetic
02:36 +1725: C:/Users/Atharva Patil/Documents/projects/gymlog/test/upgrade/session_2_acceptance_render_test.dart: library-choice-error-white-1.0x-synthetic
02:36 +1726: C:/Users/Atharva Patil/Documents/projects/gymlog/test/upgrade/session_2_acceptance_render_test.dart: home-loading-white-1.0x-synthetic
02:36 +1727: C:/Users/Atharva Patil/Documents/projects/gymlog/test/upgrade/session_2_acceptance_render_test.dart: library-loading-white-1.0x-synthetic
02:36 +1728: C:/Users/Atharva Patil/Documents/projects/gymlog/test/upgrade/session_2_acceptance_render_test.dart: home-active-chosen-white-1.0x-synthetic
02:36 +1729: C:/Users/Atharva Patil/Documents/projects/gymlog/test/upgrade/session_2_acceptance_render_test.dart: library-active-chosen-white-1.0x-synthetic
02:36 +1730: C:/Users/Atharva Patil/Documents/projects/gymlog/test/upgrade/session_2_acceptance_render_test.dart: home-active-no-choice-white-1.0x-synthetic
02:37 +1731: C:/Users/Atharva Patil/Documents/projects/gymlog/test/upgrade/session_2_acceptance_render_test.dart: library-active-no-choice-white-1.0x-synthetic
02:37 +1732: C:/Users/Atharva Patil/Documents/projects/gymlog/test/upgrade/session_2_acceptance_render_test.dart: home-active-no-routine-white-1.0x-synthetic
02:37 +1733: C:/Users/Atharva Patil/Documents/projects/gymlog/test/upgrade/session_2_acceptance_render_test.dart: library-active-no-routine-white-1.0x-synthetic
02:37 +1734: C:/Users/Atharva Patil/Documents/projects/gymlog/test/upgrade/session_2_acceptance_render_test.dart: home-active-error-white-1.0x-synthetic
02:37 +1735: C:/Users/Atharva Patil/Documents/projects/gymlog/test/upgrade/session_2_acceptance_render_test.dart: library-active-error-white-1.0x-synthetic
02:37 +1736: C:/Users/Atharva Patil/Documents/projects/gymlog/test/upgrade/session_2_acceptance_render_test.dart: home-active-deleted-choice-white-1.0x-synthetic
02:37 +1737: C:/Users/Atharva Patil/Documents/projects/gymlog/test/upgrade/session_2_acceptance_render_test.dart: library-active-deleted-choice-white-1.0x-synthetic
02:37 +1738: C:/Users/Atharva Patil/Documents/projects/gymlog/test/upgrade/session_2_acceptance_render_test.dart: home-active-empty-choice-white-1.0x-synthetic
02:37 +1739: C:/Users/Atharva Patil/Documents/projects/gymlog/test/upgrade/session_2_acceptance_render_test.dart: library-active-empty-choice-white-1.0x-synthetic
02:37 +1740: C:/Users/Atharva Patil/Documents/projects/gymlog/test/upgrade/session_2_acceptance_render_test.dart: home-active-choice-error-white-1.0x-synthetic
02:37 +1741: C:/Users/Atharva Patil/Documents/projects/gymlog/test/upgrade/session_2_acceptance_render_test.dart: library-active-choice-error-white-1.0x-synthetic
02:37 +1742: C:/Users/Atharva Patil/Documents/projects/gymlog/test/upgrade/session_2_acceptance_render_test.dart: home-chosen-white-1.6x-synthetic
02:37 +1743: C:/Users/Atharva Patil/Documents/projects/gymlog/test/upgrade/session_2_acceptance_render_test.dart: library-chosen-white-1.6x-synthetic
02:38 +1744: C:/Users/Atharva Patil/Documents/projects/gymlog/test/upgrade/session_2_acceptance_render_test.dart: home-no-choice-white-1.6x-synthetic
02:38 +1745: C:/Users/Atharva Patil/Documents/projects/gymlog/test/upgrade/session_2_acceptance_render_test.dart: library-no-choice-white-1.6x-synthetic
02:38 +1746: C:/Users/Atharva Patil/Documents/projects/gymlog/test/upgrade/session_2_acceptance_render_test.dart: home-deleted-choice-white-1.6x-synthetic
02:38 +1747: C:/Users/Atharva Patil/Documents/projects/gymlog/test/upgrade/session_2_acceptance_render_test.dart: library-deleted-choice-white-1.6x-synthetic
02:38 +1748: C:/Users/Atharva Patil/Documents/projects/gymlog/test/upgrade/session_2_acceptance_render_test.dart: home-empty-choice-white-1.6x-synthetic
02:38 +1749: C:/Users/Atharva Patil/Documents/projects/gymlog/test/upgrade/session_2_acceptance_render_test.dart: library-empty-choice-white-1.6x-synthetic
02:38 +1750: C:/Users/Atharva Patil/Documents/projects/gymlog/test/upgrade/session_2_acceptance_render_test.dart: home-new-user-white-1.6x-synthetic
02:38 +1751: C:/Users/Atharva Patil/Documents/projects/gymlog/test/upgrade/session_2_acceptance_render_test.dart: library-new-user-white-1.6x-synthetic
02:38 +1752: C:/Users/Atharva Patil/Documents/projects/gymlog/test/upgrade/session_2_acceptance_render_test.dart: home-no-routine-white-1.6x-synthetic
02:38 +1753: C:/Users/Atharva Patil/Documents/projects/gymlog/test/upgrade/session_2_acceptance_render_test.dart: library-no-routine-white-1.6x-synthetic
02:38 +1754: C:/Users/Atharva Patil/Documents/projects/gymlog/test/upgrade/session_2_acceptance_render_test.dart: home-inactive-return-white-1.6x-synthetic
02:38 +1755: C:/Users/Atharva Patil/Documents/projects/gymlog/test/upgrade/session_2_acceptance_render_test.dart: library-inactive-return-white-1.6x-synthetic
02:38 +1756: C:/Users/Atharva Patil/Documents/projects/gymlog/test/upgrade/session_2_acceptance_render_test.dart: home-low-data-white-1.6x-synthetic
02:38 +1757: C:/Users/Atharva Patil/Documents/projects/gymlog/test/upgrade/session_2_acceptance_render_test.dart: library-low-data-white-1.6x-synthetic
02:39 +1758: C:/Users/Atharva Patil/Documents/projects/gymlog/test/upgrade/session_2_acceptance_render_test.dart: home-error-white-1.6x-synthetic
02:39 +1759: C:/Users/Atharva Patil/Documents/projects/gymlog/test/upgrade/session_2_acceptance_render_test.dart: library-error-white-1.6x-synthetic
02:39 +1760: C:/Users/Atharva Patil/Documents/projects/gymlog/test/upgrade/session_2_acceptance_render_test.dart: home-previous-error-white-1.6x-synthetic
02:39 +1761: C:/Users/Atharva Patil/Documents/projects/gymlog/test/upgrade/session_2_acceptance_render_test.dart: library-previous-error-white-1.6x-synthetic
02:39 +1762: C:/Users/Atharva Patil/Documents/projects/gymlog/test/upgrade/session_2_acceptance_render_test.dart: home-choice-error-white-1.6x-synthetic
02:39 +1763: C:/Users/Atharva Patil/Documents/projects/gymlog/test/upgrade/session_2_acceptance_render_test.dart: library-choice-error-white-1.6x-synthetic
02:39 +1764: C:/Users/Atharva Patil/Documents/projects/gymlog/test/upgrade/session_2_acceptance_render_test.dart: home-loading-white-1.6x-synthetic
02:39 +1765: C:/Users/Atharva Patil/Documents/projects/gymlog/test/upgrade/session_2_acceptance_render_test.dart: library-loading-white-1.6x-synthetic
02:39 +1766: C:/Users/Atharva Patil/Documents/projects/gymlog/test/upgrade/session_2_acceptance_render_test.dart: home-active-chosen-white-1.6x-synthetic
02:39 +1767: C:/Users/Atharva Patil/Documents/projects/gymlog/test/upgrade/session_2_acceptance_render_test.dart: library-active-chosen-white-1.6x-synthetic
02:39 +1768: C:/Users/Atharva Patil/Documents/projects/gymlog/test/upgrade/session_2_acceptance_render_test.dart: home-active-no-choice-white-1.6x-synthetic
02:39 +1769: C:/Users/Atharva Patil/Documents/projects/gymlog/test/upgrade/session_2_acceptance_render_test.dart: library-active-no-choice-white-1.6x-synthetic
02:39 +1770: C:/Users/Atharva Patil/Documents/projects/gymlog/test/upgrade/session_2_acceptance_render_test.dart: home-active-no-routine-white-1.6x-synthetic
02:40 +1771: C:/Users/Atharva Patil/Documents/projects/gymlog/test/upgrade/session_2_acceptance_render_test.dart: library-active-no-routine-white-1.6x-synthetic
02:40 +1772: C:/Users/Atharva Patil/Documents/projects/gymlog/test/upgrade/session_2_acceptance_render_test.dart: home-active-error-white-1.6x-synthetic
02:40 +1773: C:/Users/Atharva Patil/Documents/projects/gymlog/test/upgrade/session_2_acceptance_render_test.dart: library-active-error-white-1.6x-synthetic
02:40 +1774: C:/Users/Atharva Patil/Documents/projects/gymlog/test/upgrade/session_2_acceptance_render_test.dart: home-active-deleted-choice-white-1.6x-synthetic
02:40 +1775: C:/Users/Atharva Patil/Documents/projects/gymlog/test/upgrade/session_2_acceptance_render_test.dart: library-active-deleted-choice-white-1.6x-synthetic
02:40 +1776: C:/Users/Atharva Patil/Documents/projects/gymlog/test/upgrade/session_2_acceptance_render_test.dart: home-active-empty-choice-white-1.6x-synthetic
02:40 +1777: C:/Users/Atharva Patil/Documents/projects/gymlog/test/upgrade/session_2_acceptance_render_test.dart: library-active-empty-choice-white-1.6x-synthetic
02:40 +1778: C:/Users/Atharva Patil/Documents/projects/gymlog/test/upgrade/session_2_acceptance_render_test.dart: home-active-choice-error-white-1.6x-synthetic
02:40 +1779: C:/Users/Atharva Patil/Documents/projects/gymlog/test/upgrade/session_2_acceptance_render_test.dart: library-active-choice-error-white-1.6x-synthetic
02:40 +1780: C:/Users/Atharva Patil/Documents/projects/gymlog/test/upgrade/session_2_acceptance_render_test.dart: home-chosen-neonCyan-1.0x-synthetic
02:40 +1781: C:/Users/Atharva Patil/Documents/projects/gymlog/test/upgrade/session_2_acceptance_render_test.dart: library-chosen-neonCyan-1.0x-synthetic
02:40 +1782: C:/Users/Atharva Patil/Documents/projects/gymlog/test/upgrade/session_2_acceptance_render_test.dart: home-no-choice-neonCyan-1.0x-synthetic
02:41 +1783: C:/Users/Atharva Patil/Documents/projects/gymlog/test/upgrade/session_2_acceptance_render_test.dart: library-no-choice-neonCyan-1.0x-synthetic
02:41 +1784: C:/Users/Atharva Patil/Documents/projects/gymlog/test/upgrade/session_2_acceptance_render_test.dart: home-deleted-choice-neonCyan-1.0x-synthetic
02:41 +1785: C:/Users/Atharva Patil/Documents/projects/gymlog/test/upgrade/session_2_acceptance_render_test.dart: library-deleted-choice-neonCyan-1.0x-synthetic
02:41 +1786: C:/Users/Atharva Patil/Documents/projects/gymlog/test/upgrade/session_2_acceptance_render_test.dart: home-empty-choice-neonCyan-1.0x-synthetic
02:41 +1787: C:/Users/Atharva Patil/Documents/projects/gymlog/test/upgrade/session_2_acceptance_render_test.dart: library-empty-choice-neonCyan-1.0x-synthetic
02:41 +1788: C:/Users/Atharva Patil/Documents/projects/gymlog/test/upgrade/session_2_acceptance_render_test.dart: home-new-user-neonCyan-1.0x-synthetic
02:41 +1789: C:/Users/Atharva Patil/Documents/projects/gymlog/test/upgrade/session_2_acceptance_render_test.dart: library-new-user-neonCyan-1.0x-synthetic
02:41 +1790: C:/Users/Atharva Patil/Documents/projects/gymlog/test/upgrade/session_2_acceptance_render_test.dart: home-no-routine-neonCyan-1.0x-synthetic
02:41 +1791: C:/Users/Atharva Patil/Documents/projects/gymlog/test/upgrade/session_2_acceptance_render_test.dart: library-no-routine-neonCyan-1.0x-synthetic
02:41 +1792: C:/Users/Atharva Patil/Documents/projects/gymlog/test/upgrade/session_2_acceptance_render_test.dart: home-inactive-return-neonCyan-1.0x-synthetic
02:41 +1793: C:/Users/Atharva Patil/Documents/projects/gymlog/test/upgrade/session_2_acceptance_render_test.dart: library-inactive-return-neonCyan-1.0x-synthetic
02:41 +1794: C:/Users/Atharva Patil/Documents/projects/gymlog/test/upgrade/session_2_acceptance_render_test.dart: home-low-data-neonCyan-1.0x-synthetic
02:41 +1795: C:/Users/Atharva Patil/Documents/projects/gymlog/test/upgrade/session_2_acceptance_render_test.dart: library-low-data-neonCyan-1.0x-synthetic
02:42 +1796: C:/Users/Atharva Patil/Documents/projects/gymlog/test/upgrade/session_2_acceptance_render_test.dart: home-error-neonCyan-1.0x-synthetic
02:42 +1797: C:/Users/Atharva Patil/Documents/projects/gymlog/test/upgrade/session_2_acceptance_render_test.dart: library-error-neonCyan-1.0x-synthetic
02:42 +1798: C:/Users/Atharva Patil/Documents/projects/gymlog/test/upgrade/session_2_acceptance_render_test.dart: home-previous-error-neonCyan-1.0x-synthetic
02:42 +1799: C:/Users/Atharva Patil/Documents/projects/gymlog/test/upgrade/session_2_acceptance_render_test.dart: library-previous-error-neonCyan-1.0x-synthetic
02:42 +1800: C:/Users/Atharva Patil/Documents/projects/gymlog/test/upgrade/session_2_acceptance_render_test.dart: home-choice-error-neonCyan-1.0x-synthetic
02:42 +1801: C:/Users/Atharva Patil/Documents/projects/gymlog/test/upgrade/session_2_acceptance_render_test.dart: library-choice-error-neonCyan-1.0x-synthetic
02:42 +1802: C:/Users/Atharva Patil/Documents/projects/gymlog/test/upgrade/session_2_acceptance_render_test.dart: home-loading-neonCyan-1.0x-synthetic
02:42 +1803: C:/Users/Atharva Patil/Documents/projects/gymlog/test/upgrade/session_2_acceptance_render_test.dart: library-loading-neonCyan-1.0x-synthetic
02:42 +1804: C:/Users/Atharva Patil/Documents/projects/gymlog/test/upgrade/session_2_acceptance_render_test.dart: home-active-chosen-neonCyan-1.0x-synthetic
02:42 +1805: C:/Users/Atharva Patil/Documents/projects/gymlog/test/upgrade/session_2_acceptance_render_test.dart: library-active-chosen-neonCyan-1.0x-synthetic
02:42 +1806: C:/Users/Atharva Patil/Documents/projects/gymlog/test/upgrade/session_2_acceptance_render_test.dart: home-active-no-choice-neonCyan-1.0x-synthetic
02:43 +1807: C:/Users/Atharva Patil/Documents/projects/gymlog/test/upgrade/session_2_acceptance_render_test.dart: library-active-no-choice-neonCyan-1.0x-synthetic
02:43 +1808: C:/Users/Atharva Patil/Documents/projects/gymlog/test/upgrade/session_2_acceptance_render_test.dart: home-active-no-routine-neonCyan-1.0x-synthetic
02:43 +1809: C:/Users/Atharva Patil/Documents/projects/gymlog/test/upgrade/session_2_acceptance_render_test.dart: library-active-no-routine-neonCyan-1.0x-synthetic
02:43 +1810: C:/Users/Atharva Patil/Documents/projects/gymlog/test/upgrade/session_2_acceptance_render_test.dart: home-active-error-neonCyan-1.0x-synthetic
02:43 +1811: C:/Users/Atharva Patil/Documents/projects/gymlog/test/upgrade/session_2_acceptance_render_test.dart: library-active-error-neonCyan-1.0x-synthetic
02:43 +1812: C:/Users/Atharva Patil/Documents/projects/gymlog/test/upgrade/session_2_acceptance_render_test.dart: home-active-deleted-choice-neonCyan-1.0x-synthetic
02:43 +1813: C:/Users/Atharva Patil/Documents/projects/gymlog/test/upgrade/session_2_acceptance_render_test.dart: library-active-deleted-choice-neonCyan-1.0x-synthetic
02:43 +1814: C:/Users/Atharva Patil/Documents/projects/gymlog/test/upgrade/session_2_acceptance_render_test.dart: home-active-empty-choice-neonCyan-1.0x-synthetic
02:43 +1815: C:/Users/Atharva Patil/Documents/projects/gymlog/test/upgrade/session_2_acceptance_render_test.dart: library-active-empty-choice-neonCyan-1.0x-synthetic
02:43 +1816: C:/Users/Atharva Patil/Documents/projects/gymlog/test/upgrade/session_2_acceptance_render_test.dart: home-active-choice-error-neonCyan-1.0x-synthetic
02:43 +1817: C:/Users/Atharva Patil/Documents/projects/gymlog/test/upgrade/session_2_acceptance_render_test.dart: library-active-choice-error-neonCyan-1.0x-synthetic
02:43 +1818: C:/Users/Atharva Patil/Documents/projects/gymlog/test/upgrade/session_2_acceptance_render_test.dart: home-chosen-neonCyan-1.6x-synthetic
02:44 +1819: C:/Users/Atharva Patil/Documents/projects/gymlog/test/upgrade/session_2_acceptance_render_test.dart: library-chosen-neonCyan-1.6x-synthetic
02:44 +1820: C:/Users/Atharva Patil/Documents/projects/gymlog/test/upgrade/session_2_acceptance_render_test.dart: home-no-choice-neonCyan-1.6x-synthetic
02:44 +1821: C:/Users/Atharva Patil/Documents/projects/gymlog/test/upgrade/session_2_acceptance_render_test.dart: library-no-choice-neonCyan-1.6x-synthetic
02:44 +1822: C:/Users/Atharva Patil/Documents/projects/gymlog/test/upgrade/session_2_acceptance_render_test.dart: home-deleted-choice-neonCyan-1.6x-synthetic
02:44 +1823: C:/Users/Atharva Patil/Documents/projects/gymlog/test/upgrade/session_2_acceptance_render_test.dart: library-deleted-choice-neonCyan-1.6x-synthetic
02:44 +1824: C:/Users/Atharva Patil/Documents/projects/gymlog/test/upgrade/session_2_acceptance_render_test.dart: home-empty-choice-neonCyan-1.6x-synthetic
02:44 +1825: C:/Users/Atharva Patil/Documents/projects/gymlog/test/upgrade/session_2_acceptance_render_test.dart: library-empty-choice-neonCyan-1.6x-synthetic
02:44 +1826: C:/Users/Atharva Patil/Documents/projects/gymlog/test/upgrade/session_2_acceptance_render_test.dart: home-new-user-neonCyan-1.6x-synthetic
02:44 +1827: C:/Users/Atharva Patil/Documents/projects/gymlog/test/upgrade/session_2_acceptance_render_test.dart: library-new-user-neonCyan-1.6x-synthetic
02:44 +1828: C:/Users/Atharva Patil/Documents/projects/gymlog/test/upgrade/session_2_acceptance_render_test.dart: home-no-routine-neonCyan-1.6x-synthetic
02:45 +1829: C:/Users/Atharva Patil/Documents/projects/gymlog/test/upgrade/session_2_acceptance_render_test.dart: library-no-routine-neonCyan-1.6x-synthetic
02:45 +1830: C:/Users/Atharva Patil/Documents/projects/gymlog/test/upgrade/session_2_acceptance_render_test.dart: home-inactive-return-neonCyan-1.6x-synthetic
02:45 +1831: C:/Users/Atharva Patil/Documents/projects/gymlog/test/upgrade/session_2_acceptance_render_test.dart: library-inactive-return-neonCyan-1.6x-synthetic
02:45 +1832: C:/Users/Atharva Patil/Documents/projects/gymlog/test/upgrade/session_2_acceptance_render_test.dart: home-low-data-neonCyan-1.6x-synthetic
02:45 +1833: C:/Users/Atharva Patil/Documents/projects/gymlog/test/upgrade/session_2_acceptance_render_test.dart: library-low-data-neonCyan-1.6x-synthetic
02:45 +1834: C:/Users/Atharva Patil/Documents/projects/gymlog/test/upgrade/session_2_acceptance_render_test.dart: home-error-neonCyan-1.6x-synthetic
02:45 +1835: C:/Users/Atharva Patil/Documents/projects/gymlog/test/upgrade/session_2_acceptance_render_test.dart: library-error-neonCyan-1.6x-synthetic
02:45 +1836: C:/Users/Atharva Patil/Documents/projects/gymlog/test/upgrade/session_2_acceptance_render_test.dart: home-previous-error-neonCyan-1.6x-synthetic
02:45 +1837: C:/Users/Atharva Patil/Documents/projects/gymlog/test/upgrade/session_2_acceptance_render_test.dart: library-previous-error-neonCyan-1.6x-synthetic
02:45 +1838: C:/Users/Atharva Patil/Documents/projects/gymlog/test/upgrade/session_2_acceptance_render_test.dart: home-choice-error-neonCyan-1.6x-synthetic
02:45 +1839: C:/Users/Atharva Patil/Documents/projects/gymlog/test/upgrade/session_2_acceptance_render_test.dart: library-choice-error-neonCyan-1.6x-synthetic
02:45 +1840: C:/Users/Atharva Patil/Documents/projects/gymlog/test/upgrade/session_2_acceptance_render_test.dart: home-loading-neonCyan-1.6x-synthetic
02:45 +1841: C:/Users/Atharva Patil/Documents/projects/gymlog/test/upgrade/session_2_acceptance_render_test.dart: library-loading-neonCyan-1.6x-synthetic
02:45 +1842: C:/Users/Atharva Patil/Documents/projects/gymlog/test/upgrade/session_2_acceptance_render_test.dart: home-active-chosen-neonCyan-1.6x-synthetic
02:45 +1843: C:/Users/Atharva Patil/Documents/projects/gymlog/test/upgrade/session_2_acceptance_render_test.dart: library-active-chosen-neonCyan-1.6x-synthetic
02:46 +1844: C:/Users/Atharva Patil/Documents/projects/gymlog/test/upgrade/session_2_acceptance_render_test.dart: home-active-no-choice-neonCyan-1.6x-synthetic
02:46 +1845: C:/Users/Atharva Patil/Documents/projects/gymlog/test/upgrade/session_2_acceptance_render_test.dart: library-active-no-choice-neonCyan-1.6x-synthetic
02:46 +1846: C:/Users/Atharva Patil/Documents/projects/gymlog/test/upgrade/session_2_acceptance_render_test.dart: home-active-no-routine-neonCyan-1.6x-synthetic
02:46 +1847: C:/Users/Atharva Patil/Documents/projects/gymlog/test/upgrade/session_2_acceptance_render_test.dart: library-active-no-routine-neonCyan-1.6x-synthetic
02:46 +1848: C:/Users/Atharva Patil/Documents/projects/gymlog/test/upgrade/session_2_acceptance_render_test.dart: home-active-error-neonCyan-1.6x-synthetic
02:46 +1849: C:/Users/Atharva Patil/Documents/projects/gymlog/test/upgrade/session_2_acceptance_render_test.dart: library-active-error-neonCyan-1.6x-synthetic
02:46 +1850: C:/Users/Atharva Patil/Documents/projects/gymlog/test/upgrade/session_2_acceptance_render_test.dart: home-active-deleted-choice-neonCyan-1.6x-synthetic
02:46 +1851: C:/Users/Atharva Patil/Documents/projects/gymlog/test/upgrade/session_2_acceptance_render_test.dart: library-active-deleted-choice-neonCyan-1.6x-synthetic
02:46 +1852: C:/Users/Atharva Patil/Documents/projects/gymlog/test/upgrade/session_2_acceptance_render_test.dart: home-active-empty-choice-neonCyan-1.6x-synthetic
02:46 +1853: C:/Users/Atharva Patil/Documents/projects/gymlog/test/upgrade/session_2_acceptance_render_test.dart: library-active-empty-choice-neonCyan-1.6x-synthetic
02:46 +1854: C:/Users/Atharva Patil/Documents/projects/gymlog/test/upgrade/session_2_acceptance_render_test.dart: home-active-choice-error-neonCyan-1.6x-synthetic
02:46 +1855: C:/Users/Atharva Patil/Documents/projects/gymlog/test/upgrade/session_2_acceptance_render_test.dart: library-active-choice-error-neonCyan-1.6x-synthetic
02:46 +1856: C:/Users/Atharva Patil/Documents/projects/gymlog/test/upgrade/session_2_acceptance_render_test.dart: home-chosen-neonMagenta-1.0x-synthetic
02:47 +1857: C:/Users/Atharva Patil/Documents/projects/gymlog/test/upgrade/session_2_acceptance_render_test.dart: library-chosen-neonMagenta-1.0x-synthetic
02:47 +1858: C:/Users/Atharva Patil/Documents/projects/gymlog/test/upgrade/session_2_acceptance_render_test.dart: home-no-choice-neonMagenta-1.0x-synthetic
02:47 +1859: C:/Users/Atharva Patil/Documents/projects/gymlog/test/upgrade/session_2_acceptance_render_test.dart: library-no-choice-neonMagenta-1.0x-synthetic
02:47 +1860: C:/Users/Atharva Patil/Documents/projects/gymlog/test/upgrade/session_2_acceptance_render_test.dart: home-deleted-choice-neonMagenta-1.0x-synthetic
02:47 +1861: C:/Users/Atharva Patil/Documents/projects/gymlog/test/upgrade/session_2_acceptance_render_test.dart: library-deleted-choice-neonMagenta-1.0x-synthetic
02:47 +1862: C:/Users/Atharva Patil/Documents/projects/gymlog/test/upgrade/session_2_acceptance_render_test.dart: home-empty-choice-neonMagenta-1.0x-synthetic
02:47 +1863: C:/Users/Atharva Patil/Documents/projects/gymlog/test/upgrade/session_2_acceptance_render_test.dart: library-empty-choice-neonMagenta-1.0x-synthetic
02:47 +1864: C:/Users/Atharva Patil/Documents/projects/gymlog/test/upgrade/session_2_acceptance_render_test.dart: home-new-user-neonMagenta-1.0x-synthetic
02:47 +1865: C:/Users/Atharva Patil/Documents/projects/gymlog/test/upgrade/session_2_acceptance_render_test.dart: library-new-user-neonMagenta-1.0x-synthetic
02:47 +1866: C:/Users/Atharva Patil/Documents/projects/gymlog/test/upgrade/session_2_acceptance_render_test.dart: home-no-routine-neonMagenta-1.0x-synthetic
02:48 +1867: C:/Users/Atharva Patil/Documents/projects/gymlog/test/upgrade/session_2_acceptance_render_test.dart: library-no-routine-neonMagenta-1.0x-synthetic
02:48 +1868: C:/Users/Atharva Patil/Documents/projects/gymlog/test/upgrade/session_2_acceptance_render_test.dart: home-inactive-return-neonMagenta-1.0x-synthetic
02:48 +1869: C:/Users/Atharva Patil/Documents/projects/gymlog/test/upgrade/session_2_acceptance_render_test.dart: library-inactive-return-neonMagenta-1.0x-synthetic
02:48 +1870: C:/Users/Atharva Patil/Documents/projects/gymlog/test/upgrade/session_2_acceptance_render_test.dart: home-low-data-neonMagenta-1.0x-synthetic
02:48 +1871: C:/Users/Atharva Patil/Documents/projects/gymlog/test/upgrade/session_2_acceptance_render_test.dart: library-low-data-neonMagenta-1.0x-synthetic
02:48 +1872: C:/Users/Atharva Patil/Documents/projects/gymlog/test/upgrade/session_2_acceptance_render_test.dart: home-error-neonMagenta-1.0x-synthetic
02:48 +1873: C:/Users/Atharva Patil/Documents/projects/gymlog/test/upgrade/session_2_acceptance_render_test.dart: library-error-neonMagenta-1.0x-synthetic
02:48 +1874: C:/Users/Atharva Patil/Documents/projects/gymlog/test/upgrade/session_2_acceptance_render_test.dart: home-previous-error-neonMagenta-1.0x-synthetic
02:48 +1875: C:/Users/Atharva Patil/Documents/projects/gymlog/test/upgrade/session_2_acceptance_render_test.dart: library-previous-error-neonMagenta-1.0x-synthetic
02:48 +1876: C:/Users/Atharva Patil/Documents/projects/gymlog/test/upgrade/session_2_acceptance_render_test.dart: home-choice-error-neonMagenta-1.0x-synthetic
02:48 +1877: C:/Users/Atharva Patil/Documents/projects/gymlog/test/upgrade/session_2_acceptance_render_test.dart: library-choice-error-neonMagenta-1.0x-synthetic
02:48 +1878: C:/Users/Atharva Patil/Documents/projects/gymlog/test/upgrade/session_2_acceptance_render_test.dart: home-loading-neonMagenta-1.0x-synthetic
02:48 +1879: C:/Users/Atharva Patil/Documents/projects/gymlog/test/upgrade/session_2_acceptance_render_test.dart: library-loading-neonMagenta-1.0x-synthetic
02:48 +1880: C:/Users/Atharva Patil/Documents/projects/gymlog/test/upgrade/session_2_acceptance_render_test.dart: home-active-chosen-neonMagenta-1.0x-synthetic
02:48 +1881: C:/Users/Atharva Patil/Documents/projects/gymlog/test/upgrade/session_2_acceptance_render_test.dart: library-active-chosen-neonMagenta-1.0x-synthetic
02:48 +1882: C:/Users/Atharva Patil/Documents/projects/gymlog/test/upgrade/session_2_acceptance_render_test.dart: home-active-no-choice-neonMagenta-1.0x-synthetic
02:48 +1883: C:/Users/Atharva Patil/Documents/projects/gymlog/test/upgrade/session_2_acceptance_render_test.dart: library-active-no-choice-neonMagenta-1.0x-synthetic
02:49 +1884: C:/Users/Atharva Patil/Documents/projects/gymlog/test/upgrade/session_2_acceptance_render_test.dart: home-active-no-routine-neonMagenta-1.0x-synthetic
02:49 +1885: C:/Users/Atharva Patil/Documents/projects/gymlog/test/upgrade/session_2_acceptance_render_test.dart: library-active-no-routine-neonMagenta-1.0x-synthetic
02:49 +1886: C:/Users/Atharva Patil/Documents/projects/gymlog/test/upgrade/session_2_acceptance_render_test.dart: home-active-error-neonMagenta-1.0x-synthetic
02:49 +1887: C:/Users/Atharva Patil/Documents/projects/gymlog/test/upgrade/session_2_acceptance_render_test.dart: library-active-error-neonMagenta-1.0x-synthetic
02:49 +1888: C:/Users/Atharva Patil/Documents/projects/gymlog/test/upgrade/session_2_acceptance_render_test.dart: home-active-deleted-choice-neonMagenta-1.0x-synthetic
02:49 +1889: C:/Users/Atharva Patil/Documents/projects/gymlog/test/upgrade/session_2_acceptance_render_test.dart: library-active-deleted-choice-neonMagenta-1.0x-synthetic
02:49 +1890: C:/Users/Atharva Patil/Documents/projects/gymlog/test/upgrade/session_2_acceptance_render_test.dart: home-active-empty-choice-neonMagenta-1.0x-synthetic
02:49 +1891: C:/Users/Atharva Patil/Documents/projects/gymlog/test/upgrade/session_2_acceptance_render_test.dart: library-active-empty-choice-neonMagenta-1.0x-synthetic
02:49 +1892: C:/Users/Atharva Patil/Documents/projects/gymlog/test/upgrade/session_2_acceptance_render_test.dart: home-active-choice-error-neonMagenta-1.0x-synthetic
02:49 +1893: C:/Users/Atharva Patil/Documents/projects/gymlog/test/upgrade/session_2_acceptance_render_test.dart: library-active-choice-error-neonMagenta-1.0x-synthetic
02:49 +1894: C:/Users/Atharva Patil/Documents/projects/gymlog/test/upgrade/session_2_acceptance_render_test.dart: home-chosen-neonMagenta-1.6x-synthetic
02:49 +1895: C:/Users/Atharva Patil/Documents/projects/gymlog/test/upgrade/session_2_acceptance_render_test.dart: library-chosen-neonMagenta-1.6x-synthetic
02:49 +1896: C:/Users/Atharva Patil/Documents/projects/gymlog/test/upgrade/session_2_acceptance_render_test.dart: home-no-choice-neonMagenta-1.6x-synthetic
02:50 +1897: C:/Users/Atharva Patil/Documents/projects/gymlog/test/upgrade/session_2_acceptance_render_test.dart: library-no-choice-neonMagenta-1.6x-synthetic
02:50 +1898: C:/Users/Atharva Patil/Documents/projects/gymlog/test/upgrade/session_2_acceptance_render_test.dart: home-deleted-choice-neonMagenta-1.6x-synthetic
02:50 +1899: C:/Users/Atharva Patil/Documents/projects/gymlog/test/upgrade/session_2_acceptance_render_test.dart: library-deleted-choice-neonMagenta-1.6x-synthetic
02:50 +1900: C:/Users/Atharva Patil/Documents/projects/gymlog/test/upgrade/session_2_acceptance_render_test.dart: home-empty-choice-neonMagenta-1.6x-synthetic
02:50 +1901: C:/Users/Atharva Patil/Documents/projects/gymlog/test/upgrade/session_2_acceptance_render_test.dart: library-empty-choice-neonMagenta-1.6x-synthetic
02:50 +1902: C:/Users/Atharva Patil/Documents/projects/gymlog/test/upgrade/session_2_acceptance_render_test.dart: home-new-user-neonMagenta-1.6x-synthetic
02:50 +1903: C:/Users/Atharva Patil/Documents/projects/gymlog/test/upgrade/session_2_acceptance_render_test.dart: library-new-user-neonMagenta-1.6x-synthetic
02:50 +1904: C:/Users/Atharva Patil/Documents/projects/gymlog/test/upgrade/session_2_acceptance_render_test.dart: home-no-routine-neonMagenta-1.6x-synthetic
02:50 +1905: C:/Users/Atharva Patil/Documents/projects/gymlog/test/upgrade/session_2_acceptance_render_test.dart: library-no-routine-neonMagenta-1.6x-synthetic
02:50 +1906: C:/Users/Atharva Patil/Documents/projects/gymlog/test/upgrade/session_2_acceptance_render_test.dart: home-inactive-return-neonMagenta-1.6x-synthetic
02:50 +1907: C:/Users/Atharva Patil/Documents/projects/gymlog/test/upgrade/session_2_acceptance_render_test.dart: library-inactive-return-neonMagenta-1.6x-synthetic
02:50 +1908: C:/Users/Atharva Patil/Documents/projects/gymlog/test/upgrade/session_2_acceptance_render_test.dart: home-low-data-neonMagenta-1.6x-synthetic
02:50 +1909: C:/Users/Atharva Patil/Documents/projects/gymlog/test/upgrade/session_2_acceptance_render_test.dart: library-low-data-neonMagenta-1.6x-synthetic
02:50 +1910: C:/Users/Atharva Patil/Documents/projects/gymlog/test/upgrade/session_2_acceptance_render_test.dart: home-error-neonMagenta-1.6x-synthetic
02:50 +1911: C:/Users/Atharva Patil/Documents/projects/gymlog/test/upgrade/session_2_acceptance_render_test.dart: library-error-neonMagenta-1.6x-synthetic
02:50 +1912: C:/Users/Atharva Patil/Documents/projects/gymlog/test/upgrade/session_2_acceptance_render_test.dart: home-previous-error-neonMagenta-1.6x-synthetic
02:51 +1913: C:/Users/Atharva Patil/Documents/projects/gymlog/test/upgrade/session_2_acceptance_render_test.dart: library-previous-error-neonMagenta-1.6x-synthetic
02:51 +1914: C:/Users/Atharva Patil/Documents/projects/gymlog/test/upgrade/session_2_acceptance_render_test.dart: home-choice-error-neonMagenta-1.6x-synthetic
02:51 +1915: C:/Users/Atharva Patil/Documents/projects/gymlog/test/upgrade/session_2_acceptance_render_test.dart: library-choice-error-neonMagenta-1.6x-synthetic
02:51 +1916: C:/Users/Atharva Patil/Documents/projects/gymlog/test/upgrade/session_2_acceptance_render_test.dart: home-loading-neonMagenta-1.6x-synthetic
02:51 +1917: C:/Users/Atharva Patil/Documents/projects/gymlog/test/upgrade/session_2_acceptance_render_test.dart: library-loading-neonMagenta-1.6x-synthetic
02:51 +1918: C:/Users/Atharva Patil/Documents/projects/gymlog/test/upgrade/session_2_acceptance_render_test.dart: home-active-chosen-neonMagenta-1.6x-synthetic
02:51 +1919: C:/Users/Atharva Patil/Documents/projects/gymlog/test/upgrade/session_2_acceptance_render_test.dart: library-active-chosen-neonMagenta-1.6x-synthetic
02:51 +1920: C:/Users/Atharva Patil/Documents/projects/gymlog/test/upgrade/session_2_acceptance_render_test.dart: home-active-no-choice-neonMagenta-1.6x-synthetic
02:51 +1921: C:/Users/Atharva Patil/Documents/projects/gymlog/test/upgrade/session_2_acceptance_render_test.dart: library-active-no-choice-neonMagenta-1.6x-synthetic
02:51 +1922: C:/Users/Atharva Patil/Documents/projects/gymlog/test/upgrade/session_2_acceptance_render_test.dart: home-active-no-routine-neonMagenta-1.6x-synthetic
02:51 +1923: C:/Users/Atharva Patil/Documents/projects/gymlog/test/upgrade/session_2_acceptance_render_test.dart: library-active-no-routine-neonMagenta-1.6x-synthetic
02:51 +1924: C:/Users/Atharva Patil/Documents/projects/gymlog/test/upgrade/session_2_acceptance_render_test.dart: home-active-error-neonMagenta-1.6x-synthetic
02:51 +1925: C:/Users/Atharva Patil/Documents/projects/gymlog/test/upgrade/session_2_acceptance_render_test.dart: library-active-error-neonMagenta-1.6x-synthetic
02:51 +1926: C:/Users/Atharva Patil/Documents/projects/gymlog/test/upgrade/session_2_acceptance_render_test.dart: home-active-deleted-choice-neonMagenta-1.6x-synthetic
02:51 +1927: C:/Users/Atharva Patil/Documents/projects/gymlog/test/upgrade/session_2_acceptance_render_test.dart: library-active-deleted-choice-neonMagenta-1.6x-synthetic
02:51 +1928: C:/Users/Atharva Patil/Documents/projects/gymlog/test/upgrade/session_2_acceptance_render_test.dart: home-active-empty-choice-neonMagenta-1.6x-synthetic
02:52 +1929: C:/Users/Atharva Patil/Documents/projects/gymlog/test/upgrade/session_2_acceptance_render_test.dart: library-active-empty-choice-neonMagenta-1.6x-synthetic
02:52 +1930: C:/Users/Atharva Patil/Documents/projects/gymlog/test/upgrade/session_2_acceptance_render_test.dart: home-active-choice-error-neonMagenta-1.6x-synthetic
02:52 +1931: C:/Users/Atharva Patil/Documents/projects/gymlog/test/upgrade/session_2_acceptance_render_test.dart: library-active-choice-error-neonMagenta-1.6x-synthetic
02:52 +1932: C:/Users/Atharva Patil/Documents/projects/gymlog/test/upgrade/session_2_acceptance_render_test.dart: home-chosen-blazeOrange-1.0x-synthetic
02:52 +1933: C:/Users/Atharva Patil/Documents/projects/gymlog/test/upgrade/session_2_acceptance_render_test.dart: library-chosen-blazeOrange-1.0x-synthetic
02:52 +1934: C:/Users/Atharva Patil/Documents/projects/gymlog/test/upgrade/session_2_acceptance_render_test.dart: home-no-choice-blazeOrange-1.0x-synthetic
02:52 +1935: C:/Users/Atharva Patil/Documents/projects/gymlog/test/upgrade/session_2_acceptance_render_test.dart: library-no-choice-blazeOrange-1.0x-synthetic
02:52 +1936: C:/Users/Atharva Patil/Documents/projects/gymlog/test/upgrade/session_2_acceptance_render_test.dart: home-deleted-choice-blazeOrange-1.0x-synthetic
02:52 +1937: C:/Users/Atharva Patil/Documents/projects/gymlog/test/upgrade/session_2_acceptance_render_test.dart: library-deleted-choice-blazeOrange-1.0x-synthetic
02:52 +1938: C:/Users/Atharva Patil/Documents/projects/gymlog/test/upgrade/session_2_acceptance_render_test.dart: home-empty-choice-blazeOrange-1.0x-synthetic
02:52 +1939: C:/Users/Atharva Patil/Documents/projects/gymlog/test/upgrade/session_2_acceptance_render_test.dart: library-empty-choice-blazeOrange-1.0x-synthetic
02:52 +1940: C:/Users/Atharva Patil/Documents/projects/gymlog/test/upgrade/session_2_acceptance_render_test.dart: home-new-user-blazeOrange-1.0x-synthetic
02:52 +1941: C:/Users/Atharva Patil/Documents/projects/gymlog/test/upgrade/session_2_acceptance_render_test.dart: library-new-user-blazeOrange-1.0x-synthetic
02:53 +1942: C:/Users/Atharva Patil/Documents/projects/gymlog/test/upgrade/session_2_acceptance_render_test.dart: home-no-routine-blazeOrange-1.0x-synthetic
02:53 +1943: C:/Users/Atharva Patil/Documents/projects/gymlog/test/upgrade/session_2_acceptance_render_test.dart: library-no-routine-blazeOrange-1.0x-synthetic
02:53 +1944: C:/Users/Atharva Patil/Documents/projects/gymlog/test/upgrade/session_2_acceptance_render_test.dart: home-inactive-return-blazeOrange-1.0x-synthetic
02:53 +1945: C:/Users/Atharva Patil/Documents/projects/gymlog/test/upgrade/session_2_acceptance_render_test.dart: library-inactive-return-blazeOrange-1.0x-synthetic
02:53 +1946: C:/Users/Atharva Patil/Documents/projects/gymlog/test/upgrade/session_2_acceptance_render_test.dart: home-low-data-blazeOrange-1.0x-synthetic
02:53 +1947: C:/Users/Atharva Patil/Documents/projects/gymlog/test/upgrade/session_2_acceptance_render_test.dart: library-low-data-blazeOrange-1.0x-synthetic
02:53 +1948: C:/Users/Atharva Patil/Documents/projects/gymlog/test/upgrade/session_2_acceptance_render_test.dart: home-error-blazeOrange-1.0x-synthetic
02:53 +1949: C:/Users/Atharva Patil/Documents/projects/gymlog/test/upgrade/session_2_acceptance_render_test.dart: library-error-blazeOrange-1.0x-synthetic
02:53 +1950: C:/Users/Atharva Patil/Documents/projects/gymlog/test/upgrade/session_2_acceptance_render_test.dart: home-previous-error-blazeOrange-1.0x-synthetic
02:53 +1951: C:/Users/Atharva Patil/Documents/projects/gymlog/test/upgrade/session_2_acceptance_render_test.dart: library-previous-error-blazeOrange-1.0x-synthetic
02:53 +1952: C:/Users/Atharva Patil/Documents/projects/gymlog/test/upgrade/session_2_acceptance_render_test.dart: home-choice-error-blazeOrange-1.0x-synthetic
02:53 +1953: C:/Users/Atharva Patil/Documents/projects/gymlog/test/upgrade/session_2_acceptance_render_test.dart: library-choice-error-blazeOrange-1.0x-synthetic
02:53 +1954: C:/Users/Atharva Patil/Documents/projects/gymlog/test/upgrade/session_2_acceptance_render_test.dart: home-loading-blazeOrange-1.0x-synthetic
02:53 +1955: C:/Users/Atharva Patil/Documents/projects/gymlog/test/upgrade/session_2_acceptance_render_test.dart: library-loading-blazeOrange-1.0x-synthetic
02:53 +1956: C:/Users/Atharva Patil/Documents/projects/gymlog/test/upgrade/session_2_acceptance_render_test.dart: home-active-chosen-blazeOrange-1.0x-synthetic
02:53 +1957: C:/Users/Atharva Patil/Documents/projects/gymlog/test/upgrade/session_2_acceptance_render_test.dart: library-active-chosen-blazeOrange-1.0x-synthetic
02:53 +1958: C:/Users/Atharva Patil/Documents/projects/gymlog/test/upgrade/session_2_acceptance_render_test.dart: home-active-no-choice-blazeOrange-1.0x-synthetic
02:53 +1959: C:/Users/Atharva Patil/Documents/projects/gymlog/test/upgrade/session_2_acceptance_render_test.dart: library-active-no-choice-blazeOrange-1.0x-synthetic
02:54 +1960: C:/Users/Atharva Patil/Documents/projects/gymlog/test/upgrade/session_2_acceptance_render_test.dart: home-active-no-routine-blazeOrange-1.0x-synthetic
02:54 +1961: C:/Users/Atharva Patil/Documents/projects/gymlog/test/upgrade/session_2_acceptance_render_test.dart: library-active-no-routine-blazeOrange-1.0x-synthetic
02:54 +1962: C:/Users/Atharva Patil/Documents/projects/gymlog/test/upgrade/session_2_acceptance_render_test.dart: home-active-error-blazeOrange-1.0x-synthetic
02:54 +1963: C:/Users/Atharva Patil/Documents/projects/gymlog/test/upgrade/session_2_acceptance_render_test.dart: library-active-error-blazeOrange-1.0x-synthetic
02:54 +1964: C:/Users/Atharva Patil/Documents/projects/gymlog/test/upgrade/session_2_acceptance_render_test.dart: home-active-deleted-choice-blazeOrange-1.0x-synthetic
02:54 +1965: C:/Users/Atharva Patil/Documents/projects/gymlog/test/upgrade/session_2_acceptance_render_test.dart: library-active-deleted-choice-blazeOrange-1.0x-synthetic
02:54 +1966: C:/Users/Atharva Patil/Documents/projects/gymlog/test/upgrade/session_2_acceptance_render_test.dart: home-active-empty-choice-blazeOrange-1.0x-synthetic
02:54 +1967: C:/Users/Atharva Patil/Documents/projects/gymlog/test/upgrade/session_2_acceptance_render_test.dart: library-active-empty-choice-blazeOrange-1.0x-synthetic
02:54 +1968: C:/Users/Atharva Patil/Documents/projects/gymlog/test/upgrade/session_2_acceptance_render_test.dart: home-active-choice-error-blazeOrange-1.0x-synthetic
02:54 +1969: C:/Users/Atharva Patil/Documents/projects/gymlog/test/upgrade/session_2_acceptance_render_test.dart: library-active-choice-error-blazeOrange-1.0x-synthetic
02:54 +1970: C:/Users/Atharva Patil/Documents/projects/gymlog/test/upgrade/session_2_acceptance_render_test.dart: home-chosen-blazeOrange-1.6x-synthetic
02:54 +1971: C:/Users/Atharva Patil/Documents/projects/gymlog/test/upgrade/session_2_acceptance_render_test.dart: library-chosen-blazeOrange-1.6x-synthetic
02:54 +1972: C:/Users/Atharva Patil/Documents/projects/gymlog/test/upgrade/session_2_acceptance_render_test.dart: home-no-choice-blazeOrange-1.6x-synthetic
02:55 +1973: C:/Users/Atharva Patil/Documents/projects/gymlog/test/upgrade/session_2_acceptance_render_test.dart: library-no-choice-blazeOrange-1.6x-synthetic
02:55 +1974: C:/Users/Atharva Patil/Documents/projects/gymlog/test/upgrade/session_2_acceptance_render_test.dart: home-deleted-choice-blazeOrange-1.6x-synthetic
02:55 +1975: C:/Users/Atharva Patil/Documents/projects/gymlog/test/upgrade/session_2_acceptance_render_test.dart: library-deleted-choice-blazeOrange-1.6x-synthetic
02:55 +1976: C:/Users/Atharva Patil/Documents/projects/gymlog/test/upgrade/session_2_acceptance_render_test.dart: home-empty-choice-blazeOrange-1.6x-synthetic
02:55 +1977: C:/Users/Atharva Patil/Documents/projects/gymlog/test/upgrade/session_2_acceptance_render_test.dart: library-empty-choice-blazeOrange-1.6x-synthetic
02:55 +1978: C:/Users/Atharva Patil/Documents/projects/gymlog/test/upgrade/session_2_acceptance_render_test.dart: home-new-user-blazeOrange-1.6x-synthetic
02:55 +1979: C:/Users/Atharva Patil/Documents/projects/gymlog/test/upgrade/session_2_acceptance_render_test.dart: library-new-user-blazeOrange-1.6x-synthetic
02:55 +1980: C:/Users/Atharva Patil/Documents/projects/gymlog/test/upgrade/session_2_acceptance_render_test.dart: home-no-routine-blazeOrange-1.6x-synthetic
02:55 +1981: C:/Users/Atharva Patil/Documents/projects/gymlog/test/upgrade/session_2_acceptance_render_test.dart: library-no-routine-blazeOrange-1.6x-synthetic
02:55 +1982: C:/Users/Atharva Patil/Documents/projects/gymlog/test/upgrade/session_2_acceptance_render_test.dart: home-inactive-return-blazeOrange-1.6x-synthetic
02:55 +1983: C:/Users/Atharva Patil/Documents/projects/gymlog/test/upgrade/session_2_acceptance_render_test.dart: library-inactive-return-blazeOrange-1.6x-synthetic
02:55 +1984: C:/Users/Atharva Patil/Documents/projects/gymlog/test/upgrade/session_2_acceptance_render_test.dart: home-low-data-blazeOrange-1.6x-synthetic
02:55 +1985: C:/Users/Atharva Patil/Documents/projects/gymlog/test/upgrade/session_2_acceptance_render_test.dart: library-low-data-blazeOrange-1.6x-synthetic
02:55 +1986: C:/Users/Atharva Patil/Documents/projects/gymlog/test/upgrade/session_2_acceptance_render_test.dart: home-error-blazeOrange-1.6x-synthetic
02:55 +1987: C:/Users/Atharva Patil/Documents/projects/gymlog/test/upgrade/session_2_acceptance_render_test.dart: library-error-blazeOrange-1.6x-synthetic
02:55 +1988: C:/Users/Atharva Patil/Documents/projects/gymlog/test/upgrade/session_2_acceptance_render_test.dart: home-previous-error-blazeOrange-1.6x-synthetic
02:56 +1989: C:/Users/Atharva Patil/Documents/projects/gymlog/test/upgrade/session_2_acceptance_render_test.dart: library-previous-error-blazeOrange-1.6x-synthetic
02:56 +1990: C:/Users/Atharva Patil/Documents/projects/gymlog/test/upgrade/session_2_acceptance_render_test.dart: home-choice-error-blazeOrange-1.6x-synthetic
02:56 +1991: C:/Users/Atharva Patil/Documents/projects/gymlog/test/upgrade/session_2_acceptance_render_test.dart: library-choice-error-blazeOrange-1.6x-synthetic
02:56 +1992: C:/Users/Atharva Patil/Documents/projects/gymlog/test/upgrade/session_2_acceptance_render_test.dart: home-loading-blazeOrange-1.6x-synthetic
02:56 +1993: C:/Users/Atharva Patil/Documents/projects/gymlog/test/upgrade/session_2_acceptance_render_test.dart: library-loading-blazeOrange-1.6x-synthetic
02:56 +1994: C:/Users/Atharva Patil/Documents/projects/gymlog/test/upgrade/session_2_acceptance_render_test.dart: home-active-chosen-blazeOrange-1.6x-synthetic
02:56 +1995: C:/Users/Atharva Patil/Documents/projects/gymlog/test/upgrade/session_2_acceptance_render_test.dart: library-active-chosen-blazeOrange-1.6x-synthetic
02:56 +1996: C:/Users/Atharva Patil/Documents/projects/gymlog/test/upgrade/session_2_acceptance_render_test.dart: home-active-no-choice-blazeOrange-1.6x-synthetic
02:56 +1997: C:/Users/Atharva Patil/Documents/projects/gymlog/test/upgrade/session_2_acceptance_render_test.dart: library-active-no-choice-blazeOrange-1.6x-synthetic
02:56 +1998: C:/Users/Atharva Patil/Documents/projects/gymlog/test/upgrade/session_2_acceptance_render_test.dart: home-active-no-routine-blazeOrange-1.6x-synthetic
02:56 +1999: C:/Users/Atharva Patil/Documents/projects/gymlog/test/upgrade/session_2_acceptance_render_test.dart: library-active-no-routine-blazeOrange-1.6x-synthetic
02:56 +2000: C:/Users/Atharva Patil/Documents/projects/gymlog/test/upgrade/session_2_acceptance_render_test.dart: home-active-error-blazeOrange-1.6x-synthetic
02:56 +2001: C:/Users/Atharva Patil/Documents/projects/gymlog/test/upgrade/session_2_acceptance_render_test.dart: library-active-error-blazeOrange-1.6x-synthetic
02:56 +2002: C:/Users/Atharva Patil/Documents/projects/gymlog/test/upgrade/session_2_acceptance_render_test.dart: home-active-deleted-choice-blazeOrange-1.6x-synthetic
02:56 +2003: C:/Users/Atharva Patil/Documents/projects/gymlog/test/upgrade/session_2_acceptance_render_test.dart: library-active-deleted-choice-blazeOrange-1.6x-synthetic
02:56 +2004: C:/Users/Atharva Patil/Documents/projects/gymlog/test/upgrade/session_2_acceptance_render_test.dart: home-active-empty-choice-blazeOrange-1.6x-synthetic
02:56 +2005: C:/Users/Atharva Patil/Documents/projects/gymlog/test/upgrade/session_2_acceptance_render_test.dart: library-active-empty-choice-blazeOrange-1.6x-synthetic
02:57 +2006: C:/Users/Atharva Patil/Documents/projects/gymlog/test/upgrade/session_2_acceptance_render_test.dart: home-active-choice-error-blazeOrange-1.6x-synthetic
02:57 +2007: C:/Users/Atharva Patil/Documents/projects/gymlog/test/upgrade/session_2_acceptance_render_test.dart: library-active-choice-error-blazeOrange-1.6x-synthetic
02:57 +2008: C:/Users/Atharva Patil/Documents/projects/gymlog/test/upgrade/session_2_acceptance_render_test.dart: (tearDownAll)
02:57 +2008: All tests passed!

âœ… verify passed - desired state is mechanically confirmed.
