Resolving dependencies...
Downloading packages...
  _fe_analyzer_shared 67.0.0 (108.0.0 available)
  alchemist 0.12.1 (0.14.0 available)
  analyzer 6.4.1 (14.4.0 available)
  analyzer_plugin 0.11.3 (0.14.17 available)
  app_links 7.1.1 (7.2.1 available)
  app_links_platform_interface 2.0.2 (2.0.4 available)
  archive 4.0.9 (4.3.0 available)
  build 2.4.1 (4.0.11 available)
  build_config 1.1.2 (1.3.3 available)
  build_daemon 4.1.1 (4.1.6 available)
  build_resolvers 2.4.2 (3.0.4 available)
  build_runner 2.4.13 (2.16.1 available)
  build_runner_core 7.3.2 (9.3.2 available)
  built_collection 5.1.1 (5.1.2 available)
  built_value 8.12.6 (8.13.0 available)
  cached_network_image 3.4.1 (4.0.4 available)
  cached_network_image_platform_interface 4.1.1 (5.0.3 available)
  cached_network_image_web 1.3.1 (2.0.3 available)
  cli_util 0.4.2 (0.6.0 available)
  clock 1.1.2 (1.1.3 available)
  code_assets 1.2.1 (2.1.0 available)
  code_builder 4.11.1 (4.12.0 available)
  connectivity_plus 7.1.1 (7.3.2 available)
  crop_your_image 2.0.0 (2.0.1 available)
  cross_file 0.3.5+2 (0.4.0 available)
  custom_lint 0.6.4 (0.8.1 available)
  custom_lint_builder 0.6.4 (0.8.1 available)
  custom_lint_core 0.6.3 (0.8.2 available)
  dart_style 2.3.6 (3.1.13 available)
  dbus 0.7.14 (0.8.0 available)
  drift 2.21.0 (2.35.1 available)
  drift_dev 2.21.2 (2.35.1 available)
  equatable 2.0.8 (3.0.0 available)
  file_picker 8.3.7 (13.1.0 available)
  file_selector_linux 0.9.4 (0.9.4+1 available)
  file_selector_macos 0.9.5 (0.9.5+1 available)
  file_selector_windows 0.9.3+5 (0.9.3+6 available)
  fl_chart 0.68.0 (1.2.0 available)
  flutter_cache_manager 3.4.1 (3.4.5 available)
  flutter_image_compress 2.4.0 (2.5.1 available)
  flutter_image_compress_common 1.0.6 (1.1.1 available)
  flutter_image_compress_macos 1.0.3 (1.1.0 available)
  flutter_image_compress_ohos 0.0.3 (0.0.3+1 available)
  flutter_image_compress_platform_interface 1.0.5 (1.1.0 available)
  flutter_image_compress_web 0.1.5 (0.1.5+1 available)
  flutter_lints 4.0.0 (6.0.0 available)
  flutter_local_notifications 22.1.0 (22.3.1 available)
  flutter_local_notifications_platform_interface 12.0.1 (12.2.0 available)
  flutter_riverpod 2.6.1 (3.4.3 available)
  flutter_secure_storage 9.2.4 (11.2.0 available)
  flutter_secure_storage_linux 1.2.3 (3.0.3 available)
  flutter_secure_storage_macos 3.1.3 (4.0.0 available)
  flutter_secure_storage_platform_interface 1.1.2 (2.1.1 available)
  flutter_secure_storage_web 1.2.1 (2.1.1 available)
  flutter_secure_storage_windows 3.1.2 (4.2.2 available)
  freezed 2.5.2 (4.0.2 available)
  freezed_annotation 2.4.4 (3.1.0 available)
  functions_client 2.6.0 (2.7.1 available)
  glob 2.1.3 (2.2.0 available)
  go_router 14.8.1 (18.0.2 available)
  google_fonts 6.3.3 (9.0.0 available)
  google_sign_in 6.3.0 (7.2.0 available)
  google_sign_in_android 6.2.1 (7.2.17 available)
  google_sign_in_ios 5.9.0 (6.3.6 available)
  google_sign_in_platform_interface 2.5.0 (3.1.0 available)
  google_sign_in_web 0.12.4+4 (1.1.3 available)
  gotrue 2.21.0 (2.27.2 available)
  hooks 2.0.2 (2.2.0 available)
  image 4.8.0 (4.10.1 available)
  image_picker 1.2.2 (1.2.3 available)
  image_picker_android 0.8.13+19 (0.8.13+23 available)
  image_picker_ios 0.8.13+6 (0.8.13+9 available)
  injector 3.0.0 (4.0.0 available)
  intl 0.19.0 (0.20.3 available)
  io 1.0.5 (1.1.0 available)
  jni 1.0.0 (1.1.0 available)
  jni_flutter 1.0.1 (1.0.3 available)
  js 0.6.7 (0.7.2 available)
  json_annotation 4.9.0 (4.12.0 available)
  json_serializable 6.8.0 (6.14.1 available)
  lints 4.0.0 (6.1.0 available)
  matcher 0.12.19 (0.12.20 available)
  material_color_utilities 0.13.0 (0.13.1 available)
  meta 1.18.0 (1.19.0 available)
  mime 2.0.0 (2.1.0 available)
  nm 0.5.0 (0.6.0 available)
  objective_c 9.4.1 (9.6.2 available)
  octo_image 2.1.0 (2.1.2 available)
  package_config 2.2.0 (3.0.0 available)
  package_info_plus 8.3.1 (10.2.2 available)
  package_info_plus_platform_interface 3.2.1 (4.1.0 available)
  path_provider 2.1.5 (2.1.6 available)
  path_provider_linux 2.2.1 (2.2.2 available)
  path_provider_platform_interface 2.1.2 (2.1.3 available)
  permission_handler 11.4.0 (13.0.2 available)
  permission_handler_android 12.1.0 (14.1.0 available)
  permission_handler_apple 9.5.0 (9.6.2 available)
  permission_handler_platform_interface 4.4.0 (4.4.1 available)
  petitparser 7.0.2 (7.1.0 available)
  platform 3.1.6 (3.2.0 available)
  pool 1.5.2 (1.5.3 available)
  posix 6.5.0 (6.5.2 available)
  postgrest 2.7.0 (2.9.1 available)
  process 5.0.5 (5.0.6 available)
  pub_semver 2.2.0 (2.2.1 available)
  pubspec_parse 1.5.0 (1.6.0 available)
  purchases_flutter 10.4.2 (10.14.0 available)
  realtime_client 2.7.3 (2.13.0 available)
  record_use 0.6.0 (1.1.1 available)
  riverpod 2.6.1 (3.4.3 available)
  riverpod_analyzer_utils 0.5.1 (0.5.10 available)
  riverpod_annotation 2.6.1 (4.0.7 available)
  riverpod_generator 2.4.0 (4.0.9 available)
  riverpod_lint 2.3.10 (3.1.9 available)
  rxdart 0.27.7 (0.28.0 available)
  sentry 8.14.2 (9.30.1 available)
  sentry_flutter 8.14.2 (9.30.1 available)
  share_plus 12.0.2 (13.3.1 available)
  share_plus_platform_interface 6.1.0 (7.2.0 available)
  shared_preferences_android 2.4.25 (2.4.28 available)
  shared_preferences_foundation 2.5.6 (2.5.7 available)
  shelf_web_socket 2.0.1 (3.0.0 available)
  source_gen 1.5.0 (4.3.0 available)
  source_helper 1.3.5 (1.3.13 available)
  sqflite 2.4.3 (2.4.4 available)
  sqflite_android 2.4.3 (2.4.4 available)
  sqflite_common 2.5.9 (2.5.13 available)
  sqflite_darwin 2.4.3 (2.4.4 available)
  sqflite_platform_interface 2.4.1 (2.4.2 available)
  sqlite3 2.9.4 (3.7.0 available)
  sqlite3_flutter_libs 0.5.42 (0.6.0+eol available)
  sqlparser 0.39.2 (0.45.0 available)
  stack_trace 1.12.1 (1.12.2 available)
  storage_client 2.5.5 (2.8.1 available)
  stream_transform 2.1.1 (2.1.2 available)
  supabase 2.12.1 (2.16.2 available)
  supabase_flutter 2.14.1 (2.18.0 available)
  synchronized 3.4.1 (3.4.2 available)
  test_api 0.7.11 (0.7.14 available)
  url_launcher_android 6.3.32 (6.3.33 available)
  url_launcher_ios 6.4.1 (6.4.2 available)
  url_launcher_linux 3.2.2 (3.2.3 available)
  url_launcher_macos 3.2.5 (3.2.6 available)
  url_launcher_windows 3.1.5 (3.1.6 available)
  uuid 4.5.3 (4.6.0 available)
  vector_graphics 1.2.2 (1.2.3 available)
  vector_graphics_compiler 1.2.6 (1.3.0 available)
  vector_math 2.2.0 (2.4.3 available)
  vm_service 15.2.0 (15.3.0 available)
  win32 5.15.0 (6.4.0 available)
  xml 6.6.1 (7.1.0 available)
  yaml 3.1.3 (3.1.4 available)
  yet_another_json_isolate 2.1.0 (2.1.1 available)
Got dependencies!
153 packages have newer versions incompatible with dependency constraints.
Try `flutter pub outdated` for more information.
00:00 +0: loading C:/Users/Atharva Patil/.codex/worktrees/session-3-options/gymlog/test/upgrade/home_routines_implemented_render_test.dart
00:00 +0: C:/Users/Atharva Patil/.codex/worktrees/session-3-options/gymlog/test/upgrade/home_routines_implemented_render_test.dart: (setUpAll)
00:00 +0: C:/Users/Atharva Patil/.codex/worktrees/session-3-options/gymlog/test/upgrade/home_routines_implemented_render_test.dart: home-completed-higgsfield-1.0x
00:02 +1: C:/Users/Atharva Patil/.codex/worktrees/session-3-options/gymlog/test/upgrade/session_2_acceptance_render_test.dart: home-chosen-higgsfield-1.0x-synthetic
00:03 +2: C:/Users/Atharva Patil/.codex/worktrees/session-3-options/gymlog/test/upgrade/session_2_acceptance_render_test.dart: home-chosen-higgsfield-1.0x-synthetic
00:04 +3: C:/Users/Atharva Patil/.codex/worktrees/session-3-options/gymlog/test/upgrade/session_2_acceptance_render_test.dart: home-chosen-higgsfield-1.0x-synthetic
00:04 +4: C:/Users/Atharva Patil/.codex/worktrees/session-3-options/gymlog/test/upgrade/session_2_acceptance_render_test.dart: home-chosen-higgsfield-1.0x-synthetic
00:04 +5: C:/Users/Atharva Patil/.codex/worktrees/session-3-options/gymlog/test/upgrade/session_2_acceptance_render_test.dart: home-chosen-higgsfield-1.0x-synthetic
00:05 +6: C:/Users/Atharva Patil/.codex/worktrees/session-3-options/gymlog/test/upgrade/session_2_acceptance_render_test.dart: home-chosen-higgsfield-1.0x-synthetic
00:05 +7: C:/Users/Atharva Patil/.codex/worktrees/session-3-options/gymlog/test/upgrade/home_routines_implemented_render_test.dart: override-keyboard-higgsfield-1.0x
00:05 +8: C:/Users/Atharva Patil/.codex/worktrees/session-3-options/gymlog/test/upgrade/home_routines_implemented_render_test.dart: override-keyboard-higgsfield-1.0x
00:05 +9: C:/Users/Atharva Patil/.codex/worktrees/session-3-options/gymlog/test/upgrade/session_2_acceptance_render_test.dart: home-no-choice-higgsfield-1.0x-synthetic
00:06 +10: C:/Users/Atharva Patil/.codex/worktrees/session-3-options/gymlog/test/upgrade/home_routines_implemented_render_test.dart: plan-keyboard-higgsfield-1.0x
00:06 +11: C:/Users/Atharva Patil/.codex/worktrees/session-3-options/gymlog/test/upgrade/session_2_acceptance_render_test.dart: library-no-choice-higgsfield-1.0x-synthetic
00:06 +12: C:/Users/Atharva Patil/.codex/worktrees/session-3-options/gymlog/test/upgrade/home_routines_implemented_render_test.dart: library-next-higgsfield-1.0x
00:07 +13: C:/Users/Atharva Patil/.codex/worktrees/session-3-options/gymlog/test/upgrade/session_2_acceptance_render_test.dart: home-deleted-choice-higgsfield-1.0x-synthetic
00:07 +14: C:/Users/Atharva Patil/.codex/worktrees/session-3-options/gymlog/test/upgrade/home_routines_implemented_render_test.dart: home-completed-higgsfield-1.6x
00:07 +15: C:/Users/Atharva Patil/.codex/worktrees/session-3-options/gymlog/test/upgrade/session_2_acceptance_render_test.dart: library-deleted-choice-higgsfield-1.0x-synthetic
00:07 +16: C:/Users/Atharva Patil/.codex/worktrees/session-3-options/gymlog/test/upgrade/home_routines_implemented_render_test.dart: home-long-name-higgsfield-1.6x
00:07 +17: C:/Users/Atharva Patil/.codex/worktrees/session-3-options/gymlog/test/upgrade/session_2_acceptance_render_test.dart: home-empty-choice-higgsfield-1.0x-synthetic
00:08 +18: C:/Users/Atharva Patil/.codex/worktrees/session-3-options/gymlog/test/upgrade/home_routines_implemented_render_test.dart: home-plan-repeat-higgsfield-1.6x
00:08 +19: C:/Users/Atharva Patil/.codex/worktrees/session-3-options/gymlog/test/upgrade/session_2_acceptance_render_test.dart: library-empty-choice-higgsfield-1.0x-synthetic
00:08 +20: C:/Users/Atharva Patil/.codex/worktrees/session-3-options/gymlog/test/upgrade/home_routines_implemented_render_test.dart: home-plan-empty-higgsfield-1.6x
00:08 +21: C:/Users/Atharva Patil/.codex/worktrees/session-3-options/gymlog/test/upgrade/home_routines_implemented_render_test.dart: home-plan-empty-higgsfield-1.6x
00:08 +22: C:/Users/Atharva Patil/.codex/worktrees/session-3-options/gymlog/test/upgrade/session_2_acceptance_render_test.dart: library-new-user-higgsfield-1.0x-synthetic
00:09 +23: C:/Users/Atharva Patil/.codex/worktrees/session-3-options/gymlog/test/upgrade/home_routines_implemented_render_test.dart: library-completed-higgsfield-1.6x
00:09 +24: C:/Users/Atharva Patil/.codex/worktrees/session-3-options/gymlog/test/upgrade/session_2_acceptance_render_test.dart: home-no-routine-higgsfield-1.0x-synthetic
00:09 +25: C:/Users/Atharva Patil/.codex/worktrees/session-3-options/gymlog/test/upgrade/home_routines_implemented_render_test.dart: library-long-name-higgsfield-1.6x
00:09 +26: C:/Users/Atharva Patil/.codex/worktrees/session-3-options/gymlog/test/upgrade/session_2_acceptance_render_test.dart: library-no-routine-higgsfield-1.0x-synthetic
00:09 +27: C:/Users/Atharva Patil/.codex/worktrees/session-3-options/gymlog/test/upgrade/home_routines_implemented_render_test.dart: override-keyboard-higgsfield-1.6x
00:10 +28: C:/Users/Atharva Patil/.codex/worktrees/session-3-options/gymlog/test/upgrade/session_2_acceptance_render_test.dart: home-inactive-return-higgsfield-1.0x-synthetic
00:10 +29: C:/Users/Atharva Patil/.codex/worktrees/session-3-options/gymlog/test/upgrade/home_routines_implemented_render_test.dart: plan-keyboard-higgsfield-1.6x
00:10 +30: C:/Users/Atharva Patil/.codex/worktrees/session-3-options/gymlog/test/upgrade/home_routines_implemented_render_test.dart: plan-keyboard-higgsfield-1.6x
00:10 +31: C:/Users/Atharva Patil/.codex/worktrees/session-3-options/gymlog/test/upgrade/session_2_acceptance_render_test.dart: home-low-data-higgsfield-1.0x-synthetic
00:10 +32: C:/Users/Atharva Patil/.codex/worktrees/session-3-options/gymlog/test/upgrade/home_routines_implemented_render_test.dart: library-next-higgsfield-1.6x
00:10 +33: C:/Users/Atharva Patil/.codex/worktrees/session-3-options/gymlog/test/upgrade/session_2_acceptance_render_test.dart: library-low-data-higgsfield-1.0x-synthetic
00:10 +34: C:/Users/Atharva Patil/.codex/worktrees/session-3-options/gymlog/test/upgrade/home_routines_implemented_render_test.dart: home-completed-higgsfield-2.0x
00:11 +35: C:/Users/Atharva Patil/.codex/worktrees/session-3-options/gymlog/test/upgrade/session_2_acceptance_render_test.dart: home-error-higgsfield-1.0x-synthetic
00:11 +36: C:/Users/Atharva Patil/.codex/worktrees/session-3-options/gymlog/test/upgrade/home_routines_implemented_render_test.dart: home-long-name-higgsfield-2.0x
00:11 +37: C:/Users/Atharva Patil/.codex/worktrees/session-3-options/gymlog/test/upgrade/session_2_acceptance_render_test.dart: library-error-higgsfield-1.0x-synthetic
00:11 +38: C:/Users/Atharva Patil/.codex/worktrees/session-3-options/gymlog/test/upgrade/home_routines_implemented_render_test.dart: home-plan-repeat-higgsfield-2.0x
00:11 +39: C:/Users/Atharva Patil/.codex/worktrees/session-3-options/gymlog/test/upgrade/home_routines_implemented_render_test.dart: home-plan-repeat-higgsfield-2.0x
00:11 +40: C:/Users/Atharva Patil/.codex/worktrees/session-3-options/gymlog/test/upgrade/session_2_acceptance_render_test.dart: library-previous-error-higgsfield-1.0x-synthetic
00:12 +41: C:/Users/Atharva Patil/.codex/worktrees/session-3-options/gymlog/test/upgrade/home_routines_implemented_render_test.dart: home-plan-empty-higgsfield-2.0x
00:12 +42: C:/Users/Atharva Patil/.codex/worktrees/session-3-options/gymlog/test/upgrade/session_2_acceptance_render_test.dart: home-choice-error-higgsfield-1.0x-synthetic
00:12 +43: C:/Users/Atharva Patil/.codex/worktrees/session-3-options/gymlog/test/upgrade/home_routines_implemented_render_test.dart: home-last-error-higgsfield-2.0x
00:12 +44: C:/Users/Atharva Patil/.codex/worktrees/session-3-options/gymlog/test/upgrade/session_2_acceptance_render_test.dart: library-choice-error-higgsfield-1.0x-synthetic
00:12 +45: C:/Users/Atharva Patil/.codex/worktrees/session-3-options/gymlog/test/upgrade/home_routines_implemented_render_test.dart: home-last-older-higgsfield-2.0x
00:12 +46: C:/Users/Atharva Patil/.codex/worktrees/session-3-options/gymlog/test/upgrade/session_2_acceptance_render_test.dart: home-loading-higgsfield-1.0x-synthetic
00:13 +47: C:/Users/Atharva Patil/.codex/worktrees/session-3-options/gymlog/test/upgrade/home_routines_implemented_render_test.dart: home-repeat-committed-higgsfield-2.0x
00:13 +48: C:/Users/Atharva Patil/.codex/worktrees/session-3-options/gymlog/test/upgrade/home_routines_implemented_render_test.dart: home-repeat-committed-higgsfield-2.0x
00:13 +49: C:/Users/Atharva Patil/.codex/worktrees/session-3-options/gymlog/test/upgrade/session_2_acceptance_render_test.dart: home-active-chosen-higgsfield-1.0x-synthetic
00:13 +50: C:/Users/Atharva Patil/.codex/worktrees/session-3-options/gymlog/test/upgrade/home_routines_implemented_render_test.dart: home-repeat-canceled-higgsfield-2.0x
00:14 +51: C:/Users/Atharva Patil/.codex/worktrees/session-3-options/gymlog/test/upgrade/session_2_acceptance_render_test.dart: library-active-chosen-higgsfield-1.0x-synthetic
00:14 +52: C:/Users/Atharva Patil/.codex/worktrees/session-3-options/gymlog/test/upgrade/home_routines_implemented_render_test.dart: home-plan-saving-higgsfield-2.0x
00:14 +53: C:/Users/Atharva Patil/.codex/worktrees/session-3-options/gymlog/test/upgrade/home_routines_implemented_render_test.dart: home-plan-saving-higgsfield-2.0x
00:14 +54: C:/Users/Atharva Patil/.codex/worktrees/session-3-options/gymlog/test/upgrade/session_2_acceptance_render_test.dart: library-active-no-choice-higgsfield-1.0x-synthetic
00:15 +55: C:/Users/Atharva Patil/.codex/worktrees/session-3-options/gymlog/test/upgrade/home_routines_implemented_render_test.dart: home-plan-save-error-higgsfield-2.0x
00:15 +56: C:/Users/Atharva Patil/.codex/worktrees/session-3-options/gymlog/test/upgrade/session_2_acceptance_render_test.dart: home-active-no-routine-higgsfield-1.0x-synthetic
00:15 +57: C:/Users/Atharva Patil/.codex/worktrees/session-3-options/gymlog/test/upgrade/home_routines_implemented_render_test.dart: home-empty-next-higgsfield-2.0x
00:15 +58: C:/Users/Atharva Patil/.codex/worktrees/session-3-options/gymlog/test/upgrade/session_2_acceptance_render_test.dart: library-active-no-routine-higgsfield-1.0x-synthetic
00:15 +59: C:/Users/Atharva Patil/.codex/worktrees/session-3-options/gymlog/test/upgrade/home_routines_implemented_render_test.dart: home-ready-higgsfield-2.0x
00:16 +60: C:/Users/Atharva Patil/.codex/worktrees/session-3-options/gymlog/test/upgrade/session_2_acceptance_render_test.dart: home-active-error-higgsfield-1.0x-synthetic
00:16 +61: C:/Users/Atharva Patil/.codex/worktrees/session-3-options/gymlog/test/upgrade/home_routines_implemented_render_test.dart: home-empty-higgsfield-2.0x
00:16 +62: C:/Users/Atharva Patil/.codex/worktrees/session-3-options/gymlog/test/upgrade/session_2_acceptance_render_test.dart: library-active-error-higgsfield-1.0x-synthetic
00:16 +63: C:/Users/Atharva Patil/.codex/worktrees/session-3-options/gymlog/test/upgrade/home_routines_implemented_render_test.dart: home-error-higgsfield-2.0x
00:16 +64: C:/Users/Atharva Patil/.codex/worktrees/session-3-options/gymlog/test/upgrade/session_2_acceptance_render_test.dart: home-active-deleted-choice-higgsfield-1.0x-synthetic
00:16 +65: C:/Users/Atharva Patil/.codex/worktrees/session-3-options/gymlog/test/upgrade/home_routines_implemented_render_test.dart: home-active-higgsfield-2.0x
00:17 +66: C:/Users/Atharva Patil/.codex/worktrees/session-3-options/gymlog/test/upgrade/session_2_acceptance_render_test.dart: library-active-deleted-choice-higgsfield-1.0x-synthetic
00:17 +67: C:/Users/Atharva Patil/.codex/worktrees/session-3-options/gymlog/test/upgrade/home_routines_implemented_render_test.dart: library-completed-higgsfield-2.0x
00:17 +68: C:/Users/Atharva Patil/.codex/worktrees/session-3-options/gymlog/test/upgrade/session_2_acceptance_render_test.dart: home-active-empty-choice-higgsfield-1.0x-synthetic
00:17 +69: C:/Users/Atharva Patil/.codex/worktrees/session-3-options/gymlog/test/upgrade/home_routines_implemented_render_test.dart: library-long-name-higgsfield-2.0x
00:17 +70: C:/Users/Atharva Patil/.codex/worktrees/session-3-options/gymlog/test/upgrade/session_2_acceptance_render_test.dart: library-active-empty-choice-higgsfield-1.0x-synthetic
00:17 +71: C:/Users/Atharva Patil/.codex/worktrees/session-3-options/gymlog/test/upgrade/home_routines_implemented_render_test.dart: library-plan-error-higgsfield-2.0x
00:17 +72: C:/Users/Atharva Patil/.codex/worktrees/session-3-options/gymlog/test/upgrade/session_2_acceptance_render_test.dart: home-active-choice-error-higgsfield-1.0x-synthetic
00:18 +73: C:/Users/Atharva Patil/.codex/worktrees/session-3-options/gymlog/test/upgrade/home_routines_implemented_render_test.dart: library-ready-higgsfield-2.0x
00:18 +74: C:/Users/Atharva Patil/.codex/worktrees/session-3-options/gymlog/test/upgrade/session_2_acceptance_render_test.dart: library-active-choice-error-higgsfield-1.0x-synthetic
00:18 +75: C:/Users/Atharva Patil/.codex/worktrees/session-3-options/gymlog/test/upgrade/session_2_acceptance_render_test.dart: library-active-choice-error-higgsfield-1.0x-synthetic
00:18 +76: C:/Users/Atharva Patil/.codex/worktrees/session-3-options/gymlog/test/upgrade/home_routines_implemented_render_test.dart: library-error-higgsfield-2.0x
00:18 +77: C:/Users/Atharva Patil/.codex/worktrees/session-3-options/gymlog/test/upgrade/session_2_acceptance_render_test.dart: home-chosen-higgsfield-1.6x-synthetic
00:18 +78: C:/Users/Atharva Patil/.codex/worktrees/session-3-options/gymlog/test/upgrade/session_2_acceptance_render_test.dart: home-chosen-higgsfield-1.6x-synthetic
00:19 +79: C:/Users/Atharva Patil/.codex/worktrees/session-3-options/gymlog/test/upgrade/session_2_acceptance_render_test.dart: home-chosen-higgsfield-1.6x-synthetic
00:20 +80: C:/Users/Atharva Patil/.codex/worktrees/session-3-options/gymlog/test/upgrade/session_2_acceptance_render_test.dart: home-chosen-higgsfield-1.6x-synthetic
00:20 +81: C:/Users/Atharva Patil/.codex/worktrees/session-3-options/gymlog/test/upgrade/home_routines_implemented_render_test.dart: library-next-higgsfield-2.0x
00:20 +82: C:/Users/Atharva Patil/.codex/worktrees/session-3-options/gymlog/test/upgrade/session_2_acceptance_render_test.dart: library-chosen-higgsfield-1.6x-synthetic
00:20 +83: C:/Users/Atharva Patil/.codex/worktrees/session-3-options/gymlog/test/upgrade/session_2_acceptance_render_test.dart: library-chosen-higgsfield-1.6x-synthetic
00:20 +84: C:/Users/Atharva Patil/.codex/worktrees/session-3-options/gymlog/test/upgrade/session_2_acceptance_render_test.dart: library-chosen-higgsfield-1.6x-synthetic
00:20 +85: C:/Users/Atharva Patil/.codex/worktrees/session-3-options/gymlog/test/upgrade/home_routines_implemented_render_test.dart: home-narrow-ready-higgsfield-2.0x
00:21 +86: C:/Users/Atharva Patil/.codex/worktrees/session-3-options/gymlog/test/upgrade/session_2_acceptance_render_test.dart: home-no-choice-higgsfield-1.6x-synthetic
00:21 +87: C:/Users/Atharva Patil/.codex/worktrees/session-3-options/gymlog/test/upgrade/home_routines_implemented_render_test.dart: library-narrow-ready-higgsfield-2.0x
00:21 +88: C:/Users/Atharva Patil/.codex/worktrees/session-3-options/gymlog/test/upgrade/session_2_acceptance_render_test.dart: library-no-choice-higgsfield-1.6x-synthetic
00:21 +89: C:/Users/Atharva Patil/.codex/worktrees/session-3-options/gymlog/test/upgrade/home_routines_implemented_render_test.dart: home-completed-neonPurple-1.0x
00:21 +90: C:/Users/Atharva Patil/.codex/worktrees/session-3-options/gymlog/test/upgrade/session_2_acceptance_render_test.dart: home-deleted-choice-higgsfield-1.6x-synthetic
00:21 +91: C:/Users/Atharva Patil/.codex/worktrees/session-3-options/gymlog/test/upgrade/home_routines_implemented_render_test.dart: home-long-name-neonPurple-1.0x
00:21 +92: C:/Users/Atharva Patil/.codex/worktrees/session-3-options/gymlog/test/upgrade/session_2_acceptance_render_test.dart: library-deleted-choice-higgsfield-1.6x-synthetic
00:22 +93: C:/Users/Atharva Patil/.codex/worktrees/session-3-options/gymlog/test/upgrade/home_routines_implemented_render_test.dart: home-plan-repeat-neonPurple-1.0x
00:22 +94: C:/Users/Atharva Patil/.codex/worktrees/session-3-options/gymlog/test/upgrade/session_2_acceptance_render_test.dart: home-empty-choice-higgsfield-1.6x-synthetic
00:22 +95: C:/Users/Atharva Patil/.codex/worktrees/session-3-options/gymlog/test/upgrade/home_routines_implemented_render_test.dart: home-plan-empty-neonPurple-1.0x
00:22 +96: C:/Users/Atharva Patil/.codex/worktrees/session-3-options/gymlog/test/upgrade/session_2_acceptance_render_test.dart: library-empty-choice-higgsfield-1.6x-synthetic
00:22 +97: C:/Users/Atharva Patil/.codex/worktrees/session-3-options/gymlog/test/upgrade/home_routines_implemented_render_test.dart: library-completed-neonPurple-1.0x
00:22 +98: C:/Users/Atharva Patil/.codex/worktrees/session-3-options/gymlog/test/upgrade/session_2_acceptance_render_test.dart: home-new-user-higgsfield-1.6x-synthetic
00:22 +99: C:/Users/Atharva Patil/.codex/worktrees/session-3-options/gymlog/test/upgrade/home_routines_implemented_render_test.dart: library-long-name-neonPurple-1.0x
00:23 +100: C:/Users/Atharva Patil/.codex/worktrees/session-3-options/gymlog/test/upgrade/home_routines_implemented_render_test.dart: library-long-name-neonPurple-1.0x
00:23 +101: C:/Users/Atharva Patil/.codex/worktrees/session-3-options/gymlog/test/upgrade/session_2_acceptance_render_test.dart: home-no-routine-higgsfield-1.6x-synthetic
00:23 +102: C:/Users/Atharva Patil/.codex/worktrees/session-3-options/gymlog/test/upgrade/home_routines_implemented_render_test.dart: override-keyboard-neonPurple-1.0x
00:23 +103: C:/Users/Atharva Patil/.codex/worktrees/session-3-options/gymlog/test/upgrade/session_2_acceptance_render_test.dart: library-no-routine-higgsfield-1.6x-synthetic
00:23 +104: C:/Users/Atharva Patil/.codex/worktrees/session-3-options/gymlog/test/upgrade/home_routines_implemented_render_test.dart: plan-keyboard-neonPurple-1.0x
00:23 +105: C:/Users/Atharva Patil/.codex/worktrees/session-3-options/gymlog/test/upgrade/home_routines_implemented_render_test.dart: plan-keyboard-neonPurple-1.0x
00:23 +106: C:/Users/Atharva Patil/.codex/worktrees/session-3-options/gymlog/test/upgrade/session_2_acceptance_render_test.dart: library-inactive-return-higgsfield-1.6x-synthetic
00:24 +107: C:/Users/Atharva Patil/.codex/worktrees/session-3-options/gymlog/test/upgrade/home_routines_implemented_render_test.dart: library-next-neonPurple-1.0x
00:24 +108: C:/Users/Atharva Patil/.codex/worktrees/session-3-options/gymlog/test/upgrade/session_2_acceptance_render_test.dart: home-low-data-higgsfield-1.6x-synthetic
00:24 +109: C:/Users/Atharva Patil/.codex/worktrees/session-3-options/gymlog/test/upgrade/home_routines_implemented_render_test.dart: home-completed-neonPurple-1.6x
00:24 +110: C:/Users/Atharva Patil/.codex/worktrees/session-3-options/gymlog/test/upgrade/session_2_acceptance_render_test.dart: library-low-data-higgsfield-1.6x-synthetic
00:24 +111: C:/Users/Atharva Patil/.codex/worktrees/session-3-options/gymlog/test/upgrade/home_routines_implemented_render_test.dart: home-long-name-neonPurple-1.6x
00:24 +112: C:/Users/Atharva Patil/.codex/worktrees/session-3-options/gymlog/test/upgrade/session_2_acceptance_render_test.dart: home-error-higgsfield-1.6x-synthetic
00:24 +113: C:/Users/Atharva Patil/.codex/worktrees/session-3-options/gymlog/test/upgrade/home_routines_implemented_render_test.dart: home-plan-repeat-neonPurple-1.6x
00:25 +114: C:/Users/Atharva Patil/.codex/worktrees/session-3-options/gymlog/test/upgrade/home_routines_implemented_render_test.dart: home-plan-repeat-neonPurple-1.6x
00:25 +115: C:/Users/Atharva Patil/.codex/worktrees/session-3-options/gymlog/test/upgrade/session_2_acceptance_render_test.dart: home-previous-error-higgsfield-1.6x-synthetic
00:25 +116: C:/Users/Atharva Patil/.codex/worktrees/session-3-options/gymlog/test/upgrade/home_routines_implemented_render_test.dart: home-plan-empty-neonPurple-1.6x
00:25 +117: C:/Users/Atharva Patil/.codex/worktrees/session-3-options/gymlog/test/upgrade/session_2_acceptance_render_test.dart: library-previous-error-higgsfield-1.6x-synthetic
00:25 +118: C:/Users/Atharva Patil/.codex/worktrees/session-3-options/gymlog/test/upgrade/session_2_acceptance_render_test.dart: library-previous-error-higgsfield-1.6x-synthetic
00:25 +119: C:/Users/Atharva Patil/.codex/worktrees/session-3-options/gymlog/test/upgrade/home_routines_implemented_render_test.dart: library-long-name-neonPurple-1.6x
00:25 +120: C:/Users/Atharva Patil/.codex/worktrees/session-3-options/gymlog/test/upgrade/session_2_acceptance_render_test.dart: home-choice-error-higgsfield-1.6x-synthetic
00:25 +121: C:/Users/Atharva Patil/.codex/worktrees/session-3-options/gymlog/test/upgrade/home_routines_implemented_render_test.dart: override-keyboard-neonPurple-1.6x
00:26 +122: C:/Users/Atharva Patil/.codex/worktrees/session-3-options/gymlog/test/upgrade/home_routines_implemented_render_test.dart: override-keyboard-neonPurple-1.6x
00:26 +123: C:/Users/Atharva Patil/.codex/worktrees/session-3-options/gymlog/test/upgrade/session_2_acceptance_render_test.dart: home-loading-higgsfield-1.6x-synthetic
00:26 +124: C:/Users/Atharva Patil/.codex/worktrees/session-3-options/gymlog/test/upgrade/home_routines_implemented_render_test.dart: plan-keyboard-neonPurple-1.6x
00:26 +125: C:/Users/Atharva Patil/.codex/worktrees/session-3-options/gymlog/test/upgrade/session_2_acceptance_render_test.dart: library-loading-higgsfield-1.6x-synthetic
00:27 +126: C:/Users/Atharva Patil/.codex/worktrees/session-3-options/gymlog/test/upgrade/home_routines_implemented_render_test.dart: library-next-neonPurple-1.6x
00:27 +127: C:/Users/Atharva Patil/.codex/worktrees/session-3-options/gymlog/test/upgrade/session_2_acceptance_render_test.dart: home-active-chosen-higgsfield-1.6x-synthetic
00:27 +128: C:/Users/Atharva Patil/.codex/worktrees/session-3-options/gymlog/test/upgrade/home_routines_implemented_render_test.dart: home-completed-neonPurple-2.0x
00:27 +129: C:/Users/Atharva Patil/.codex/worktrees/session-3-options/gymlog/test/upgrade/session_2_acceptance_render_test.dart: library-active-chosen-higgsfield-1.6x-synthetic
00:27 +130: C:/Users/Atharva Patil/.codex/worktrees/session-3-options/gymlog/test/upgrade/home_routines_implemented_render_test.dart: home-long-name-neonPurple-2.0x
00:27 +131: C:/Users/Atharva Patil/.codex/worktrees/session-3-options/gymlog/test/upgrade/session_2_acceptance_render_test.dart: home-active-no-choice-higgsfield-1.6x-synthetic
00:27 +132: C:/Users/Atharva Patil/.codex/worktrees/session-3-options/gymlog/test/upgrade/home_routines_implemented_render_test.dart: home-plan-repeat-neonPurple-2.0x
00:28 +133: C:/Users/Atharva Patil/.codex/worktrees/session-3-options/gymlog/test/upgrade/home_routines_implemented_render_test.dart: home-plan-repeat-neonPurple-2.0x
00:28 +134: C:/Users/Atharva Patil/.codex/worktrees/session-3-options/gymlog/test/upgrade/session_2_acceptance_render_test.dart: home-active-no-routine-higgsfield-1.6x-synthetic
00:28 +135: C:/Users/Atharva Patil/.codex/worktrees/session-3-options/gymlog/test/upgrade/home_routines_implemented_render_test.dart: home-plan-empty-neonPurple-2.0x
00:28 +136: C:/Users/Atharva Patil/.codex/worktrees/session-3-options/gymlog/test/upgrade/session_2_acceptance_render_test.dart: library-active-no-routine-higgsfield-1.6x-synthetic
00:28 +137: C:/Users/Atharva Patil/.codex/worktrees/session-3-options/gymlog/test/upgrade/home_routines_implemented_render_test.dart: home-last-error-neonPurple-2.0x
00:28 +138: C:/Users/Atharva Patil/.codex/worktrees/session-3-options/gymlog/test/upgrade/session_2_acceptance_render_test.dart: home-active-error-higgsfield-1.6x-synthetic
00:29 +139: C:/Users/Atharva Patil/.codex/worktrees/session-3-options/gymlog/test/upgrade/home_routines_implemented_render_test.dart: home-last-older-neonPurple-2.0x
00:29 +140: C:/Users/Atharva Patil/.codex/worktrees/session-3-options/gymlog/test/upgrade/session_2_acceptance_render_test.dart: library-active-error-higgsfield-1.6x-synthetic
00:29 +141: C:/Users/Atharva Patil/.codex/worktrees/session-3-options/gymlog/test/upgrade/home_routines_implemented_render_test.dart: home-repeat-committed-neonPurple-2.0x
00:29 +142: C:/Users/Atharva Patil/.codex/worktrees/session-3-options/gymlog/test/upgrade/home_routines_implemented_render_test.dart: home-repeat-committed-neonPurple-2.0x
00:29 +143: C:/Users/Atharva Patil/.codex/worktrees/session-3-options/gymlog/test/upgrade/session_2_acceptance_render_test.dart: library-active-deleted-choice-higgsfield-1.6x-synthetic
00:30 +144: C:/Users/Atharva Patil/.codex/worktrees/session-3-options/gymlog/test/upgrade/home_routines_implemented_render_test.dart: home-repeat-canceled-neonPurple-2.0x
00:30 +145: C:/Users/Atharva Patil/.codex/worktrees/session-3-options/gymlog/test/upgrade/session_2_acceptance_render_test.dart: home-active-empty-choice-higgsfield-1.6x-synthetic
00:30 +146: C:/Users/Atharva Patil/.codex/worktrees/session-3-options/gymlog/test/upgrade/home_routines_implemented_render_test.dart: home-plan-saving-neonPurple-2.0x
00:30 +147: C:/Users/Atharva Patil/.codex/worktrees/session-3-options/gymlog/test/upgrade/home_routines_implemented_render_test.dart: home-plan-saving-neonPurple-2.0x
00:30 +148: C:/Users/Atharva Patil/.codex/worktrees/session-3-options/gymlog/test/upgrade/session_2_acceptance_render_test.dart: home-active-choice-error-higgsfield-1.6x-synthetic
00:30 +149: C:/Users/Atharva Patil/.codex/worktrees/session-3-options/gymlog/test/upgrade/home_routines_implemented_render_test.dart: home-plan-save-error-neonPurple-2.0x
00:30 +150: C:/Users/Atharva Patil/.codex/worktrees/session-3-options/gymlog/test/upgrade/session_2_acceptance_render_test.dart: library-active-choice-error-higgsfield-1.6x-synthetic
00:31 +151: C:/Users/Atharva Patil/.codex/worktrees/session-3-options/gymlog/test/upgrade/home_routines_implemented_render_test.dart: home-empty-next-neonPurple-2.0x
00:31 +152: C:/Users/Atharva Patil/.codex/worktrees/session-3-options/gymlog/test/upgrade/session_2_acceptance_render_test.dart: home-chosen-neonPurple-1.0x-synthetic
00:31 +153: C:/Users/Atharva Patil/.codex/worktrees/session-3-options/gymlog/test/upgrade/session_2_acceptance_render_test.dart: home-chosen-neonPurple-1.0x-synthetic
00:31 +154: C:/Users/Atharva Patil/.codex/worktrees/session-3-options/gymlog/test/upgrade/session_2_acceptance_render_test.dart: home-chosen-neonPurple-1.0x-synthetic
00:31 +155: C:/Users/Atharva Patil/.codex/worktrees/session-3-options/gymlog/test/upgrade/session_2_acceptance_render_test.dart: home-chosen-neonPurple-1.0x-synthetic
00:32 +156: C:/Users/Atharva Patil/.codex/worktrees/session-3-options/gymlog/test/upgrade/session_2_acceptance_render_test.dart: home-chosen-neonPurple-1.0x-synthetic
00:32 +157: C:/Users/Atharva Patil/.codex/worktrees/session-3-options/gymlog/test/upgrade/session_2_acceptance_render_test.dart: home-chosen-neonPurple-1.0x-synthetic
00:32 +158: C:/Users/Atharva Patil/.codex/worktrees/session-3-options/gymlog/test/upgrade/home_routines_implemented_render_test.dart: library-long-name-neonPurple-2.0x
00:32 +159: C:/Users/Atharva Patil/.codex/worktrees/session-3-options/gymlog/test/upgrade/session_2_acceptance_render_test.dart: library-chosen-neonPurple-1.0x-synthetic
00:32 +160: C:/Users/Atharva Patil/.codex/worktrees/session-3-options/gymlog/test/upgrade/home_routines_implemented_render_test.dart: library-plan-error-neonPurple-2.0x
00:32 +161: C:/Users/Atharva Patil/.codex/worktrees/session-3-options/gymlog/test/upgrade/session_2_acceptance_render_test.dart: home-no-choice-neonPurple-1.0x-synthetic
00:33 +162: C:/Users/Atharva Patil/.codex/worktrees/session-3-options/gymlog/test/upgrade/session_2_acceptance_render_test.dart: home-no-choice-neonPurple-1.0x-synthetic
00:33 +163: C:/Users/Atharva Patil/.codex/worktrees/session-3-options/gymlog/test/upgrade/home_routines_implemented_render_test.dart: library-empty-neonPurple-2.0x
00:33 +164: C:/Users/Atharva Patil/.codex/worktrees/session-3-options/gymlog/test/upgrade/session_2_acceptance_render_test.dart: library-no-choice-neonPurple-1.0x-synthetic
00:33 +165: C:/Users/Atharva Patil/.codex/worktrees/session-3-options/gymlog/test/upgrade/home_routines_implemented_render_test.dart: library-error-neonPurple-2.0x
00:33 +166: C:/Users/Atharva Patil/.codex/worktrees/session-3-options/gymlog/test/upgrade/session_2_acceptance_render_test.dart: home-deleted-choice-neonPurple-1.0x-synthetic
00:33 +167: C:/Users/Atharva Patil/.codex/worktrees/session-3-options/gymlog/test/upgrade/home_routines_implemented_render_test.dart: library-active-neonPurple-2.0x
00:33 +168: C:/Users/Atharva Patil/.codex/worktrees/session-3-options/gymlog/test/upgrade/session_2_acceptance_render_test.dart: library-deleted-choice-neonPurple-1.0x-synthetic
00:34 +169: C:/Users/Atharva Patil/.codex/worktrees/session-3-options/gymlog/test/upgrade/home_routines_implemented_render_test.dart: override-keyboard-neonPurple-2.0x
00:34 +170: C:/Users/Atharva Patil/.codex/worktrees/session-3-options/gymlog/test/upgrade/session_2_acceptance_render_test.dart: home-empty-choice-neonPurple-1.0x-synthetic
00:34 +171: C:/Users/Atharva Patil/.codex/worktrees/session-3-options/gymlog/test/upgrade/home_routines_implemented_render_test.dart: plan-keyboard-neonPurple-2.0x
00:34 +172: C:/Users/Atharva Patil/.codex/worktrees/session-3-options/gymlog/test/upgrade/session_2_acceptance_render_test.dart: library-empty-choice-neonPurple-1.0x-synthetic
00:34 +173: C:/Users/Atharva Patil/.codex/worktrees/session-3-options/gymlog/test/upgrade/home_routines_implemented_render_test.dart: library-next-neonPurple-2.0x
00:34 +174: C:/Users/Atharva Patil/.codex/worktrees/session-3-options/gymlog/test/upgrade/session_2_acceptance_render_test.dart: home-new-user-neonPurple-1.0x-synthetic
00:34 +175: C:/Users/Atharva Patil/.codex/worktrees/session-3-options/gymlog/test/upgrade/home_routines_implemented_render_test.dart: home-narrow-ready-neonPurple-1.0x
00:35 +176: C:/Users/Atharva Patil/.codex/worktrees/session-3-options/gymlog/test/upgrade/session_2_acceptance_render_test.dart: library-new-user-neonPurple-1.0x-synthetic
00:35 +177: C:/Users/Atharva Patil/.codex/worktrees/session-3-options/gymlog/test/upgrade/home_routines_implemented_render_test.dart: library-narrow-ready-neonPurple-1.0x
00:35 +178: C:/Users/Atharva Patil/.codex/worktrees/session-3-options/gymlog/test/upgrade/home_routines_implemented_render_test.dart: library-narrow-ready-neonPurple-1.0x
00:35 +179: C:/Users/Atharva Patil/.codex/worktrees/session-3-options/gymlog/test/upgrade/home_routines_implemented_render_test.dart: home-narrow-ready-neonPurple-2.0x
00:36 +180: C:/Users/Atharva Patil/.codex/worktrees/session-3-options/gymlog/test/upgrade/home_routines_implemented_render_test.dart: home-narrow-ready-neonPurple-2.0x
00:36 +181: C:/Users/Atharva Patil/.codex/worktrees/session-3-options/gymlog/test/upgrade/session_2_acceptance_render_test.dart: home-inactive-return-neonPurple-1.0x-synthetic
00:36 +182: C:/Users/Atharva Patil/.codex/worktrees/session-3-options/gymlog/test/upgrade/session_2_acceptance_render_test.dart: home-inactive-return-neonPurple-1.0x-synthetic
00:37 +183: C:/Users/Atharva Patil/.codex/worktrees/session-3-options/gymlog/test/upgrade/home_routines_implemented_render_test.dart: home-completed-white-1.0x
00:37 +184: C:/Users/Atharva Patil/.codex/worktrees/session-3-options/gymlog/test/upgrade/session_2_acceptance_render_test.dart: library-inactive-return-neonPurple-1.0x-synthetic
00:37 +185: C:/Users/Atharva Patil/.codex/worktrees/session-3-options/gymlog/test/upgrade/home_routines_implemented_render_test.dart: home-long-name-white-1.0x
00:37 +186: C:/Users/Atharva Patil/.codex/worktrees/session-3-options/gymlog/test/upgrade/session_2_acceptance_render_test.dart: home-low-data-neonPurple-1.0x-synthetic
00:38 +187: C:/Users/Atharva Patil/.codex/worktrees/session-3-options/gymlog/test/upgrade/home_routines_implemented_render_test.dart: home-plan-repeat-white-1.0x
00:38 +188: C:/Users/Atharva Patil/.codex/worktrees/session-3-options/gymlog/test/upgrade/home_routines_implemented_render_test.dart: home-plan-repeat-white-1.0x
00:38 +189: C:/Users/Atharva Patil/.codex/worktrees/session-3-options/gymlog/test/upgrade/session_2_acceptance_render_test.dart: home-error-neonPurple-1.0x-synthetic
00:39 +190: C:/Users/Atharva Patil/.codex/worktrees/session-3-options/gymlog/test/upgrade/home_routines_implemented_render_test.dart: home-plan-empty-white-1.0x
00:39 +191: C:/Users/Atharva Patil/.codex/worktrees/session-3-options/gymlog/test/upgrade/session_2_acceptance_render_test.dart: library-error-neonPurple-1.0x-synthetic
00:39 +192: C:/Users/Atharva Patil/.codex/worktrees/session-3-options/gymlog/test/upgrade/home_routines_implemented_render_test.dart: library-completed-white-1.0x
00:39 +193: C:/Users/Atharva Patil/.codex/worktrees/session-3-options/gymlog/test/upgrade/session_2_acceptance_render_test.dart: home-previous-error-neonPurple-1.0x-synthetic
00:39 +194: C:/Users/Atharva Patil/.codex/worktrees/session-3-options/gymlog/test/upgrade/home_routines_implemented_render_test.dart: library-long-name-white-1.0x
00:39 +195: C:/Users/Atharva Patil/.codex/worktrees/session-3-options/gymlog/test/upgrade/session_2_acceptance_render_test.dart: library-previous-error-neonPurple-1.0x-synthetic
00:40 +196: C:/Users/Atharva Patil/.codex/worktrees/session-3-options/gymlog/test/upgrade/home_routines_implemented_render_test.dart: override-keyboard-white-1.0x
00:40 +197: C:/Users/Atharva Patil/.codex/worktrees/session-3-options/gymlog/test/upgrade/session_2_acceptance_render_test.dart: home-choice-error-neonPurple-1.0x-synthetic
00:40 +198: C:/Users/Atharva Patil/.codex/worktrees/session-3-options/gymlog/test/upgrade/home_routines_implemented_render_test.dart: plan-keyboard-white-1.0x
00:40 +199: C:/Users/Atharva Patil/.codex/worktrees/session-3-options/gymlog/test/upgrade/home_routines_implemented_render_test.dart: plan-keyboard-white-1.0x
00:40 +200: C:/Users/Atharva Patil/.codex/worktrees/session-3-options/gymlog/test/upgrade/session_2_acceptance_render_test.dart: home-loading-neonPurple-1.0x-synthetic
00:41 +201: C:/Users/Atharva Patil/.codex/worktrees/session-3-options/gymlog/test/upgrade/home_routines_implemented_render_test.dart: library-next-white-1.0x
00:41 +202: C:/Users/Atharva Patil/.codex/worktrees/session-3-options/gymlog/test/upgrade/session_2_acceptance_render_test.dart: library-loading-neonPurple-1.0x-synthetic
00:41 +203: C:/Users/Atharva Patil/.codex/worktrees/session-3-options/gymlog/test/upgrade/home_routines_implemented_render_test.dart: home-completed-white-1.6x
00:41 +204: C:/Users/Atharva Patil/.codex/worktrees/session-3-options/gymlog/test/upgrade/session_2_acceptance_render_test.dart: home-active-chosen-neonPurple-1.0x-synthetic
00:41 +205: C:/Users/Atharva Patil/.codex/worktrees/session-3-options/gymlog/test/upgrade/home_routines_implemented_render_test.dart: home-long-name-white-1.6x
00:41 +206: C:/Users/Atharva Patil/.codex/worktrees/session-3-options/gymlog/test/upgrade/session_2_acceptance_render_test.dart: library-active-chosen-neonPurple-1.0x-synthetic
00:42 +207: C:/Users/Atharva Patil/.codex/worktrees/session-3-options/gymlog/test/upgrade/home_routines_implemented_render_test.dart: home-plan-repeat-white-1.6x
00:42 +208: C:/Users/Atharva Patil/.codex/worktrees/session-3-options/gymlog/test/upgrade/session_2_acceptance_render_test.dart: home-active-no-choice-neonPurple-1.0x-synthetic
00:42 +209: C:/Users/Atharva Patil/.codex/worktrees/session-3-options/gymlog/test/upgrade/home_routines_implemented_render_test.dart: home-plan-empty-white-1.6x
00:42 +210: C:/Users/Atharva Patil/.codex/worktrees/session-3-options/gymlog/test/upgrade/session_2_acceptance_render_test.dart: library-active-no-choice-neonPurple-1.0x-synthetic
00:42 +211: C:/Users/Atharva Patil/.codex/worktrees/session-3-options/gymlog/test/upgrade/home_routines_implemented_render_test.dart: library-completed-white-1.6x
00:43 +212: C:/Users/Atharva Patil/.codex/worktrees/session-3-options/gymlog/test/upgrade/session_2_acceptance_render_test.dart: home-active-no-routine-neonPurple-1.0x-synthetic
00:43 +213: C:/Users/Atharva Patil/.codex/worktrees/session-3-options/gymlog/test/upgrade/home_routines_implemented_render_test.dart: library-long-name-white-1.6x
00:43 +214: C:/Users/Atharva Patil/.codex/worktrees/session-3-options/gymlog/test/upgrade/home_routines_implemented_render_test.dart: library-long-name-white-1.6x
00:43 +215: C:/Users/Atharva Patil/.codex/worktrees/session-3-options/gymlog/test/upgrade/session_2_acceptance_render_test.dart: home-active-error-neonPurple-1.0x-synthetic
00:43 +216: C:/Users/Atharva Patil/.codex/worktrees/session-3-options/gymlog/test/upgrade/home_routines_implemented_render_test.dart: override-keyboard-white-1.6x
00:43 +217: C:/Users/Atharva Patil/.codex/worktrees/session-3-options/gymlog/test/upgrade/session_2_acceptance_render_test.dart: library-active-error-neonPurple-1.0x-synthetic
00:44 +218: C:/Users/Atharva Patil/.codex/worktrees/session-3-options/gymlog/test/upgrade/home_routines_implemented_render_test.dart: plan-keyboard-white-1.6x
00:44 +219: C:/Users/Atharva Patil/.codex/worktrees/session-3-options/gymlog/test/upgrade/home_routines_implemented_render_test.dart: plan-keyboard-white-1.6x
00:44 +220: C:/Users/Atharva Patil/.codex/worktrees/session-3-options/gymlog/test/upgrade/session_2_acceptance_render_test.dart: library-active-deleted-choice-neonPurple-1.0x-synthetic
00:44 +221: C:/Users/Atharva Patil/.codex/worktrees/session-3-options/gymlog/test/upgrade/session_2_acceptance_render_test.dart: library-active-deleted-choice-neonPurple-1.0x-synthetic
00:44 +222: C:/Users/Atharva Patil/.codex/worktrees/session-3-options/gymlog/test/upgrade/home_routines_implemented_render_test.dart: home-completed-white-2.0x
00:45 +223: C:/Users/Atharva Patil/.codex/worktrees/session-3-options/gymlog/test/upgrade/session_2_acceptance_render_test.dart: home-active-empty-choice-neonPurple-1.0x-synthetic
00:45 +224: C:/Users/Atharva Patil/.codex/worktrees/session-3-options/gymlog/test/upgrade/home_routines_implemented_render_test.dart: home-long-name-white-2.0x
00:45 +225: C:/Users/Atharva Patil/.codex/worktrees/session-3-options/gymlog/test/upgrade/session_2_acceptance_render_test.dart: library-active-empty-choice-neonPurple-1.0x-synthetic
00:45 +226: C:/Users/Atharva Patil/.codex/worktrees/session-3-options/gymlog/test/upgrade/home_routines_implemented_render_test.dart: home-plan-repeat-white-2.0x
00:45 +227: C:/Users/Atharva Patil/.codex/worktrees/session-3-options/gymlog/test/upgrade/home_routines_implemented_render_test.dart: home-plan-repeat-white-2.0x
00:45 +228: C:/Users/Atharva Patil/.codex/worktrees/session-3-options/gymlog/test/upgrade/session_2_acceptance_render_test.dart: library-active-choice-error-neonPurple-1.0x-synthetic
00:46 +229: C:/Users/Atharva Patil/.codex/worktrees/session-3-options/gymlog/test/upgrade/home_routines_implemented_render_test.dart: home-plan-empty-white-2.0x
00:46 +230: C:/Users/Atharva Patil/.codex/worktrees/session-3-options/gymlog/test/upgrade/session_2_acceptance_render_test.dart: home-chosen-neonPurple-1.6x-synthetic
00:46 +231: C:/Users/Atharva Patil/.codex/worktrees/session-3-options/gymlog/test/upgrade/session_2_acceptance_render_test.dart: home-chosen-neonPurple-1.6x-synthetic
00:46 +232: C:/Users/Atharva Patil/.codex/worktrees/session-3-options/gymlog/test/upgrade/session_2_acceptance_render_test.dart: home-chosen-neonPurple-1.6x-synthetic
00:47 +233: C:/Users/Atharva Patil/.codex/worktrees/session-3-options/gymlog/test/upgrade/session_2_acceptance_render_test.dart: home-chosen-neonPurple-1.6x-synthetic
00:47 +234: C:/Users/Atharva Patil/.codex/worktrees/session-3-options/gymlog/test/upgrade/home_routines_implemented_render_test.dart: home-repeat-canceled-white-2.0x
00:47 +235: C:/Users/Atharva Patil/.codex/worktrees/session-3-options/gymlog/test/upgrade/session_2_acceptance_render_test.dart: library-chosen-neonPurple-1.6x-synthetic
00:48 +236: C:/Users/Atharva Patil/.codex/worktrees/session-3-options/gymlog/test/upgrade/home_routines_implemented_render_test.dart: home-plan-saving-white-2.0x
00:48 +237: C:/Users/Atharva Patil/.codex/worktrees/session-3-options/gymlog/test/upgrade/session_2_acceptance_render_test.dart: home-no-choice-neonPurple-1.6x-synthetic
00:48 +238: C:/Users/Atharva Patil/.codex/worktrees/session-3-options/gymlog/test/upgrade/home_routines_implemented_render_test.dart: home-plan-save-error-white-2.0x
00:48 +239: C:/Users/Atharva Patil/.codex/worktrees/session-3-options/gymlog/test/upgrade/session_2_acceptance_render_test.dart: library-no-choice-neonPurple-1.6x-synthetic
00:48 +240: C:/Users/Atharva Patil/.codex/worktrees/session-3-options/gymlog/test/upgrade/home_routines_implemented_render_test.dart: home-empty-next-white-2.0x
00:49 +241: C:/Users/Atharva Patil/.codex/worktrees/session-3-options/gymlog/test/upgrade/session_2_acceptance_render_test.dart: home-deleted-choice-neonPurple-1.6x-synthetic
00:49 +242: C:/Users/Atharva Patil/.codex/worktrees/session-3-options/gymlog/test/upgrade/home_routines_implemented_render_test.dart: home-ready-white-2.0x
00:49 +243: C:/Users/Atharva Patil/.codex/worktrees/session-3-options/gymlog/test/upgrade/session_2_acceptance_render_test.dart: library-deleted-choice-neonPurple-1.6x-synthetic
00:49 +244: C:/Users/Atharva Patil/.codex/worktrees/session-3-options/gymlog/test/upgrade/home_routines_implemented_render_test.dart: home-empty-white-2.0x
00:49 +245: C:/Users/Atharva Patil/.codex/worktrees/session-3-options/gymlog/test/upgrade/session_2_acceptance_render_test.dart: home-empty-choice-neonPurple-1.6x-synthetic
00:49 +246: C:/Users/Atharva Patil/.codex/worktrees/session-3-options/gymlog/test/upgrade/home_routines_implemented_render_test.dart: home-error-white-2.0x
00:49 +247: C:/Users/Atharva Patil/.codex/worktrees/session-3-options/gymlog/test/upgrade/session_2_acceptance_render_test.dart: library-empty-choice-neonPurple-1.6x-synthetic
00:50 +248: C:/Users/Atharva Patil/.codex/worktrees/session-3-options/gymlog/test/upgrade/home_routines_implemented_render_test.dart: home-active-white-2.0x
00:50 +249: C:/Users/Atharva Patil/.codex/worktrees/session-3-options/gymlog/test/upgrade/session_2_acceptance_render_test.dart: home-new-user-neonPurple-1.6x-synthetic
00:50 +250: C:/Users/Atharva Patil/.codex/worktrees/session-3-options/gymlog/test/upgrade/home_routines_implemented_render_test.dart: library-completed-white-2.0x
00:50 +251: C:/Users/Atharva Patil/.codex/worktrees/session-3-options/gymlog/test/upgrade/session_2_acceptance_render_test.dart: library-new-user-neonPurple-1.6x-synthetic
00:50 +252: C:/Users/Atharva Patil/.codex/worktrees/session-3-options/gymlog/test/upgrade/home_routines_implemented_render_test.dart: library-long-name-white-2.0x
00:50 +253: C:/Users/Atharva Patil/.codex/worktrees/session-3-options/gymlog/test/upgrade/session_2_acceptance_render_test.dart: home-no-routine-neonPurple-1.6x-synthetic
00:51 +254: C:/Users/Atharva Patil/.codex/worktrees/session-3-options/gymlog/test/upgrade/session_2_acceptance_render_test.dart: home-no-routine-neonPurple-1.6x-synthetic
00:51 +255: C:/Users/Atharva Patil/.codex/worktrees/session-3-options/gymlog/test/upgrade/home_routines_implemented_render_test.dart: library-ready-white-2.0x
00:51 +256: C:/Users/Atharva Patil/.codex/worktrees/session-3-options/gymlog/test/upgrade/home_routines_implemented_render_test.dart: library-ready-white-2.0x
00:51 +257: C:/Users/Atharva Patil/.codex/worktrees/session-3-options/gymlog/test/upgrade/session_2_acceptance_render_test.dart: home-inactive-return-neonPurple-1.6x-synthetic
00:51 +258: C:/Users/Atharva Patil/.codex/worktrees/session-3-options/gymlog/test/upgrade/session_2_acceptance_render_test.dart: home-inactive-return-neonPurple-1.6x-synthetic
00:51 +259: C:/Users/Atharva Patil/.codex/worktrees/session-3-options/gymlog/test/upgrade/home_routines_implemented_render_test.dart: library-error-white-2.0x
00:51 +260: C:/Users/Atharva Patil/.codex/worktrees/session-3-options/gymlog/test/upgrade/session_2_acceptance_render_test.dart: library-inactive-return-neonPurple-1.6x-synthetic
00:51 +261: C:/Users/Atharva Patil/.codex/worktrees/session-3-options/gymlog/test/upgrade/home_routines_implemented_render_test.dart: library-active-white-2.0x
00:52 +262: C:/Users/Atharva Patil/.codex/worktrees/session-3-options/gymlog/test/upgrade/session_2_acceptance_render_test.dart: home-low-data-neonPurple-1.6x-synthetic
00:52 +263: C:/Users/Atharva Patil/.codex/worktrees/session-3-options/gymlog/test/upgrade/home_routines_implemented_render_test.dart: override-keyboard-white-2.0x
00:52 +264: C:/Users/Atharva Patil/.codex/worktrees/session-3-options/gymlog/test/upgrade/session_2_acceptance_render_test.dart: library-low-data-neonPurple-1.6x-synthetic
00:52 +265: C:/Users/Atharva Patil/.codex/worktrees/session-3-options/gymlog/test/upgrade/home_routines_implemented_render_test.dart: plan-keyboard-white-2.0x
00:52 +266: C:/Users/Atharva Patil/.codex/worktrees/session-3-options/gymlog/test/upgrade/home_routines_implemented_render_test.dart: plan-keyboard-white-2.0x
00:52 +267: C:/Users/Atharva Patil/.codex/worktrees/session-3-options/gymlog/test/upgrade/session_2_acceptance_render_test.dart: library-error-neonPurple-1.6x-synthetic
00:53 +268: C:/Users/Atharva Patil/.codex/worktrees/session-3-options/gymlog/test/upgrade/home_routines_implemented_render_test.dart: library-next-white-2.0x
00:53 +269: C:/Users/Atharva Patil/.codex/worktrees/session-3-options/gymlog/test/upgrade/session_2_acceptance_render_test.dart: home-previous-error-neonPurple-1.6x-synthetic
00:53 +270: C:/Users/Atharva Patil/.codex/worktrees/session-3-options/gymlog/test/upgrade/home_routines_implemented_render_test.dart: home-narrow-ready-white-1.0x
00:53 +271: C:/Users/Atharva Patil/.codex/worktrees/session-3-options/gymlog/test/upgrade/session_2_acceptance_render_test.dart: library-previous-error-neonPurple-1.6x-synthetic
00:53 +272: C:/Users/Atharva Patil/.codex/worktrees/session-3-options/gymlog/test/upgrade/home_routines_implemented_render_test.dart: library-narrow-ready-white-1.0x
00:53 +273: C:/Users/Atharva Patil/.codex/worktrees/session-3-options/gymlog/test/upgrade/session_2_acceptance_render_test.dart: home-choice-error-neonPurple-1.6x-synthetic
00:53 +274: C:/Users/Atharva Patil/.codex/worktrees/session-3-options/gymlog/test/upgrade/home_routines_implemented_render_test.dart: home-narrow-ready-white-2.0x
00:54 +275: C:/Users/Atharva Patil/.codex/worktrees/session-3-options/gymlog/test/upgrade/session_2_acceptance_render_test.dart: library-choice-error-neonPurple-1.6x-synthetic
00:54 +276: C:/Users/Atharva Patil/.codex/worktrees/session-3-options/gymlog/test/upgrade/home_routines_implemented_render_test.dart: library-narrow-ready-white-2.0x
00:54 +277: C:/Users/Atharva Patil/.codex/worktrees/session-3-options/gymlog/test/upgrade/session_2_acceptance_render_test.dart: home-loading-neonPurple-1.6x-synthetic
00:54 +278: C:/Users/Atharva Patil/.codex/worktrees/session-3-options/gymlog/test/upgrade/home_routines_implemented_render_test.dart: home-completed-neonCyan-1.0x
00:54 +279: C:/Users/Atharva Patil/.codex/worktrees/session-3-options/gymlog/test/upgrade/session_2_acceptance_render_test.dart: library-loading-neonPurple-1.6x-synthetic
00:54 +280: C:/Users/Atharva Patil/.codex/worktrees/session-3-options/gymlog/test/upgrade/home_routines_implemented_render_test.dart: home-long-name-neonCyan-1.0x
00:54 +281: C:/Users/Atharva Patil/.codex/worktrees/session-3-options/gymlog/test/upgrade/session_2_acceptance_render_test.dart: home-active-chosen-neonPurple-1.6x-synthetic
00:55 +282: C:/Users/Atharva Patil/.codex/worktrees/session-3-options/gymlog/test/upgrade/home_routines_implemented_render_test.dart: home-plan-repeat-neonCyan-1.0x
00:55 +283: C:/Users/Atharva Patil/.codex/worktrees/session-3-options/gymlog/test/upgrade/session_2_acceptance_render_test.dart: library-active-chosen-neonPurple-1.6x-synthetic
00:55 +284: C:/Users/Atharva Patil/.codex/worktrees/session-3-options/gymlog/test/upgrade/home_routines_implemented_render_test.dart: home-plan-empty-neonCyan-1.0x
00:55 +285: C:/Users/Atharva Patil/.codex/worktrees/session-3-options/gymlog/test/upgrade/session_2_acceptance_render_test.dart: home-active-no-choice-neonPurple-1.6x-synthetic
00:55 +286: C:/Users/Atharva Patil/.codex/worktrees/session-3-options/gymlog/test/upgrade/home_routines_implemented_render_test.dart: library-completed-neonCyan-1.0x
00:55 +287: C:/Users/Atharva Patil/.codex/worktrees/session-3-options/gymlog/test/upgrade/session_2_acceptance_render_test.dart: library-active-no-choice-neonPurple-1.6x-synthetic
00:56 +288: C:/Users/Atharva Patil/.codex/worktrees/session-3-options/gymlog/test/upgrade/home_routines_implemented_render_test.dart: library-long-name-neonCyan-1.0x
00:56 +289: C:/Users/Atharva Patil/.codex/worktrees/session-3-options/gymlog/test/upgrade/session_2_acceptance_render_test.dart: home-active-no-routine-neonPurple-1.6x-synthetic
00:56 +290: C:/Users/Atharva Patil/.codex/worktrees/session-3-options/gymlog/test/upgrade/home_routines_implemented_render_test.dart: override-keyboard-neonCyan-1.0x
00:56 +291: C:/Users/Atharva Patil/.codex/worktrees/session-3-options/gymlog/test/upgrade/session_2_acceptance_render_test.dart: library-active-no-routine-neonPurple-1.6x-synthetic
00:57 +292: C:/Users/Atharva Patil/.codex/worktrees/session-3-options/gymlog/test/upgrade/home_routines_implemented_render_test.dart: plan-keyboard-neonCyan-1.0x
00:57 +293: C:/Users/Atharva Patil/.codex/worktrees/session-3-options/gymlog/test/upgrade/home_routines_implemented_render_test.dart: plan-keyboard-neonCyan-1.0x
00:58 +294: C:/Users/Atharva Patil/.codex/worktrees/session-3-options/gymlog/test/upgrade/session_2_acceptance_render_test.dart: library-active-error-neonPurple-1.6x-synthetic
00:58 +295: C:/Users/Atharva Patil/.codex/worktrees/session-3-options/gymlog/test/upgrade/home_routines_implemented_render_test.dart: library-next-neonCyan-1.0x
00:58 +296: C:/Users/Atharva Patil/.codex/worktrees/session-3-options/gymlog/test/upgrade/session_2_acceptance_render_test.dart: home-active-deleted-choice-neonPurple-1.6x-synthetic
00:59 +297: C:/Users/Atharva Patil/.codex/worktrees/session-3-options/gymlog/test/upgrade/home_routines_implemented_render_test.dart: home-completed-neonCyan-1.6x
00:59 +298: C:/Users/Atharva Patil/.codex/worktrees/session-3-options/gymlog/test/upgrade/session_2_acceptance_render_test.dart: library-active-deleted-choice-neonPurple-1.6x-synthetic
00:59 +299: C:/Users/Atharva Patil/.codex/worktrees/session-3-options/gymlog/test/upgrade/home_routines_implemented_render_test.dart: home-long-name-neonCyan-1.6x
00:59 +300: C:/Users/Atharva Patil/.codex/worktrees/session-3-options/gymlog/test/upgrade/session_2_acceptance_render_test.dart: home-active-empty-choice-neonPurple-1.6x-synthetic
01:00 +301: C:/Users/Atharva Patil/.codex/worktrees/session-3-options/gymlog/test/upgrade/home_routines_implemented_render_test.dart: home-plan-repeat-neonCyan-1.6x
01:00 +302: C:/Users/Atharva Patil/.codex/worktrees/session-3-options/gymlog/test/upgrade/session_2_acceptance_render_test.dart: library-active-empty-choice-neonPurple-1.6x-synthetic
01:00 +303: C:/Users/Atharva Patil/.codex/worktrees/session-3-options/gymlog/test/upgrade/home_routines_implemented_render_test.dart: home-plan-empty-neonCyan-1.6x
01:00 +304: C:/Users/Atharva Patil/.codex/worktrees/session-3-options/gymlog/test/upgrade/session_2_acceptance_render_test.dart: home-active-choice-error-neonPurple-1.6x-synthetic
01:00 +305: C:/Users/Atharva Patil/.codex/worktrees/session-3-options/gymlog/test/upgrade/home_routines_implemented_render_test.dart: library-completed-neonCyan-1.6x
01:00 +306: C:/Users/Atharva Patil/.codex/worktrees/session-3-options/gymlog/test/upgrade/session_2_acceptance_render_test.dart: library-active-choice-error-neonPurple-1.6x-synthetic
01:01 +307: C:/Users/Atharva Patil/.codex/worktrees/session-3-options/gymlog/test/upgrade/home_routines_implemented_render_test.dart: library-long-name-neonCyan-1.6x
01:01 +308: C:/Users/Atharva Patil/.codex/worktrees/session-3-options/gymlog/test/upgrade/session_2_acceptance_render_test.dart: home-chosen-white-1.0x-synthetic
01:01 +309: C:/Users/Atharva Patil/.codex/worktrees/session-3-options/gymlog/test/upgrade/session_2_acceptance_render_test.dart: home-chosen-white-1.0x-synthetic
01:02 +310: C:/Users/Atharva Patil/.codex/worktrees/session-3-options/gymlog/test/upgrade/session_2_acceptance_render_test.dart: home-chosen-white-1.0x-synthetic
01:02 +311: C:/Users/Atharva Patil/.codex/worktrees/session-3-options/gymlog/test/upgrade/session_2_acceptance_render_test.dart: home-chosen-white-1.0x-synthetic
01:02 +312: C:/Users/Atharva Patil/.codex/worktrees/session-3-options/gymlog/test/upgrade/session_2_acceptance_render_test.dart: home-chosen-white-1.0x-synthetic
01:02 +313: C:/Users/Atharva Patil/.codex/worktrees/session-3-options/gymlog/test/upgrade/home_routines_implemented_render_test.dart: home-long-name-neonCyan-2.0x
01:03 +314: C:/Users/Atharva Patil/.codex/worktrees/session-3-options/gymlog/test/upgrade/session_2_acceptance_render_test.dart: library-chosen-white-1.0x-synthetic
01:03 +315: C:/Users/Atharva Patil/.codex/worktrees/session-3-options/gymlog/test/upgrade/home_routines_implemented_render_test.dart: home-plan-repeat-neonCyan-2.0x
01:03 +316: C:/Users/Atharva Patil/.codex/worktrees/session-3-options/gymlog/test/upgrade/session_2_acceptance_render_test.dart: home-no-choice-white-1.0x-synthetic
01:03 +317: C:/Users/Atharva Patil/.codex/worktrees/session-3-options/gymlog/test/upgrade/home_routines_implemented_render_test.dart: home-plan-empty-neonCyan-2.0x
01:03 +318: C:/Users/Atharva Patil/.codex/worktrees/session-3-options/gymlog/test/upgrade/session_2_acceptance_render_test.dart: library-no-choice-white-1.0x-synthetic
01:04 +319: C:/Users/Atharva Patil/.codex/worktrees/session-3-options/gymlog/test/upgrade/home_routines_implemented_render_test.dart: home-last-error-neonCyan-2.0x
01:04 +320: C:/Users/Atharva Patil/.codex/worktrees/session-3-options/gymlog/test/upgrade/session_2_acceptance_render_test.dart: home-deleted-choice-white-1.0x-synthetic
01:04 +321: C:/Users/Atharva Patil/.codex/worktrees/session-3-options/gymlog/test/upgrade/home_routines_implemented_render_test.dart: home-last-older-neonCyan-2.0x
01:04 +322: C:/Users/Atharva Patil/.codex/worktrees/session-3-options/gymlog/test/upgrade/session_2_acceptance_render_test.dart: library-deleted-choice-white-1.0x-synthetic
01:04 +323: C:/Users/Atharva Patil/.codex/worktrees/session-3-options/gymlog/test/upgrade/home_routines_implemented_render_test.dart: home-repeat-committed-neonCyan-2.0x
01:05 +324: C:/Users/Atharva Patil/.codex/worktrees/session-3-options/gymlog/test/upgrade/session_2_acceptance_render_test.dart: home-empty-choice-white-1.0x-synthetic
01:05 +325: C:/Users/Atharva Patil/.codex/worktrees/session-3-options/gymlog/test/upgrade/home_routines_implemented_render_test.dart: home-repeat-canceled-neonCyan-2.0x
01:05 +326: C:/Users/Atharva Patil/.codex/worktrees/session-3-options/gymlog/test/upgrade/home_routines_implemented_render_test.dart: home-repeat-canceled-neonCyan-2.0x
01:05 +327: C:/Users/Atharva Patil/.codex/worktrees/session-3-options/gymlog/test/upgrade/session_2_acceptance_render_test.dart: home-new-user-white-1.0x-synthetic
01:05 +328: C:/Users/Atharva Patil/.codex/worktrees/session-3-options/gymlog/test/upgrade/home_routines_implemented_render_test.dart: home-plan-saving-neonCyan-2.0x
01:06 +329: C:/Users/Atharva Patil/.codex/worktrees/session-3-options/gymlog/test/upgrade/home_routines_implemented_render_test.dart: home-plan-saving-neonCyan-2.0x
01:06 +330: C:/Users/Atharva Patil/.codex/worktrees/session-3-options/gymlog/test/upgrade/session_2_acceptance_render_test.dart: home-no-routine-white-1.0x-synthetic
01:06 +331: C:/Users/Atharva Patil/.codex/worktrees/session-3-options/gymlog/test/upgrade/home_routines_implemented_render_test.dart: home-plan-save-error-neonCyan-2.0x
01:06 +332: C:/Users/Atharva Patil/.codex/worktrees/session-3-options/gymlog/test/upgrade/session_2_acceptance_render_test.dart: library-no-routine-white-1.0x-synthetic
01:06 +333: C:/Users/Atharva Patil/.codex/worktrees/session-3-options/gymlog/test/upgrade/home_routines_implemented_render_test.dart: home-empty-next-neonCyan-2.0x
01:06 +334: C:/Users/Atharva Patil/.codex/worktrees/session-3-options/gymlog/test/upgrade/session_2_acceptance_render_test.dart: home-inactive-return-white-1.0x-synthetic
01:06 +335: C:/Users/Atharva Patil/.codex/worktrees/session-3-options/gymlog/test/upgrade/home_routines_implemented_render_test.dart: home-ready-neonCyan-2.0x
01:07 +336: C:/Users/Atharva Patil/.codex/worktrees/session-3-options/gymlog/test/upgrade/session_2_acceptance_render_test.dart: library-inactive-return-white-1.0x-synthetic
01:07 +337: C:/Users/Atharva Patil/.codex/worktrees/session-3-options/gymlog/test/upgrade/home_routines_implemented_render_test.dart: home-empty-neonCyan-2.0x
01:07 +338: C:/Users/Atharva Patil/.codex/worktrees/session-3-options/gymlog/test/upgrade/session_2_acceptance_render_test.dart: home-low-data-white-1.0x-synthetic
01:07 +339: C:/Users/Atharva Patil/.codex/worktrees/session-3-options/gymlog/test/upgrade/home_routines_implemented_render_test.dart: home-error-neonCyan-2.0x
01:07 +340: C:/Users/Atharva Patil/.codex/worktrees/session-3-options/gymlog/test/upgrade/session_2_acceptance_render_test.dart: library-low-data-white-1.0x-synthetic
01:07 +341: C:/Users/Atharva Patil/.codex/worktrees/session-3-options/gymlog/test/upgrade/home_routines_implemented_render_test.dart: home-active-neonCyan-2.0x
01:07 +342: C:/Users/Atharva Patil/.codex/worktrees/session-3-options/gymlog/test/upgrade/session_2_acceptance_render_test.dart: home-error-white-1.0x-synthetic
01:08 +343: C:/Users/Atharva Patil/.codex/worktrees/session-3-options/gymlog/test/upgrade/home_routines_implemented_render_test.dart: library-completed-neonCyan-2.0x
01:08 +344: C:/Users/Atharva Patil/.codex/worktrees/session-3-options/gymlog/test/upgrade/session_2_acceptance_render_test.dart: library-error-white-1.0x-synthetic
01:08 +345: C:/Users/Atharva Patil/.codex/worktrees/session-3-options/gymlog/test/upgrade/home_routines_implemented_render_test.dart: library-long-name-neonCyan-2.0x
01:08 +346: C:/Users/Atharva Patil/.codex/worktrees/session-3-options/gymlog/test/upgrade/session_2_acceptance_render_test.dart: home-previous-error-white-1.0x-synthetic
01:08 +347: C:/Users/Atharva Patil/.codex/worktrees/session-3-options/gymlog/test/upgrade/home_routines_implemented_render_test.dart: library-plan-error-neonCyan-2.0x
01:08 +348: C:/Users/Atharva Patil/.codex/worktrees/session-3-options/gymlog/test/upgrade/session_2_acceptance_render_test.dart: library-previous-error-white-1.0x-synthetic
01:08 +349: C:/Users/Atharva Patil/.codex/worktrees/session-3-options/gymlog/test/upgrade/session_2_acceptance_render_test.dart: library-previous-error-white-1.0x-synthetic
01:08 +350: C:/Users/Atharva Patil/.codex/worktrees/session-3-options/gymlog/test/upgrade/home_routines_implemented_render_test.dart: library-empty-neonCyan-2.0x
01:09 +351: C:/Users/Atharva Patil/.codex/worktrees/session-3-options/gymlog/test/upgrade/session_2_acceptance_render_test.dart: home-choice-error-white-1.0x-synthetic
01:09 +352: C:/Users/Atharva Patil/.codex/worktrees/session-3-options/gymlog/test/upgrade/home_routines_implemented_render_test.dart: library-error-neonCyan-2.0x
01:09 +353: C:/Users/Atharva Patil/.codex/worktrees/session-3-options/gymlog/test/upgrade/session_2_acceptance_render_test.dart: library-choice-error-white-1.0x-synthetic
01:09 +354: C:/Users/Atharva Patil/.codex/worktrees/session-3-options/gymlog/test/upgrade/home_routines_implemented_render_test.dart: library-active-neonCyan-2.0x
01:09 +355: C:/Users/Atharva Patil/.codex/worktrees/session-3-options/gymlog/test/upgrade/session_2_acceptance_render_test.dart: home-loading-white-1.0x-synthetic
01:09 +356: C:/Users/Atharva Patil/.codex/worktrees/session-3-options/gymlog/test/upgrade/home_routines_implemented_render_test.dart: override-keyboard-neonCyan-2.0x
01:10 +357: C:/Users/Atharva Patil/.codex/worktrees/session-3-options/gymlog/test/upgrade/session_2_acceptance_render_test.dart: library-loading-white-1.0x-synthetic
01:10 +358: C:/Users/Atharva Patil/.codex/worktrees/session-3-options/gymlog/test/upgrade/home_routines_implemented_render_test.dart: plan-keyboard-neonCyan-2.0x
01:10 +359: C:/Users/Atharva Patil/.codex/worktrees/session-3-options/gymlog/test/upgrade/home_routines_implemented_render_test.dart: plan-keyboard-neonCyan-2.0x
01:10 +360: C:/Users/Atharva Patil/.codex/worktrees/session-3-options/gymlog/test/upgrade/session_2_acceptance_render_test.dart: library-active-chosen-white-1.0x-synthetic
01:10 +361: C:/Users/Atharva Patil/.codex/worktrees/session-3-options/gymlog/test/upgrade/home_routines_implemented_render_test.dart: library-next-neonCyan-2.0x
01:10 +362: C:/Users/Atharva Patil/.codex/worktrees/session-3-options/gymlog/test/upgrade/session_2_acceptance_render_test.dart: home-active-no-choice-white-1.0x-synthetic
01:11 +363: C:/Users/Atharva Patil/.codex/worktrees/session-3-options/gymlog/test/upgrade/home_routines_implemented_render_test.dart: home-narrow-ready-neonCyan-1.0x
01:11 +364: C:/Users/Atharva Patil/.codex/worktrees/session-3-options/gymlog/test/upgrade/session_2_acceptance_render_test.dart: library-active-no-choice-white-1.0x-synthetic
01:11 +365: C:/Users/Atharva Patil/.codex/worktrees/session-3-options/gymlog/test/upgrade/session_2_acceptance_render_test.dart: library-active-no-choice-white-1.0x-synthetic
01:11 +366: C:/Users/Atharva Patil/.codex/worktrees/session-3-options/gymlog/test/upgrade/home_routines_implemented_render_test.dart: home-narrow-ready-neonCyan-2.0x
01:11 +367: C:/Users/Atharva Patil/.codex/worktrees/session-3-options/gymlog/test/upgrade/session_2_acceptance_render_test.dart: home-active-no-routine-white-1.0x-synthetic
01:11 +368: C:/Users/Atharva Patil/.codex/worktrees/session-3-options/gymlog/test/upgrade/home_routines_implemented_render_test.dart: library-narrow-ready-neonCyan-2.0x
01:12 +369: C:/Users/Atharva Patil/.codex/worktrees/session-3-options/gymlog/test/upgrade/session_2_acceptance_render_test.dart: library-active-no-routine-white-1.0x-synthetic
01:12 +370: C:/Users/Atharva Patil/.codex/worktrees/session-3-options/gymlog/test/upgrade/home_routines_implemented_render_test.dart: home-completed-neonMagenta-1.0x
01:12 +371: C:/Users/Atharva Patil/.codex/worktrees/session-3-options/gymlog/test/upgrade/session_2_acceptance_render_test.dart: home-active-error-white-1.0x-synthetic
01:12 +372: C:/Users/Atharva Patil/.codex/worktrees/session-3-options/gymlog/test/upgrade/home_routines_implemented_render_test.dart: home-long-name-neonMagenta-1.0x
01:12 +373: C:/Users/Atharva Patil/.codex/worktrees/session-3-options/gymlog/test/upgrade/home_routines_implemented_render_test.dart: home-long-name-neonMagenta-1.0x
01:12 +374: C:/Users/Atharva Patil/.codex/worktrees/session-3-options/gymlog/test/upgrade/session_2_acceptance_render_test.dart: home-active-deleted-choice-white-1.0x-synthetic
01:12 +375: C:/Users/Atharva Patil/.codex/worktrees/session-3-options/gymlog/test/upgrade/home_routines_implemented_render_test.dart: home-plan-repeat-neonMagenta-1.0x
01:13 +376: C:/Users/Atharva Patil/.codex/worktrees/session-3-options/gymlog/test/upgrade/session_2_acceptance_render_test.dart: library-active-deleted-choice-white-1.0x-synthetic
01:13 +377: C:/Users/Atharva Patil/.codex/worktrees/session-3-options/gymlog/test/upgrade/home_routines_implemented_render_test.dart: home-plan-empty-neonMagenta-1.0x
01:13 +378: C:/Users/Atharva Patil/.codex/worktrees/session-3-options/gymlog/test/upgrade/session_2_acceptance_render_test.dart: home-active-empty-choice-white-1.0x-synthetic
01:13 +379: C:/Users/Atharva Patil/.codex/worktrees/session-3-options/gymlog/test/upgrade/session_2_acceptance_render_test.dart: home-active-empty-choice-white-1.0x-synthetic
01:13 +380: C:/Users/Atharva Patil/.codex/worktrees/session-3-options/gymlog/test/upgrade/home_routines_implemented_render_test.dart: library-long-name-neonMagenta-1.0x
01:13 +381: C:/Users/Atharva Patil/.codex/worktrees/session-3-options/gymlog/test/upgrade/session_2_acceptance_render_test.dart: library-active-empty-choice-white-1.0x-synthetic
01:13 +382: C:/Users/Atharva Patil/.codex/worktrees/session-3-options/gymlog/test/upgrade/home_routines_implemented_render_test.dart: override-keyboard-neonMagenta-1.0x
01:14 +383: C:/Users/Atharva Patil/.codex/worktrees/session-3-options/gymlog/test/upgrade/home_routines_implemented_render_test.dart: override-keyboard-neonMagenta-1.0x
01:14 +384: C:/Users/Atharva Patil/.codex/worktrees/session-3-options/gymlog/test/upgrade/session_2_acceptance_render_test.dart: library-active-choice-error-white-1.0x-synthetic
01:14 +385: C:/Users/Atharva Patil/.codex/worktrees/session-3-options/gymlog/test/upgrade/home_routines_implemented_render_test.dart: plan-keyboard-neonMagenta-1.0x
01:14 +386: C:/Users/Atharva Patil/.codex/worktrees/session-3-options/gymlog/test/upgrade/session_2_acceptance_render_test.dart: home-chosen-white-1.6x-synthetic
01:15 +387: C:/Users/Atharva Patil/.codex/worktrees/session-3-options/gymlog/test/upgrade/session_2_acceptance_render_test.dart: home-chosen-white-1.6x-synthetic
01:15 +388: C:/Users/Atharva Patil/.codex/worktrees/session-3-options/gymlog/test/upgrade/session_2_acceptance_render_test.dart: home-chosen-white-1.6x-synthetic
01:15 +389: C:/Users/Atharva Patil/.codex/worktrees/session-3-options/gymlog/test/upgrade/session_2_acceptance_render_test.dart: home-chosen-white-1.6x-synthetic
01:16 +390: C:/Users/Atharva Patil/.codex/worktrees/session-3-options/gymlog/test/upgrade/session_2_acceptance_render_test.dart: home-chosen-white-1.6x-synthetic
01:16 +391: C:/Users/Atharva Patil/.codex/worktrees/session-3-options/gymlog/test/upgrade/home_routines_implemented_render_test.dart: home-plan-empty-neonMagenta-1.6x
01:16 +392: C:/Users/Atharva Patil/.codex/worktrees/session-3-options/gymlog/test/upgrade/session_2_acceptance_render_test.dart: library-chosen-white-1.6x-synthetic
01:16 +393: C:/Users/Atharva Patil/.codex/worktrees/session-3-options/gymlog/test/upgrade/session_2_acceptance_render_test.dart: library-chosen-white-1.6x-synthetic
01:16 +394: C:/Users/Atharva Patil/.codex/worktrees/session-3-options/gymlog/test/upgrade/home_routines_implemented_render_test.dart: library-long-name-neonMagenta-1.6x
01:17 +395: C:/Users/Atharva Patil/.codex/worktrees/session-3-options/gymlog/test/upgrade/session_2_acceptance_render_test.dart: home-no-choice-white-1.6x-synthetic
01:17 +396: C:/Users/Atharva Patil/.codex/worktrees/session-3-options/gymlog/test/upgrade/home_routines_implemented_render_test.dart: override-keyboard-neonMagenta-1.6x
01:17 +397: C:/Users/Atharva Patil/.codex/worktrees/session-3-options/gymlog/test/upgrade/home_routines_implemented_render_test.dart: override-keyboard-neonMagenta-1.6x
01:17 +398: C:/Users/Atharva Patil/.codex/worktrees/session-3-options/gymlog/test/upgrade/session_2_acceptance_render_test.dart: home-deleted-choice-white-1.6x-synthetic
01:17 +399: C:/Users/Atharva Patil/.codex/worktrees/session-3-options/gymlog/test/upgrade/home_routines_implemented_render_test.dart: plan-keyboard-neonMagenta-1.6x
01:17 +400: C:/Users/Atharva Patil/.codex/worktrees/session-3-options/gymlog/test/upgrade/session_2_acceptance_render_test.dart: library-deleted-choice-white-1.6x-synthetic
01:17 +401: C:/Users/Atharva Patil/.codex/worktrees/session-3-options/gymlog/test/upgrade/home_routines_implemented_render_test.dart: library-next-neonMagenta-1.6x
01:18 +402: C:/Users/Atharva Patil/.codex/worktrees/session-3-options/gymlog/test/upgrade/session_2_acceptance_render_test.dart: home-empty-choice-white-1.6x-synthetic
01:18 +403: C:/Users/Atharva Patil/.codex/worktrees/session-3-options/gymlog/test/upgrade/home_routines_implemented_render_test.dart: home-completed-neonMagenta-2.0x
01:18 +404: C:/Users/Atharva Patil/.codex/worktrees/session-3-options/gymlog/test/upgrade/session_2_acceptance_render_test.dart: library-empty-choice-white-1.6x-synthetic
01:18 +405: C:/Users/Atharva Patil/.codex/worktrees/session-3-options/gymlog/test/upgrade/home_routines_implemented_render_test.dart: home-long-name-neonMagenta-2.0x
01:18 +406: C:/Users/Atharva Patil/.codex/worktrees/session-3-options/gymlog/test/upgrade/session_2_acceptance_render_test.dart: home-new-user-white-1.6x-synthetic
01:18 +407: C:/Users/Atharva Patil/.codex/worktrees/session-3-options/gymlog/test/upgrade/home_routines_implemented_render_test.dart: home-plan-repeat-neonMagenta-2.0x
01:19 +408: C:/Users/Atharva Patil/.codex/worktrees/session-3-options/gymlog/test/upgrade/home_routines_implemented_render_test.dart: home-plan-repeat-neonMagenta-2.0x
01:19 +409: C:/Users/Atharva Patil/.codex/worktrees/session-3-options/gymlog/test/upgrade/session_2_acceptance_render_test.dart: home-no-routine-white-1.6x-synthetic
01:19 +410: C:/Users/Atharva Patil/.codex/worktrees/session-3-options/gymlog/test/upgrade/home_routines_implemented_render_test.dart: home-plan-empty-neonMagenta-2.0x
01:19 +411: C:/Users/Atharva Patil/.codex/worktrees/session-3-options/gymlog/test/upgrade/session_2_acceptance_render_test.dart: library-no-routine-white-1.6x-synthetic
01:19 +412: C:/Users/Atharva Patil/.codex/worktrees/session-3-options/gymlog/test/upgrade/home_routines_implemented_render_test.dart: home-last-error-neonMagenta-2.0x
01:19 +413: C:/Users/Atharva Patil/.codex/worktrees/session-3-options/gymlog/test/upgrade/session_2_acceptance_render_test.dart: home-inactive-return-white-1.6x-synthetic
01:20 +414: C:/Users/Atharva Patil/.codex/worktrees/session-3-options/gymlog/test/upgrade/home_routines_implemented_render_test.dart: home-last-older-neonMagenta-2.0x
01:20 +415: C:/Users/Atharva Patil/.codex/worktrees/session-3-options/gymlog/test/upgrade/session_2_acceptance_render_test.dart: library-inactive-return-white-1.6x-synthetic
01:20 +416: C:/Users/Atharva Patil/.codex/worktrees/session-3-options/gymlog/test/upgrade/home_routines_implemented_render_test.dart: home-repeat-committed-neonMagenta-2.0x
01:20 +417: C:/Users/Atharva Patil/.codex/worktrees/session-3-options/gymlog/test/upgrade/home_routines_implemented_render_test.dart: home-repeat-committed-neonMagenta-2.0x
01:20 +418: C:/Users/Atharva Patil/.codex/worktrees/session-3-options/gymlog/test/upgrade/session_2_acceptance_render_test.dart: library-low-data-white-1.6x-synthetic
01:20 +419: C:/Users/Atharva Patil/.codex/worktrees/session-3-options/gymlog/test/upgrade/home_routines_implemented_render_test.dart: home-repeat-canceled-neonMagenta-2.0x
01:21 +420: C:/Users/Atharva Patil/.codex/worktrees/session-3-options/gymlog/test/upgrade/session_2_acceptance_render_test.dart: home-error-white-1.6x-synthetic
01:21 +421: C:/Users/Atharva Patil/.codex/worktrees/session-3-options/gymlog/test/upgrade/home_routines_implemented_render_test.dart: home-plan-saving-neonMagenta-2.0x
01:21 +422: C:/Users/Atharva Patil/.codex/worktrees/session-3-options/gymlog/test/upgrade/home_routines_implemented_render_test.dart: home-plan-saving-neonMagenta-2.0x
01:21 +423: C:/Users/Atharva Patil/.codex/worktrees/session-3-options/gymlog/test/upgrade/session_2_acceptance_render_test.dart: home-previous-error-white-1.6x-synthetic
01:21 +424: C:/Users/Atharva Patil/.codex/worktrees/session-3-options/gymlog/test/upgrade/home_routines_implemented_render_test.dart: home-plan-save-error-neonMagenta-2.0x
01:22 +425: C:/Users/Atharva Patil/.codex/worktrees/session-3-options/gymlog/test/upgrade/session_2_acceptance_render_test.dart: library-previous-error-white-1.6x-synthetic
01:22 +426: C:/Users/Atharva Patil/.codex/worktrees/session-3-options/gymlog/test/upgrade/home_routines_implemented_render_test.dart: home-empty-next-neonMagenta-2.0x
01:22 +427: C:/Users/Atharva Patil/.codex/worktrees/session-3-options/gymlog/test/upgrade/session_2_acceptance_render_test.dart: home-choice-error-white-1.6x-synthetic
01:22 +428: C:/Users/Atharva Patil/.codex/worktrees/session-3-options/gymlog/test/upgrade/home_routines_implemented_render_test.dart: home-ready-neonMagenta-2.0x
01:22 +429: C:/Users/Atharva Patil/.codex/worktrees/session-3-options/gymlog/test/upgrade/session_2_acceptance_render_test.dart: library-choice-error-white-1.6x-synthetic
01:22 +430: C:/Users/Atharva Patil/.codex/worktrees/session-3-options/gymlog/test/upgrade/home_routines_implemented_render_test.dart: home-empty-neonMagenta-2.0x
01:22 +431: C:/Users/Atharva Patil/.codex/worktrees/session-3-options/gymlog/test/upgrade/session_2_acceptance_render_test.dart: home-loading-white-1.6x-synthetic
01:23 +432: C:/Users/Atharva Patil/.codex/worktrees/session-3-options/gymlog/test/upgrade/home_routines_implemented_render_test.dart: home-error-neonMagenta-2.0x
01:23 +433: C:/Users/Atharva Patil/.codex/worktrees/session-3-options/gymlog/test/upgrade/session_2_acceptance_render_test.dart: library-loading-white-1.6x-synthetic
01:23 +434: C:/Users/Atharva Patil/.codex/worktrees/session-3-options/gymlog/test/upgrade/home_routines_implemented_render_test.dart: home-active-neonMagenta-2.0x
01:23 +435: C:/Users/Atharva Patil/.codex/worktrees/session-3-options/gymlog/test/upgrade/session_2_acceptance_render_test.dart: home-active-chosen-white-1.6x-synthetic
01:23 +436: C:/Users/Atharva Patil/.codex/worktrees/session-3-options/gymlog/test/upgrade/home_routines_implemented_render_test.dart: library-completed-neonMagenta-2.0x
01:23 +437: C:/Users/Atharva Patil/.codex/worktrees/session-3-options/gymlog/test/upgrade/session_2_acceptance_render_test.dart: library-active-chosen-white-1.6x-synthetic
01:23 +438: C:/Users/Atharva Patil/.codex/worktrees/session-3-options/gymlog/test/upgrade/home_routines_implemented_render_test.dart: library-long-name-neonMagenta-2.0x
01:24 +439: C:/Users/Atharva Patil/.codex/worktrees/session-3-options/gymlog/test/upgrade/session_2_acceptance_render_test.dart: home-active-no-choice-white-1.6x-synthetic
01:24 +440: C:/Users/Atharva Patil/.codex/worktrees/session-3-options/gymlog/test/upgrade/home_routines_implemented_render_test.dart: library-plan-error-neonMagenta-2.0x
01:24 +441: C:/Users/Atharva Patil/.codex/worktrees/session-3-options/gymlog/test/upgrade/session_2_acceptance_render_test.dart: library-active-no-choice-white-1.6x-synthetic
01:24 +442: C:/Users/Atharva Patil/.codex/worktrees/session-3-options/gymlog/test/upgrade/home_routines_implemented_render_test.dart: library-ready-neonMagenta-2.0x
01:24 +443: C:/Users/Atharva Patil/.codex/worktrees/session-3-options/gymlog/test/upgrade/session_2_acceptance_render_test.dart: home-active-no-routine-white-1.6x-synthetic
01:24 +444: C:/Users/Atharva Patil/.codex/worktrees/session-3-options/gymlog/test/upgrade/home_routines_implemented_render_test.dart: library-empty-neonMagenta-2.0x
01:24 +445: C:/Users/Atharva Patil/.codex/worktrees/session-3-options/gymlog/test/upgrade/session_2_acceptance_render_test.dart: library-active-no-routine-white-1.6x-synthetic
01:25 +446: C:/Users/Atharva Patil/.codex/worktrees/session-3-options/gymlog/test/upgrade/home_routines_implemented_render_test.dart: library-error-neonMagenta-2.0x
01:25 +447: C:/Users/Atharva Patil/.codex/worktrees/session-3-options/gymlog/test/upgrade/session_2_acceptance_render_test.dart: home-active-error-white-1.6x-synthetic
01:25 +448: C:/Users/Atharva Patil/.codex/worktrees/session-3-options/gymlog/test/upgrade/home_routines_implemented_render_test.dart: library-active-neonMagenta-2.0x
01:25 +449: C:/Users/Atharva Patil/.codex/worktrees/session-3-options/gymlog/test/upgrade/session_2_acceptance_render_test.dart: library-active-error-white-1.6x-synthetic
01:25 +450: C:/Users/Atharva Patil/.codex/worktrees/session-3-options/gymlog/test/upgrade/home_routines_implemented_render_test.dart: override-keyboard-neonMagenta-2.0x
01:26 +451: C:/Users/Atharva Patil/.codex/worktrees/session-3-options/gymlog/test/upgrade/home_routines_implemented_render_test.dart: override-keyboard-neonMagenta-2.0x
01:26 +452: C:/Users/Atharva Patil/.codex/worktrees/session-3-options/gymlog/test/upgrade/session_2_acceptance_render_test.dart: library-active-deleted-choice-white-1.6x-synthetic
01:26 +453: C:/Users/Atharva Patil/.codex/worktrees/session-3-options/gymlog/test/upgrade/home_routines_implemented_render_test.dart: plan-keyboard-neonMagenta-2.0x
01:26 +454: C:/Users/Atharva Patil/.codex/worktrees/session-3-options/gymlog/test/upgrade/session_2_acceptance_render_test.dart: home-active-empty-choice-white-1.6x-synthetic
01:26 +455: C:/Users/Atharva Patil/.codex/worktrees/session-3-options/gymlog/test/upgrade/home_routines_implemented_render_test.dart: library-next-neonMagenta-2.0x
01:26 +456: C:/Users/Atharva Patil/.codex/worktrees/session-3-options/gymlog/test/upgrade/session_2_acceptance_render_test.dart: library-active-empty-choice-white-1.6x-synthetic
01:27 +457: C:/Users/Atharva Patil/.codex/worktrees/session-3-options/gymlog/test/upgrade/home_routines_implemented_render_test.dart: home-narrow-ready-neonMagenta-1.0x
01:27 +458: C:/Users/Atharva Patil/.codex/worktrees/session-3-options/gymlog/test/upgrade/session_2_acceptance_render_test.dart: home-active-choice-error-white-1.6x-synthetic
01:27 +459: C:/Users/Atharva Patil/.codex/worktrees/session-3-options/gymlog/test/upgrade/home_routines_implemented_render_test.dart: library-narrow-ready-neonMagenta-1.0x
01:27 +460: C:/Users/Atharva Patil/.codex/worktrees/session-3-options/gymlog/test/upgrade/session_2_acceptance_render_test.dart: library-active-choice-error-white-1.6x-synthetic
01:27 +461: C:/Users/Atharva Patil/.codex/worktrees/session-3-options/gymlog/test/upgrade/home_routines_implemented_render_test.dart: home-narrow-ready-neonMagenta-2.0x
01:27 +462: C:/Users/Atharva Patil/.codex/worktrees/session-3-options/gymlog/test/upgrade/session_2_acceptance_render_test.dart: home-chosen-neonCyan-1.0x-synthetic
01:27 +463: C:/Users/Atharva Patil/.codex/worktrees/session-3-options/gymlog/test/upgrade/session_2_acceptance_render_test.dart: home-chosen-neonCyan-1.0x-synthetic
01:28 +464: C:/Users/Atharva Patil/.codex/worktrees/session-3-options/gymlog/test/upgrade/session_2_acceptance_render_test.dart: home-chosen-neonCyan-1.0x-synthetic
01:28 +465: C:/Users/Atharva Patil/.codex/worktrees/session-3-options/gymlog/test/upgrade/session_2_acceptance_render_test.dart: home-chosen-neonCyan-1.0x-synthetic
01:28 +466: C:/Users/Atharva Patil/.codex/worktrees/session-3-options/gymlog/test/upgrade/session_2_acceptance_render_test.dart: home-chosen-neonCyan-1.0x-synthetic
01:28 +467: C:/Users/Atharva Patil/.codex/worktrees/session-3-options/gymlog/test/upgrade/session_2_acceptance_render_test.dart: home-chosen-neonCyan-1.0x-synthetic
01:29 +468: C:/Users/Atharva Patil/.codex/worktrees/session-3-options/gymlog/test/upgrade/home_routines_implemented_render_test.dart: library-completed-blazeOrange-1.0x
01:29 +469: C:/Users/Atharva Patil/.codex/worktrees/session-3-options/gymlog/test/upgrade/session_2_acceptance_render_test.dart: library-chosen-neonCyan-1.0x-synthetic
01:29 +470: C:/Users/Atharva Patil/.codex/worktrees/session-3-options/gymlog/test/upgrade/home_routines_implemented_render_test.dart: library-long-name-blazeOrange-1.0x
01:29 +471: C:/Users/Atharva Patil/.codex/worktrees/session-3-options/gymlog/test/upgrade/session_2_acceptance_render_test.dart: home-no-choice-neonCyan-1.0x-synthetic
01:29 +472: C:/Users/Atharva Patil/.codex/worktrees/session-3-options/gymlog/test/upgrade/home_routines_implemented_render_test.dart: override-keyboard-blazeOrange-1.0x
01:30 +473: C:/Users/Atharva Patil/.codex/worktrees/session-3-options/gymlog/test/upgrade/session_2_acceptance_render_test.dart: library-no-choice-neonCyan-1.0x-synthetic
01:30 +474: C:/Users/Atharva Patil/.codex/worktrees/session-3-options/gymlog/test/upgrade/home_routines_implemented_render_test.dart: plan-keyboard-blazeOrange-1.0x
01:30 +475: C:/Users/Atharva Patil/.codex/worktrees/session-3-options/gymlog/test/upgrade/session_2_acceptance_render_test.dart: home-deleted-choice-neonCyan-1.0x-synthetic
01:30 +476: C:/Users/Atharva Patil/.codex/worktrees/session-3-options/gymlog/test/upgrade/home_routines_implemented_render_test.dart: library-next-blazeOrange-1.0x
01:31 +477: C:/Users/Atharva Patil/.codex/worktrees/session-3-options/gymlog/test/upgrade/session_2_acceptance_render_test.dart: library-deleted-choice-neonCyan-1.0x-synthetic
01:31 +478: C:/Users/Atharva Patil/.codex/worktrees/session-3-options/gymlog/test/upgrade/home_routines_implemented_render_test.dart: home-completed-blazeOrange-1.6x
01:31 +479: C:/Users/Atharva Patil/.codex/worktrees/session-3-options/gymlog/test/upgrade/session_2_acceptance_render_test.dart: home-empty-choice-neonCyan-1.0x-synthetic
01:31 +480: C:/Users/Atharva Patil/.codex/worktrees/session-3-options/gymlog/test/upgrade/home_routines_implemented_render_test.dart: home-long-name-blazeOrange-1.6x
01:32 +481: C:/Users/Atharva Patil/.codex/worktrees/session-3-options/gymlog/test/upgrade/home_routines_implemented_render_test.dart: home-long-name-blazeOrange-1.6x
01:32 +482: C:/Users/Atharva Patil/.codex/worktrees/session-3-options/gymlog/test/upgrade/session_2_acceptance_render_test.dart: home-new-user-neonCyan-1.0x-synthetic
01:32 +483: C:/Users/Atharva Patil/.codex/worktrees/session-3-options/gymlog/test/upgrade/home_routines_implemented_render_test.dart: home-plan-repeat-blazeOrange-1.6x
01:32 +484: C:/Users/Atharva Patil/.codex/worktrees/session-3-options/gymlog/test/upgrade/session_2_acceptance_render_test.dart: library-new-user-neonCyan-1.0x-synthetic
01:32 +485: C:/Users/Atharva Patil/.codex/worktrees/session-3-options/gymlog/test/upgrade/home_routines_implemented_render_test.dart: home-plan-empty-blazeOrange-1.6x
01:33 +486: C:/Users/Atharva Patil/.codex/worktrees/session-3-options/gymlog/test/upgrade/session_2_acceptance_render_test.dart: home-no-routine-neonCyan-1.0x-synthetic
01:33 +487: C:/Users/Atharva Patil/.codex/worktrees/session-3-options/gymlog/test/upgrade/home_routines_implemented_render_test.dart: library-completed-blazeOrange-1.6x
01:33 +488: C:/Users/Atharva Patil/.codex/worktrees/session-3-options/gymlog/test/upgrade/session_2_acceptance_render_test.dart: library-no-routine-neonCyan-1.0x-synthetic
01:33 +489: C:/Users/Atharva Patil/.codex/worktrees/session-3-options/gymlog/test/upgrade/home_routines_implemented_render_test.dart: library-long-name-blazeOrange-1.6x
01:34 +490: C:/Users/Atharva Patil/.codex/worktrees/session-3-options/gymlog/test/upgrade/session_2_acceptance_render_test.dart: home-inactive-return-neonCyan-1.0x-synthetic
01:34 +491: C:/Users/Atharva Patil/.codex/worktrees/session-3-options/gymlog/test/upgrade/home_routines_implemented_render_test.dart: override-keyboard-blazeOrange-1.6x
01:34 +492: C:/Users/Atharva Patil/.codex/worktrees/session-3-options/gymlog/test/upgrade/home_routines_implemented_render_test.dart: override-keyboard-blazeOrange-1.6x
01:34 +493: C:/Users/Atharva Patil/.codex/worktrees/session-3-options/gymlog/test/upgrade/session_2_acceptance_render_test.dart: home-low-data-neonCyan-1.0x-synthetic
01:34 +494: C:/Users/Atharva Patil/.codex/worktrees/session-3-options/gymlog/test/upgrade/home_routines_implemented_render_test.dart: plan-keyboard-blazeOrange-1.6x
01:34 +495: C:/Users/Atharva Patil/.codex/worktrees/session-3-options/gymlog/test/upgrade/session_2_acceptance_render_test.dart: library-low-data-neonCyan-1.0x-synthetic
01:34 +496: C:/Users/Atharva Patil/.codex/worktrees/session-3-options/gymlog/test/upgrade/home_routines_implemented_render_test.dart: library-next-blazeOrange-1.6x
01:34 +497: C:/Users/Atharva Patil/.codex/worktrees/session-3-options/gymlog/test/upgrade/session_2_acceptance_render_test.dart: home-error-neonCyan-1.0x-synthetic
01:35 +498: C:/Users/Atharva Patil/.codex/worktrees/session-3-options/gymlog/test/upgrade/home_routines_implemented_render_test.dart: home-completed-blazeOrange-2.0x
01:35 +499: C:/Users/Atharva Patil/.codex/worktrees/session-3-options/gymlog/test/upgrade/session_2_acceptance_render_test.dart: library-error-neonCyan-1.0x-synthetic
01:35 +500: C:/Users/Atharva Patil/.codex/worktrees/session-3-options/gymlog/test/upgrade/home_routines_implemented_render_test.dart: home-long-name-blazeOrange-2.0x
01:35 +501: C:/Users/Atharva Patil/.codex/worktrees/session-3-options/gymlog/test/upgrade/session_2_acceptance_render_test.dart: home-previous-error-neonCyan-1.0x-synthetic
01:35 +502: C:/Users/Atharva Patil/.codex/worktrees/session-3-options/gymlog/test/upgrade/home_routines_implemented_render_test.dart: home-plan-repeat-blazeOrange-2.0x
01:36 +503: C:/Users/Atharva Patil/.codex/worktrees/session-3-options/gymlog/test/upgrade/session_2_acceptance_render_test.dart: library-previous-error-neonCyan-1.0x-synthetic
01:36 +504: C:/Users/Atharva Patil/.codex/worktrees/session-3-options/gymlog/test/upgrade/home_routines_implemented_render_test.dart: home-plan-empty-blazeOrange-2.0x
01:36 +505: C:/Users/Atharva Patil/.codex/worktrees/session-3-options/gymlog/test/upgrade/session_2_acceptance_render_test.dart: home-choice-error-neonCyan-1.0x-synthetic
01:36 +506: C:/Users/Atharva Patil/.codex/worktrees/session-3-options/gymlog/test/upgrade/home_routines_implemented_render_test.dart: home-last-error-blazeOrange-2.0x
01:37 +507: C:/Users/Atharva Patil/.codex/worktrees/session-3-options/gymlog/test/upgrade/home_routines_implemented_render_test.dart: home-last-error-blazeOrange-2.0x
01:37 +508: C:/Users/Atharva Patil/.codex/worktrees/session-3-options/gymlog/test/upgrade/session_2_acceptance_render_test.dart: home-loading-neonCyan-1.0x-synthetic
01:37 +509: C:/Users/Atharva Patil/.codex/worktrees/session-3-options/gymlog/test/upgrade/home_routines_implemented_render_test.dart: home-last-older-blazeOrange-2.0x
01:37 +510: C:/Users/Atharva Patil/.codex/worktrees/session-3-options/gymlog/test/upgrade/session_2_acceptance_render_test.dart: library-loading-neonCyan-1.0x-synthetic
01:38 +511: C:/Users/Atharva Patil/.codex/worktrees/session-3-options/gymlog/test/upgrade/home_routines_implemented_render_test.dart: home-repeat-committed-blazeOrange-2.0x
01:38 +512: C:/Users/Atharva Patil/.codex/worktrees/session-3-options/gymlog/test/upgrade/session_2_acceptance_render_test.dart: home-active-chosen-neonCyan-1.0x-synthetic
01:38 +513: C:/Users/Atharva Patil/.codex/worktrees/session-3-options/gymlog/test/upgrade/home_routines_implemented_render_test.dart: home-repeat-canceled-blazeOrange-2.0x
01:38 +514: C:/Users/Atharva Patil/.codex/worktrees/session-3-options/gymlog/test/upgrade/home_routines_implemented_render_test.dart: home-repeat-canceled-blazeOrange-2.0x
01:39 +515: C:/Users/Atharva Patil/.codex/worktrees/session-3-options/gymlog/test/upgrade/session_2_acceptance_render_test.dart: home-active-no-choice-neonCyan-1.0x-synthetic
01:39 +516: C:/Users/Atharva Patil/.codex/worktrees/session-3-options/gymlog/test/upgrade/home_routines_implemented_render_test.dart: home-plan-saving-blazeOrange-2.0x
01:40 +517: C:/Users/Atharva Patil/.codex/worktrees/session-3-options/gymlog/test/upgrade/home_routines_implemented_render_test.dart: home-plan-saving-blazeOrange-2.0x
01:40 +518: C:/Users/Atharva Patil/.codex/worktrees/session-3-options/gymlog/test/upgrade/session_2_acceptance_render_test.dart: home-active-no-routine-neonCyan-1.0x-synthetic
01:40 +519: C:/Users/Atharva Patil/.codex/worktrees/session-3-options/gymlog/test/upgrade/home_routines_implemented_render_test.dart: home-plan-save-error-blazeOrange-2.0x
01:41 +520: C:/Users/Atharva Patil/.codex/worktrees/session-3-options/gymlog/test/upgrade/home_routines_implemented_render_test.dart: home-plan-save-error-blazeOrange-2.0x
01:41 +521: C:/Users/Atharva Patil/.codex/worktrees/session-3-options/gymlog/test/upgrade/session_2_acceptance_render_test.dart: home-active-error-neonCyan-1.0x-synthetic
01:41 +522: C:/Users/Atharva Patil/.codex/worktrees/session-3-options/gymlog/test/upgrade/home_routines_implemented_render_test.dart: home-empty-next-blazeOrange-2.0x
01:41 +523: C:/Users/Atharva Patil/.codex/worktrees/session-3-options/gymlog/test/upgrade/session_2_acceptance_render_test.dart: library-active-error-neonCyan-1.0x-synthetic
01:42 +524: C:/Users/Atharva Patil/.codex/worktrees/session-3-options/gymlog/test/upgrade/home_routines_implemented_render_test.dart: home-ready-blazeOrange-2.0x
01:42 +525: C:/Users/Atharva Patil/.codex/worktrees/session-3-options/gymlog/test/upgrade/session_2_acceptance_render_test.dart: home-active-deleted-choice-neonCyan-1.0x-synthetic
01:42 +526: C:/Users/Atharva Patil/.codex/worktrees/session-3-options/gymlog/test/upgrade/home_routines_implemented_render_test.dart: home-empty-blazeOrange-2.0x
01:43 +527: C:/Users/Atharva Patil/.codex/worktrees/session-3-options/gymlog/test/upgrade/session_2_acceptance_render_test.dart: library-active-deleted-choice-neonCyan-1.0x-synthetic
01:43 +528: C:/Users/Atharva Patil/.codex/worktrees/session-3-options/gymlog/test/upgrade/home_routines_implemented_render_test.dart: home-error-blazeOrange-2.0x
01:43 +529: C:/Users/Atharva Patil/.codex/worktrees/session-3-options/gymlog/test/upgrade/session_2_acceptance_render_test.dart: home-active-empty-choice-neonCyan-1.0x-synthetic
01:43 +530: C:/Users/Atharva Patil/.codex/worktrees/session-3-options/gymlog/test/upgrade/home_routines_implemented_render_test.dart: home-active-blazeOrange-2.0x
01:44 +531: C:/Users/Atharva Patil/.codex/worktrees/session-3-options/gymlog/test/upgrade/session_2_acceptance_render_test.dart: library-active-empty-choice-neonCyan-1.0x-synthetic
01:44 +532: C:/Users/Atharva Patil/.codex/worktrees/session-3-options/gymlog/test/upgrade/home_routines_implemented_render_test.dart: library-completed-blazeOrange-2.0x
01:44 +533: C:/Users/Atharva Patil/.codex/worktrees/session-3-options/gymlog/test/upgrade/session_2_acceptance_render_test.dart: home-active-choice-error-neonCyan-1.0x-synthetic
01:44 +534: C:/Users/Atharva Patil/.codex/worktrees/session-3-options/gymlog/test/upgrade/home_routines_implemented_render_test.dart: library-long-name-blazeOrange-2.0x
01:45 +535: C:/Users/Atharva Patil/.codex/worktrees/session-3-options/gymlog/test/upgrade/session_2_acceptance_render_test.dart: library-active-choice-error-neonCyan-1.0x-synthetic
01:45 +536: C:/Users/Atharva Patil/.codex/worktrees/session-3-options/gymlog/test/upgrade/home_routines_implemented_render_test.dart: library-plan-error-blazeOrange-2.0x
01:45 +537: C:/Users/Atharva Patil/.codex/worktrees/session-3-options/gymlog/test/upgrade/session_2_acceptance_render_test.dart: home-chosen-neonCyan-1.6x-synthetic
01:45 +538: C:/Users/Atharva Patil/.codex/worktrees/session-3-options/gymlog/test/upgrade/session_2_acceptance_render_test.dart: home-chosen-neonCyan-1.6x-synthetic
01:46 +539: C:/Users/Atharva Patil/.codex/worktrees/session-3-options/gymlog/test/upgrade/session_2_acceptance_render_test.dart: home-chosen-neonCyan-1.6x-synthetic
01:46 +540: C:/Users/Atharva Patil/.codex/worktrees/session-3-options/gymlog/test/upgrade/session_2_acceptance_render_test.dart: home-chosen-neonCyan-1.6x-synthetic
01:47 +541: C:/Users/Atharva Patil/.codex/worktrees/session-3-options/gymlog/test/upgrade/session_2_acceptance_render_test.dart: home-chosen-neonCyan-1.6x-synthetic
01:47 +542: C:/Users/Atharva Patil/.codex/worktrees/session-3-options/gymlog/test/upgrade/session_2_acceptance_render_test.dart: home-chosen-neonCyan-1.6x-synthetic
01:47 +543: C:/Users/Atharva Patil/.codex/worktrees/session-3-options/gymlog/test/upgrade/home_routines_implemented_render_test.dart: plan-keyboard-blazeOrange-2.0x
01:48 +544: C:/Users/Atharva Patil/.codex/worktrees/session-3-options/gymlog/test/upgrade/session_2_acceptance_render_test.dart: library-chosen-neonCyan-1.6x-synthetic
01:48 +545: C:/Users/Atharva Patil/.codex/worktrees/session-3-options/gymlog/test/upgrade/session_2_acceptance_render_test.dart: library-chosen-neonCyan-1.6x-synthetic
01:48 +546: C:/Users/Atharva Patil/.codex/worktrees/session-3-options/gymlog/test/upgrade/home_routines_implemented_render_test.dart: home-narrow-ready-blazeOrange-1.0x
01:49 +547: C:/Users/Atharva Patil/.codex/worktrees/session-3-options/gymlog/test/upgrade/session_2_acceptance_render_test.dart: home-no-choice-neonCyan-1.6x-synthetic
01:49 +548: C:/Users/Atharva Patil/.codex/worktrees/session-3-options/gymlog/test/upgrade/home_routines_implemented_render_test.dart: library-narrow-ready-blazeOrange-1.0x
01:49 +549: C:/Users/Atharva Patil/.codex/worktrees/session-3-options/gymlog/test/upgrade/home_routines_implemented_render_test.dart: library-narrow-ready-blazeOrange-1.0x
01:49 +550: C:/Users/Atharva Patil/.codex/worktrees/session-3-options/gymlog/test/upgrade/session_2_acceptance_render_test.dart: home-deleted-choice-neonCyan-1.6x-synthetic
01:50 +551: C:/Users/Atharva Patil/.codex/worktrees/session-3-options/gymlog/test/upgrade/session_2_acceptance_render_test.dart: home-deleted-choice-neonCyan-1.6x-synthetic
01:50 +552: C:/Users/Atharva Patil/.codex/worktrees/session-3-options/gymlog/test/upgrade/home_routines_implemented_render_test.dart: library-narrow-ready-blazeOrange-2.0x
01:50 +553: C:/Users/Atharva Patil/.codex/worktrees/session-3-options/gymlog/test/upgrade/session_2_acceptance_render_test.dart: library-deleted-choice-neonCyan-1.6x-synthetic
01:50 +554: C:/Users/Atharva Patil/.codex/worktrees/session-3-options/gymlog/test/upgrade/session_2_acceptance_render_test.dart: home-empty-choice-neonCyan-1.6x-synthetic
01:51 +555: C:/Users/Atharva Patil/.codex/worktrees/session-3-options/gymlog/test/upgrade/session_2_acceptance_render_test.dart: library-empty-choice-neonCyan-1.6x-synthetic
01:51 +556: C:/Users/Atharva Patil/.codex/worktrees/session-3-options/gymlog/test/upgrade/session_2_acceptance_render_test.dart: home-new-user-neonCyan-1.6x-synthetic
01:51 +557: C:/Users/Atharva Patil/.codex/worktrees/session-3-options/gymlog/test/upgrade/session_2_acceptance_render_test.dart: library-new-user-neonCyan-1.6x-synthetic
01:52 +558: C:/Users/Atharva Patil/.codex/worktrees/session-3-options/gymlog/test/upgrade/session_2_acceptance_render_test.dart: home-no-routine-neonCyan-1.6x-synthetic
01:52 +559: C:/Users/Atharva Patil/.codex/worktrees/session-3-options/gymlog/test/upgrade/session_2_acceptance_render_test.dart: library-no-routine-neonCyan-1.6x-synthetic
01:52 +560: C:/Users/Atharva Patil/.codex/worktrees/session-3-options/gymlog/test/upgrade/session_2_acceptance_render_test.dart: home-inactive-return-neonCyan-1.6x-synthetic
01:53 +561: C:/Users/Atharva Patil/.codex/worktrees/session-3-options/gymlog/test/upgrade/session_2_acceptance_render_test.dart: library-inactive-return-neonCyan-1.6x-synthetic
01:53 +562: C:/Users/Atharva Patil/.codex/worktrees/session-3-options/gymlog/test/upgrade/session_2_acceptance_render_test.dart: home-low-data-neonCyan-1.6x-synthetic
01:53 +563: C:/Users/Atharva Patil/.codex/worktrees/session-3-options/gymlog/test/upgrade/session_2_acceptance_render_test.dart: library-low-data-neonCyan-1.6x-synthetic
01:53 +564: C:/Users/Atharva Patil/.codex/worktrees/session-3-options/gymlog/test/upgrade/session_2_acceptance_render_test.dart: home-error-neonCyan-1.6x-synthetic
01:54 +565: C:/Users/Atharva Patil/.codex/worktrees/session-3-options/gymlog/test/upgrade/session_2_acceptance_render_test.dart: library-error-neonCyan-1.6x-synthetic
01:54 +566: C:/Users/Atharva Patil/.codex/worktrees/session-3-options/gymlog/test/upgrade/session_2_acceptance_render_test.dart: home-previous-error-neonCyan-1.6x-synthetic
01:54 +567: C:/Users/Atharva Patil/.codex/worktrees/session-3-options/gymlog/test/upgrade/session_2_acceptance_render_test.dart: library-previous-error-neonCyan-1.6x-synthetic
01:54 +568: C:/Users/Atharva Patil/.codex/worktrees/session-3-options/gymlog/test/upgrade/session_2_acceptance_render_test.dart: home-choice-error-neonCyan-1.6x-synthetic
01:55 +569: C:/Users/Atharva Patil/.codex/worktrees/session-3-options/gymlog/test/upgrade/session_2_acceptance_render_test.dart: library-choice-error-neonCyan-1.6x-synthetic
01:55 +570: C:/Users/Atharva Patil/.codex/worktrees/session-3-options/gymlog/test/upgrade/session_2_acceptance_render_test.dart: home-loading-neonCyan-1.6x-synthetic
01:55 +571: C:/Users/Atharva Patil/.codex/worktrees/session-3-options/gymlog/test/upgrade/session_2_acceptance_render_test.dart: library-loading-neonCyan-1.6x-synthetic
01:56 +572: C:/Users/Atharva Patil/.codex/worktrees/session-3-options/gymlog/test/upgrade/session_2_acceptance_render_test.dart: home-active-chosen-neonCyan-1.6x-synthetic
01:56 +573: C:/Users/Atharva Patil/.codex/worktrees/session-3-options/gymlog/test/upgrade/session_2_acceptance_render_test.dart: library-active-chosen-neonCyan-1.6x-synthetic
01:56 +574: C:/Users/Atharva Patil/.codex/worktrees/session-3-options/gymlog/test/upgrade/session_2_acceptance_render_test.dart: home-active-no-choice-neonCyan-1.6x-synthetic
01:57 +575: C:/Users/Atharva Patil/.codex/worktrees/session-3-options/gymlog/test/upgrade/session_2_acceptance_render_test.dart: library-active-no-choice-neonCyan-1.6x-synthetic
01:57 +576: C:/Users/Atharva Patil/.codex/worktrees/session-3-options/gymlog/test/upgrade/session_2_acceptance_render_test.dart: home-active-no-routine-neonCyan-1.6x-synthetic
01:58 +577: C:/Users/Atharva Patil/.codex/worktrees/session-3-options/gymlog/test/upgrade/session_2_acceptance_render_test.dart: library-active-no-routine-neonCyan-1.6x-synthetic
01:58 +578: C:/Users/Atharva Patil/.codex/worktrees/session-3-options/gymlog/test/upgrade/session_2_acceptance_render_test.dart: home-active-error-neonCyan-1.6x-synthetic
01:58 +579: C:/Users/Atharva Patil/.codex/worktrees/session-3-options/gymlog/test/upgrade/session_2_acceptance_render_test.dart: library-active-error-neonCyan-1.6x-synthetic
01:58 +580: C:/Users/Atharva Patil/.codex/worktrees/session-3-options/gymlog/test/upgrade/session_2_acceptance_render_test.dart: home-active-deleted-choice-neonCyan-1.6x-synthetic
01:59 +581: C:/Users/Atharva Patil/.codex/worktrees/session-3-options/gymlog/test/upgrade/session_2_acceptance_render_test.dart: library-active-deleted-choice-neonCyan-1.6x-synthetic
01:59 +582: C:/Users/Atharva Patil/.codex/worktrees/session-3-options/gymlog/test/upgrade/session_2_acceptance_render_test.dart: home-active-empty-choice-neonCyan-1.6x-synthetic
01:59 +583: C:/Users/Atharva Patil/.codex/worktrees/session-3-options/gymlog/test/upgrade/session_2_acceptance_render_test.dart: library-active-empty-choice-neonCyan-1.6x-synthetic
02:00 +584: C:/Users/Atharva Patil/.codex/worktrees/session-3-options/gymlog/test/upgrade/session_2_acceptance_render_test.dart: home-active-choice-error-neonCyan-1.6x-synthetic
02:00 +585: C:/Users/Atharva Patil/.codex/worktrees/session-3-options/gymlog/test/upgrade/session_2_acceptance_render_test.dart: library-active-choice-error-neonCyan-1.6x-synthetic
02:00 +586: C:/Users/Atharva Patil/.codex/worktrees/session-3-options/gymlog/test/upgrade/session_2_acceptance_render_test.dart: home-chosen-neonMagenta-1.0x-synthetic
02:01 +587: C:/Users/Atharva Patil/.codex/worktrees/session-3-options/gymlog/test/upgrade/session_2_acceptance_render_test.dart: library-chosen-neonMagenta-1.0x-synthetic
02:02 +588: C:/Users/Atharva Patil/.codex/worktrees/session-3-options/gymlog/test/upgrade/session_2_acceptance_render_test.dart: home-no-choice-neonMagenta-1.0x-synthetic
02:02 +589: C:/Users/Atharva Patil/.codex/worktrees/session-3-options/gymlog/test/upgrade/session_2_acceptance_render_test.dart: library-no-choice-neonMagenta-1.0x-synthetic
02:02 +590: C:/Users/Atharva Patil/.codex/worktrees/session-3-options/gymlog/test/upgrade/session_2_acceptance_render_test.dart: home-deleted-choice-neonMagenta-1.0x-synthetic
02:03 +591: C:/Users/Atharva Patil/.codex/worktrees/session-3-options/gymlog/test/upgrade/session_2_acceptance_render_test.dart: library-deleted-choice-neonMagenta-1.0x-synthetic
02:03 +592: C:/Users/Atharva Patil/.codex/worktrees/session-3-options/gymlog/test/upgrade/session_2_acceptance_render_test.dart: home-empty-choice-neonMagenta-1.0x-synthetic
02:03 +593: C:/Users/Atharva Patil/.codex/worktrees/session-3-options/gymlog/test/upgrade/session_2_acceptance_render_test.dart: library-empty-choice-neonMagenta-1.0x-synthetic
02:04 +594: C:/Users/Atharva Patil/.codex/worktrees/session-3-options/gymlog/test/upgrade/session_2_acceptance_render_test.dart: home-new-user-neonMagenta-1.0x-synthetic
02:04 +595: C:/Users/Atharva Patil/.codex/worktrees/session-3-options/gymlog/test/upgrade/session_2_acceptance_render_test.dart: library-new-user-neonMagenta-1.0x-synthetic
02:04 +596: C:/Users/Atharva Patil/.codex/worktrees/session-3-options/gymlog/test/upgrade/session_2_acceptance_render_test.dart: home-no-routine-neonMagenta-1.0x-synthetic
02:04 +597: C:/Users/Atharva Patil/.codex/worktrees/session-3-options/gymlog/test/upgrade/session_2_acceptance_render_test.dart: library-no-routine-neonMagenta-1.0x-synthetic
02:05 +598: C:/Users/Atharva Patil/.codex/worktrees/session-3-options/gymlog/test/upgrade/session_2_acceptance_render_test.dart: home-inactive-return-neonMagenta-1.0x-synthetic
02:05 +599: C:/Users/Atharva Patil/.codex/worktrees/session-3-options/gymlog/test/upgrade/session_2_acceptance_render_test.dart: library-inactive-return-neonMagenta-1.0x-synthetic
02:05 +600: C:/Users/Atharva Patil/.codex/worktrees/session-3-options/gymlog/test/upgrade/session_2_acceptance_render_test.dart: home-low-data-neonMagenta-1.0x-synthetic
02:05 +601: C:/Users/Atharva Patil/.codex/worktrees/session-3-options/gymlog/test/upgrade/session_2_acceptance_render_test.dart: library-low-data-neonMagenta-1.0x-synthetic
02:06 +602: C:/Users/Atharva Patil/.codex/worktrees/session-3-options/gymlog/test/upgrade/session_2_acceptance_render_test.dart: home-error-neonMagenta-1.0x-synthetic
02:06 +603: C:/Users/Atharva Patil/.codex/worktrees/session-3-options/gymlog/test/upgrade/session_2_acceptance_render_test.dart: library-error-neonMagenta-1.0x-synthetic
02:06 +604: C:/Users/Atharva Patil/.codex/worktrees/session-3-options/gymlog/test/upgrade/session_2_acceptance_render_test.dart: home-previous-error-neonMagenta-1.0x-synthetic
02:06 +605: C:/Users/Atharva Patil/.codex/worktrees/session-3-options/gymlog/test/upgrade/session_2_acceptance_render_test.dart: library-previous-error-neonMagenta-1.0x-synthetic
02:07 +606: C:/Users/Atharva Patil/.codex/worktrees/session-3-options/gymlog/test/upgrade/session_2_acceptance_render_test.dart: home-choice-error-neonMagenta-1.0x-synthetic
02:07 +607: C:/Users/Atharva Patil/.codex/worktrees/session-3-options/gymlog/test/upgrade/session_2_acceptance_render_test.dart: library-choice-error-neonMagenta-1.0x-synthetic
02:07 +608: C:/Users/Atharva Patil/.codex/worktrees/session-3-options/gymlog/test/upgrade/session_2_acceptance_render_test.dart: home-loading-neonMagenta-1.0x-synthetic
02:08 +609: C:/Users/Atharva Patil/.codex/worktrees/session-3-options/gymlog/test/upgrade/session_2_acceptance_render_test.dart: library-loading-neonMagenta-1.0x-synthetic
02:08 +610: C:/Users/Atharva Patil/.codex/worktrees/session-3-options/gymlog/test/upgrade/session_2_acceptance_render_test.dart: home-active-chosen-neonMagenta-1.0x-synthetic
02:08 +611: C:/Users/Atharva Patil/.codex/worktrees/session-3-options/gymlog/test/upgrade/session_2_acceptance_render_test.dart: library-active-chosen-neonMagenta-1.0x-synthetic
02:08 +612: C:/Users/Atharva Patil/.codex/worktrees/session-3-options/gymlog/test/upgrade/session_2_acceptance_render_test.dart: home-active-no-choice-neonMagenta-1.0x-synthetic
02:08 +613: C:/Users/Atharva Patil/.codex/worktrees/session-3-options/gymlog/test/upgrade/session_2_acceptance_render_test.dart: library-active-no-choice-neonMagenta-1.0x-synthetic
02:09 +614: C:/Users/Atharva Patil/.codex/worktrees/session-3-options/gymlog/test/upgrade/session_2_acceptance_render_test.dart: home-active-no-routine-neonMagenta-1.0x-synthetic
02:09 +615: C:/Users/Atharva Patil/.codex/worktrees/session-3-options/gymlog/test/upgrade/session_2_acceptance_render_test.dart: library-active-no-routine-neonMagenta-1.0x-synthetic
02:09 +616: C:/Users/Atharva Patil/.codex/worktrees/session-3-options/gymlog/test/upgrade/session_2_acceptance_render_test.dart: home-active-error-neonMagenta-1.0x-synthetic
02:09 +617: C:/Users/Atharva Patil/.codex/worktrees/session-3-options/gymlog/test/upgrade/session_2_acceptance_render_test.dart: library-active-error-neonMagenta-1.0x-synthetic
02:09 +618: C:/Users/Atharva Patil/.codex/worktrees/session-3-options/gymlog/test/upgrade/session_2_acceptance_render_test.dart: home-active-deleted-choice-neonMagenta-1.0x-synthetic
02:10 +619: C:/Users/Atharva Patil/.codex/worktrees/session-3-options/gymlog/test/upgrade/session_2_acceptance_render_test.dart: library-active-deleted-choice-neonMagenta-1.0x-synthetic
02:10 +620: C:/Users/Atharva Patil/.codex/worktrees/session-3-options/gymlog/test/upgrade/session_2_acceptance_render_test.dart: home-active-empty-choice-neonMagenta-1.0x-synthetic
02:10 +621: C:/Users/Atharva Patil/.codex/worktrees/session-3-options/gymlog/test/upgrade/session_2_acceptance_render_test.dart: library-active-empty-choice-neonMagenta-1.0x-synthetic
02:10 +622: C:/Users/Atharva Patil/.codex/worktrees/session-3-options/gymlog/test/upgrade/session_2_acceptance_render_test.dart: home-active-choice-error-neonMagenta-1.0x-synthetic
02:10 +623: C:/Users/Atharva Patil/.codex/worktrees/session-3-options/gymlog/test/upgrade/session_2_acceptance_render_test.dart: library-active-choice-error-neonMagenta-1.0x-synthetic
02:11 +624: C:/Users/Atharva Patil/.codex/worktrees/session-3-options/gymlog/test/upgrade/session_2_acceptance_render_test.dart: home-chosen-neonMagenta-1.6x-synthetic
02:12 +625: C:/Users/Atharva Patil/.codex/worktrees/session-3-options/gymlog/test/upgrade/session_2_acceptance_render_test.dart: library-chosen-neonMagenta-1.6x-synthetic
02:12 +626: C:/Users/Atharva Patil/.codex/worktrees/session-3-options/gymlog/test/upgrade/session_2_acceptance_render_test.dart: home-no-choice-neonMagenta-1.6x-synthetic
02:12 +627: C:/Users/Atharva Patil/.codex/worktrees/session-3-options/gymlog/test/upgrade/session_2_acceptance_render_test.dart: library-no-choice-neonMagenta-1.6x-synthetic
02:12 +628: C:/Users/Atharva Patil/.codex/worktrees/session-3-options/gymlog/test/upgrade/session_2_acceptance_render_test.dart: home-deleted-choice-neonMagenta-1.6x-synthetic
02:13 +629: C:/Users/Atharva Patil/.codex/worktrees/session-3-options/gymlog/test/upgrade/session_2_acceptance_render_test.dart: library-deleted-choice-neonMagenta-1.6x-synthetic
02:13 +630: C:/Users/Atharva Patil/.codex/worktrees/session-3-options/gymlog/test/upgrade/session_2_acceptance_render_test.dart: home-empty-choice-neonMagenta-1.6x-synthetic
02:13 +631: C:/Users/Atharva Patil/.codex/worktrees/session-3-options/gymlog/test/upgrade/session_2_acceptance_render_test.dart: library-empty-choice-neonMagenta-1.6x-synthetic
02:13 +632: C:/Users/Atharva Patil/.codex/worktrees/session-3-options/gymlog/test/upgrade/session_2_acceptance_render_test.dart: home-new-user-neonMagenta-1.6x-synthetic
02:13 +633: C:/Users/Atharva Patil/.codex/worktrees/session-3-options/gymlog/test/upgrade/session_2_acceptance_render_test.dart: library-new-user-neonMagenta-1.6x-synthetic
02:13 +634: C:/Users/Atharva Patil/.codex/worktrees/session-3-options/gymlog/test/upgrade/session_2_acceptance_render_test.dart: home-no-routine-neonMagenta-1.6x-synthetic
02:14 +635: C:/Users/Atharva Patil/.codex/worktrees/session-3-options/gymlog/test/upgrade/session_2_acceptance_render_test.dart: library-no-routine-neonMagenta-1.6x-synthetic
02:14 +636: C:/Users/Atharva Patil/.codex/worktrees/session-3-options/gymlog/test/upgrade/session_2_acceptance_render_test.dart: home-inactive-return-neonMagenta-1.6x-synthetic
02:14 +637: C:/Users/Atharva Patil/.codex/worktrees/session-3-options/gymlog/test/upgrade/session_2_acceptance_render_test.dart: library-inactive-return-neonMagenta-1.6x-synthetic
02:14 +638: C:/Users/Atharva Patil/.codex/worktrees/session-3-options/gymlog/test/upgrade/session_2_acceptance_render_test.dart: home-low-data-neonMagenta-1.6x-synthetic
02:14 +639: C:/Users/Atharva Patil/.codex/worktrees/session-3-options/gymlog/test/upgrade/session_2_acceptance_render_test.dart: library-low-data-neonMagenta-1.6x-synthetic
02:14 +640: C:/Users/Atharva Patil/.codex/worktrees/session-3-options/gymlog/test/upgrade/session_2_acceptance_render_test.dart: home-error-neonMagenta-1.6x-synthetic
02:15 +641: C:/Users/Atharva Patil/.codex/worktrees/session-3-options/gymlog/test/upgrade/session_2_acceptance_render_test.dart: library-error-neonMagenta-1.6x-synthetic
02:15 +642: C:/Users/Atharva Patil/.codex/worktrees/session-3-options/gymlog/test/upgrade/session_2_acceptance_render_test.dart: home-previous-error-neonMagenta-1.6x-synthetic
02:15 +643: C:/Users/Atharva Patil/.codex/worktrees/session-3-options/gymlog/test/upgrade/session_2_acceptance_render_test.dart: library-previous-error-neonMagenta-1.6x-synthetic
02:15 +644: C:/Users/Atharva Patil/.codex/worktrees/session-3-options/gymlog/test/upgrade/session_2_acceptance_render_test.dart: home-choice-error-neonMagenta-1.6x-synthetic
02:15 +645: C:/Users/Atharva Patil/.codex/worktrees/session-3-options/gymlog/test/upgrade/session_2_acceptance_render_test.dart: library-choice-error-neonMagenta-1.6x-synthetic
02:15 +646: C:/Users/Atharva Patil/.codex/worktrees/session-3-options/gymlog/test/upgrade/session_2_acceptance_render_test.dart: home-loading-neonMagenta-1.6x-synthetic
02:16 +647: C:/Users/Atharva Patil/.codex/worktrees/session-3-options/gymlog/test/upgrade/session_2_acceptance_render_test.dart: library-loading-neonMagenta-1.6x-synthetic
02:16 +648: C:/Users/Atharva Patil/.codex/worktrees/session-3-options/gymlog/test/upgrade/session_2_acceptance_render_test.dart: home-active-chosen-neonMagenta-1.6x-synthetic
02:16 +649: C:/Users/Atharva Patil/.codex/worktrees/session-3-options/gymlog/test/upgrade/session_2_acceptance_render_test.dart: library-active-chosen-neonMagenta-1.6x-synthetic
02:16 +650: C:/Users/Atharva Patil/.codex/worktrees/session-3-options/gymlog/test/upgrade/session_2_acceptance_render_test.dart: home-active-no-choice-neonMagenta-1.6x-synthetic
02:16 +651: C:/Users/Atharva Patil/.codex/worktrees/session-3-options/gymlog/test/upgrade/session_2_acceptance_render_test.dart: library-active-no-choice-neonMagenta-1.6x-synthetic
02:16 +652: C:/Users/Atharva Patil/.codex/worktrees/session-3-options/gymlog/test/upgrade/session_2_acceptance_render_test.dart: home-active-no-routine-neonMagenta-1.6x-synthetic
02:17 +653: C:/Users/Atharva Patil/.codex/worktrees/session-3-options/gymlog/test/upgrade/session_2_acceptance_render_test.dart: library-active-no-routine-neonMagenta-1.6x-synthetic
02:17 +654: C:/Users/Atharva Patil/.codex/worktrees/session-3-options/gymlog/test/upgrade/session_2_acceptance_render_test.dart: home-active-error-neonMagenta-1.6x-synthetic
02:17 +655: C:/Users/Atharva Patil/.codex/worktrees/session-3-options/gymlog/test/upgrade/session_2_acceptance_render_test.dart: library-active-error-neonMagenta-1.6x-synthetic
02:17 +656: C:/Users/Atharva Patil/.codex/worktrees/session-3-options/gymlog/test/upgrade/session_2_acceptance_render_test.dart: home-active-deleted-choice-neonMagenta-1.6x-synthetic
02:17 +657: C:/Users/Atharva Patil/.codex/worktrees/session-3-options/gymlog/test/upgrade/session_2_acceptance_render_test.dart: library-active-deleted-choice-neonMagenta-1.6x-synthetic
02:17 +658: C:/Users/Atharva Patil/.codex/worktrees/session-3-options/gymlog/test/upgrade/session_2_acceptance_render_test.dart: home-active-empty-choice-neonMagenta-1.6x-synthetic
02:18 +659: C:/Users/Atharva Patil/.codex/worktrees/session-3-options/gymlog/test/upgrade/session_2_acceptance_render_test.dart: library-active-empty-choice-neonMagenta-1.6x-synthetic
02:18 +660: C:/Users/Atharva Patil/.codex/worktrees/session-3-options/gymlog/test/upgrade/session_2_acceptance_render_test.dart: home-active-choice-error-neonMagenta-1.6x-synthetic
02:18 +661: C:/Users/Atharva Patil/.codex/worktrees/session-3-options/gymlog/test/upgrade/session_2_acceptance_render_test.dart: library-active-choice-error-neonMagenta-1.6x-synthetic
02:18 +662: C:/Users/Atharva Patil/.codex/worktrees/session-3-options/gymlog/test/upgrade/session_2_acceptance_render_test.dart: home-chosen-blazeOrange-1.0x-synthetic
02:19 +663: C:/Users/Atharva Patil/.codex/worktrees/session-3-options/gymlog/test/upgrade/session_2_acceptance_render_test.dart: library-chosen-blazeOrange-1.0x-synthetic
02:19 +664: C:/Users/Atharva Patil/.codex/worktrees/session-3-options/gymlog/test/upgrade/session_2_acceptance_render_test.dart: home-no-choice-blazeOrange-1.0x-synthetic
02:19 +665: C:/Users/Atharva Patil/.codex/worktrees/session-3-options/gymlog/test/upgrade/session_2_acceptance_render_test.dart: library-no-choice-blazeOrange-1.0x-synthetic
02:20 +666: C:/Users/Atharva Patil/.codex/worktrees/session-3-options/gymlog/test/upgrade/session_2_acceptance_render_test.dart: home-deleted-choice-blazeOrange-1.0x-synthetic
02:20 +667: C:/Users/Atharva Patil/.codex/worktrees/session-3-options/gymlog/test/upgrade/session_2_acceptance_render_test.dart: library-deleted-choice-blazeOrange-1.0x-synthetic
02:20 +668: C:/Users/Atharva Patil/.codex/worktrees/session-3-options/gymlog/test/upgrade/session_2_acceptance_render_test.dart: home-empty-choice-blazeOrange-1.0x-synthetic
02:20 +669: C:/Users/Atharva Patil/.codex/worktrees/session-3-options/gymlog/test/upgrade/session_2_acceptance_render_test.dart: library-empty-choice-blazeOrange-1.0x-synthetic
02:20 +670: C:/Users/Atharva Patil/.codex/worktrees/session-3-options/gymlog/test/upgrade/session_2_acceptance_render_test.dart: home-new-user-blazeOrange-1.0x-synthetic
02:20 +671: C:/Users/Atharva Patil/.codex/worktrees/session-3-options/gymlog/test/upgrade/session_2_acceptance_render_test.dart: library-new-user-blazeOrange-1.0x-synthetic
02:21 +672: C:/Users/Atharva Patil/.codex/worktrees/session-3-options/gymlog/test/upgrade/session_2_acceptance_render_test.dart: home-no-routine-blazeOrange-1.0x-synthetic
02:21 +673: C:/Users/Atharva Patil/.codex/worktrees/session-3-options/gymlog/test/upgrade/session_2_acceptance_render_test.dart: library-no-routine-blazeOrange-1.0x-synthetic
02:21 +674: C:/Users/Atharva Patil/.codex/worktrees/session-3-options/gymlog/test/upgrade/session_2_acceptance_render_test.dart: home-inactive-return-blazeOrange-1.0x-synthetic
02:21 +675: C:/Users/Atharva Patil/.codex/worktrees/session-3-options/gymlog/test/upgrade/session_2_acceptance_render_test.dart: library-inactive-return-blazeOrange-1.0x-synthetic
02:21 +676: C:/Users/Atharva Patil/.codex/worktrees/session-3-options/gymlog/test/upgrade/session_2_acceptance_render_test.dart: home-low-data-blazeOrange-1.0x-synthetic
02:21 +677: C:/Users/Atharva Patil/.codex/worktrees/session-3-options/gymlog/test/upgrade/session_2_acceptance_render_test.dart: library-low-data-blazeOrange-1.0x-synthetic
02:22 +678: C:/Users/Atharva Patil/.codex/worktrees/session-3-options/gymlog/test/upgrade/session_2_acceptance_render_test.dart: home-error-blazeOrange-1.0x-synthetic
02:22 +679: C:/Users/Atharva Patil/.codex/worktrees/session-3-options/gymlog/test/upgrade/session_2_acceptance_render_test.dart: library-error-blazeOrange-1.0x-synthetic
02:22 +680: C:/Users/Atharva Patil/.codex/worktrees/session-3-options/gymlog/test/upgrade/session_2_acceptance_render_test.dart: home-previous-error-blazeOrange-1.0x-synthetic
02:22 +681: C:/Users/Atharva Patil/.codex/worktrees/session-3-options/gymlog/test/upgrade/session_2_acceptance_render_test.dart: library-previous-error-blazeOrange-1.0x-synthetic
02:22 +682: C:/Users/Atharva Patil/.codex/worktrees/session-3-options/gymlog/test/upgrade/session_2_acceptance_render_test.dart: home-choice-error-blazeOrange-1.0x-synthetic
02:22 +683: C:/Users/Atharva Patil/.codex/worktrees/session-3-options/gymlog/test/upgrade/session_2_acceptance_render_test.dart: library-choice-error-blazeOrange-1.0x-synthetic
02:23 +684: C:/Users/Atharva Patil/.codex/worktrees/session-3-options/gymlog/test/upgrade/session_2_acceptance_render_test.dart: home-loading-blazeOrange-1.0x-synthetic
02:23 +685: C:/Users/Atharva Patil/.codex/worktrees/session-3-options/gymlog/test/upgrade/session_2_acceptance_render_test.dart: library-loading-blazeOrange-1.0x-synthetic
02:23 +686: C:/Users/Atharva Patil/.codex/worktrees/session-3-options/gymlog/test/upgrade/session_2_acceptance_render_test.dart: home-active-chosen-blazeOrange-1.0x-synthetic
02:23 +687: C:/Users/Atharva Patil/.codex/worktrees/session-3-options/gymlog/test/upgrade/session_2_acceptance_render_test.dart: library-active-chosen-blazeOrange-1.0x-synthetic
02:23 +688: C:/Users/Atharva Patil/.codex/worktrees/session-3-options/gymlog/test/upgrade/session_2_acceptance_render_test.dart: home-active-no-choice-blazeOrange-1.0x-synthetic
02:23 +689: C:/Users/Atharva Patil/.codex/worktrees/session-3-options/gymlog/test/upgrade/session_2_acceptance_render_test.dart: library-active-no-choice-blazeOrange-1.0x-synthetic
02:24 +690: C:/Users/Atharva Patil/.codex/worktrees/session-3-options/gymlog/test/upgrade/session_2_acceptance_render_test.dart: home-active-no-routine-blazeOrange-1.0x-synthetic
02:24 +691: C:/Users/Atharva Patil/.codex/worktrees/session-3-options/gymlog/test/upgrade/session_2_acceptance_render_test.dart: library-active-no-routine-blazeOrange-1.0x-synthetic
02:24 +692: C:/Users/Atharva Patil/.codex/worktrees/session-3-options/gymlog/test/upgrade/session_2_acceptance_render_test.dart: home-active-error-blazeOrange-1.0x-synthetic
02:24 +693: C:/Users/Atharva Patil/.codex/worktrees/session-3-options/gymlog/test/upgrade/session_2_acceptance_render_test.dart: library-active-error-blazeOrange-1.0x-synthetic
02:24 +694: C:/Users/Atharva Patil/.codex/worktrees/session-3-options/gymlog/test/upgrade/session_2_acceptance_render_test.dart: home-active-deleted-choice-blazeOrange-1.0x-synthetic
02:24 +695: C:/Users/Atharva Patil/.codex/worktrees/session-3-options/gymlog/test/upgrade/session_2_acceptance_render_test.dart: library-active-deleted-choice-blazeOrange-1.0x-synthetic
02:25 +696: C:/Users/Atharva Patil/.codex/worktrees/session-3-options/gymlog/test/upgrade/session_2_acceptance_render_test.dart: home-active-empty-choice-blazeOrange-1.0x-synthetic
02:25 +697: C:/Users/Atharva Patil/.codex/worktrees/session-3-options/gymlog/test/upgrade/session_2_acceptance_render_test.dart: library-active-empty-choice-blazeOrange-1.0x-synthetic
02:25 +698: C:/Users/Atharva Patil/.codex/worktrees/session-3-options/gymlog/test/upgrade/session_2_acceptance_render_test.dart: home-active-choice-error-blazeOrange-1.0x-synthetic
02:25 +699: C:/Users/Atharva Patil/.codex/worktrees/session-3-options/gymlog/test/upgrade/session_2_acceptance_render_test.dart: library-active-choice-error-blazeOrange-1.0x-synthetic
02:25 +700: C:/Users/Atharva Patil/.codex/worktrees/session-3-options/gymlog/test/upgrade/session_2_acceptance_render_test.dart: home-chosen-blazeOrange-1.6x-synthetic
02:26 +701: C:/Users/Atharva Patil/.codex/worktrees/session-3-options/gymlog/test/upgrade/session_2_acceptance_render_test.dart: library-chosen-blazeOrange-1.6x-synthetic
02:26 +702: C:/Users/Atharva Patil/.codex/worktrees/session-3-options/gymlog/test/upgrade/session_2_acceptance_render_test.dart: home-no-choice-blazeOrange-1.6x-synthetic
02:27 +703: C:/Users/Atharva Patil/.codex/worktrees/session-3-options/gymlog/test/upgrade/session_2_acceptance_render_test.dart: library-no-choice-blazeOrange-1.6x-synthetic
02:27 +704: C:/Users/Atharva Patil/.codex/worktrees/session-3-options/gymlog/test/upgrade/session_2_acceptance_render_test.dart: home-deleted-choice-blazeOrange-1.6x-synthetic
02:27 +705: C:/Users/Atharva Patil/.codex/worktrees/session-3-options/gymlog/test/upgrade/session_2_acceptance_render_test.dart: library-deleted-choice-blazeOrange-1.6x-synthetic
02:27 +706: C:/Users/Atharva Patil/.codex/worktrees/session-3-options/gymlog/test/upgrade/session_2_acceptance_render_test.dart: home-empty-choice-blazeOrange-1.6x-synthetic
02:27 +707: C:/Users/Atharva Patil/.codex/worktrees/session-3-options/gymlog/test/upgrade/session_2_acceptance_render_test.dart: library-empty-choice-blazeOrange-1.6x-synthetic
02:27 +708: C:/Users/Atharva Patil/.codex/worktrees/session-3-options/gymlog/test/upgrade/session_2_acceptance_render_test.dart: home-new-user-blazeOrange-1.6x-synthetic
02:28 +709: C:/Users/Atharva Patil/.codex/worktrees/session-3-options/gymlog/test/upgrade/session_2_acceptance_render_test.dart: library-new-user-blazeOrange-1.6x-synthetic
02:28 +710: C:/Users/Atharva Patil/.codex/worktrees/session-3-options/gymlog/test/upgrade/session_2_acceptance_render_test.dart: home-no-routine-blazeOrange-1.6x-synthetic
02:28 +711: C:/Users/Atharva Patil/.codex/worktrees/session-3-options/gymlog/test/upgrade/session_2_acceptance_render_test.dart: library-no-routine-blazeOrange-1.6x-synthetic
02:28 +712: C:/Users/Atharva Patil/.codex/worktrees/session-3-options/gymlog/test/upgrade/session_2_acceptance_render_test.dart: home-inactive-return-blazeOrange-1.6x-synthetic
02:28 +713: C:/Users/Atharva Patil/.codex/worktrees/session-3-options/gymlog/test/upgrade/session_2_acceptance_render_test.dart: library-inactive-return-blazeOrange-1.6x-synthetic
02:28 +714: C:/Users/Atharva Patil/.codex/worktrees/session-3-options/gymlog/test/upgrade/session_2_acceptance_render_test.dart: home-low-data-blazeOrange-1.6x-synthetic
02:29 +715: C:/Users/Atharva Patil/.codex/worktrees/session-3-options/gymlog/test/upgrade/session_2_acceptance_render_test.dart: library-low-data-blazeOrange-1.6x-synthetic
02:29 +716: C:/Users/Atharva Patil/.codex/worktrees/session-3-options/gymlog/test/upgrade/session_2_acceptance_render_test.dart: home-error-blazeOrange-1.6x-synthetic
02:29 +717: C:/Users/Atharva Patil/.codex/worktrees/session-3-options/gymlog/test/upgrade/session_2_acceptance_render_test.dart: library-error-blazeOrange-1.6x-synthetic
02:29 +718: C:/Users/Atharva Patil/.codex/worktrees/session-3-options/gymlog/test/upgrade/session_2_acceptance_render_test.dart: home-previous-error-blazeOrange-1.6x-synthetic
02:29 +719: C:/Users/Atharva Patil/.codex/worktrees/session-3-options/gymlog/test/upgrade/session_2_acceptance_render_test.dart: library-previous-error-blazeOrange-1.6x-synthetic
02:29 +720: C:/Users/Atharva Patil/.codex/worktrees/session-3-options/gymlog/test/upgrade/session_2_acceptance_render_test.dart: home-choice-error-blazeOrange-1.6x-synthetic
02:30 +721: C:/Users/Atharva Patil/.codex/worktrees/session-3-options/gymlog/test/upgrade/session_2_acceptance_render_test.dart: library-choice-error-blazeOrange-1.6x-synthetic
02:30 +722: C:/Users/Atharva Patil/.codex/worktrees/session-3-options/gymlog/test/upgrade/session_2_acceptance_render_test.dart: home-loading-blazeOrange-1.6x-synthetic
02:30 +723: C:/Users/Atharva Patil/.codex/worktrees/session-3-options/gymlog/test/upgrade/session_2_acceptance_render_test.dart: library-loading-blazeOrange-1.6x-synthetic
02:30 +724: C:/Users/Atharva Patil/.codex/worktrees/session-3-options/gymlog/test/upgrade/session_2_acceptance_render_test.dart: home-active-chosen-blazeOrange-1.6x-synthetic
02:30 +725: C:/Users/Atharva Patil/.codex/worktrees/session-3-options/gymlog/test/upgrade/session_2_acceptance_render_test.dart: library-active-chosen-blazeOrange-1.6x-synthetic
02:30 +726: C:/Users/Atharva Patil/.codex/worktrees/session-3-options/gymlog/test/upgrade/session_2_acceptance_render_test.dart: home-active-no-choice-blazeOrange-1.6x-synthetic
02:31 +727: C:/Users/Atharva Patil/.codex/worktrees/session-3-options/gymlog/test/upgrade/session_2_acceptance_render_test.dart: library-active-no-choice-blazeOrange-1.6x-synthetic
02:31 +728: C:/Users/Atharva Patil/.codex/worktrees/session-3-options/gymlog/test/upgrade/session_2_acceptance_render_test.dart: home-active-no-routine-blazeOrange-1.6x-synthetic
02:31 +729: C:/Users/Atharva Patil/.codex/worktrees/session-3-options/gymlog/test/upgrade/session_2_acceptance_render_test.dart: library-active-no-routine-blazeOrange-1.6x-synthetic
02:31 +730: C:/Users/Atharva Patil/.codex/worktrees/session-3-options/gymlog/test/upgrade/session_2_acceptance_render_test.dart: home-active-error-blazeOrange-1.6x-synthetic
02:31 +731: C:/Users/Atharva Patil/.codex/worktrees/session-3-options/gymlog/test/upgrade/session_2_acceptance_render_test.dart: library-active-error-blazeOrange-1.6x-synthetic
02:31 +732: C:/Users/Atharva Patil/.codex/worktrees/session-3-options/gymlog/test/upgrade/session_2_acceptance_render_test.dart: home-active-deleted-choice-blazeOrange-1.6x-synthetic
02:32 +733: C:/Users/Atharva Patil/.codex/worktrees/session-3-options/gymlog/test/upgrade/session_2_acceptance_render_test.dart: library-active-deleted-choice-blazeOrange-1.6x-synthetic
02:32 +734: C:/Users/Atharva Patil/.codex/worktrees/session-3-options/gymlog/test/upgrade/session_2_acceptance_render_test.dart: home-active-empty-choice-blazeOrange-1.6x-synthetic
02:32 +735: C:/Users/Atharva Patil/.codex/worktrees/session-3-options/gymlog/test/upgrade/session_2_acceptance_render_test.dart: library-active-empty-choice-blazeOrange-1.6x-synthetic
02:32 +736: C:/Users/Atharva Patil/.codex/worktrees/session-3-options/gymlog/test/upgrade/session_2_acceptance_render_test.dart: home-active-choice-error-blazeOrange-1.6x-synthetic
02:32 +737: C:/Users/Atharva Patil/.codex/worktrees/session-3-options/gymlog/test/upgrade/session_2_acceptance_render_test.dart: library-active-choice-error-blazeOrange-1.6x-synthetic
02:32 +738: C:/Users/Atharva Patil/.codex/worktrees/session-3-options/gymlog/test/upgrade/session_2_acceptance_render_test.dart: (tearDownAll)
02:32 +738: All tests passed!
